date,tmax_c,tmin_c,tmean_c,precip_mm,flow_cfs,rising
2016-10-01,16.67,13.33,15.0,0.76,4930.0,
2016-10-02,17.22,13.89,15.56,0.51,4570.0,0.0
2016-10-03,23.89,13.33,18.61,0.25,3840.0,0.0
2016-10-04,20.0,13.33,16.66,0.0,3860.0,1.0
2016-10-05,20.0,10.56,15.28,0.0,3730.0,0.0
2016-10-06,23.33,7.78,15.56,0.0,3780.0,1.0
2016-10-07,24.44,7.78,16.11,0.0,3480.0,0.0
2016-10-08,19.44,12.78,16.11,2.79,3250.0,0.0
2016-10-09,17.78,10.0,13.89,17.02,2830.0,0.0
2016-10-10,17.78,5.56,11.67,0.0,2780.0,0.0
2016-10-11,18.33,3.89,11.11,0.0,2720.0,0.0
2016-10-12,20.0,5.56,12.78,0.0,2820.0,1.0
2016-10-13,18.89,6.67,12.78,0.0,2710.0,0.0
2016-10-14,18.33,5.0,11.66,0.0,2680.0,0.0
2016-10-15,18.89,2.78,10.84,0.0,2710.0,1.0
2016-10-16,21.11,4.44,12.78,0.0,2970.0,1.0
2016-10-17,27.78,13.89,20.84,0.0,2850.0,0.0
2016-10-18,28.33,14.44,21.38,0.0,2370.0,0.0
2016-10-19,30.0,16.67,23.34,0.0,3020.0,1.0
2016-10-20,24.44,16.11,20.27,0.0,3020.0,0.0
2016-10-21,26.11,13.33,19.72,0.0,3000.0,0.0
2016-10-22,13.33,8.33,10.83,7.62,3120.0,1.0
2016-10-23,18.33,6.11,12.22,0.0,3020.0,0.0
2016-10-24,17.78,7.78,12.78,0.0,2810.0,0.0
2016-10-25,12.78,1.11,6.94,0.0,2690.0,0.0
2016-10-26,11.67,-0.56,5.56,0.0,2990.0,1.0
2016-10-27,15.0,4.44,9.72,10.16,3540.0,1.0
2016-10-28,11.67,1.67,6.67,0.0,3670.0,1.0
2016-10-29,20.0,0.0,10.0,0.0,3450.0,0.0
2016-10-30,25.56,11.67,18.61,13.97,3250.0,0.0
2016-10-31,13.33,3.33,8.33,0.0,4160.0,1.0
2016-11-01,15.56,0.56,8.06,0.0,3990.0,0.0
2016-11-02,22.22,8.89,15.56,0.0,3960.0,0.0
2016-11-03,23.33,10.56,16.94,0.25,3800.0,0.0
2016-11-04,16.11,2.78,9.44,0.0,3550.0,0.0
2016-11-05,17.78,0.0,8.89,0.0,3070.0,0.0
2016-11-06,15.56,5.0,10.28,0.0,2680.0,0.0
2016-11-07,13.33,1.67,7.5,0.0,2550.0,0.0
2016-11-08,20.56,0.0,10.28,0.0,2910.0,1.0
2016-11-09,12.22,7.22,9.72,6.1,3030.0,1.0
2016-11-10,13.89,1.11,7.5,0.0,3140.0,1.0
2016-11-11,17.22,3.33,10.27,0.0,3090.0,0.0
2016-11-12,10.56,-1.11,4.73,0.0,3090.0,0.0
2016-11-13,16.11,0.56,8.33,0.0,3100.0,1.0
2016-11-14,16.11,-2.22,6.94,0.0,2980.0,0.0
2016-11-15,13.89,5.56,9.72,4.32,2980.0,0.0
2016-11-16,16.67,1.67,9.17,0.0,3020.0,1.0
2016-11-17,16.67,6.11,11.39,0.0,3170.0,1.0
2016-11-18,20.56,2.78,11.67,0.0,3190.0,1.0
2016-11-19,20.0,0.56,10.28,6.35,3300.0,1.0
2016-11-20,6.11,1.11,3.61,0.51,3250.0,0.0
2016-11-21,6.67,2.78,4.72,0.0,3070.0,0.0
2016-11-22,6.67,1.11,3.89,0.0,2750.0,0.0
2016-11-23,8.89,-0.56,4.16,0.0,2630.0,0.0
2016-11-24,11.11,1.67,6.39,0.0,2670.0,1.0
2016-11-25,11.67,6.11,8.89,0.0,2780.0,1.0
2016-11-26,10.0,2.78,6.39,0.0,2630.0,0.0
2016-11-27,10.0,0.0,5.0,0.0,2590.0,0.0
2016-11-28,11.67,-2.78,4.44,0.0,2600.0,1.0
2016-11-29,15.56,7.22,11.39,32.77,3160.0,1.0
2016-11-30,14.44,9.44,11.94,24.13,5080.0,1.0
2016-12-01,14.44,3.89,9.16,1.78,7590.0,1.0
2016-12-02,10.56,1.11,5.84,0.0,10700.0,1.0
2016-12-03,10.0,4.44,7.22,0.0,13600.0,1.0
2016-12-04,8.33,3.33,5.83,0.0,10400.0,0.0
2016-12-05,9.44,2.22,5.83,5.33,8290.0,0.0
2016-12-06,7.22,-0.56,3.33,16.76,7110.0,0.0
2016-12-07,7.78,0.56,4.17,1.02,6980.0,0.0
2016-12-08,6.67,-1.11,2.78,0.0,6790.0,0.0
2016-12-09,3.33,-2.22,0.55,0.0,6320.0,0.0
2016-12-10,2.78,-2.78,0.0,0.0,6110.0,0.0
2016-12-11,0.56,-3.89,-1.66,0.0,5750.0,0.0
2016-12-12,7.78,0.0,3.89,15.24,5530.0,0.0
2016-12-13,6.11,-0.56,2.78,0.0,5560.0,1.0
2016-12-14,5.56,-1.67,1.94,0.0,5140.0,0.0
2016-12-15,0.0,-8.33,-4.16,0.0,4850.0,0.0
2016-12-16,-2.78,-10.0,-6.39,0.0,4830.0,0.0
2016-12-17,1.11,-5.0,-1.94,16.51,3230.0,0.0
2016-12-18,15.56,-0.56,7.5,1.27,3750.0,1.0
2016-12-19,-0.56,-5.56,-3.06,0.0,4040.0,1.0
2016-12-20,0.56,-9.44,-4.44,0.0,5740.0,1.0
2016-12-21,5.56,-5.0,0.28,0.0,9770.0,1.0
2016-12-22,10.0,-2.78,3.61,0.0,7920.0,0.0
2016-12-23,7.78,-1.67,3.06,0.0,7340.0,0.0
2016-12-24,7.78,2.22,5.0,11.43,7090.0,0.0
2016-12-25,10.0,-0.56,4.72,0.0,6800.0,0.0
2016-12-26,9.44,-0.56,4.44,0.25,6180.0,0.0
2016-12-27,16.67,4.44,10.56,0.0,5930.0,0.0
2016-12-28,6.67,-2.78,1.94,0.0,5880.0,0.0
2016-12-29,6.11,-2.78,1.67,6.1,5990.0,1.0
2016-12-30,5.0,-0.56,2.22,0.0,7310.0,1.0
2016-12-31,7.22,-3.89,1.66,0.0,6870.0,0.0
2017-01-01,10.0,-0.56,4.72,0.0,6290.0,0.0
2017-01-02,5.0,-1.11,1.94,5.59,5880.0,0.0
2017-01-03,7.22,4.44,5.83,8.13,5870.0,0.0
2017-01-04,12.22,0.0,6.11,0.0,7310.0,1.0
2017-01-05,0.56,-3.89,-1.66,1.02,8160.0,1.0
2017-01-06,0.0,-5.0,-2.5,2.03,11100.0,1.0
2017-01-07,-4.44,-7.22,-5.83,5.84,10400.0,0.0
2017-01-08,-3.89,-10.0,-6.94,0.0,7630.0,0.0
2017-01-09,-5.56,-14.44,-10.0,0.0,5580.0,0.0
2017-01-10,3.89,-13.33,-4.72,0.0,5000.0,0.0
2017-01-11,10.56,2.78,6.67,12.19,5680.0,1.0
2017-01-12,18.33,8.33,13.33,0.25,6550.0,1.0
2017-01-13,16.11,0.0,8.06,0.0,7390.0,1.0
2017-01-14,1.11,-1.67,-0.28,0.76,10400.0,1.0
2017-01-15,3.33,-2.78,0.28,0.0,14800.0,1.0
2017-01-16,6.11,-6.11,0.0,0.0,11400.0,0.0
2017-01-17,6.11,3.33,4.72,11.43,9830.0,0.0
2017-01-18,6.67,3.33,5.0,1.27,9810.0,0.0
2017-01-19,8.89,0.0,4.44,0.0,9660.0,0.0
2017-01-20,5.0,-2.22,1.39,4.32,10400.0,1.0
2017-01-21,7.78,5.0,6.39,0.0,10700.0,1.0
2017-01-22,9.44,6.67,8.06,2.03,10400.0,0.0
2017-01-23,7.22,2.78,5.0,28.19,10200.0,0.0
2017-01-24,5.56,1.67,3.62,5.08,17400.0,1.0
2017-01-25,11.67,3.33,7.5,0.0,19200.0,1.0
2017-01-26,12.78,5.0,8.89,0.51,20500.0,1.0
2017-01-27,6.67,0.56,3.62,0.0,16900.0,0.0
2017-01-28,3.33,-2.22,0.55,0.0,15700.0,0.0
2017-01-29,6.11,-2.22,1.94,0.0,14100.0,0.0
2017-01-30,3.33,-2.78,0.28,0.0,12500.0,0.0
2017-01-31,1.67,-4.44,-1.39,0.0,11200.0,0.0
2017-02-01,8.89,-2.22,3.34,0.0,10300.0,0.0
2017-02-02,7.22,-0.56,3.33,0.0,9130.0,0.0
2017-02-03,0.56,-3.89,-1.66,0.0,8540.0,0.0
2017-02-04,1.11,-6.67,-2.78,0.0,8230.0,0.0
2017-02-05,6.67,-3.33,1.67,0.0,7390.0,0.0
2017-02-06,11.11,2.22,6.66,0.0,6800.0,0.0
2017-02-07,6.67,1.67,4.17,4.57,6650.0,0.0
2017-02-08,18.33,3.89,11.11,0.0,7160.0,1.0
2017-02-09,6.67,-7.22,-0.27,17.27,7370.0,1.0
2017-02-10,-1.11,-7.22,-4.16,0.0,7670.0,1.0
2017-02-11,8.33,-2.22,3.06,0.0,7890.0,1.0
2017-02-12,5.56,0.0,2.78,4.06,8130.0,1.0
2017-02-13,5.56,-1.11,2.22,0.0,8420.0,1.0
2017-02-14,5.56,-4.44,0.56,0.0,8070.0,0.0
2017-02-15,11.11,-1.67,4.72,0.0,7940.0,0.0
2017-02-16,3.33,-1.67,0.83,0.0,8390.0,1.0
2017-02-17,7.22,-4.44,1.39,0.0,8240.0,0.0
2017-02-18,19.44,-3.33,8.06,0.0,7500.0,0.0
2017-02-19,20.56,7.22,13.89,0.0,6970.0,0.0
2017-02-20,13.89,2.78,8.34,0.0,7190.0,1.0
2017-02-21,10.56,-0.56,5.0,0.0,8550.0,1.0
2017-02-22,14.44,3.89,9.16,0.0,10100.0,1.0
2017-02-23,21.67,3.89,12.78,0.0,9720.0,0.0
2017-02-24,23.89,8.33,16.11,0.0,9740.0,1.0
2017-02-25,23.33,7.22,15.27,9.65,12300.0,1.0
2017-02-26,7.22,-0.56,3.33,0.0,18600.0,1.0
2017-02-27,12.22,-2.78,4.72,0.0,36700.0,1.0
2017-02-28,18.33,5.0,11.66,0.0,26300.0,0.0
2017-03-01,22.78,12.78,17.78,0.51,18500.0,0.0
2017-03-02,17.78,2.22,10.0,0.0,17000.0,0.0
2017-03-03,4.44,-3.89,0.28,0.51,15400.0,0.0
2017-03-04,1.67,-8.33,-3.33,0.0,13900.0,0.0
2017-03-05,3.33,-10.56,-3.62,0.0,11900.0,0.0
2017-03-06,8.89,-6.67,1.11,0.0,10500.0,0.0
2017-03-07,17.22,3.89,10.56,2.29,9830.0,0.0
2017-03-08,16.67,8.89,12.78,0.25,10100.0,1.0
2017-03-09,18.33,8.33,13.33,0.0,10300.0,1.0
2017-03-10,8.33,-5.0,1.66,7.87,10600.0,1.0
2017-03-11,-1.11,-8.33,-4.72,0.0,10500.0,0.0
2017-03-12,-0.56,-7.22,-3.89,0.0,9980.0,0.0
2017-03-13,3.33,-8.89,-2.78,2.79,9420.0,0.0
2017-03-14,0.56,-5.56,-2.5,37.85,9100.0,0.0
2017-03-15,-1.67,-7.22,-4.44,0.0,9050.0,0.0
2017-03-16,3.89,-5.0,-0.55,0.0,9060.0,1.0
2017-03-17,7.22,-3.33,1.94,0.0,10100.0,1.0
2017-03-18,3.33,-1.67,0.83,0.76,11700.0,1.0
2017-03-19,9.44,1.11,5.28,0.0,10900.0,0.0
2017-03-20,10.56,-0.56,5.0,0.0,10700.0,0.0
2017-03-21,14.44,4.44,9.44,0.0,11000.0,1.0
2017-03-22,8.89,-5.0,1.95,0.0,13400.0,1.0
2017-03-23,6.67,-6.67,0.0,0.0,13300.0,0.0
2017-03-24,13.89,-2.22,5.84,0.0,13000.0,0.0
2017-03-25,18.33,6.67,12.5,0.0,12600.0,0.0
2017-03-26,6.67,3.89,5.28,0.0,12800.0,1.0
2017-03-27,13.33,4.44,8.88,5.08,15200.0,1.0
2017-03-28,10.0,6.67,8.34,32.51,20000.0,1.0
2017-03-29,15.56,5.0,10.28,0.0,31400.0,1.0
2017-03-30,9.44,0.56,5.0,9.14,38400.0,1.0
2017-03-31,6.11,3.33,4.72,34.29,44100.0,1.0
2017-04-01,10.56,2.78,6.67,0.0,54500.0,1.0
2017-04-02,16.67,3.89,10.28,0.0,50600.0,0.0
2017-04-03,19.44,3.33,11.39,4.06,40900.0,0.0
2017-04-04,19.44,9.44,14.44,15.24,38200.0,0.0
2017-04-05,18.89,6.67,12.78,0.0,42100.0,1.0
2017-04-06,11.67,5.56,8.62,25.15,44300.0,1.0
2017-04-07,10.0,4.44,7.22,0.25,57400.0,1.0
2017-04-08,15.56,2.78,9.17,0.0,65400.0,1.0
2017-04-09,20.56,1.11,10.84,0.0,50300.0,0.0
2017-04-10,26.11,6.11,16.11,0.0,39400.0,0.0
2017-04-11,27.78,11.11,19.44,0.0,33000.0,0.0
2017-04-12,24.44,13.33,18.89,0.0,28500.0,0.0
2017-04-13,18.33,7.78,13.06,0.0,25200.0,0.0
2017-04-14,20.0,6.11,13.06,0.0,22200.0,0.0
2017-04-15,18.89,5.0,11.94,0.0,18900.0,0.0
2017-04-16,30.0,12.78,21.39,0.0,16100.0,0.0
2017-04-17,22.78,14.44,18.61,0.76,14600.0,0.0
2017-04-18,19.44,6.67,13.06,0.0,13800.0,0.0
2017-04-19,15.56,5.56,10.56,0.0,12500.0,0.0
2017-04-20,22.22,10.56,16.39,0.76,11900.0,0.0
2017-04-21,15.0,9.44,12.22,0.25,12600.0,1.0
2017-04-22,13.89,7.22,10.56,2.54,17000.0,1.0
2017-04-23,18.33,6.11,12.22,0.0,21200.0,1.0
2017-04-24,13.89,6.67,10.28,0.51,17800.0,0.0
2017-04-25,13.33,10.56,11.94,11.94,16100.0,0.0
2017-04-26,18.33,12.0,15.16,0.51,16000.0,0.0
2017-04-27,25.56,15.0,20.28,0.0,15500.0,0.0
2017-04-28,29.44,14.44,21.94,0.25,14200.0,0.0
2017-04-29,29.44,17.78,23.61,18.03,14400.0,1.0
2017-04-30,20.0,10.0,15.0,0.0,12400.0,0.0
2017-05-01,27.78,10.0,18.89,0.0,10800.0,0.0
2017-05-02,23.33,17.22,20.27,0.0,10000.0,0.0
2017-05-03,18.89,9.44,14.16,0.0,13200.0,1.0
2017-05-04,17.22,4.44,10.83,0.0,21900.0,1.0
2017-05-05,20.0,10.0,15.0,41.4,19900.0,0.0
2017-05-06,19.44,11.11,15.28,0.0,19200.0,0.0
2017-05-07,12.22,7.22,9.72,0.51,20300.0,1.0
2017-05-08,15.0,4.44,9.72,0.0,20300.0,0.0
2017-05-09,16.67,4.44,10.56,0.0,18700.0,0.0
2017-05-10,18.89,8.33,13.61,0.0,16600.0,0.0
2017-05-11,16.11,6.67,11.39,0.0,14500.0,0.0
2017-05-12,16.11,6.11,11.11,0.76,13100.0,0.0
2017-05-13,11.11,7.78,9.44,38.1,15500.0,1.0
2017-05-14,21.11,7.22,14.16,3.3,19300.0,1.0
2017-05-15,21.67,10.0,15.84,0.0,18800.0,0.0
2017-05-16,26.67,10.56,18.62,0.0,18300.0,0.0
2017-05-17,32.78,12.78,22.78,0.0,16100.0,0.0
2017-05-18,33.33,21.67,27.5,0.0,14000.0,0.0
2017-05-19,32.78,21.11,26.94,0.0,13000.0,0.0
2017-05-20,21.11,10.0,15.56,0.0,11900.0,0.0
2017-05-21,21.11,7.78,14.44,0.0,10700.0,0.0
2017-05-22,17.22,12.22,14.72,10.41,9180.0,0.0
2017-05-23,18.89,12.22,15.56,0.0,8690.0,0.0
2017-05-24,21.11,13.33,17.22,0.25,8380.0,0.0
2017-05-25,16.67,12.78,14.73,31.75,8730.0,1.0
2017-05-26,23.33,13.89,18.61,0.25,11800.0,1.0
2017-05-27,22.78,13.89,18.34,0.0,10100.0,0.0
2017-05-28,24.44,12.22,18.33,1.52,9440.0,0.0
2017-05-29,16.11,12.78,14.44,4.57,8330.0,0.0
2017-05-30,16.67,12.78,14.73,0.51,9740.0,1.0
2017-05-31,26.11,14.44,20.27,0.0,10300.0,1.0
2017-06-01,26.67,15.0,20.84,0.0,10400.0,1.0
2017-06-02,25.56,10.56,18.06,0.0,10000.0,0.0
2017-06-03,23.89,10.56,17.23,4.06,9810.0,0.0
2017-06-04,22.22,8.89,15.56,0.0,8990.0,0.0
2017-06-05,21.67,16.11,18.89,0.76,8010.0,0.0
2017-06-06,16.11,12.22,14.16,10.67,8780.0,1.0
2017-06-07,19.44,10.56,15.0,0.0,20500.0,1.0
2017-06-08,21.11,9.44,15.27,0.0,27900.0,1.0
2017-06-09,27.78,9.44,18.61,0.0,21300.0,0.0
2017-06-10,30.0,16.11,23.06,0.0,16800.0,0.0
2017-06-11,33.33,18.89,26.11,0.0,14400.0,0.0
2017-06-12,33.89,22.22,28.06,0.0,12400.0,0.0
2017-06-13,34.44,21.11,27.78,0.0,11200.0,0.0
2017-06-14,28.33,18.89,23.61,0.0,10400.0,0.0
2017-06-15,27.22,14.44,20.83,0.0,9400.0,0.0
2017-06-16,22.78,16.11,19.44,0.0,8050.0,0.0
2017-06-17,26.11,18.89,22.5,17.53,6980.0,0.0
2017-06-18,31.67,21.11,26.39,0.0,6360.0,0.0
2017-06-19,31.67,21.11,26.39,26.92,6020.0,0.0
2017-06-20,28.89,21.11,25.0,0.0,7410.0,1.0
2017-06-21,29.44,18.89,24.16,0.76,11000.0,1.0
2017-06-22,31.67,16.67,24.17,0.0,10600.0,0.0
2017-06-23,30.56,23.33,26.94,5.84,8130.0,0.0
2017-06-24,30.0,21.11,25.56,49.28,11800.0,1.0
2017-06-25,29.44,17.22,23.33,0.0,10800.0,0.0
2017-06-26,26.67,15.0,20.84,0.0,8410.0,0.0
2017-06-27,25.56,15.56,20.56,3.3,7290.0,0.0
2017-06-28,26.11,13.89,20.0,0.0,6050.0,0.0
2017-06-29,30.0,16.67,23.34,0.0,5340.0,0.0
2017-06-30,32.22,21.67,26.94,0.0,4940.0,0.0
2017-07-01,31.11,21.67,26.39,9.14,5150.0,1.0
2017-07-02,31.67,20.56,26.12,0.0,6790.0,1.0
2017-07-03,32.22,20.0,26.11,0.0,6270.0,0.0
2017-07-04,30.0,21.67,25.84,0.0,5710.0,0.0
2017-07-05,28.33,20.56,24.44,0.0,5770.0,1.0
2017-07-06,23.33,19.44,21.38,1.02,5190.0,0.0
2017-07-07,28.89,20.56,24.72,8.89,5890.0,1.0
2017-07-08,29.44,19.44,24.44,0.25,14300.0,1.0
2017-07-09,28.33,17.22,22.78,0.0,9570.0,0.0
2017-07-10,30.0,15.56,22.78,0.0,7570.0,0.0
2017-07-11,31.11,21.67,26.39,0.0,6380.0,0.0
2017-07-12,31.67,22.78,27.22,0.0,5790.0,0.0
2017-07-13,33.33,22.22,27.78,43.18,5870.0,1.0
2017-07-14,23.33,20.0,21.66,5.33,6010.0,1.0
2017-07-15,29.44,21.11,25.28,0.0,7970.0,1.0
2017-07-16,30.0,18.33,24.16,0.0,8540.0,1.0
2017-07-17,31.11,20.0,25.56,0.0,8080.0,0.0
2017-07-18,31.67,21.11,26.39,0.0,7660.0,0.0
2017-07-19,34.44,22.22,28.33,0.0,6600.0,0.0
2017-07-20,35.0,22.22,28.61,11.68,6370.0,0.0
2017-07-21,33.33,22.22,27.78,0.0,6510.0,1.0
2017-07-22,32.78,22.22,27.5,26.92,7050.0,1.0
2017-07-23,28.33,21.67,25.0,2.79,8030.0,1.0
2017-07-24,27.78,18.33,23.06,29.21,8670.0,1.0
2017-07-25,25.0,17.78,21.39,0.76,15800.0,1.0
2017-07-26,25.0,18.33,21.66,0.0,16800.0,1.0
2017-07-27,26.11,17.22,21.66,0.0,14800.0,0.0
2017-07-28,29.44,20.0,24.72,0.0,12300.0,0.0
2017-07-29,25.56,17.22,21.39,3.81,10400.0,0.0
2017-07-30,27.78,15.0,21.39,0.0,8990.0,0.0
2017-07-31,31.11,14.44,22.78,0.0,7400.0,0.0
2017-08-01,32.22,18.89,25.56,0.0,6640.0,0.0
2017-08-02,30.56,19.44,25.0,4.57,6310.0,0.0
2017-08-03,30.56,17.78,24.17,4.57,6990.0,1.0
2017-08-04,31.11,20.56,25.84,0.0,7660.0,1.0
2017-08-05,25.56,17.22,21.39,14.48,8110.0,1.0
2017-08-06,24.44,14.44,19.44,0.0,9450.0,1.0
2017-08-07,20.56,16.67,18.62,20.83,8170.0,0.0
2017-08-08,26.11,16.67,21.39,0.0,8630.0,1.0
2017-08-09,28.89,15.0,21.94,0.0,6940.0,0.0
2017-08-10,29.44,15.56,22.5,0.0,6070.0,0.0
2017-08-11,27.78,18.33,23.06,0.0,5690.0,0.0
2017-08-12,26.67,19.44,23.06,0.25,7150.0,1.0
2017-08-13,28.89,19.44,24.16,0.0,10700.0,1.0
2017-08-14,27.22,16.67,21.94,0.51,9420.0,0.0
2017-08-15,24.44,20.56,22.5,4.32,8250.0,0.0
2017-08-16,30.56,20.0,25.28,0.0,7530.0,0.0
2017-08-17,31.11,18.89,25.0,0.0,6660.0,0.0
2017-08-18,30.56,22.78,26.67,4.32,6490.0,0.0
2017-08-19,30.56,21.67,26.12,0.0,9900.0,1.0
2017-08-20,28.33,17.78,23.06,0.0,8630.0,0.0
2017-08-21,30.56,17.22,23.89,0.0,8060.0,0.0
2017-08-22,32.78,22.78,27.78,11.43,7460.0,0.0
2017-08-23,27.22,17.22,22.22,0.0,9230.0,1.0
2017-08-24,26.67,15.56,21.12,0.0,7880.0,0.0
2017-08-25,25.56,16.11,20.84,0.0,7280.0,0.0
2017-08-26,25.56,15.0,20.28,0.0,6690.0,0.0
2017-08-27,25.0,12.78,18.89,0.0,6290.0,0.0
2017-08-28,23.89,13.33,18.61,0.0,5540.0,0.0
2017-08-29,18.89,16.11,17.5,13.21,5040.0,0.0
2017-08-30,25.0,14.44,19.72,0.0,4820.0,0.0
2017-08-31,28.33,15.56,21.94,0.0,4760.0,0.0
2017-09-01,21.67,11.11,16.39,0.0,4590.0,0.0
2017-09-02,19.44,11.11,15.28,12.19,4550.0,0.0
2017-09-03,22.22,15.0,18.61,2.79,5120.0,1.0
2017-09-04,27.22,12.78,20.0,0.0,5500.0,1.0
2017-09-05,30.0,17.78,23.89,6.35,4910.0,0.0
2017-09-06,20.0,15.56,17.78,16.51,5480.0,1.0
2017-09-07,22.22,14.44,18.33,0.25,7830.0,1.0
2017-09-08,22.22,11.11,16.66,0.0,8540.0,1.0
2017-09-09,21.11,10.56,15.84,0.0,7750.0,0.0
2017-09-10,23.33,10.56,16.94,0.0,6900.0,0.0
2017-09-11,24.44,10.0,17.22,0.0,6110.0,0.0
2017-09-12,26.11,12.22,19.16,0.0,5400.0,0.0
2017-09-13,25.0,14.44,19.72,7.62,5150.0,0.0
2017-09-14,28.33,19.44,23.88,0.0,5010.0,0.0
2017-09-15,28.89,16.11,22.5,0.0,4770.0,0.0
2017-09-16,29.44,18.33,23.88,0.76,4600.0,0.0
2017-09-17,27.22,18.89,23.06,0.0,4570.0,0.0
2017-09-18,24.44,19.44,21.94,0.0,4470.0,0.0
2017-09-19,26.11,20.56,23.34,0.76,4250.0,0.0
2017-09-20,28.33,20.56,24.44,0.0,4440.0,1.0
2017-09-21,29.44,18.89,24.16,0.0,3990.0,0.0
2017-09-22,28.89,17.78,23.34,0.0,3590.0,0.0
2017-09-23,31.11,17.78,24.44,0.0,3410.0,0.0
2017-09-24,33.33,18.89,26.11,0.0,3270.0,0.0
2017-09-25,32.22,18.89,25.56,0.0,3340.0,1.0
2017-09-26,28.89,18.89,23.89,0.0,3720.0,1.0
2017-09-27,30.56,19.44,25.0,0.0,3870.0,1.0
2017-09-28,25.0,13.33,19.16,0.0,3800.0,0.0
2017-09-29,21.11,10.0,15.56,0.0,3670.0,0.0
2017-09-30,18.89,8.89,13.89,0.0,3490.0,0.0
2017-10-01,20.56,7.78,14.17,0.0,3230.0,0.0
2017-10-02,23.33,7.78,15.56,0.0,3180.0,0.0
2017-10-03,22.78,7.78,15.28,0.0,3240.0,1.0
2017-10-04,25.0,7.78,16.39,0.0,3210.0,0.0
2017-10-05,28.89,13.89,21.39,0.25,3220.0,1.0
2017-10-06,27.22,18.33,22.78,0.0,3380.0,1.0
2017-10-07,28.89,17.78,23.34,0.0,3290.0,0.0
2017-10-08,26.11,21.67,23.89,4.57,3630.0,1.0
2017-10-09,26.11,22.78,24.44,14.73,5410.0,1.0
2017-10-10,27.78,17.78,22.78,0.0,5350.0,0.0
2017-10-11,22.78,17.78,20.28,0.76,5440.0,1.0
2017-10-12,18.33,12.22,15.27,14.22,4960.0,0.0
2017-10-13,17.78,11.67,14.73,0.0,4920.0,0.0
2017-10-14,21.11,16.11,18.61,0.25,4460.0,0.0
2017-10-15,21.67,18.33,20.0,0.0,3880.0,0.0
2017-10-16,21.11,7.22,14.16,0.76,3360.0,0.0
2017-10-17,16.11,2.78,9.44,0.0,3180.0,0.0
2017-10-18,22.22,5.0,13.61,0.0,3380.0,1.0
2017-10-19,21.67,6.11,13.89,0.0,3480.0,1.0
2017-10-20,23.33,10.0,16.66,0.0,3490.0,1.0
2017-10-21,25.0,6.67,15.84,0.0,3360.0,0.0
2017-10-22,23.89,6.11,15.0,0.0,3280.0,0.0
2017-10-23,23.33,13.89,18.61,0.0,3170.0,0.0
2017-10-24,23.89,16.11,20.0,10.41,3210.0,1.0
2017-10-25,18.89,10.56,14.73,0.0,3990.0,1.0
2017-10-26,14.44,5.56,10.0,0.25,3980.0,0.0
2017-10-27,17.22,2.78,10.0,0.0,3790.0,0.0
2017-10-28,21.11,6.11,13.61,0.0,4000.0,1.0
2017-10-29,18.89,13.89,16.39,79.25,4790.0,1.0
2017-10-30,15.0,7.22,11.11,7.11,11300.0,1.0
2017-10-31,13.89,3.33,8.61,0.0,19300.0,1.0
2017-11-01,15.56,1.11,8.34,0.0,23600.0,1.0
2017-11-02,23.89,14.44,19.16,0.0,14700.0,0.0
2017-11-03,22.22,8.89,15.56,0.0,11400.0,0.0
2017-11-04,15.0,4.44,9.72,1.02,9800.0,0.0
2017-11-05,18.33,10.0,14.16,1.02,8450.0,0.0
2017-11-06,20.0,6.67,13.34,0.0,7480.0,0.0
2017-11-07,9.44,2.78,6.11,13.97,6820.0,0.0
2017-11-08,10.56,3.89,7.22,0.0,6230.0,0.0
2017-11-09,13.33,3.33,8.33,0.51,6040.0,0.0
2017-11-10,10.0,-5.0,2.5,0.0,5740.0,0.0
2017-11-11,5.0,-6.11,-0.56,0.0,5310.0,0.0
2017-11-12,7.22,-4.44,1.39,0.0,5100.0,0.0
2017-11-13,8.33,2.22,5.28,6.35,5010.0,0.0
2017-11-14,8.33,0.0,4.16,0.0,4890.0,0.0
2017-11-15,10.56,0.56,5.56,0.0,4580.0,0.0
2017-11-16,15.0,6.11,10.56,1.52,4360.0,0.0
2017-11-17,9.44,-1.11,4.16,0.0,4310.0,0.0
2017-11-18,13.89,-3.33,5.28,5.33,4150.0,0.0
2017-11-19,15.56,3.89,9.72,7.37,4460.0,1.0
2017-11-20,8.33,2.22,5.28,0.0,4900.0,1.0
2017-11-21,13.89,0.0,6.94,0.0,5000.0,1.0
2017-11-22,13.33,0.0,6.66,1.52,5910.0,1.0
2017-11-23,5.56,-2.78,1.39,0.0,5690.0,0.0
2017-11-24,10.56,-4.44,3.06,0.0,5200.0,0.0
2017-11-25,15.0,-1.67,6.66,0.0,4890.0,0.0
2017-11-26,11.67,1.11,6.39,0.0,4710.0,0.0
2017-11-27,12.22,1.11,6.66,0.0,4600.0,0.0
2017-11-28,15.0,-0.56,7.22,0.0,4450.0,0.0
2017-11-29,17.78,4.44,11.11,0.0,4470.0,1.0
2017-11-30,11.67,1.11,6.39,0.51,4370.0,0.0
2017-12-01,11.67,1.11,6.39,0.0,4250.0,0.0
2017-12-02,10.0,-1.67,4.16,0.0,4060.0,0.0
2017-12-03,10.0,-1.11,4.44,0.0,3930.0,0.0
2017-12-04,11.11,-3.33,3.89,0.0,3850.0,0.0
2017-12-05,17.78,7.78,12.78,7.62,3820.0,0.0
2017-12-06,14.44,2.22,8.33,0.0,3760.0,0.0
2017-12-07,7.22,0.56,3.89,0.0,3830.0,1.0
2017-12-08,2.78,-1.11,0.83,0.0,3880.0,1.0
2017-12-09,1.11,-1.67,-0.28,7.62,4050.0,1.0
2017-12-10,3.89,-3.33,0.28,0.0,4160.0,1.0
2017-12-11,5.0,-0.56,2.22,0.0,4070.0,0.0
2017-12-12,7.78,-4.44,1.67,0.0,3880.0,0.0
2017-12-13,-0.56,-6.67,-3.62,0.76,3780.0,0.0
2017-12-14,0.56,-7.22,-3.33,0.0,3800.0,1.0
2017-12-15,-2.78,-8.89,-5.84,2.54,3620.0,0.0
2017-12-16,4.44,-8.33,-1.94,0.0,3320.0,0.0
2017-12-17,4.44,-1.11,1.66,0.0,3050.0,0.0
2017-12-18,9.44,1.67,5.56,0.0,3110.0,1.0
2017-12-19,14.44,3.33,8.88,0.0,3590.0,1.0
2017-12-20,10.56,0.0,5.28,0.0,3900.0,1.0
2017-12-21,5.0,-3.89,0.55,0.0,4110.0,1.0
2017-12-22,7.78,-1.67,3.06,0.0,4090.0,0.0
2017-12-23,14.44,4.44,9.44,17.27,4040.0,0.0
2017-12-24,4.44,0.56,2.5,2.03,5110.0,1.0
2017-12-25,3.89,-2.78,0.56,0.0,5600.0,1.0
2017-12-26,-0.56,-6.67,-3.62,0.0,7030.0,1.0
2017-12-27,-3.33,-8.89,-6.11,0.0,6390.0,0.0
2017-12-28,-6.11,-11.11,-8.61,0.0,5640.0,0.0
2017-12-29,-5.0,-11.11,-8.06,0.0,5180.0,0.0
2017-12-30,-4.44,-10.0,-7.22,0.0,4990.0,0.0
2017-12-31,-7.78,-13.33,-10.56,0.0,4750.0,0.0
2018-01-01,-7.22,-16.11,-11.66,0.0,4560.0,0.0
2018-01-02,-4.44,-11.67,-8.06,0.0,4320.0,0.0
2018-01-03,-1.11,-13.33,-7.22,0.0,4860.0,1.0
2018-01-04,-2.78,-9.44,-6.11,10.67,5420.0,1.0
2018-01-05,-8.33,-12.78,-10.56,0.0,5250.0,0.0
2018-01-06,-9.44,-13.89,-11.66,0.0,4740.0,0.0
2018-01-07,-7.78,-18.89,-13.34,0.0,5070.0,1.0
2018-01-08,0.0,-10.0,-5.0,1.02,5770.0,1.0
2018-01-09,6.67,-4.44,1.11,0.0,5840.0,1.0
2018-01-10,5.56,-7.22,-0.83,0.0,5230.0,0.0
2018-01-11,13.33,3.33,8.33,0.0,4760.0,0.0
2018-01-12,18.33,10.56,14.44,27.43,7460.0,1.0
2018-01-13,17.22,-8.33,4.44,4.32,16900.0,1.0
2018-01-14,-3.33,-10.56,-6.94,0.0,25200.0,1.0
2018-01-15,0.0,-10.0,-5.0,0.0,24800.0,0.0
2018-01-16,5.56,-3.33,1.11,0.0,19900.0,0.0
2018-01-17,1.67,-7.22,-2.78,4.83,16200.0,0.0
2018-01-18,0.0,-9.44,-4.72,0.0,14400.0,0.0
2018-01-19,5.0,-8.89,-1.95,0.0,12200.0,0.0
2018-01-20,12.78,0.0,6.39,0.0,11600.0,0.0
2018-01-21,11.11,0.56,5.84,0.0,10300.0,0.0
2018-01-22,12.78,2.78,7.78,0.0,9940.0,0.0
2018-01-23,16.11,3.33,9.72,11.43,12700.0,1.0
2018-01-24,7.22,-1.67,2.78,0.0,25100.0,1.0
2018-01-25,2.22,-5.56,-1.67,0.0,33800.0,1.0
2018-01-26,4.44,-7.78,-1.67,0.0,24600.0,0.0
2018-01-27,14.44,-3.89,5.28,0.0,18800.0,0.0
2018-01-28,12.22,6.11,9.17,8.64,15600.0,0.0
2018-01-29,7.22,3.33,5.28,0.0,14800.0,0.0
2018-01-30,3.33,-6.11,-1.39,2.79,13900.0,0.0
2018-01-31,-0.56,-8.89,-4.73,0.0,12600.0,0.0
2018-02-01,6.67,-2.22,2.22,1.02,11600.0,0.0
2018-02-02,2.78,-8.33,-2.78,3.81,10800.0,0.0
2018-02-03,0.0,-10.0,-5.0,0.0,9920.0,0.0
2018-02-04,3.33,-2.78,0.28,19.56,8950.0,0.0
2018-02-05,3.33,-5.0,-0.84,0.0,10900.0,1.0
2018-02-06,2.78,-5.0,-1.11,0.0,10200.0,0.0
2018-02-07,8.33,-3.33,2.5,19.3,10000.0,0.0
2018-02-08,1.11,-4.44,-1.66,0.0,11700.0,1.0
2018-02-09,3.33,-7.78,-2.22,0.0,10200.0,0.0
2018-02-10,8.33,-0.56,3.88,10.67,9320.0,0.0
2018-02-11,18.33,6.67,12.5,32.26,18000.0,1.0
2018-02-12,18.33,-0.56,8.88,0.25,21700.0,1.0
2018-02-13,3.89,-4.44,-0.28,0.0,21300.0,0.0
2018-02-14,11.67,0.0,5.84,1.52,20600.0,0.0
2018-02-15,17.22,6.67,11.94,10.92,18800.0,0.0
2018-02-16,15.56,2.22,8.89,7.11,21300.0,1.0
2018-02-17,5.56,-3.33,1.11,12.95,25900.0,1.0
2018-02-18,7.22,-1.67,2.78,0.0,27900.0,1.0
2018-02-19,9.44,-1.67,3.88,1.02,23900.0,0.0
2018-02-20,21.67,8.33,15.0,0.0,21700.0,0.0
2018-02-21,25.56,13.89,19.73,0.0,23700.0,1.0
2018-02-22,13.89,3.89,8.89,2.54,29000.0,1.0
2018-02-23,6.67,2.78,4.72,2.79,31400.0,1.0
2018-02-24,10.56,6.67,8.62,2.03,30600.0,0.0
2018-02-25,7.78,5.56,6.67,18.29,34400.0,1.0
2018-02-26,11.11,2.78,6.94,0.0,50900.0,1.0
2018-02-27,13.33,-1.67,5.83,0.0,47400.0,0.0
2018-02-28,16.11,2.78,9.44,0.0,37100.0,0.0
2018-03-01,15.0,3.89,9.44,16.51,30900.0,0.0
2018-03-02,7.22,1.11,4.16,30.48,40300.0,1.0
2018-03-03,7.78,1.67,4.72,0.0,44500.0,1.0
2018-03-04,7.78,-0.56,3.61,0.0,37400.0,0.0
2018-03-05,7.78,-1.11,3.34,0.0,30600.0,0.0
2018-03-06,9.44,-2.22,3.61,0.25,27400.0,0.0
2018-03-07,2.78,0.56,1.67,40.89,25900.0,0.0
2018-03-08,4.44,-1.11,1.66,0.0,25700.0,0.0
2018-03-09,5.56,-2.22,1.67,0.0,24200.0,0.0
2018-03-10,4.44,-1.67,1.39,0.0,21700.0,0.0
2018-03-11,5.56,-2.78,1.39,0.0,18200.0,0.0
2018-03-12,5.0,-2.22,1.39,0.51,17000.0,0.0
2018-03-13,4.44,0.56,2.5,3.3,17300.0,1.0
2018-03-14,4.44,-1.11,1.66,0.0,17500.0,1.0
2018-03-15,7.22,0.0,3.61,0.0,16200.0,0.0
2018-03-16,5.0,-0.56,2.22,0.0,15200.0,0.0
2018-03-17,8.89,-2.78,3.06,0.0,14400.0,0.0
2018-03-18,8.89,-2.78,3.06,0.0,12900.0,0.0
2018-03-19,9.44,-2.78,3.33,0.0,11200.0,0.0
2018-03-20,2.22,-0.56,0.83,5.08,10800.0,0.0
2018-03-21,2.78,-0.56,1.11,18.54,11500.0,1.0
2018-03-22,8.89,0.0,4.44,1.27,11300.0,0.0
2018-03-23,8.89,0.56,4.73,0.0,11000.0,0.0
2018-03-24,9.44,0.0,4.72,0.0,11500.0,1.0
2018-03-25,7.22,-0.56,3.33,0.25,11900.0,1.0
2018-03-26,8.89,-2.22,3.34,0.0,10700.0,0.0
2018-03-27,7.22,-2.78,2.22,0.25,10500.0,0.0
2018-03-28,10.0,2.78,6.39,0.25,11200.0,1.0
2018-03-29,17.78,8.33,13.06,2.03,11600.0,1.0
2018-03-30,20.0,5.56,12.78,1.52,13300.0,1.0
2018-03-31,14.44,2.22,8.33,0.0,15500.0,1.0
2018-04-01,17.22,5.56,11.39,0.0,20400.0,1.0
2018-04-02,7.22,0.0,3.61,4.06,18700.0,0.0
2018-04-03,6.11,0.0,3.06,1.78,19500.0,1.0
2018-04-04,18.33,3.89,11.11,2.29,23100.0,1.0
2018-04-05,7.22,0.0,3.61,0.0,26100.0,1.0
2018-04-06,16.11,-0.56,7.78,1.02,26700.0,1.0
2018-04-07,11.67,2.78,7.22,0.0,23900.0,0.0
2018-04-08,7.78,-1.11,3.34,0.0,20600.0,0.0
2018-04-09,8.33,-2.78,2.78,0.0,18800.0,0.0
2018-04-10,10.0,1.67,5.84,0.51,17400.0,0.0
2018-04-11,11.67,-3.33,4.17,0.0,16300.0,0.0
2018-04-12,21.11,4.44,12.78,0.0,15200.0,0.0
2018-04-13,28.33,15.0,21.66,0.0,13700.0,0.0
2018-04-14,28.33,7.78,18.06,0.0,12800.0,0.0
2018-04-15,7.78,3.89,5.84,12.19,12000.0,0.0
2018-04-16,18.89,4.44,11.66,46.99,23900.0,1.0
2018-04-17,7.78,2.22,5.0,0.0,30200.0,1.0
2018-04-18,12.22,2.22,7.22,0.0,33700.0,1.0
2018-04-19,9.44,3.33,6.38,1.52,31000.0,0.0
2018-04-20,11.67,2.22,6.94,0.0,26800.0,0.0
2018-04-21,16.11,0.56,8.33,0.0,22200.0,0.0
2018-04-22,18.89,1.67,10.28,0.0,18700.0,0.0
2018-04-23,21.11,3.33,12.22,0.0,17300.0,0.0
2018-04-24,18.33,3.89,11.11,4.06,16200.0,0.0
2018-04-25,18.33,11.67,15.0,6.1,16700.0,1.0
2018-04-26,19.44,11.11,15.28,0.0,20100.0,1.0
2018-04-27,14.44,8.89,11.66,3.81,21300.0,1.0
2018-04-28,23.89,8.33,16.11,5.33,20600.0,0.0
2018-04-29,13.89,7.22,10.56,1.02,19600.0,0.0
2018-04-30,16.11,6.11,11.11,0.0,18800.0,0.0
2018-05-01,27.22,6.67,16.94,0.0,17500.0,0.0
2018-05-02,31.11,11.67,21.39,0.0,16900.0,0.0
2018-05-03,32.78,17.78,25.28,0.0,16500.0,0.0
2018-05-04,30.56,17.78,24.17,0.0,16000.0,0.0
2018-05-05,23.33,16.67,20.0,0.0,15200.0,0.0
2018-05-06,18.89,13.33,16.11,1.78,13400.0,0.0
2018-05-07,23.89,11.11,17.5,0.0,12900.0,0.0
2018-05-08,23.33,10.0,16.66,0.0,13200.0,1.0
2018-05-09,25.0,8.89,16.94,0.0,13200.0,0.0
2018-05-10,26.67,8.33,17.5,0.76,12200.0,0.0
2018-05-11,23.89,15.56,19.73,0.0,12000.0,0.0
2018-05-12,18.33,10.56,14.44,30.99,12900.0,1.0
2018-05-13,12.78,10.56,11.67,11.43,13500.0,1.0
2018-05-14,24.44,11.11,17.77,0.0,14300.0,1.0
2018-05-15,31.11,15.0,23.06,7.62,14900.0,1.0
2018-05-16,19.44,13.33,16.39,4.06,17000.0,1.0
2018-05-17,21.67,13.33,17.5,35.81,29700.0,1.0
2018-05-18,18.89,12.22,15.56,0.0,29800.0,1.0
2018-05-19,15.0,10.0,12.5,11.18,26700.0,0.0
2018-05-20,27.78,14.44,21.11,0.25,34000.0,1.0
2018-05-21,25.56,13.89,19.73,0.0,37900.0,1.0
2018-05-22,20.0,13.33,16.66,7.11,32900.0,0.0
2018-05-23,26.67,14.44,20.56,0.0,33100.0,1.0
2018-05-24,28.89,15.56,22.22,0.0,36000.0,1.0
2018-05-25,30.0,13.33,21.66,0.0,29700.0,0.0
2018-05-26,32.78,20.0,26.39,0.0,23700.0,0.0
2018-05-27,25.0,13.89,19.44,70.87,28300.0,1.0
2018-05-28,21.67,13.33,17.5,0.0,19600.0,0.0
2018-05-29,30.56,18.89,24.72,0.0,17200.0,0.0
2018-05-30,25.0,16.11,20.56,0.0,14800.0,0.0
2018-05-31,26.11,16.11,21.11,1.52,13000.0,0.0
2018-06-01,29.44,20.56,25.0,17.78,12000.0,0.0
2018-06-02,31.11,21.67,26.39,33.78,11500.0,0.0
2018-06-03,21.67,11.11,16.39,14.99,11300.0,0.0
2018-06-04,24.44,11.11,17.77,4.06,12200.0,1.0
2018-06-05,26.11,11.67,18.89,0.0,11000.0,0.0
2018-06-06,22.78,15.0,18.89,0.0,10200.0,0.0
2018-06-07,25.0,15.0,20.0,0.0,9400.0,0.0
2018-06-08,28.33,13.89,21.11,0.0,8820.0,0.0
2018-06-09,28.89,18.89,23.89,0.0,8220.0,0.0
2018-06-10,21.11,13.33,17.22,17.53,7690.0,0.0
2018-06-11,21.67,11.67,16.67,11.68,8310.0,1.0
2018-06-12,25.0,9.44,17.22,0.0,7810.0,0.0
2018-06-13,26.67,17.22,21.94,0.0,6980.0,0.0
2018-06-14,29.44,18.33,23.88,0.0,6650.0,0.0
2018-06-15,26.67,15.0,20.84,0.0,6550.0,0.0
2018-06-16,28.89,12.78,20.84,0.0,6240.0,0.0
2018-06-17,32.78,15.56,24.17,0.0,5880.0,0.0
2018-06-18,33.33,19.44,26.38,1.27,5480.0,0.0
2018-06-19,31.11,21.67,26.39,1.02,5360.0,0.0
2018-06-20,30.56,18.89,24.72,0.0,5550.0,1.0
2018-06-21,29.44,20.0,24.72,0.0,5370.0,0.0
2018-06-22,22.22,17.78,20.0,3.3,5090.0,0.0
2018-06-23,21.67,16.67,19.17,0.51,4800.0,0.0
2018-06-24,31.67,19.44,25.56,0.25,4690.0,0.0
2018-06-25,28.33,17.22,22.78,0.0,4820.0,1.0
2018-06-26,27.22,15.56,21.39,0.0,4440.0,0.0
2018-06-27,23.89,15.56,19.73,0.0,4360.0,0.0
2018-06-28,31.67,21.11,26.39,26.16,5760.0,1.0
2018-06-29,32.78,21.11,26.94,0.0,7530.0,1.0
2018-06-30,35.0,19.44,27.22,0.0,6480.0,0.0
2018-07-01,35.0,23.33,29.16,0.0,7250.0,1.0
2018-07-02,35.56,21.11,28.34,0.0,6310.0,0.0
2018-07-03,36.67,23.33,30.0,14.73,5800.0,0.0
2018-07-04,32.78,22.22,27.5,0.0,5760.0,0.0
2018-07-05,33.89,23.89,28.89,0.0,6010.0,1.0
2018-07-06,28.89,18.89,23.89,28.45,6400.0,1.0
2018-07-07,25.56,15.56,20.56,0.0,5730.0,0.0
2018-07-08,28.89,12.78,20.84,0.0,4900.0,0.0
2018-07-09,31.11,15.0,23.06,0.0,4480.0,0.0
2018-07-10,34.44,17.78,26.11,0.0,4250.0,0.0
2018-07-11,31.67,21.67,26.67,0.0,3690.0,0.0
2018-07-12,30.0,20.0,25.0,0.0,3540.0,0.0
2018-07-13,30.0,16.67,23.34,0.0,3460.0,0.0
2018-07-14,31.67,17.22,24.44,0.0,3370.0,0.0
2018-07-15,29.44,21.11,25.28,6.1,3470.0,1.0
2018-07-16,34.44,21.67,28.06,0.0,4680.0,1.0
2018-07-17,33.33,22.22,27.78,36.32,4760.0,1.0
2018-07-18,30.0,18.89,24.44,0.0,5480.0,1.0
2018-07-19,29.44,15.0,22.22,0.0,5710.0,1.0
2018-07-20,28.33,17.22,22.78,0.0,4900.0,0.0
2018-07-21,25.0,16.67,20.84,24.13,4170.0,0.0
2018-07-22,30.0,21.67,25.84,6.1,4920.0,1.0
2018-07-23,30.0,24.44,27.22,8.89,8460.0,1.0
2018-07-24,30.56,25.0,27.78,0.51,13200.0,1.0
2018-07-25,29.44,22.22,25.83,14.73,27200.0,1.0
2018-07-26,30.56,21.67,26.12,0.0,30900.0,1.0
2018-07-27,31.11,21.11,26.11,3.56,34000.0,1.0
2018-07-28,30.56,19.44,25.0,0.0,30200.0,0.0
2018-07-29,28.89,18.33,23.61,0.0,22800.0,0.0
2018-07-30,26.11,17.22,21.66,0.0,18800.0,0.0
2018-07-31,27.22,18.89,23.06,0.0,14400.0,0.0
2018-08-01,31.67,22.78,27.22,3.81,11000.0,0.0
2018-08-02,31.67,22.78,27.22,20.32,12400.0,1.0
2018-08-03,30.56,22.78,26.67,11.94,16200.0,1.0
2018-08-04,31.11,23.33,27.22,5.84,36500.0,1.0
2018-08-05,33.33,21.11,27.22,0.0,51500.0,1.0
2018-08-06,33.89,22.22,28.06,0.0,35300.0,0.0
2018-08-07,33.33,22.78,28.06,0.0,27200.0,0.0
2018-08-08,32.78,22.22,27.5,0.0,22000.0,0.0
2018-08-09,31.11,21.67,26.39,1.02,18400.0,0.0
2018-08-10,32.22,20.0,26.11,0.0,21600.0,1.0
2018-08-11,28.33,21.67,25.0,11.18,23800.0,1.0
2018-08-12,30.56,21.11,25.84,0.76,24400.0,1.0
2018-08-13,25.56,20.0,22.78,7.62,22700.0,0.0
2018-08-14,28.33,18.89,23.61,8.89,38100.0,1.0
2018-08-15,31.11,20.56,25.84,0.0,33300.0,0.0
2018-08-16,32.22,22.22,27.22,0.0,36500.0,1.0
2018-08-17,33.89,22.78,28.34,0.0,30800.0,0.0
2018-08-18,31.11,22.22,26.66,1.78,26100.0,0.0
2018-08-19,22.22,20.0,21.11,8.89,25800.0,0.0
2018-08-20,26.11,18.89,22.5,0.0,29200.0,1.0
2018-08-21,26.11,18.89,22.5,9.14,24900.0,0.0
2018-08-22,28.89,20.0,24.44,0.25,29500.0,1.0
2018-08-23,26.67,16.67,21.67,0.0,25900.0,0.0
2018-08-24,29.44,14.44,21.94,0.0,21100.0,0.0
2018-08-25,26.67,15.56,21.12,0.0,17200.0,0.0
2018-08-26,30.0,17.22,23.61,0.0,15000.0,0.0
2018-08-27,32.22,20.56,26.39,0.0,13000.0,0.0
2018-08-28,35.0,23.33,29.16,0.0,11600.0,0.0
2018-08-29,35.0,24.44,29.72,0.0,10900.0,0.0
2018-08-30,32.22,24.44,28.33,0.0,10600.0,0.0
2018-08-31,25.0,20.56,22.78,1.52,10200.0,0.0
2018-09-01,26.67,20.0,23.34,0.0,10800.0,1.0
2018-09-02,30.56,18.89,24.72,0.0,11000.0,1.0
2018-09-03,33.89,24.44,29.16,0.0,10600.0,0.0
2018-09-04,34.44,22.78,28.61,0.0,9700.0,0.0
2018-09-05,33.89,22.22,28.06,0.0,9180.0,0.0
2018-09-06,35.0,23.33,29.16,0.0,8930.0,0.0
2018-09-07,28.89,21.11,25.0,4.57,9830.0,1.0
2018-09-08,21.11,14.44,17.77,11.43,10300.0,1.0
2018-09-09,16.11,12.78,14.44,21.59,10100.0,0.0
2018-09-10,20.0,11.67,15.84,6.86,11800.0,1.0
2018-09-11,24.44,16.67,20.56,0.0,20000.0,1.0
2018-09-12,27.78,22.22,25.0,3.56,30600.0,1.0
2018-09-13,24.44,21.11,22.78,0.25,28100.0,0.0
2018-09-14,23.89,19.44,21.66,0.0,22100.0,0.0
2018-09-15,26.11,18.33,22.22,0.0,19300.0,0.0
2018-09-16,30.0,16.11,23.06,0.0,17500.0,0.0
2018-09-17,27.22,17.22,22.22,6.6,15900.0,0.0
2018-09-18,26.11,20.0,23.06,29.97,18900.0,1.0
2018-09-19,28.89,18.89,23.89,0.0,29700.0,1.0
2018-09-20,22.22,18.33,20.27,0.0,28100.0,0.0
2018-09-21,24.44,18.89,21.66,0.0,23200.0,0.0
2018-09-22,23.89,15.56,19.73,0.0,19600.0,0.0
2018-09-23,17.22,13.89,15.56,4.32,16700.0,0.0
2018-09-24,20.56,15.56,18.06,0.25,16900.0,1.0
2018-09-25,25.0,16.11,20.56,49.78,17800.0,1.0
2018-09-26,29.44,20.0,24.72,4.06,29900.0,1.0
2018-09-27,23.89,15.56,19.73,1.02,41900.0,1.0
2018-09-28,19.44,12.22,15.83,31.75,52800.0,1.0
2018-09-29,24.44,10.56,17.5,0.0,48700.0,0.0
2018-09-30,22.78,10.56,16.67,0.0,40900.0,0.0
2018-10-01,26.11,15.0,20.56,0.0,32300.0,0.0
2018-10-02,27.22,17.78,22.5,12.7,27200.0,0.0
2018-10-03,25.0,15.0,20.0,7.37,28700.0,1.0
2018-10-04,27.78,13.33,20.56,0.0,39100.0,1.0
2018-10-05,22.22,15.56,18.89,0.0,32300.0,0.0
2018-10-06,20.0,17.22,18.61,0.25,29900.0,0.0
2018-10-07,27.22,19.44,23.33,0.0,25100.0,0.0
2018-10-08,21.67,19.44,20.56,0.0,22100.0,0.0
2018-10-09,26.67,19.44,23.06,0.0,18700.0,0.0
2018-10-10,28.33,20.56,24.44,0.0,17300.0,0.0
2018-10-11,27.78,21.11,24.44,22.86,16900.0,0.0
2018-10-12,21.11,10.0,15.56,6.1,33700.0,1.0
2018-10-13,14.44,6.11,10.28,1.78,38600.0,1.0
2018-10-14,13.89,5.0,9.44,0.0,31600.0,0.0
2018-10-15,21.11,11.67,16.39,5.08,26700.0,0.0
2018-10-16,15.0,7.22,11.11,0.0,23200.0,0.0
2018-10-17,17.78,5.56,11.67,0.0,21100.0,0.0
2018-10-18,11.67,2.78,7.22,0.0,19300.0,0.0
2018-10-19,16.11,1.11,8.61,0.0,17300.0,0.0
2018-10-20,17.22,8.89,13.06,2.03,15700.0,0.0
2018-10-21,9.44,2.78,6.11,0.0,14700.0,0.0
2018-10-22,12.22,0.0,6.11,0.0,14100.0,0.0
2018-10-23,19.44,7.22,13.33,0.0,13700.0,0.0
2018-10-24,12.78,3.89,8.33,0.0,13000.0,0.0
2018-10-25,11.67,0.0,5.84,0.0,12100.0,0.0
2018-10-26,10.0,-0.56,4.72,3.05,11800.0,0.0
2018-10-27,10.0,7.78,8.89,21.59,12900.0,1.0
2018-10-28,12.78,6.67,9.72,0.25,14500.0,1.0
2018-10-29,13.89,6.67,10.28,0.0,18100.0,1.0
2018-10-30,15.0,2.78,8.89,0.0,18800.0,1.0
2018-10-31,20.0,1.67,10.84,0.0,18300.0,0.0
2018-11-01,22.78,10.0,16.39,0.0,16900.0,0.0
2018-11-02,22.78,15.56,19.17,8.89,15400.0,0.0
2018-11-03,15.56,6.67,11.12,16.0,46000.0,1.0
2018-11-04,13.89,1.67,7.78,0.0,50300.0,1.0
2018-11-05,13.33,5.56,9.44,9.14,40800.0,0.0
2018-11-06,16.11,10.0,13.06,19.3,37300.0,0.0
2018-11-07,17.78,7.78,12.78,0.0,44500.0,1.0
2018-11-08,13.33,5.0,9.16,0.0,41600.0,0.0
2018-11-09,11.11,2.78,6.94,20.32,35000.0,0.0
2018-11-10,10.0,0.0,5.0,0.0,38100.0,1.0
2018-11-11,8.33,-1.67,3.33,0.0,38900.0,1.0
2018-11-12,9.44,-2.78,3.33,3.81,34200.0,0.0
2018-11-13,9.44,5.56,7.5,20.32,34000.0,0.0
2018-11-14,6.11,0.0,3.06,0.0,37200.0,1.0
2018-11-15,3.89,-1.67,1.11,27.94,35700.0,0.0
2018-11-16,6.67,1.11,3.89,10.16,33800.0,0.0
2018-11-17,8.89,2.78,5.84,0.0,32200.0,0.0
2018-11-18,7.22,-1.11,3.06,0.0,30600.0,0.0
2018-11-19,10.56,0.0,5.28,0.0,28300.0,0.0
2018-11-20,9.44,3.89,6.66,0.0,27400.0,0.0
2018-11-21,8.33,-1.11,3.61,0.0,27000.0,0.0
2018-11-22,-1.11,-8.33,-4.72,0.0,26700.0,0.0
2018-11-23,0.0,-10.56,-5.28,0.0,23600.0,0.0
2018-11-24,8.33,-5.56,1.39,51.82,21600.0,0.0
2018-11-25,13.89,4.44,9.17,16.51,47500.0,1.0
2018-11-26,12.22,3.33,7.78,20.57,45100.0,0.0
2018-11-27,6.67,2.22,4.44,0.0,54600.0,1.0
2018-11-28,5.56,1.67,3.62,0.0,59300.0,1.0
2018-11-29,7.78,0.56,4.17,0.0,48700.0,0.0
2018-11-30,5.56,0.0,2.78,0.0,40400.0,0.0
2018-12-01,7.78,-1.11,3.34,2.79,34900.0,0.0
2018-12-02,13.89,6.11,10.0,16.51,34700.0,0.0
2018-12-03,13.33,6.67,10.0,0.0,35800.0,1.0
2018-12-04,6.67,-1.67,2.5,0.0,33400.0,0.0
2018-12-05,2.22,-4.44,-1.11,0.0,30700.0,0.0
2018-12-06,3.89,-3.33,0.28,0.0,27300.0,0.0
2018-12-07,3.89,-5.0,-0.55,0.0,23700.0,0.0
2018-12-08,2.78,-7.78,-2.5,0.0,21400.0,0.0
2018-12-09,1.11,-5.0,-1.94,0.0,19100.0,0.0
2018-12-10,5.0,-5.56,-0.28,0.0,17300.0,0.0
2018-12-11,5.0,-6.67,-0.84,0.0,16700.0,0.0
2018-12-12,6.67,-1.11,2.78,0.0,16200.0,0.0
2018-12-13,7.78,0.0,3.89,0.0,15500.0,0.0
2018-12-14,11.11,2.22,6.66,3.81,14900.0,0.0
2018-12-15,11.11,8.33,9.72,2.79,14700.0,0.0
2018-12-16,8.89,3.89,6.39,21.08,18000.0,1.0
2018-12-17,8.89,3.33,6.11,0.0,26700.0,1.0
2018-12-18,5.0,-4.44,0.28,0.0,28200.0,1.0
2018-12-19,6.67,-6.11,0.28,0.0,25200.0,0.0
2018-12-20,12.78,-3.89,4.44,8.89,21700.0,0.0
2018-12-21,17.78,12.22,15.0,23.62,33100.0,1.0
2018-12-22,12.22,3.89,8.06,0.25,53200.0,1.0
2018-12-23,7.22,2.22,4.72,0.51,56400.0,1.0
2018-12-24,7.22,1.67,4.44,1.02,44300.0,0.0
2018-12-25,5.0,-0.56,2.22,0.0,36200.0,0.0
2018-12-26,6.67,-3.33,1.67,0.0,31400.0,0.0
2018-12-27,7.78,-1.67,3.06,0.0,27200.0,0.0
2018-12-28,15.56,5.0,10.28,31.24,29100.0,1.0
2018-12-29,12.78,3.33,8.06,0.0,33800.0,1.0
2018-12-30,5.56,-1.11,2.22,0.0,29700.0,0.0
2018-12-31,7.78,-2.22,2.78,21.59,26300.0,0.0
2019-01-01,16.11,5.56,10.84,1.52,35800.0,1.0
2019-01-02,5.56,1.11,3.34,0.0,36200.0,1.0
2019-01-03,7.22,-0.56,3.33,0.0,33400.0,0.0
2019-01-04,8.33,-2.78,2.78,2.03,29100.0,0.0
2019-01-05,8.33,3.33,5.83,8.38,29800.0,1.0
2019-01-06,11.11,0.56,5.84,0.0,35700.0,1.0
2019-01-07,2.22,-3.33,-0.55,0.0,32800.0,0.0
2019-01-08,5.56,0.0,2.78,7.62,28400.0,0.0
2019-01-09,8.33,0.56,4.44,1.02,26500.0,0.0
2019-01-10,2.78,-1.11,0.83,0.0,25200.0,0.0
2019-01-11,0.56,-5.56,-2.5,0.0,24100.0,0.0
2019-01-12,1.11,-7.22,-3.06,0.0,20900.0,0.0
2019-01-13,-0.56,-3.89,-2.22,1.27,18400.0,0.0
2019-01-14,1.67,-6.11,-2.22,0.0,17400.0,0.0
2019-01-15,3.33,-8.33,-2.5,0.0,16200.0,0.0
2019-01-16,3.89,-5.56,-0.83,0.0,15400.0,0.0
2019-01-17,1.67,-4.44,-1.39,0.0,14700.0,0.0
2019-01-18,2.22,-2.22,0.0,2.29,13900.0,0.0
2019-01-19,4.44,-1.67,1.39,17.27,13400.0,0.0
2019-01-20,6.11,-9.44,-1.66,22.86,19700.0,1.0
2019-01-21,-7.78,-13.89,-10.84,0.0,19800.0,1.0
2019-01-22,0.0,-11.11,-5.56,0.0,15800.0,0.0
2019-01-23,12.22,-3.89,4.16,0.0,14600.0,0.0
2019-01-24,15.56,1.67,8.62,23.62,25300.0,1.0
2019-01-25,4.44,-3.89,0.28,0.0,63600.0,1.0
2019-01-26,1.67,-8.33,-3.33,0.0,58800.0,0.0
2019-01-27,8.89,-5.0,1.95,0.0,41300.0,0.0
2019-01-28,2.22,-6.11,-1.94,0.0,34000.0,0.0
2019-01-29,5.56,-7.22,-0.83,5.59,28600.0,0.0
2019-01-30,0.0,-15.0,-7.5,0.51,24400.0,0.0
2019-01-31,-8.89,-16.67,-12.78,0.0,21600.0,0.0
2019-02-01,-7.78,-13.89,-10.84,0.76,19100.0,0.0
2019-02-02,0.56,-12.22,-5.83,0.0,17200.0,0.0
2019-02-03,11.0,-5.56,2.72,0.0,17500.0,1.0
2019-02-04,15.56,-1.67,6.94,0.0,16400.0,0.0
2019-02-05,21.11,0.56,10.84,0.0,16600.0,1.0
2019-02-06,11.67,1.67,6.67,9.14,17500.0,1.0
2019-02-07,8.89,5.56,7.22,0.76,21600.0,1.0
2019-02-08,13.89,0.56,7.22,3.3,25300.0,1.0
2019-02-09,2.22,-3.89,-0.84,0.0,32800.0,1.0
2019-02-10,3.89,-6.11,-1.11,0.0,33200.0,1.0
2019-02-11,2.22,-0.56,0.83,2.03,26500.0,0.0
2019-02-12,3.89,0.0,1.94,27.69,23700.0,0.0
2019-02-13,6.11,0.56,3.34,1.02,23100.0,0.0
2019-02-14,8.89,0.0,4.44,0.0,21500.0,0.0
2019-02-15,17.78,4.44,11.11,0.0,20200.0,0.0
2019-02-16,10.0,-1.11,4.44,0.0,20000.0,0.0
2019-02-17,4.44,-4.44,0.0,2.29,18400.0,0.0
2019-02-18,8.33,-1.67,3.33,1.02,16300.0,0.0
2019-02-19,3.89,-3.89,0.0,0.0,16100.0,0.0
2019-02-20,2.22,-2.22,0.0,15.49,15700.0,0.0
2019-02-21,12.22,1.67,6.94,1.27,16500.0,1.0
2019-02-22,8.89,2.78,5.84,0.0,19500.0,1.0
2019-02-23,6.11,0.56,3.34,1.02,17800.0,0.0
2019-02-24,9.44,3.89,6.66,9.91,18400.0,1.0
2019-02-25,7.22,-0.56,3.33,0.0,20500.0,1.0
2019-02-26,5.56,-2.22,1.67,0.0,19100.0,0.0
2019-02-27,3.33,-3.33,0.0,0.0,18600.0,0.0
2019-02-28,5.56,-1.11,2.22,0.0,17100.0,0.0
2019-03-01,2.22,-3.33,-0.55,4.06,16100.0,0.0
2019-03-02,4.44,0.0,2.22,11.94,15300.0,0.0
2019-03-03,6.67,0.0,3.34,23.11,14200.0,0.0
2019-03-04,3.33,-3.89,-0.28,6.6,14500.0,1.0
2019-03-05,-1.11,-8.89,-5.0,0.0,14100.0,0.0
2019-03-06,-4.44,-8.33,-6.38,0.0,13800.0,0.0
2019-03-07,0.0,-9.44,-4.72,0.0,12800.0,0.0
2019-03-08,3.89,-7.78,-1.94,0.0,11700.0,0.0
2019-03-09,9.44,-1.11,4.16,0.0,11100.0,0.0
2019-03-10,6.11,1.11,3.61,22.35,15100.0,1.0
2019-03-11,11.67,4.44,8.06,0.0,16900.0,1.0
2019-03-12,6.11,-1.67,2.22,0.0,16000.0,0.0
2019-03-13,9.44,-4.44,2.5,0.0,14800.0,0.0
2019-03-14,20.0,2.78,11.39,0.0,13800.0,0.0
2019-03-15,23.33,11.11,17.22,6.35,13000.0,0.0
2019-03-16,12.22,1.67,6.94,0.0,18200.0,1.0
2019-03-17,7.22,-2.78,2.22,0.0,22100.0,1.0
2019-03-18,7.78,-3.33,2.22,0.0,19800.0,0.0
2019-03-19,9.44,-3.33,3.06,0.0,17200.0,0.0
2019-03-20,11.67,-3.33,4.17,0.0,15500.0,0.0
2019-03-21,8.89,5.0,6.94,27.18,14900.0,0.0
2019-03-22,10.0,3.33,6.66,6.6,26300.0,1.0
2019-03-23,10.0,1.11,5.56,0.0,34200.0,1.0
2019-03-24,15.56,0.0,7.78,0.0,32100.0,0.0
2019-03-25,11.11,3.89,7.5,0.51,25200.0,0.0
2019-03-26,9.44,-1.11,4.16,0.0,22600.0,0.0
2019-03-27,9.44,-2.22,3.61,0.0,20900.0,0.0
2019-03-28,14.44,-2.78,5.83,0.0,18900.0,0.0
2019-03-29,15.0,6.11,10.56,0.0,17000.0,0.0
2019-03-30,24.44,9.44,16.94,0.0,15300.0,0.0
2019-03-31,16.11,1.67,8.89,2.03,14800.0,0.0
2019-04-01,8.33,-1.11,3.61,0.0,16400.0,1.0
2019-04-02,11.11,-2.22,4.44,0.0,18000.0,1.0
2019-04-03,18.89,2.22,10.56,0.0,16900.0,0.0
2019-04-04,16.67,2.78,9.73,0.0,14900.0,0.0
2019-04-05,7.22,3.33,5.28,4.32,13800.0,0.0
2019-04-06,18.89,3.89,11.39,0.0,13800.0,0.0
2019-04-07,20.56,5.0,12.78,1.52,13500.0,0.0
2019-04-08,26.11,11.11,18.61,4.83,13200.0,0.0
2019-04-09,20.0,6.67,13.34,2.29,13400.0,1.0
2019-04-10,15.56,5.0,10.28,0.0,14800.0,1.0
2019-04-11,11.11,3.33,7.22,0.0,15000.0,1.0
2019-04-12,23.33,7.22,15.27,10.16,14000.0,0.0
2019-04-13,25.0,15.56,20.28,0.25,19200.0,1.0
2019-04-14,21.11,13.89,17.5,0.25,26200.0,1.0
2019-04-15,21.11,6.67,13.89,23.37,29800.0,1.0
2019-04-16,17.78,2.78,10.28,0.0,51100.0,1.0
2019-04-17,16.11,9.44,12.77,0.0,47800.0,0.0
2019-04-18,26.11,10.0,18.06,0.0,37100.0,0.0
2019-04-19,24.44,17.22,20.83,9.14,30700.0,0.0
2019-04-20,22.22,11.67,16.94,18.8,32100.0,1.0
2019-04-21,19.44,10.0,14.72,0.0,45200.0,1.0
2019-04-22,17.78,10.56,14.17,0.25,45000.0,0.0
2019-04-23,25.56,9.44,17.5,0.25,37000.0,0.0
2019-04-24,21.67,11.11,16.39,0.0,30700.0,0.0
2019-04-25,17.78,9.44,13.61,0.0,26300.0,0.0
2019-04-26,18.89,10.56,14.73,26.42,24000.0,0.0
2019-04-27,18.33,9.44,13.88,0.0,28300.0,1.0
2019-04-28,15.56,5.0,10.28,0.0,32300.0,1.0
2019-04-29,16.67,1.67,9.17,0.51,28900.0,0.0
2019-04-30,22.22,8.33,15.27,0.51,26100.0,0.0
2019-05-01,13.89,10.0,11.94,0.0,23600.0,0.0
2019-05-02,27.22,10.0,18.61,0.0,22000.0,0.0
2019-05-03,15.56,9.44,12.5,0.0,20000.0,0.0
2019-05-04,22.78,11.67,17.23,0.25,19700.0,0.0
2019-05-05,14.44,10.56,12.5,35.56,27800.0,1.0
2019-05-06,22.22,10.56,16.39,0.0,39000.0,1.0
2019-05-07,23.89,10.56,17.23,12.45,33200.0,0.0
2019-05-08,21.11,11.67,16.39,0.0,31300.0,0.0
2019-05-09,15.0,11.11,13.06,0.51,26200.0,0.0
2019-05-10,25.56,12.78,19.17,2.29,21700.0,0.0
2019-05-11,20.56,12.22,16.39,1.52,20200.0,0.0
2019-05-12,12.22,6.67,9.44,27.69,24800.0,1.0
2019-05-13,9.44,6.11,7.78,21.08,38700.0,1.0
2019-05-14,13.33,7.22,10.28,2.79,50300.0,1.0
2019-05-15,21.67,5.0,13.34,0.0,52000.0,1.0
2019-05-16,23.33,10.56,16.94,0.0,43000.0,0.0
2019-05-17,26.67,12.22,19.44,7.11,34900.0,0.0
2019-05-18,25.56,12.78,19.17,0.0,29500.0,0.0
2019-05-19,28.89,13.33,21.11,3.81,26400.0,0.0
2019-05-20,31.11,18.89,25.0,0.51,29600.0,1.0
2019-05-21,22.22,12.78,17.5,0.0,26500.0,0.0
2019-05-22,23.89,9.44,16.66,0.0,23400.0,0.0
2019-05-23,22.22,14.44,18.33,1.52,20500.0,0.0
2019-05-24,25.56,15.0,20.28,0.0,19600.0,0.0
2019-05-25,22.78,11.11,16.94,0.0,18600.0,0.0
2019-05-26,30.0,15.0,22.5,5.84,16100.0,0.0
2019-05-27,27.22,17.22,22.22,0.0,14200.0,0.0
2019-05-28,26.67,15.0,20.84,2.79,13800.0,0.0
2019-05-29,27.22,15.56,21.39,53.09,16100.0,1.0
2019-05-30,25.56,15.0,20.28,13.46,26600.0,1.0
2019-05-31,26.67,16.67,21.67,0.0,36600.0,1.0
2019-06-01,27.22,15.56,21.39,0.0,29600.0,0.0
2019-06-02,27.22,15.0,21.11,12.45,23800.0,0.0
2019-06-03,21.11,11.67,16.39,0.0,20200.0,0.0
2019-06-04,21.67,8.33,15.0,0.0,17100.0,0.0
2019-06-05,28.89,16.67,22.78,16.76,15200.0,0.0
2019-06-06,28.89,19.44,24.16,0.76,13700.0,0.0
2019-06-07,26.67,17.78,22.22,0.0,12600.0,0.0
2019-06-08,26.11,14.44,20.27,0.0,12000.0,0.0
2019-06-09,25.0,13.33,19.16,0.0,11200.0,0.0
2019-06-10,22.78,15.56,19.17,3.81,10100.0,0.0
2019-06-11,25.0,15.56,20.28,2.54,11800.0,1.0
2019-06-12,23.33,11.67,17.5,0.0,14200.0,1.0
2019-06-13,20.56,12.78,16.67,31.75,15400.0,1.0
2019-06-14,23.33,12.78,18.06,0.0,14000.0,0.0
2019-06-15,26.67,10.56,18.62,0.0,13000.0,0.0
2019-06-16,27.78,19.44,23.61,12.95,11800.0,0.0
2019-06-17,26.11,20.0,23.06,0.51,10400.0,0.0
2019-06-18,26.67,20.56,23.62,36.07,13200.0,1.0
2019-06-19,23.33,19.44,21.38,15.49,21800.0,1.0
2019-06-20,28.33,18.89,23.61,10.92,24700.0,1.0
2019-06-21,26.11,18.89,22.5,2.54,24400.0,0.0
2019-06-22,26.67,15.0,20.84,0.0,26600.0,1.0
2019-06-23,28.33,15.56,21.94,0.0,23100.0,0.0
2019-06-24,30.0,14.44,22.22,0.0,18600.0,0.0
2019-06-25,30.56,21.67,26.12,0.76,17300.0,0.0
2019-06-26,31.11,18.33,24.72,0.0,16700.0,0.0
2019-06-27,32.22,21.11,26.66,0.0,14200.0,0.0
2019-06-28,32.78,18.89,25.84,3.3,12700.0,0.0
2019-06-29,32.78,20.56,26.67,2.54,11900.0,0.0
2019-06-30,30.0,18.33,24.16,0.0,10800.0,0.0
2019-07-01,28.89,16.11,22.5,0.0,9560.0,0.0
2019-07-02,32.22,16.67,24.44,0.0,8760.0,0.0
2019-07-03,30.0,22.22,26.11,0.76,8480.0,0.0
2019-07-04,32.78,21.11,26.94,0.0,8170.0,0.0
2019-07-05,31.11,22.22,26.66,0.51,7630.0,0.0
2019-07-06,31.11,21.67,26.39,11.43,7480.0,0.0
2019-07-07,29.44,21.67,25.56,0.0,10200.0,1.0
2019-07-08,25.56,19.44,22.5,10.92,9720.0,0.0
2019-07-09,30.56,17.78,24.17,0.0,10800.0,1.0
2019-07-10,30.56,20.0,25.28,0.0,9480.0,0.0
2019-07-11,28.89,20.0,24.44,61.21,10400.0,1.0
2019-07-12,30.56,21.11,25.84,0.0,19600.0,1.0
2019-07-13,30.0,19.44,24.72,0.0,11400.0,0.0
2019-07-14,31.67,20.0,25.84,0.0,8560.0,0.0
2019-07-15,29.44,17.78,23.61,0.0,7380.0,0.0
2019-07-16,32.78,17.78,25.28,0.0,6700.0,0.0
2019-07-17,34.44,22.78,28.61,10.92,6330.0,0.0
2019-07-18,30.56,22.78,26.67,2.03,8060.0,1.0
2019-07-19,33.89,21.67,27.78,0.0,10200.0,1.0
2019-07-20,35.56,25.0,30.28,0.0,9350.0,0.0
2019-07-21,36.11,23.33,29.72,5.84,8470.0,0.0
2019-07-22,32.78,22.22,27.5,9.65,9270.0,1.0
2019-07-23,23.89,16.67,20.28,44.45,19200.0,1.0
2019-07-24,28.89,17.78,23.34,0.0,18900.0,0.0
2019-07-25,28.89,17.22,23.06,0.0,14700.0,0.0
2019-07-26,30.56,17.22,23.89,0.0,11500.0,0.0
2019-07-27,31.11,18.33,24.72,0.0,9320.0,0.0
2019-07-28,32.22,20.0,26.11,0.0,8460.0,0.0
2019-07-29,32.78,21.67,27.22,0.0,7530.0,0.0
2019-07-30,33.89,22.78,28.34,0.0,7090.0,0.0
2019-07-31,30.0,20.0,25.0,21.59,6980.0,0.0
2019-08-01,30.0,19.44,24.72,0.0,7710.0,1.0
2019-08-02,28.89,19.44,24.16,0.0,7280.0,0.0
2019-08-03,30.56,20.0,25.28,0.0,6410.0,0.0
2019-08-04,31.67,21.67,26.67,0.0,6330.0,0.0
2019-08-05,29.44,20.0,24.72,0.0,6110.0,0.0
2019-08-06,28.89,21.67,25.28,0.0,5860.0,0.0
2019-08-07,30.56,20.0,25.28,43.18,6640.0,1.0
2019-08-08,28.89,20.56,24.72,1.78,8850.0,1.0
2019-08-09,30.0,18.33,24.16,0.0,8660.0,0.0
2019-08-10,27.78,16.11,21.94,0.0,8030.0,0.0
2019-08-11,27.22,14.44,20.83,0.0,7370.0,0.0
2019-08-12,29.44,15.0,22.22,0.0,6480.0,0.0
2019-08-13,25.56,22.78,24.17,0.25,5800.0,0.0
2019-08-14,26.67,21.11,23.89,3.05,5380.0,0.0
2019-08-15,28.89,20.56,24.72,0.0,5340.0,0.0
2019-08-16,28.89,20.56,24.72,0.0,5060.0,0.0
2019-08-17,30.56,22.78,26.67,0.0,4990.0,0.0
2019-08-18,31.67,21.67,26.67,0.0,5080.0,1.0
2019-08-19,33.33,20.56,26.94,0.0,6640.0,1.0
2019-08-20,31.11,21.11,26.11,0.0,6430.0,0.0
2019-08-21,31.67,22.78,27.22,11.43,5900.0,0.0
2019-08-22,31.67,21.11,26.39,1.78,5800.0,0.0
2019-08-23,22.78,16.67,19.73,2.29,6360.0,1.0
2019-08-24,25.0,15.0,20.0,0.0,6230.0,0.0
2019-08-25,24.44,14.44,19.44,0.0,5590.0,0.0
2019-08-26,22.78,13.89,18.34,0.0,5110.0,0.0
2019-08-27,23.89,13.33,18.61,0.0,4630.0,0.0
2019-08-28,26.11,17.22,21.66,0.76,4200.0,0.0
2019-08-29,27.78,15.0,21.39,0.0,3960.0,0.0
2019-08-30,30.56,13.89,22.22,0.0,3840.0,0.0
2019-08-31,28.33,17.22,22.78,0.0,3680.0,0.0
2019-09-01,26.67,16.67,21.67,0.0,3790.0,1.0
2019-09-02,27.22,17.22,22.22,25.4,4120.0,1.0
2019-09-03,28.33,17.22,22.78,0.0,4650.0,1.0
2019-09-04,31.67,17.78,24.72,0.0,4350.0,0.0
2019-09-05,23.89,16.67,20.28,0.0,3890.0,0.0
2019-09-06,19.44,14.44,16.94,5.08,3900.0,1.0
2019-09-07,25.56,12.78,19.17,0.0,3780.0,0.0
2019-09-08,26.67,13.33,20.0,0.0,3540.0,0.0
2019-09-09,27.78,17.22,22.5,0.0,3530.0,0.0
2019-09-10,26.67,18.33,22.5,0.0,3490.0,0.0
2019-09-11,31.67,18.89,25.28,0.0,3360.0,0.0
2019-09-12,29.44,16.67,23.06,22.61,3510.0,1.0
2019-09-13,20.56,15.0,17.78,0.0,3910.0,1.0
2019-09-14,25.0,15.0,20.0,0.0,3830.0,0.0
2019-09-15,28.33,17.22,22.78,0.0,3730.0,0.0
2019-09-16,27.22,16.67,21.94,0.0,3600.0,0.0
2019-09-17,25.56,13.89,19.73,0.0,3420.0,0.0
2019-09-18,22.78,11.11,16.94,0.0,3390.0,0.0
2019-09-19,21.11,7.78,14.44,0.0,3180.0,0.0
2019-09-20,25.56,7.78,16.67,0.0,3110.0,0.0
2019-09-21,29.44,10.0,19.72,0.0,3020.0,0.0
2019-09-22,30.56,13.33,21.94,0.0,2950.0,0.0
2019-09-23,31.67,18.33,25.0,0.0,3000.0,1.0
2019-09-24,25.56,14.44,20.0,0.0,3020.0,1.0
2019-09-25,26.67,10.56,18.62,0.0,3110.0,1.0
2019-09-26,28.33,12.78,20.56,1.78,3090.0,0.0
2019-09-27,24.44,10.0,17.22,0.0,3200.0,1.0
2019-09-28,28.89,14.44,21.66,0.25,3180.0,0.0
2019-09-29,27.22,17.22,22.22,0.0,3340.0,1.0
2019-09-30,20.56,15.0,17.78,0.0,3260.0,0.0
2019-10-01,27.78,16.11,21.94,0.0,3300.0,1.0
2019-10-02,33.89,19.44,26.66,4.06,3190.0,0.0
2019-10-03,19.44,13.33,16.39,5.59,3070.0,0.0
2019-10-04,19.44,6.67,13.06,0.0,3240.0,1.0
2019-10-05,15.56,4.44,10.0,0.0,3160.0,0.0
2019-10-06,21.11,9.44,15.27,0.0,2920.0,0.0
2019-10-07,26.11,15.0,20.56,4.83,3000.0,1.0
2019-10-08,17.78,13.89,15.84,1.27,3510.0,1.0
2019-10-09,14.44,11.11,12.77,7.11,3710.0,1.0
2019-10-10,23.33,10.0,16.66,0.0,3260.0,0.0
2019-10-11,18.33,10.0,14.16,0.0,3280.0,1.0
2019-10-12,21.11,8.33,14.72,0.0,3220.0,0.0
2019-10-13,18.89,8.33,13.61,0.0,3630.0,1.0
2019-10-14,22.78,12.22,17.5,0.0,4320.0,1.0
2019-10-15,18.33,7.78,13.06,0.0,3380.0,0.0
2019-10-16,18.89,6.67,12.78,33.27,3120.0,0.0
2019-10-17,14.44,10.0,12.22,0.0,6810.0,1.0
2019-10-18,13.89,2.78,8.34,0.0,7950.0,1.0
2019-10-19,16.11,0.0,8.06,0.0,12100.0,1.0
2019-10-20,12.22,5.0,8.61,13.72,9130.0,0.0
2019-10-21,20.0,8.89,14.44,0.0,7340.0,0.0
2019-10-22,17.22,11.67,14.44,11.43,6300.0,0.0
2019-10-23,18.89,6.11,12.5,0.0,6440.0,1.0
2019-10-24,20.0,3.33,11.66,0.0,6950.0,1.0
2019-10-25,19.44,3.89,11.66,0.0,6720.0,0.0
2019-10-26,18.33,8.89,13.61,0.25,6810.0,1.0
2019-10-27,22.78,11.67,17.23,28.7,6610.0,0.0
2019-10-28,18.89,10.0,14.44,0.0,13900.0,1.0
2019-10-29,17.22,12.22,14.72,1.78,12800.0,0.0
2019-10-30,17.22,14.44,15.83,3.3,12300.0,0.0
2019-10-31,23.33,13.89,18.61,17.78,11400.0,0.0
2019-11-01,13.89,2.78,8.34,2.29,26800.0,1.0
2019-11-02,12.22,-0.56,5.83,0.0,40200.0,1.0
2019-11-03,11.67,0.0,5.84,0.0,33300.0,0.0
2019-11-04,13.89,-2.22,5.84,0.0,23300.0,0.0
2019-11-05,16.11,4.44,10.28,0.0,18500.0,0.0
2019-11-06,12.78,2.22,7.5,0.0,15100.0,0.0
2019-11-07,13.89,1.67,7.78,2.79,12400.0,0.0
2019-11-08,5.0,-3.33,0.84,0.0,11600.0,0.0
2019-11-09,5.0,-7.22,-1.11,0.0,10800.0,0.0
2019-11-10,11.11,-2.22,4.44,0.0,9780.0,0.0
2019-11-11,17.22,1.67,9.44,0.0,8930.0,0.0
2019-11-12,12.78,-5.0,3.89,2.03,8210.0,0.0
2019-11-13,1.67,-6.11,-2.22,0.0,7710.0,0.0
2019-11-14,7.22,-6.67,0.27,0.0,7610.0,0.0
2019-11-15,10.0,-3.89,3.06,0.0,7300.0,0.0
2019-11-16,5.56,-2.22,1.67,0.0,6580.0,0.0
2019-11-17,6.11,-2.22,1.94,0.0,6510.0,0.0
2019-11-18,6.11,2.78,4.44,4.32,5920.0,0.0
2019-11-19,9.44,3.33,6.38,0.0,5680.0,0.0
2019-11-20,8.89,3.33,6.11,0.0,5720.0,1.0
2019-11-21,11.67,1.67,6.67,0.0,6150.0,1.0
2019-11-22,11.11,2.22,6.66,1.52,6280.0,1.0
2019-11-23,6.11,-3.33,1.39,2.29,6080.0,0.0
2019-11-24,7.22,2.78,5.0,20.57,7960.0,1.0
2019-11-25,12.78,0.0,6.39,0.0,10800.0,1.0
2019-11-26,15.56,0.0,7.78,0.0,12900.0,1.0
2019-11-27,14.44,3.33,8.88,0.0,12300.0,0.0
2019-11-28,11.67,2.22,6.94,0.0,10700.0,0.0
2019-11-29,5.56,-1.67,1.94,0.0,10100.0,0.0
2019-11-30,6.11,-2.22,1.94,0.0,9710.0,0.0
2019-12-01,2.78,-2.78,0.0,11.68,9400.0,0.0
2019-12-02,2.22,0.56,1.39,5.84,10600.0,1.0
2019-12-03,3.89,-1.11,1.39,0.25,11100.0,1.0
2019-12-04,4.44,-0.56,1.94,0.25,10500.0,0.0
2019-12-05,6.11,1.11,3.61,0.0,9760.0,0.0
2019-12-06,8.89,-1.11,3.89,0.0,8970.0,0.0
2019-12-07,3.89,-6.11,-1.11,0.0,8460.0,0.0
2019-12-08,5.0,-7.78,-1.39,0.0,8080.0,0.0
2019-12-09,12.22,3.33,7.78,35.56,8430.0,1.0
2019-12-10,13.89,2.78,8.34,4.83,12900.0,1.0
2019-12-11,3.33,-1.11,1.11,3.3,14700.0,1.0
2019-12-12,2.22,-5.56,-1.67,0.0,21700.0,1.0
2019-12-13,9.44,-3.89,2.77,12.7,19800.0,0.0
2019-12-14,13.33,5.56,9.44,7.62,19900.0,1.0
2019-12-15,8.33,1.67,5.0,0.0,19700.0,0.0
2019-12-16,1.67,0.0,0.84,6.1,22700.0,1.0
2019-12-17,1.67,0.0,0.84,21.08,23900.0,1.0
2019-12-18,2.78,-6.67,-1.94,0.0,21800.0,0.0
2019-12-19,-2.78,-8.89,-5.84,0.0,18300.0,0.0
2019-12-20,1.67,-8.89,-3.61,0.0,15700.0,0.0
2019-12-21,1.67,-7.78,-3.06,0.0,13600.0,0.0
2019-12-22,8.89,-7.78,0.56,0.0,12200.0,0.0
2019-12-23,13.89,-3.33,5.28,0.0,10800.0,0.0
2019-12-24,10.56,0.0,5.28,0.0,10400.0,0.0
2019-12-25,7.78,-4.44,1.67,0.0,10500.0,1.0
2019-12-26,8.33,-3.89,2.22,0.0,9880.0,0.0
2019-12-27,11.67,4.44,8.06,0.0,9490.0,0.0
2019-12-28,11.11,1.67,6.39,0.0,9230.0,0.0
2019-12-29,7.78,-0.56,3.61,7.11,9020.0,0.0
2019-12-30,7.22,3.33,5.28,12.7,10900.0,1.0
2019-12-31,6.67,2.78,4.72,0.0,17000.0,1.0
2020-01-01,3.89,-2.78,0.56,0.0,20300.0,1.0
2020-01-02,8.33,-5.0,1.66,0.0,17700.0,0.0
2020-01-03,8.33,5.56,6.94,3.56,15800.0,0.0
2020-01-04,10.56,4.44,7.5,3.3,15100.0,0.0
2020-01-05,5.56,0.56,3.06,0.0,14900.0,0.0
2020-01-06,8.33,-1.11,3.61,0.0,14700.0,0.0
2020-01-07,6.11,-0.61,2.75,0.76,14000.0,0.0
2020-01-08,3.89,-1.72,1.08,0.0,13700.0,0.0
2020-01-09,0.56,-6.11,-2.78,0.0,12900.0,0.0
2020-01-10,11.67,-3.28,4.2,0.0,11900.0,0.0
2020-01-11,19.44,8.33,13.89,0.0,11200.0,0.0
2020-01-12,18.89,7.22,13.06,3.56,11400.0,1.0
2020-01-13,7.22,1.11,4.16,0.0,11900.0,1.0
2020-01-14,7.22,0.56,3.89,0.76,14700.0,1.0
2020-01-15,10.0,3.89,6.94,0.0,14300.0,0.0
2020-01-16,9.44,0.56,5.0,1.78,12900.0,0.0
2020-01-17,-0.61,-7.22,-3.92,0.0,12000.0,0.0
2020-01-18,2.22,-7.22,-2.5,3.05,11700.0,0.0
2020-01-19,5.0,-3.89,0.55,0.0,10700.0,0.0
2020-01-20,0.0,-6.11,-3.06,0.0,9810.0,0.0
2020-01-21,1.11,-8.28,-3.58,0.0,9470.0,0.0
2020-01-22,3.89,-9.39,-2.75,0.0,9460.0,0.0
2020-01-23,7.22,-7.22,0.0,0.0,9080.0,0.0
2020-01-24,11.67,-2.78,4.44,0.0,9440.0,1.0
2020-01-25,9.44,3.33,6.38,34.8,13000.0,1.0
2020-01-26,7.22,1.11,4.16,0.0,22300.0,1.0
2020-01-27,6.11,0.56,3.34,0.0,20900.0,0.0
2020-01-28,5.0,0.56,2.78,0.0,20800.0,0.0
2020-01-29,5.0,-1.72,1.64,0.0,17400.0,0.0
2020-01-30,2.22,-5.61,-1.7,0.0,15100.0,0.0
2020-01-31,6.67,-2.22,2.22,0.76,14000.0,0.0
2020-02-01,5.56,2.78,4.17,1.02,13200.0,0.0
2020-02-02,5.56,1.11,3.34,2.03,12600.0,0.0
2020-02-03,13.89,0.0,6.94,0.0,11900.0,0.0
2020-02-04,16.67,4.44,10.56,0.76,11900.0,0.0
2020-02-05,10.56,1.67,6.12,1.52,12400.0,1.0
2020-02-06,6.11,1.11,3.61,14.99,13200.0,1.0
2020-02-07,15.0,0.0,7.5,6.1,15100.0,1.0
2020-02-08,4.44,-2.22,1.11,0.0,18100.0,1.0
2020-02-09,7.78,-2.78,2.5,0.0,22700.0,1.0
2020-02-10,7.22,4.44,5.83,10.92,19200.0,0.0
2020-02-11,10.0,6.0,8.0,6.6,20300.0,1.0
2020-02-12,6.67,2.0,4.34,1.78,19700.0,0.0
2020-02-13,7.22,1.67,4.44,7.11,20100.0,1.0
2020-02-14,3.33,-8.89,-2.78,0.0,21400.0,1.0
2020-02-15,-0.61,-11.72,-6.16,0.0,20900.0,0.0
2020-02-16,7.78,-3.89,1.94,0.0,17400.0,0.0
2020-02-17,11.11,0.0,5.56,0.0,15500.0,0.0
2020-02-18,13.89,1.67,7.78,0.0,15000.0,0.0
2020-02-19,9.44,-0.61,4.42,0.0,14500.0,0.0
2020-02-20,1.67,-3.89,-1.11,0.0,13800.0,0.0
2020-02-21,1.67,-7.22,-2.78,0.0,13700.0,0.0
2020-02-22,8.89,-3.89,2.5,0.0,12400.0,0.0
2020-02-23,12.22,-4.39,3.92,0.0,11300.0,0.0
2020-02-24,15.56,-1.72,6.92,0.0,10300.0,0.0
2020-02-25,9.0,6.67,7.84,5.33,10100.0,0.0
2020-02-26,10.0,6.67,8.34,2.03,10700.0,1.0
2020-02-27,6.67,-1.11,2.78,6.6,12100.0,1.0
2020-02-28,4.44,-2.22,1.11,0.0,15100.0,1.0
2020-02-29,0.56,-2.78,-1.11,0.0,18500.0,1.0
2020-03-01,6.11,-5.0,0.56,0.0,15300.0,0.0
2020-03-02,16.67,-2.22,7.22,0.0,13100.0,0.0
2020-03-03,13.33,6.67,10.0,10.92,12300.0,0.0
2020-03-04,13.33,6.67,10.0,0.0,13200.0,1.0
2020-03-05,10.56,2.78,6.67,0.0,13800.0,1.0
2020-03-06,6.11,-0.61,2.75,4.06,14900.0,1.0
2020-03-07,7.78,0.56,4.17,0.25,14300.0,0.0
2020-03-08,13.89,-3.28,5.31,0.0,13100.0,0.0
2020-03-09,21.11,2.22,11.66,0.0,11800.0,0.0
2020-03-10,18.33,8.33,13.33,0.0,11200.0,0.0
2020-03-11,13.33,5.56,9.44,0.0,11100.0,0.0
2020-03-12,10.56,1.67,6.12,0.25,10600.0,0.0
2020-03-13,21.67,7.78,14.73,8.64,10300.0,0.0
2020-03-14,12.78,5.56,9.17,0.0,10800.0,1.0
2020-03-15,12.22,3.89,8.06,0.0,11200.0,1.0
2020-03-16,7.22,0.0,3.61,0.0,10800.0,0.0
2020-03-17,11.67,3.89,7.78,4.06,10200.0,0.0
2020-03-18,13.33,2.22,7.78,1.52,9660.0,0.0
2020-03-19,10.56,4.44,7.5,20.83,11700.0,1.0
2020-03-20,25.56,7.78,16.67,0.25,12800.0,1.0
2020-03-21,18.89,5.0,11.94,0.0,13900.0,1.0
2020-03-22,6.67,0.0,3.34,0.0,13500.0,0.0
2020-03-23,5.56,2.0,3.78,22.1,13300.0,0.0
2020-03-24,12.78,1.67,7.22,0.0,15700.0,1.0
2020-03-25,7.22,3.89,5.56,0.25,15200.0,0.0
2020-03-26,14.44,0.56,7.5,0.0,15300.0,1.0
2020-03-27,20.0,8.89,14.44,0.0,14400.0,0.0
2020-03-28,10.56,6.67,8.62,17.78,14000.0,0.0
2020-03-29,10.0,7.22,8.61,2.03,16400.0,1.0
2020-03-30,12.22,6.67,9.44,0.25,16100.0,0.0
2020-03-31,7.78,4.44,6.11,0.51,18100.0,1.0
2020-04-01,11.67,3.33,7.5,0.0,18500.0,1.0
2020-04-02,13.33,2.78,8.06,0.0,17100.0,0.0
2020-04-03,13.89,7.22,10.56,0.0,15600.0,0.0
2020-04-04,13.89,8.33,11.11,0.0,14400.0,0.0
2020-04-05,18.89,5.0,11.94,1.02,12900.0,0.0
2020-04-06,17.78,8.89,13.34,1.52,12000.0,0.0
2020-04-07,18.89,5.0,11.94,0.0,11500.0,0.0
2020-04-08,21.67,8.33,15.0,8.64,12200.0,1.0
2020-04-09,17.78,6.11,11.94,4.06,11800.0,0.0
2020-04-10,8.89,3.89,6.39,0.0,11600.0,0.0
2020-04-11,12.22,2.22,7.22,0.0,12300.0,1.0
2020-04-12,19.44,1.11,10.28,1.27,12300.0,0.0
2020-04-13,21.11,12.78,16.94,40.13,20100.0,1.0
2020-04-14,12.78,6.11,9.44,0.0,33900.0,1.0
2020-04-15,10.0,3.89,6.94,0.25,38900.0,1.0
2020-04-16,9.44,2.22,5.83,0.0,29900.0,0.0
2020-04-17,9.44,-0.61,4.42,0.25,24100.0,0.0
2020-04-18,8.33,0.56,4.44,2.03,20900.0,0.0
2020-04-19,15.0,-1.11,6.94,0.0,19300.0,0.0
2020-04-20,13.33,6.11,9.72,0.0,18200.0,0.0
2020-04-21,15.0,4.44,9.72,7.11,17600.0,0.0
2020-04-22,10.0,1.67,5.84,0.0,16800.0,0.0
2020-04-23,12.78,2.22,7.5,7.62,16100.0,0.0
2020-04-24,10.0,5.0,7.5,15.24,16500.0,1.0
2020-04-25,18.33,3.33,10.83,0.25,16700.0,1.0
2020-04-26,9.44,6.11,7.78,7.11,15700.0,0.0
2020-04-27,10.56,4.44,7.5,0.25,17800.0,1.0
2020-04-28,17.78,3.33,10.56,0.0,23500.0,1.0
2020-04-29,15.0,7.78,11.39,0.0,23200.0,0.0
2020-04-30,18.89,11.67,15.28,21.34,21000.0,0.0
2020-05-01,19.44,13.33,16.39,5.33,29700.0,1.0
2020-05-02,21.11,10.0,15.56,0.0,47700.0,1.0
2020-05-03,25.0,12.22,18.61,1.27,47300.0,0.0
2020-05-04,21.11,10.0,15.56,0.0,36500.0,0.0
2020-05-05,14.44,7.22,10.83,0.0,30100.0,0.0
2020-05-06,11.67,6.11,8.89,0.51,24900.0,0.0
2020-05-07,17.78,6.67,12.23,0.0,21600.0,0.0
2020-05-08,13.89,2.78,8.34,11.94,18800.0,0.0
2020-05-09,7.22,0.0,3.61,0.0,19400.0,1.0
2020-05-10,16.67,-0.61,8.03,0.0,17400.0,0.0
2020-05-11,13.89,5.56,9.72,2.03,15500.0,0.0
2020-05-12,14.44,6.11,10.28,0.0,14500.0,0.0
2020-05-13,17.22,1.67,9.44,0.0,14000.0,0.0
2020-05-14,22.22,3.33,12.77,0.0,13100.0,0.0
2020-05-15,27.78,13.89,20.84,0.0,11700.0,0.0
2020-05-16,24.44,16.11,20.27,0.0,11500.0,0.0
2020-05-17,19.44,11.11,15.28,0.0,11900.0,1.0
2020-05-18,20.0,10.56,15.28,0.0,13700.0,1.0
2020-05-19,18.33,11.11,14.72,0.0,12700.0,0.0
2020-05-20,16.11,5.0,10.56,0.0,12300.0,0.0
2020-05-21,21.67,5.0,13.34,0.0,11000.0,0.0
2020-05-22,22.78,10.56,16.67,7.87,10000.0,0.0
2020-05-23,22.78,12.0,17.39,9.4,9680.0,0.0
2020-05-24,19.44,11.11,15.28,0.0,9800.0,1.0
2020-05-25,22.22,12.78,17.5,0.0,9750.0,0.0
2020-05-26,26.11,14.44,20.27,0.0,9260.0,0.0
2020-05-27,26.67,15.0,20.84,0.0,8830.0,0.0
2020-05-28,25.0,18.89,21.94,0.51,8510.0,0.0
2020-05-29,28.89,20.56,24.72,2.03,7950.0,0.0
2020-05-30,26.67,18.89,22.78,0.25,7940.0,0.0
2020-05-31,20.56,11.67,16.11,0.0,8540.0,1.0
2020-06-01,21.67,7.22,14.44,0.0,8420.0,0.0
2020-06-02,21.11,11.67,16.39,0.0,7630.0,0.0
2020-06-03,28.33,15.0,21.66,18.29,7210.0,0.0
2020-06-04,31.0,18.0,24.5,12.19,7410.0,1.0
2020-06-05,27.22,20.56,23.89,20.07,9250.0,1.0
2020-06-06,29.44,20.56,25.0,0.25,11100.0,1.0
2020-06-07,24.44,16.11,20.27,0.0,9250.0,0.0
2020-06-08,25.0,12.78,18.89,0.0,7590.0,0.0
2020-06-09,30.0,13.89,21.94,0.0,6840.0,0.0
2020-06-10,31.67,19.44,25.56,0.51,6450.0,0.0
2020-06-11,26.11,22.22,24.16,4.06,6200.0,0.0
2020-06-12,28.33,18.33,23.33,0.0,12500.0,1.0
2020-06-13,23.33,14.44,18.88,0.0,19200.0,1.0
2020-06-14,22.78,11.11,16.94,0.0,14700.0,0.0
2020-06-15,23.89,11.11,17.5,0.0,9660.0,0.0
2020-06-16,23.89,11.67,17.78,0.0,8340.0,0.0
2020-06-17,23.89,13.89,18.89,0.0,7900.0,0.0
2020-06-18,26.0,16.67,21.34,8.89,7170.0,0.0
2020-06-19,28.33,17.78,23.06,0.0,6680.0,0.0
2020-06-20,28.89,17.78,23.34,0.51,6600.0,0.0
2020-06-21,30.0,17.78,23.89,0.0,6490.0,0.0
2020-06-22,31.11,19.44,25.28,0.0,5760.0,0.0
2020-06-23,31.67,20.56,26.12,0.0,5640.0,0.0
2020-06-24,28.33,22.22,25.28,0.0,5400.0,0.0
2020-06-25,28.33,18.89,23.61,0.0,6220.0,1.0
2020-06-26,30.0,17.78,23.89,0.0,5520.0,0.0
2020-06-27,30.0,17.22,23.61,6.86,5020.0,0.0
2020-06-28,31.67,20.56,26.12,0.0,5280.0,1.0
2020-06-29,31.11,20.56,25.84,0.0,5170.0,0.0
2020-06-30,28.33,18.89,23.61,0.0,5370.0,1.0
2020-07-01,27.22,19.44,23.33,0.25,5270.0,0.0
2020-07-02,34.44,18.33,26.38,0.0,5220.0,0.0
2020-07-03,33.89,22.22,28.06,5.84,5000.0,0.0
2020-07-04,31.11,21.11,26.11,0.0,5160.0,1.0
2020-07-05,33.89,21.67,27.78,0.0,4830.0,0.0
2020-07-06,33.33,20.0,26.66,0.0,4640.0,0.0
2020-07-07,31.67,18.89,25.28,7.11,4760.0,1.0
2020-07-08,30.56,22.78,26.67,0.25,4560.0,0.0
2020-07-09,31.11,21.67,26.39,0.0,4930.0,1.0
2020-07-10,25.0,22.0,23.5,48.26,8370.0,1.0
2020-07-11,31.11,21.67,26.39,0.0,15900.0,1.0
2020-07-12,31.11,21.11,26.11,4.83,16000.0,1.0
2020-07-13,30.0,20.0,25.0,1.27,16000.0,0.0
2020-07-14,29.44,18.89,24.16,0.0,13400.0,0.0
2020-07-15,27.78,19.44,23.61,0.0,9860.0,0.0
2020-07-16,27.22,18.89,23.06,0.0,8040.0,0.0
2020-07-17,30.56,20.0,25.28,0.0,6810.0,0.0
2020-07-18,32.78,21.11,26.94,0.0,5920.0,0.0
2020-07-19,33.89,21.67,27.78,0.0,5470.0,0.0
2020-07-20,34.44,25.0,29.72,0.0,5210.0,0.0
2020-07-21,33.89,22.22,28.06,0.25,5180.0,0.0
2020-07-22,33.89,22.22,28.06,4.06,5400.0,1.0
2020-07-23,31.11,21.67,26.39,3.3,6050.0,1.0
2020-07-24,26.67,21.67,24.17,6.1,5880.0,0.0
2020-07-25,31.11,20.0,25.56,0.0,5390.0,0.0
2020-07-26,33.33,22.78,28.06,0.0,4760.0,0.0
2020-07-27,34.44,22.78,28.61,0.0,4630.0,0.0
2020-07-28,33.33,25.0,29.16,0.0,4620.0,0.0
2020-07-29,33.33,22.22,27.78,0.0,4250.0,0.0
2020-07-30,34.44,21.67,28.06,0.51,3950.0,0.0
2020-07-31,28.33,21.67,25.0,1.52,4330.0,1.0
2020-08-01,32.22,20.0,26.11,1.02,4230.0,0.0
2020-08-02,33.89,23.89,28.89,0.0,4020.0,0.0
2020-08-03,31.67,22.78,27.22,0.0,7990.0,1.0
2020-08-04,26.67,21.0,23.84,54.61,26700.0,1.0
2020-08-05,30.0,21.11,25.56,0.0,64200.0,1.0
2020-08-06,26.11,19.44,22.78,3.3,43700.0,0.0
2020-08-07,25.56,20.0,22.78,23.37,27300.0,0.0
2020-08-08,28.33,19.44,23.88,0.0,23100.0,0.0
2020-08-09,30.56,20.0,25.28,0.0,16700.0,0.0
2020-08-10,32.78,21.11,26.94,0.0,13000.0,0.0
2020-08-11,30.56,23.33,26.94,0.0,10600.0,0.0
2020-08-12,31.11,23.33,27.22,0.25,9490.0,0.0
2020-08-13,26.11,22.22,24.16,8.13,9020.0,0.0
2020-08-14,29.44,21.67,25.56,0.0,9890.0,1.0
2020-08-15,27.78,18.89,23.34,0.0,9130.0,0.0
2020-08-16,23.33,18.89,21.11,6.86,7960.0,0.0
2020-08-17,27.78,16.11,21.94,0.0,7300.0,0.0
2020-08-18,28.33,16.67,22.5,1.27,6920.0,0.0
2020-08-19,25.56,17.78,21.67,4.32,7130.0,1.0
2020-08-20,26.67,15.0,20.84,0.0,6800.0,0.0
2020-08-21,28.33,16.67,22.5,0.0,5990.0,0.0
2020-08-22,30.56,21.67,26.12,0.0,5520.0,0.0
2020-08-23,28.33,20.56,24.44,0.0,5310.0,0.0
2020-08-24,31.67,20.56,26.12,0.0,5190.0,0.0
2020-08-25,31.67,21.67,26.67,0.0,5600.0,1.0
2020-08-26,26.11,18.33,22.22,0.0,5190.0,0.0
2020-08-27,33.33,18.89,26.11,0.0,4850.0,0.0
2020-08-28,30.0,20.56,25.28,12.7,4770.0,0.0
2020-08-29,27.22,21.11,24.16,0.51,4750.0,0.0
2020-08-30,25.56,16.67,21.12,0.0,6350.0,1.0
2020-08-31,23.33,15.0,19.16,0.76,6430.0,1.0
2020-09-01,26.11,18.89,22.5,0.0,5450.0,0.0
2020-09-02,27.78,20.56,24.17,0.25,5090.0,0.0
2020-09-03,30.0,22.22,26.11,30.73,5500.0,1.0
2020-09-04,30.0,18.89,24.44,0.0,10600.0,1.0
2020-09-05,26.11,13.89,20.0,0.0,8540.0,0.0
2020-09-06,27.78,13.89,20.84,0.0,7550.0,0.0
2020-09-07,27.78,13.89,20.84,0.0,6480.0,0.0
2020-09-08,28.89,15.0,21.94,0.0,5620.0,0.0
2020-09-09,26.67,19.44,23.06,10.67,4920.0,0.0
2020-09-10,27.78,21.67,24.72,23.62,5130.0,1.0
2020-09-11,23.89,17.22,20.56,0.0,5730.0,1.0
2020-09-12,22.22,14.44,18.33,0.0,5180.0,0.0
2020-09-13,26.0,13.89,19.94,0.0,4530.0,0.0
2020-09-14,23.33,13.33,18.33,0.0,4430.0,0.0
2020-09-15,18.89,8.33,13.61,0.0,4150.0,0.0
2020-09-16,21.67,7.78,14.73,0.0,3930.0,0.0
2020-09-17,23.33,13.89,18.61,0.0,3750.0,0.0
2020-09-18,20.56,11.67,16.11,0.0,3730.0,0.0
2020-09-19,16.67,6.11,11.39,0.0,3700.0,0.0
2020-09-20,16.67,5.56,11.12,0.0,3510.0,0.0
2020-09-21,17.78,5.56,11.67,0.0,3230.0,0.0
2020-09-22,22.22,5.0,13.61,0.0,3080.0,0.0
2020-09-23,26.67,10.0,18.34,0.0,3050.0,0.0
2020-09-24,22.78,12.78,17.78,0.0,3060.0,1.0
2020-09-25,23.89,11.67,17.78,0.0,3060.0,0.0
2020-09-26,23.89,16.67,20.28,2.03,3180.0,1.0
2020-09-27,25.0,17.78,21.39,0.25,3130.0,0.0
2020-09-28,27.22,18.89,23.06,3.81,3130.0,0.0
2020-09-29,23.33,17.22,20.27,26.42,3380.0,1.0
2020-09-30,21.67,13.33,17.5,39.88,5650.0,1.0
2020-10-01,20.56,11.67,16.11,1.52,7300.0,1.0
2020-10-02,18.33,10.0,14.16,1.78,6750.0,0.0
2020-10-03,18.33,7.22,12.77,0.0,7010.0,1.0
2020-10-04,18.89,6.11,12.5,0.0,5320.0,0.0
2020-10-05,20.0,8.89,14.44,0.0,4440.0,0.0
2020-10-06,20.0,6.67,13.34,0.0,3890.0,0.0
2020-10-07,24.44,11.11,17.77,0.0,3520.0,0.0
2020-10-08,18.33,7.22,12.77,0.0,3210.0,0.0
2020-10-09,21.11,5.56,13.34,0.0,3130.0,0.0
2020-10-10,21.67,11.67,16.67,0.0,3060.0,0.0
2020-10-11,18.89,13.89,16.39,1.78,3220.0,1.0
2020-10-12,13.89,10.56,12.23,22.1,4360.0,1.0
2020-10-13,16.11,11.67,13.89,2.79,4790.0,1.0
2020-10-14,20.56,6.67,13.61,0.0,4040.0,0.0
2020-10-15,23.33,9.44,16.38,0.0,3680.0,0.0
2020-10-16,16.11,10.0,13.06,24.64,4090.0,1.0
2020-10-17,15.0,3.33,9.16,1.02,4090.0,0.0
2020-10-18,18.33,1.11,9.72,0.0,3820.0,0.0
2020-10-19,19.44,7.22,13.33,0.0,3320.0,0.0
2020-10-20,21.11,11.67,16.39,0.25,3510.0,1.0
2020-10-21,23.33,15.0,19.16,0.0,3710.0,1.0
2020-10-22,22.78,15.0,18.89,0.0,3660.0,0.0
2020-10-23,20.56,16.11,18.34,0.0,3570.0,0.0
2020-10-24,22.22,8.33,15.27,0.0,3470.0,0.0
2020-10-25,10.56,5.0,7.78,0.76,3410.0,0.0
2020-10-26,16.11,7.78,11.94,2.29,3400.0,0.0
2020-10-27,15.0,11.67,13.34,0.0,3430.0,1.0
2020-10-28,13.89,10.56,12.23,0.0,3480.0,1.0
2020-10-29,12.22,8.33,10.28,37.59,4780.0,1.0
2020-10-30,8.33,2.22,5.28,11.68,10900.0,1.0
2020-10-31,7.78,-1.11,3.34,0.0,15400.0,1.0
2020-11-01,12.22,2.22,7.22,9.14,15300.0,0.0
2020-11-02,7.78,1.67,4.72,0.0,13600.0,0.0
2020-11-03,13.33,2.22,7.78,0.0,11500.0,0.0
2020-11-04,18.33,1.67,10.0,0.0,10300.0,0.0
2020-11-05,19.44,5.0,12.22,0.0,9150.0,0.0
2020-11-06,21.11,6.11,13.61,0.0,7830.0,0.0
2020-11-07,22.78,6.11,14.44,0.0,7140.0,0.0
2020-11-08,24.44,5.0,14.72,0.0,6610.0,0.0
2020-11-09,23.33,6.11,14.72,0.0,6180.0,0.0
2020-11-10,22.78,9.44,16.11,0.0,5790.0,0.0
2020-11-11,21.11,14.0,17.56,21.08,5580.0,0.0
2020-11-12,19.0,7.78,13.39,8.13,7350.0,1.0
2020-11-13,11.11,5.0,8.06,1.52,7690.0,1.0
2020-11-14,11.11,0.0,5.56,0.0,7710.0,1.0
2020-11-15,17.22,0.0,8.61,8.38,7470.0,0.0
2020-11-16,11.67,4.44,8.06,0.0,7950.0,1.0
2020-11-17,8.33,1.11,4.72,0.0,8100.0,1.0
2020-11-18,2.78,-3.28,-0.25,0.0,8540.0,1.0
2020-11-19,8.33,-5.61,1.36,0.0,8430.0,0.0
2020-11-20,16.11,3.89,10.0,0.0,7740.0,0.0
2020-11-21,16.67,6.11,11.39,0.0,7100.0,0.0
2020-11-22,14.0,6.11,10.06,1.78,6540.0,0.0
2020-11-23,14.0,6.11,10.06,4.06,6550.0,1.0
2020-11-24,8.89,2.22,5.56,0.0,6900.0,1.0
2020-11-25,12.22,3.33,7.78,0.0,7100.0,1.0
2020-11-26,17.78,9.44,13.61,11.43,8610.0,1.0
2020-11-27,15.0,7.22,11.11,0.0,8740.0,1.0
2020-11-28,12.22,2.22,7.22,0.0,8550.0,0.0
2020-11-29,12.22,-1.72,5.25,0.0,8960.0,1.0
2020-11-30,18.89,5.56,12.22,39.62,13900.0,1.0
2020-12-01,11.11,1.67,6.39,0.0,35600.0,1.0
2020-12-02,5.56,-0.61,2.47,0.0,33300.0,0.0
2020-12-03,8.89,-1.11,3.89,0.0,25600.0,0.0
2020-12-04,8.33,3.33,5.83,4.83,20300.0,0.0
2020-12-05,7.22,2.78,5.0,17.02,20600.0,1.0
2020-12-06,3.89,-1.11,1.39,0.0,18100.0,0.0
2020-12-07,3.89,-3.28,0.31,0.0,14800.0,0.0
2020-12-08,4.44,-2.22,1.11,0.0,13300.0,0.0
2020-12-09,2.78,-2.22,0.28,0.0,12000.0,0.0
2020-12-10,9.44,-1.72,3.86,0.0,11100.0,0.0
2020-12-11,13.33,-3.28,5.03,0.0,10300.0,0.0
2020-12-12,13.89,1.67,7.78,0.0,9900.0,0.0
2020-12-13,16.11,3.33,9.72,0.25,9490.0,0.0
2020-12-14,6.11,1.11,3.61,11.68,8830.0,0.0
2020-12-15,2.78,-2.22,0.28,0.0,9080.0,1.0
2020-12-16,-1.11,-4.39,-2.75,17.02,8960.0,0.0
2020-12-17,1.67,-5.0,-1.66,6.35,8750.0,0.0
2020-12-18,1.67,-6.11,-2.22,0.0,8510.0,0.0
2020-12-19,-1.11,-10.0,-5.56,0.0,7990.0,0.0
2020-12-20,2.78,-3.89,-0.56,0.0,8410.0,1.0
2020-12-21,5.56,0.0,2.78,0.0,7850.0,0.0
2020-12-22,6.11,1.11,3.61,2.79,7630.0,0.0
2020-12-23,6.11,-2.78,1.67,0.0,8810.0,1.0
2020-12-24,16.67,1.67,9.17,23.62,8830.0,1.0
2020-12-25,17.22,-3.89,6.66,13.72,49200.0,1.0
2020-12-26,-1.11,-5.61,-3.36,0.0,99400.0,1.0
2020-12-27,2.22,-6.11,-1.94,0.0,69100.0,0.0
2020-12-28,9.44,-2.22,3.61,0.0,44700.0,0.0
2020-12-29,3.33,-2.78,0.28,0.0,35800.0,0.0
2020-12-30,6.11,-5.0,0.56,0.0,30900.0,0.0
2020-12-31,8.89,0.0,4.44,6.1,25700.0,0.0
2021-01-01,4.0,-3.89,0.05,17.02,20800.0,0.0
2021-01-02,10.56,1.11,5.84,1.27,24200.0,1.0
2021-01-03,2.22,0.0,1.11,2.79,20700.0,0.0
2021-01-04,5.56,0.56,3.06,1.02,21200.0,1.0
2021-01-05,3.89,2.22,3.06,0.0,20000.0,0.0
2021-01-06,5.0,0.56,2.78,0.0,18300.0,0.0
2021-01-07,6.11,-2.22,1.94,0.0,16800.0,0.0
2021-01-08,1.67,-5.0,-1.66,0.0,15700.0,0.0
2021-01-09,3.89,-5.61,-0.86,0.0,14000.0,0.0
2021-01-10,6.67,-3.28,1.7,0.0,12700.0,0.0
2021-01-11,2.78,-5.61,-1.42,0.0,11600.0,0.0
2021-01-12,5.56,-5.61,-0.03,0.0,11100.0,0.0
2021-01-13,6.11,-1.11,2.5,0.0,11000.0,0.0
2021-01-14,9.44,-2.22,3.61,0.0,10700.0,0.0
2021-01-15,8.33,-1.11,3.61,3.3,10200.0,0.0
2021-01-16,7.22,1.67,4.44,4.57,10600.0,1.0
2021-01-17,6.11,0.0,3.06,0.0,11900.0,1.0
2021-01-18,7.22,1.11,4.16,0.0,11600.0,0.0
2021-01-19,5.0,-1.11,1.94,0.0,11200.0,0.0
2021-01-20,3.89,-3.28,0.31,0.0,10700.0,0.0
2021-01-21,5.56,-6.72,-0.58,0.0,10600.0,0.0
2021-01-22,6.67,1.11,3.89,0.0,10100.0,0.0
2021-01-23,1.11,-4.39,-1.64,0.0,9470.0,0.0
2021-01-24,0.56,-6.11,-2.78,0.0,8880.0,0.0
2021-01-25,1.67,-5.61,-1.97,0.0,7930.0,0.0
2021-01-26,1.11,-0.61,0.25,3.81,7730.0,0.0
2021-01-27,3.33,-1.11,1.11,0.0,8000.0,1.0
2021-01-28,0.0,-6.72,-3.36,0.0,8080.0,1.0
2021-01-29,-3.28,-7.78,-5.53,0.0,7790.0,0.0
2021-01-30,0.56,-8.28,-3.86,0.0,7340.0,0.0
2021-01-31,-3.89,-6.11,-5.0,7.62,6550.0,0.0
2021-02-01,-0.61,-6.0,-3.3,28.45,7150.0,1.0
2021-02-02,0.56,-1.72,-0.58,5.08,6770.0,0.0
2021-02-03,2.22,-2.78,-0.28,0.0,8370.0,1.0
2021-02-04,5.0,-2.22,1.39,0.0,8780.0,1.0
2021-02-05,8.33,-1.11,3.61,1.52,9420.0,1.0
2021-02-06,6.11,-3.28,1.42,0.0,9960.0,1.0
2021-02-07,1.0,-3.89,-1.44,11.43,8590.0,0.0
2021-02-08,-2.22,-10.0,-6.11,0.0,7360.0,0.0
2021-02-09,0.56,-8.89,-4.16,0.0,6480.0,0.0
2021-02-10,0.56,-8.28,-3.86,1.78,6410.0,0.0
2021-02-11,-0.61,-3.89,-2.25,5.33,6760.0,1.0
2021-02-12,-2.78,-7.78,-5.28,0.0,6740.0,0.0
2021-02-13,2.78,-4.39,-0.8,0.0,6420.0,0.0
2021-02-14,1.67,-3.89,-1.11,0.0,6320.0,0.0
2021-02-15,1.11,-0.61,0.25,0.0,5720.0,0.0
2021-02-16,8.89,-1.72,3.59,19.3,6970.0,1.0
2021-02-17,-1.11,-5.61,-3.36,0.0,11500.0,1.0
2021-02-18,-2.78,-5.61,-4.2,23.37,11100.0,0.0
2021-02-19,0.0,-3.28,-1.64,3.3,10900.0,0.0
2021-02-20,0.0,-4.39,-2.19,0.0,10100.0,0.0
2021-02-21,1.11,-6.72,-2.8,0.0,9310.0,0.0
2021-02-22,1.67,-3.28,-0.8,14.73,8770.0,0.0
2021-02-23,8.33,0.0,4.16,0.0,8320.0,0.0
2021-02-24,11.11,1.11,6.11,0.0,7970.0,0.0
2021-02-25,9.44,2.22,5.83,0.0,9270.0,1.0
2021-02-26,6.67,0.0,3.34,0.0,10700.0,1.0
2021-02-27,8.89,0.56,4.73,7.11,11800.0,1.0
2021-02-28,5.56,1.67,3.62,9.4,14400.0,1.0
2021-03-01,7.78,0.0,3.89,4.32,21100.0,1.0
2021-03-02,1.11,-5.61,-2.25,0.0,23300.0,1.0
2021-03-03,10.56,-3.89,3.34,0.0,21200.0,0.0
2021-03-04,6.67,-2.22,2.22,0.0,19600.0,0.0
2021-03-05,2.22,-5.61,-1.7,0.0,18000.0,0.0
2021-03-06,2.22,-1.72,0.25,0.0,15600.0,0.0
2021-03-07,5.0,-3.89,0.55,0.0,14100.0,0.0
2021-03-08,6.11,-5.0,0.56,0.0,12700.0,0.0
2021-03-09,17.22,1.11,9.16,0.0,12100.0,0.0
2021-03-10,16.67,1.67,9.17,0.0,13500.0,1.0
2021-03-11,22.78,3.89,13.34,0.0,14900.0,1.0
2021-03-12,20.0,11.67,15.84,0.0,17900.0,1.0
2021-03-13,11.11,0.0,5.56,0.0,28200.0,1.0
2021-03-14,13.33,-0.61,6.36,0.0,33200.0,1.0
2021-03-15,3.89,-4.39,-0.25,0.0,27400.0,0.0
2021-03-16,2.78,-1.72,0.53,1.78,22200.0,0.0
2021-03-17,7.78,1.11,4.44,0.0,18500.0,0.0
2021-03-18,8.0,5.56,6.78,19.05,17300.0,0.0
2021-03-19,8.89,0.56,4.73,0.76,24300.0,1.0
2021-03-20,13.89,-2.78,5.56,0.0,31000.0,1.0
2021-03-21,17.22,-1.11,8.06,0.0,25700.0,0.0
2021-03-22,16.11,-0.61,7.75,0.0,21800.0,0.0
2021-03-23,18.33,2.78,10.56,0.0,19600.0,0.0
2021-03-24,13.89,6.67,10.28,34.29,20700.0,1.0
2021-03-25,16.67,10.56,13.62,0.0,29000.0,1.0
2021-03-26,26.67,12.78,19.73,0.0,28400.0,0.0
2021-03-27,19.44,8.33,13.89,0.0,27000.0,0.0
2021-03-28,19.44,10.0,14.72,12.19,23800.0,0.0
2021-03-29,11.67,5.56,8.62,0.0,26000.0,1.0
2021-03-30,17.78,0.0,8.89,0.0,26200.0,1.0
2021-03-31,18.33,7.22,12.77,8.13,23700.0,0.0
2021-04-01,13.89,1.67,7.78,1.27,21900.0,0.0
2021-04-02,5.0,-2.78,1.11,0.0,21500.0,0.0
2021-04-03,10.56,-2.78,3.89,0.0,20100.0,0.0
2021-04-04,18.89,5.56,12.22,0.0,17800.0,0.0
2021-04-05,20.0,7.22,13.61,0.0,15600.0,0.0
2021-04-06,20.56,6.67,13.61,0.0,14800.0,0.0
2021-04-07,20.56,6.67,13.61,1.27,14100.0,0.0
2021-04-08,20.56,5.56,13.06,0.0,13000.0,0.0
2021-04-09,13.33,7.78,10.56,0.0,12000.0,0.0
2021-04-10,21.67,10.0,15.84,0.0,11300.0,0.0
2021-04-11,15.56,8.33,11.94,18.54,10900.0,0.0
2021-04-12,8.89,6.67,7.78,8.13,13400.0,1.0
2021-04-13,17.22,6.67,11.94,0.51,15100.0,1.0
2021-04-14,19.44,6.11,12.78,0.0,15600.0,1.0
2021-04-15,13.89,7.78,10.84,1.27,14800.0,0.0
2021-04-16,9.44,3.89,6.66,0.76,13400.0,0.0
2021-04-17,11.67,6.11,8.89,0.0,13300.0,0.0
2021-04-18,16.11,8.33,12.22,0.0,12700.0,0.0
2021-04-19,16.67,5.56,11.12,0.0,11800.0,0.0
2021-04-20,22.78,6.11,14.44,0.0,11100.0,0.0
2021-04-21,20.56,3.33,11.94,1.27,10600.0,0.0
2021-04-22,8.33,0.56,4.44,0.0,10000.0,0.0
2021-04-23,16.11,3.33,9.72,0.0,9440.0,0.0
2021-04-24,18.89,6.11,12.5,0.0,8950.0,0.0
2021-04-25,17.78,8.33,13.06,14.48,8760.0,0.0
2021-04-26,15.56,4.44,10.0,0.0,8490.0,0.0
2021-04-27,23.33,4.44,13.88,0.0,8150.0,0.0
2021-04-28,28.89,10.0,19.44,0.0,7750.0,0.0
2021-04-29,25.0,17.22,21.11,13.46,7340.0,0.0
2021-04-30,20.56,8.89,14.72,0.25,7290.0,0.0
2021-05-01,17.78,5.0,11.39,0.0,7420.0,1.0
2021-05-02,28.33,11.67,20.0,0.0,10400.0,1.0
2021-05-03,20.56,11.67,16.11,9.4,10400.0,0.0
2021-05-04,25.0,11.67,18.34,3.3,10800.0,1.0
2021-05-05,20.0,11.11,15.56,9.65,12600.0,1.0
2021-05-06,17.78,8.33,13.06,0.0,26700.0,1.0
2021-05-07,18.33,5.0,11.66,0.51,29400.0,1.0
2021-05-08,13.89,7.78,10.84,5.08,24000.0,0.0
2021-05-09,13.89,5.0,9.44,2.54,20300.0,0.0
2021-05-10,14.44,7.22,10.83,0.0,18700.0,0.0
2021-05-11,17.22,6.11,11.66,0.0,21400.0,1.0
2021-05-12,19.44,6.11,12.78,0.0,21500.0,1.0
2021-05-13,20.56,6.11,13.34,0.0,18700.0,0.0
2021-05-14,22.78,6.67,14.73,0.0,16600.0,0.0
2021-05-15,23.89,6.67,15.28,0.0,14900.0,0.0
2021-05-16,21.11,10.0,15.56,0.0,12700.0,0.0
2021-05-17,23.89,8.89,16.39,0.0,11100.0,0.0
2021-05-18,26.11,10.0,18.06,0.0,10200.0,0.0
2021-05-19,30.0,14.44,22.22,0.0,9790.0,0.0
2021-05-20,26.11,13.89,20.0,0.0,9110.0,0.0
2021-05-21,27.78,10.0,18.89,0.0,8390.0,0.0
2021-05-22,31.11,17.22,24.16,0.0,7640.0,0.0
2021-05-23,31.67,21.67,26.67,0.0,6910.0,0.0
2021-05-24,22.78,13.89,18.34,0.0,6400.0,0.0
2021-05-25,23.33,13.89,18.61,0.0,6140.0,0.0
2021-05-26,31.67,16.11,23.89,10.16,5680.0,0.0
2021-05-27,27.22,17.78,22.5,0.0,5700.0,1.0
2021-05-28,18.89,9.44,14.16,16.51,5860.0,1.0
2021-05-29,10.0,7.78,8.89,14.22,9240.0,1.0
2021-05-30,10.0,7.22,8.61,7.87,12200.0,1.0
2021-05-31,22.22,8.33,15.27,0.0,14100.0,1.0
2021-06-01,24.44,10.0,17.22,0.0,13100.0,0.0
2021-06-02,24.44,13.89,19.16,0.0,11700.0,0.0
2021-06-03,25.0,15.0,20.0,21.59,10900.0,0.0
2021-06-04,26.11,18.33,22.22,2.29,10700.0,0.0
2021-06-05,32.22,15.56,23.89,0.0,10900.0,1.0
2021-06-06,32.78,19.44,26.11,0.0,9840.0,0.0
2021-06-07,32.22,21.11,26.66,0.0,8670.0,0.0
2021-06-08,31.67,21.0,26.34,6.86,8480.0,0.0
2021-06-09,31.67,20.56,26.12,6.35,12200.0,1.0
2021-06-10,26.67,17.22,21.94,0.0,12300.0,1.0
2021-06-11,17.78,14.44,16.11,19.3,11600.0,0.0
2021-06-12,22.22,16.67,19.44,0.0,11700.0,1.0
2021-06-13,23.89,15.0,19.44,0.0,10500.0,0.0
2021-06-14,26.67,17.22,21.94,1.27,8210.0,0.0
2021-06-15,26.11,17.22,21.66,2.54,7480.0,0.0
2021-06-16,25.0,13.33,19.16,0.0,7380.0,0.0
2021-06-17,24.44,11.11,17.77,0.0,6720.0,0.0
2021-06-18,27.78,11.11,19.44,0.0,6140.0,0.0
2021-06-19,30.0,17.78,23.89,5.08,6040.0,0.0
2021-06-20,30.56,16.67,23.62,0.0,5830.0,0.0
2021-06-21,30.56,21.67,26.12,1.27,5500.0,0.0
2021-06-22,23.33,13.89,18.61,5.08,5590.0,1.0
2021-06-23,23.89,10.56,17.23,0.0,6560.0,1.0
2021-06-24,24.44,11.67,18.06,0.0,6280.0,0.0
2021-06-25,26.67,11.11,18.89,0.0,5790.0,0.0
2021-06-26,28.89,19.44,24.16,0.0,5240.0,0.0
2021-06-27,31.67,21.11,26.39,0.0,4920.0,0.0
2021-06-28,32.78,22.22,27.5,0.0,4940.0,1.0
2021-06-29,33.33,22.78,28.06,0.0,4940.0,0.0
2021-06-30,35.0,23.89,29.44,0.0,4750.0,0.0
2021-07-01,27.78,21.67,24.72,29.72,4960.0,1.0
2021-07-02,26.11,17.78,21.94,3.56,5130.0,1.0
2021-07-03,21.67,16.11,18.89,0.25,5520.0,1.0
2021-07-04,25.56,15.56,20.56,1.02,6850.0,1.0
2021-07-05,29.44,16.67,23.06,0.0,8330.0,1.0
2021-07-06,33.33,21.11,27.22,6.86,9230.0,1.0
2021-07-07,33.89,20.56,27.22,0.0,7770.0,0.0
2021-07-08,31.11,22.78,26.94,1.52,7020.0,0.0
2021-07-09,30.0,21.67,25.84,20.32,8670.0,1.0
2021-07-10,28.33,20.0,24.16,0.0,15900.0,1.0
2021-07-11,29.0,21.11,25.06,0.0,16700.0,1.0
2021-07-12,32.0,22.22,27.11,13.72,13900.0,0.0
2021-07-13,25.56,20.56,23.06,3.81,13700.0,0.0
2021-07-14,30.56,20.56,25.56,0.0,22000.0,1.0
2021-07-15,31.67,21.67,26.67,0.0,21600.0,0.0
2021-07-16,32.78,23.89,28.34,0.0,19100.0,0.0
2021-07-17,33.33,21.67,27.5,56.39,16800.0,0.0
2021-07-18,25.56,21.67,23.62,0.25,18000.0,1.0
2021-07-19,28.89,20.56,24.72,0.0,24300.0,1.0
2021-07-20,29.44,19.44,24.44,0.0,23000.0,0.0
2021-07-21,27.22,20.0,23.61,2.03,17700.0,0.0
2021-07-22,26.67,16.11,21.39,0.0,14800.0,0.0
2021-07-23,27.22,16.67,21.94,0.0,14700.0,0.0
2021-07-24,28.33,16.11,22.22,0.0,12400.0,0.0
2021-07-25,29.44,20.0,24.72,1.27,10900.0,0.0
2021-07-26,31.67,21.67,26.67,0.0,9650.0,0.0
2021-07-27,32.22,18.89,25.56,0.0,8690.0,0.0
2021-07-28,28.33,19.44,23.88,0.0,7890.0,0.0
2021-07-29,25.0,18.89,21.94,21.08,7540.0,0.0
2021-07-30,28.33,18.33,23.33,0.0,9340.0,1.0
2021-07-31,24.44,12.22,18.33,0.0,8150.0,0.0
2021-08-01,22.22,15.56,18.89,0.51,7110.0,0.0
2021-08-02,26.11,14.44,20.27,0.0,6780.0,0.0
2021-08-03,26.11,15.0,20.56,0.0,6110.0,0.0
2021-08-04,24.44,16.11,20.27,0.0,5860.0,0.0
2021-08-05,28.33,16.11,22.22,0.0,5610.0,0.0
2021-08-06,31.11,17.78,24.44,0.0,5210.0,0.0
2021-08-07,30.56,18.89,24.72,0.0,4980.0,0.0
2021-08-08,25.56,18.33,21.94,8.13,5030.0,1.0
2021-08-09,29.44,20.0,24.72,0.0,5030.0,0.0
2021-08-10,31.67,21.67,26.67,11.68,5030.0,0.0
2021-08-11,32.78,21.11,26.94,2.29,5060.0,1.0
2021-08-12,34.44,21.67,28.06,0.0,5310.0,1.0
2021-08-13,33.89,22.78,28.34,0.0,5410.0,1.0
2021-08-14,30.56,22.22,26.39,0.0,5330.0,0.0
2021-08-15,28.33,20.56,24.44,0.0,5040.0,0.0
2021-08-16,26.11,20.56,23.34,0.0,4660.0,0.0
2021-08-17,27.78,21.67,24.72,0.0,4600.0,0.0
2021-08-18,31.11,22.78,26.94,0.25,4130.0,0.0
2021-08-19,30.56,23.33,26.94,24.64,9060.0,1.0
2021-08-20,28.33,22.78,25.56,0.51,12700.0,1.0
2021-08-21,27.78,20.56,24.17,7.37,11200.0,0.0
2021-08-22,24.44,20.56,22.5,42.67,12600.0,1.0
2021-08-23,29.44,21.67,25.56,29.72,45100.0,1.0
2021-08-24,32.0,21.67,26.84,0.0,61200.0,1.0
2021-08-25,32.22,20.56,26.39,0.0,42800.0,0.0
2021-08-26,32.22,21.11,26.66,0.0,31200.0,0.0
2021-08-27,32.22,23.33,27.78,0.51,25800.0,0.0
2021-08-28,24.0,19.44,21.72,0.25,23200.0,0.0
2021-08-29,25.0,19.44,22.22,0.0,18200.0,0.0
2021-08-30,31.11,22.22,26.66,0.0,16500.0,0.0
2021-08-31,28.89,21.67,25.28,0.0,15600.0,0.0
2021-09-01,23.89,17.0,20.44,142.24,37200.0,1.0
2021-09-02,24.44,15.56,20.0,0.0,138000.0,1.0
2021-09-03,23.33,12.22,17.77,0.0,99600.0,0.0
2021-09-04,24.44,13.33,18.89,0.0,54200.0,0.0
2021-09-05,22.78,15.56,19.17,1.27,40800.0,0.0
2021-09-06,27.78,18.89,23.34,0.0,33400.0,0.0
2021-09-07,26.67,14.44,20.56,0.0,27600.0,0.0
2021-09-08,28.89,17.78,23.34,1.27,21500.0,0.0
2021-09-09,22.78,18.33,20.56,5.59,27900.0,1.0
2021-09-10,23.33,13.33,18.33,0.0,28700.0,1.0
2021-09-11,25.0,11.11,18.06,0.0,24400.0,0.0
2021-09-12,27.78,16.11,21.94,0.0,19900.0,0.0
2021-09-13,28.89,20.0,24.44,0.0,17500.0,0.0
2021-09-14,28.33,17.78,23.06,0.0,16700.0,0.0
2021-09-15,30.56,20.56,25.56,0.25,15700.0,0.0
2021-09-16,24.44,20.56,22.5,0.0,15200.0,0.0
2021-09-17,23.33,20.0,21.66,0.76,18000.0,1.0
2021-09-18,29.44,18.89,24.16,0.0,19200.0,1.0
2021-09-19,25.0,13.89,19.44,0.0,16200.0,0.0
2021-09-20,24.44,12.22,18.33,0.0,14600.0,0.0
2021-09-21,25.0,13.33,19.16,0.0,13600.0,0.0
2021-09-22,27.22,21.0,24.11,0.0,14800.0,1.0
2021-09-23,26.11,16.67,21.39,40.64,16100.0,1.0
2021-09-24,22.22,12.22,17.22,1.27,27600.0,1.0
2021-09-25,23.33,10.0,16.66,0.0,43700.0,1.0
2021-09-26,21.67,13.33,17.5,0.0,31900.0,0.0
2021-09-27,26.11,11.67,18.89,0.0,24200.0,0.0
2021-09-28,21.67,15.0,18.34,4.57,20100.0,0.0
2021-09-29,20.0,10.0,15.0,0.0,18500.0,0.0
2021-09-30,18.89,11.11,15.0,0.0,17500.0,0.0
2021-10-01,19.44,7.78,13.61,0.0,15500.0,0.0
2021-10-02,23.33,8.33,15.83,0.0,14200.0,0.0
2021-10-03,26.11,11.67,18.89,0.0,13300.0,0.0
2021-10-04,25.0,17.78,21.39,0.25,12900.0,0.0
2021-10-05,18.89,15.56,17.23,3.05,16000.0,1.0
2021-10-06,20.0,16.11,18.06,0.0,23400.0,1.0
2021-10-07,23.89,16.67,20.28,0.0,19400.0,0.0
2021-10-08,24.44,14.44,19.44,0.0,16900.0,0.0
2021-10-09,19.44,15.56,17.5,0.0,17400.0,1.0
2021-10-10,18.33,16.0,17.16,4.83,15300.0,0.0
2021-10-11,21.67,15.0,18.34,0.0,13700.0,0.0
2021-10-12,19.44,15.0,17.22,0.0,12000.0,0.0
2021-10-13,21.67,16.11,18.89,0.0,11400.0,0.0
2021-10-14,25.0,15.0,20.0,0.0,10100.0,0.0
2021-10-15,26.67,13.89,20.28,0.0,9570.0,0.0
2021-10-16,26.11,13.33,19.72,13.46,9010.0,0.0
2021-10-17,16.11,9.44,12.77,0.0,9000.0,0.0
2021-10-18,16.11,6.67,11.39,0.0,9390.0,1.0
2021-10-19,19.44,6.67,13.06,0.0,10600.0,1.0
2021-10-20,23.89,11.11,17.5,0.0,9940.0,0.0
2021-10-21,23.89,10.56,17.23,0.0,9120.0,0.0
2021-10-22,18.89,10.56,14.73,0.0,8840.0,0.0
2021-10-23,15.56,8.89,12.23,0.51,8210.0,0.0
2021-10-24,15.0,4.44,9.72,0.0,7650.0,0.0
2021-10-25,23.89,12.22,18.06,10.92,7670.0,1.0
2021-10-26,17.78,9.44,13.61,43.69,13400.0,1.0
2021-10-27,16.67,10.0,13.34,0.51,60500.0,1.0
2021-10-28,16.67,7.78,12.23,0.0,79400.0,1.0
2021-10-29,14.44,10.0,12.22,7.87,42900.0,0.0
2021-10-30,18.33,13.89,16.11,2.29,40300.0,0.0
2021-10-31,17.78,10.56,14.17,4.57,36900.0,0.0
2021-11-01,14.44,8.33,11.38,0.0,30900.0,0.0
2021-11-02,10.0,5.0,7.5,0.51,26300.0,0.0
2021-11-03,11.11,1.67,6.39,0.0,21800.0,0.0
2021-11-04,10.0,-1.11,4.44,0.0,18400.0,0.0
2021-11-05,11.11,0.0,5.56,0.0,16500.0,0.0
2021-11-06,11.67,-1.11,5.28,0.0,15600.0,0.0
2021-11-07,12.22,-0.61,5.81,0.0,14900.0,0.0
2021-11-08,18.89,3.33,11.11,0.0,14100.0,0.0
2021-11-09,20.56,5.56,13.06,0.0,13200.0,0.0
2021-11-10,18.33,6.67,12.5,0.0,13200.0,0.0
2021-11-11,16.11,3.89,10.0,0.0,12700.0,0.0
2021-11-12,18.33,5.0,11.66,5.59,12700.0,0.0
2021-11-13,16.11,2.22,9.16,0.76,21400.0,1.0
2021-11-14,7.22,0.0,3.61,0.76,29300.0,1.0
2021-11-15,9.44,1.11,5.28,0.0,26700.0,0.0
2021-11-16,8.89,-1.72,3.59,0.0,23600.0,0.0
2021-11-17,15.56,-2.78,6.39,0.0,20900.0,0.0
2021-11-18,20.56,5.56,13.06,1.52,18500.0,0.0
2021-11-19,8.33,1.67,5.0,0.25,16900.0,0.0
2021-11-20,7.78,-2.78,2.5,0.0,16300.0,0.0
2021-11-21,11.11,1.11,6.11,0.0,15600.0,0.0
2021-11-22,10.0,0.56,5.28,1.78,14800.0,0.0
2021-11-23,6.11,-1.72,2.2,0.0,14400.0,0.0
2021-11-24,6.67,-2.78,1.94,0.0,14500.0,1.0
2021-11-25,12.22,-0.61,5.81,0.0,14000.0,0.0
2021-11-26,8.89,2.78,5.84,4.32,13000.0,0.0
2021-11-27,3.33,1.11,2.22,0.0,12600.0,0.0
2021-11-28,5.56,0.56,3.06,0.0,12600.0,0.0
2021-11-29,5.56,-3.28,1.14,0.0,11600.0,0.0
2021-11-30,4.44,-5.0,-0.28,0.0,10800.0,0.0
2021-12-01,9.44,2.78,6.11,1.02,10500.0,0.0
2021-12-02,13.89,5.56,9.72,1.02,10200.0,0.0
2021-12-03,8.89,2.78,5.84,0.0,10200.0,0.0
2021-12-04,6.67,1.11,3.89,0.0,10500.0,1.0
2021-12-05,9.44,-2.22,3.61,0.0,10400.0,0.0
2021-12-06,17.22,3.89,10.56,5.08,9860.0,0.0
2021-12-07,5.0,0.0,2.5,0.0,9610.0,0.0
2021-12-08,3.89,-0.61,1.64,0.0,9400.0,0.0
2021-12-09,3.33,-2.22,0.55,0.0,9410.0,1.0
2021-12-10,8.33,0.0,4.16,0.0,9230.0,0.0
2021-12-11,18.33,5.56,11.94,8.13,9250.0,1.0
2021-12-12,8.33,1.11,4.72,0.0,8980.0,0.0
2021-12-13,11.11,1.11,6.11,0.0,9620.0,1.0
2021-12-14,11.67,2.22,6.94,0.0,10500.0,1.0
2021-12-15,12.22,1.11,6.66,0.0,9830.0,0.0
2021-12-16,15.56,9.44,12.5,0.0,9460.0,0.0
2021-12-17,13.89,6.11,10.0,0.0,8900.0,0.0
2021-12-18,6.67,3.89,5.28,1.27,8860.0,0.0
2021-12-19,6.67,-2.78,1.94,0.51,8610.0,0.0
2021-12-20,2.22,-6.11,-1.94,0.0,8500.0,0.0
2021-12-21,4.44,-6.0,-0.78,0.0,8950.0,1.0
2021-12-22,7.78,-0.61,3.58,3.05,8920.0,0.0
2021-12-23,2.78,-3.28,-0.25,0.0,8740.0,0.0
2021-12-24,7.78,-0.61,3.58,0.0,8390.0,0.0
2021-12-25,11.67,2.78,7.22,3.81,8000.0,0.0
2021-12-26,11.11,3.33,7.22,0.0,7730.0,0.0
2021-12-27,2.78,-1.11,0.83,2.03,8090.0,1.0
2021-12-28,7.22,1.67,4.44,0.25,9320.0,1.0
2021-12-29,8.33,4.44,6.38,0.76,9570.0,1.0
2021-12-30,10.56,5.56,8.06,4.32,9950.0,1.0
2021-12-31,10.56,8.0,9.28,0.25,9840.0,0.0
2022-01-01,12.22,9.44,10.83,24.38,9770.0,0.0
2022-01-02,15.0,1.11,8.06,1.78,13400.0,1.0
2022-01-03,1.67,-6.11,-2.22,0.0,11800.0,0.0
2022-01-04,1.11,-7.78,-3.34,0.0,11500.0,0.0
2022-01-05,7.22,-5.0,1.11,0.25,11200.0,0.0
2022-01-06,3.33,-1.67,0.83,0.0,10300.0,0.0
2022-01-07,-0.56,-6.11,-3.34,6.6,9730.0,0.0
2022-01-08,-1.11,-8.33,-4.72,0.0,9150.0,0.0
2022-01-09,5.0,-7.22,-1.11,4.06,9160.0,1.0
2022-01-10,3.89,-5.0,-0.55,0.0,8780.0,0.0
2022-01-11,-5.0,-10.56,-7.78,0.0,8470.0,0.0
2022-01-12,4.44,-10.0,-2.78,0.0,8360.0,0.0
2022-01-13,8.89,-5.0,1.95,0.0,7490.0,0.0
2022-01-14,7.22,-6.11,0.55,0.0,7790.0,1.0
2022-01-15,-6.11,-12.22,-9.17,0.0,7660.0,0.0
2022-01-16,5.0,-15.56,-5.28,8.38,7200.0,0.0
2022-01-17,7.78,0.0,3.89,16.26,10100.0,1.0
2022-01-18,2.78,-5.56,-1.39,0.0,9500.0,0.0
2022-01-19,8.89,-5.0,1.95,0.0,7860.0,0.0
2022-01-20,5.56,-7.78,-1.11,6.35,8520.0,1.0
2022-01-21,-5.0,-10.56,-7.78,0.0,8190.0,0.0
2022-01-22,-0.56,-13.33,-6.94,0.0,6920.0,0.0
2022-01-23,2.22,-7.78,-2.78,0.0,6670.0,0.0
2022-01-24,0.56,-5.56,-2.5,0.0,6420.0,0.0
2022-01-25,5.0,-3.89,0.55,0.0,6050.0,0.0
2022-01-26,-1.67,-10.0,-5.84,0.0,6620.0,1.0
2022-01-27,-0.56,-13.33,-6.94,0.0,5970.0,0.0
2022-01-28,0.0,-3.33,-1.66,4.32,5600.0,0.0
2022-01-29,-2.22,-12.22,-7.22,13.46,6110.0,1.0
2022-01-30,-5.0,-14.44,-9.72,0.0,5560.0,0.0
2022-01-31,0.0,-12.78,-6.39,0.0,5320.0,0.0
2022-02-01,1.67,-8.89,-3.61,0.0,5460.0,1.0
2022-02-02,6.67,-6.11,0.28,0.0,5410.0,0.0
2022-02-03,10.0,2.22,6.11,9.14,6420.0,1.0
2022-02-04,13.33,-2.22,5.56,18.03,24000.0,1.0
2022-02-05,-2.22,-8.33,-5.28,0.0,31700.0,1.0
2022-02-06,1.11,-10.56,-4.73,0.0,25600.0,0.0
2022-02-07,2.22,-2.78,-0.28,0.76,19400.0,0.0
2022-02-08,6.11,-1.67,2.22,0.0,16200.0,0.0
2022-02-09,10.0,-5.0,2.5,0.0,14900.0,0.0
2022-02-10,12.78,-1.67,5.56,0.0,13000.0,0.0
2022-02-11,15.0,-3.33,5.84,0.0,11900.0,0.0
2022-02-12,14.44,4.44,9.44,0.0,11400.0,0.0
2022-02-13,4.44,-5.0,-0.28,9.91,11400.0,0.0
2022-02-14,-3.89,-10.0,-6.94,0.0,12200.0,1.0
2022-02-15,-1.11,-13.33,-7.22,0.0,10900.0,0.0
2022-02-16,8.89,-8.89,0.0,0.0,9570.0,0.0
2022-02-17,18.89,3.33,11.11,4.32,9250.0,0.0
2022-02-18,17.78,-3.89,6.94,3.81,11200.0,1.0
2022-02-19,5.56,-6.11,-0.28,0.0,18700.0,1.0
2022-02-20,2.22,-8.33,-3.06,0.0,21900.0,1.0
2022-02-21,13.89,-5.0,4.44,0.0,17200.0,0.0
2022-02-22,16.11,1.11,8.61,2.54,15100.0,0.0
2022-02-23,20.0,1.67,10.84,0.0,14800.0,0.0
2022-02-24,1.67,-2.22,-0.28,0.25,18500.0,1.0
2022-02-25,7.78,-1.67,3.06,19.81,22500.0,1.0
2022-02-26,3.33,-3.89,-0.28,0.0,20100.0,0.0
2022-02-27,9.44,-5.0,2.22,0.0,16400.0,0.0
2022-02-28,3.33,-3.33,0.0,0.0,15000.0,0.0
2022-03-01,10.0,-3.33,3.34,0.0,14000.0,0.0
2022-03-02,11.67,0.0,5.84,0.0,12900.0,0.0
2022-03-03,7.78,-4.44,1.67,0.0,12100.0,0.0
2022-03-04,3.33,-8.33,-2.5,0.0,12300.0,1.0
2022-03-05,10.0,-5.0,2.5,0.0,12200.0,0.0
2022-03-06,20.0,4.44,12.22,1.27,11200.0,0.0
2022-03-07,23.33,8.33,15.83,3.81,11000.0,0.0
2022-03-08,8.33,1.67,5.0,0.0,13400.0,1.0
2022-03-09,4.44,0.56,2.5,12.19,20200.0,1.0
2022-03-10,10.56,-3.33,3.62,0.0,20400.0,1.0
2022-03-11,13.89,-2.22,5.84,0.0,17400.0,0.0
2022-03-12,7.22,-6.11,0.55,14.99,16400.0,0.0
2022-03-13,0.0,-6.67,-3.34,0.0,15800.0,0.0
2022-03-14,13.89,-1.67,6.11,0.0,15300.0,0.0
2022-03-15,19.44,2.22,10.83,0.0,15000.0,0.0
2022-03-16,20.0,4.44,12.22,0.0,15300.0,1.0
2022-03-17,12.22,6.11,9.17,4.83,16300.0,1.0
2022-03-18,22.22,9.44,15.83,0.0,18100.0,1.0
2022-03-19,23.33,11.11,17.22,1.52,19100.0,1.0
2022-03-20,13.89,7.78,10.84,0.0,18300.0,0.0
2022-03-21,17.22,3.89,10.56,0.0,18900.0,1.0
2022-03-22,16.11,5.56,10.84,0.0,18600.0,0.0
2022-03-23,9.44,2.22,5.83,3.56,17500.0,0.0
2022-03-24,7.78,5.0,6.39,14.99,17100.0,0.0
2022-03-25,14.44,5.56,10.0,0.25,18000.0,1.0
2022-03-26,11.11,3.89,7.5,0.51,17700.0,0.0
2022-03-27,6.67,-2.78,1.94,0.0,16300.0,0.0
2022-03-28,0.0,-6.11,-3.06,0.0,15200.0,0.0
2022-03-29,3.89,-5.56,-0.83,0.0,15400.0,1.0
2022-03-30,7.22,-5.0,1.11,0.0,14300.0,0.0
2022-03-31,21.67,5.56,13.62,9.91,13500.0,0.0
2022-04-01,17.22,5.56,11.39,6.86,18100.0,1.0
2022-04-02,11.11,2.22,6.66,0.0,25600.0,1.0
2022-04-03,11.11,3.89,7.5,7.11,26300.0,1.0
2022-04-04,11.11,2.22,6.66,0.0,23500.0,0.0
2022-04-05,13.89,2.22,8.06,3.05,22800.0,0.0
2022-04-06,11.67,7.22,9.44,25.15,25200.0,1.0
2022-04-07,12.22,6.67,9.44,47.75,30500.0,1.0
2022-04-08,16.11,7.22,11.66,1.78,72100.0,1.0
2022-04-09,12.78,6.11,9.44,4.06,109000.0,1.0
2022-04-10,10.0,4.44,7.22,0.0,76000.0,0.0
2022-04-11,16.11,2.22,9.16,0.0,54200.0,0.0
2022-04-12,22.22,7.78,15.0,1.02,42300.0,0.0
2022-04-13,26.67,8.89,17.78,0.0,34400.0,0.0
2022-04-14,28.33,12.22,20.27,13.97,29900.0,0.0
2022-04-15,20.0,6.11,13.06,0.0,26400.0,0.0
2022-04-16,22.78,7.78,15.28,3.3,23300.0,0.0
2022-04-17,10.0,1.67,5.84,0.0,19700.0,0.0
2022-04-18,9.44,0.0,4.72,22.86,18500.0,0.0
2022-04-19,10.0,3.33,6.66,4.57,30900.0,1.0
2022-04-20,13.89,2.78,8.34,0.0,34600.0,1.0
2022-04-21,17.22,2.78,10.0,0.0,32900.0,0.0
2022-04-22,20.0,7.78,13.89,0.0,29400.0,0.0
2022-04-23,17.22,8.33,12.77,0.0,26900.0,0.0
2022-04-24,18.89,7.22,13.06,0.0,24500.0,0.0
2022-04-25,13.89,6.67,10.28,0.0,22700.0,0.0
2022-04-26,20.0,11.11,15.56,0.76,20600.0,0.0
2022-04-27,12.78,3.89,8.33,0.0,18700.0,0.0
2022-04-28,12.78,2.22,7.5,0.0,17900.0,0.0
2022-04-29,16.67,2.78,9.73,0.0,16900.0,0.0
2022-04-30,19.44,3.33,11.39,0.0,15200.0,0.0
2022-05-01,21.67,1.67,11.67,0.0,13300.0,0.0
2022-05-02,17.22,9.44,13.33,31.75,13000.0,0.0
2022-05-03,20.0,9.44,14.72,0.0,12500.0,0.0
2022-05-04,18.89,9.44,14.16,3.81,12300.0,0.0
2022-05-05,22.22,13.33,17.77,0.0,12400.0,1.0
2022-05-06,15.0,8.33,11.66,26.67,12800.0,1.0
2022-05-07,10.0,5.0,7.5,24.64,23600.0,1.0
2022-05-08,15.56,4.44,10.0,2.54,33100.0,1.0
2022-05-09,21.11,7.22,14.16,0.0,25600.0,0.0
2022-05-10,22.22,8.89,15.56,0.0,20900.0,0.0
2022-05-11,22.78,11.11,16.94,0.0,17100.0,0.0
2022-05-12,23.89,11.11,17.5,0.0,14600.0,0.0
2022-05-13,22.22,13.89,18.06,0.51,13200.0,0.0
2022-05-14,20.0,15.56,17.78,18.8,12600.0,0.0
2022-05-15,26.11,16.67,21.39,0.0,12300.0,0.0
2022-05-16,26.11,14.44,20.27,9.91,11800.0,0.0
2022-05-17,25.0,10.0,17.5,0.0,12400.0,1.0
2022-05-18,21.67,10.56,16.12,0.51,13300.0,1.0
2022-05-19,23.33,11.67,17.5,19.81,14200.0,1.0
2022-05-20,29.44,12.78,21.11,11.68,14200.0,0.0
2022-05-21,33.33,16.67,25.0,0.0,15900.0,1.0
2022-05-22,31.11,20.56,25.84,0.25,15800.0,0.0
2022-05-23,23.33,13.89,18.61,0.0,14000.0,0.0
2022-05-24,19.44,12.22,15.83,0.0,12400.0,0.0
2022-05-25,22.22,10.0,16.11,0.0,11500.0,0.0
2022-05-26,22.22,10.0,16.11,0.0,10600.0,0.0
2022-05-27,24.44,17.78,21.11,15.49,9810.0,0.0
2022-05-28,23.89,16.67,20.28,15.75,10500.0,1.0
2022-05-29,26.11,13.89,20.0,0.0,13400.0,1.0
2022-05-30,30.56,15.0,22.78,0.0,11900.0,0.0
2022-05-31,33.33,20.56,26.94,0.0,10200.0,0.0
2022-06-01,26.11,15.56,20.84,2.79,9500.0,0.0
2022-06-02,27.78,16.11,21.94,18.29,11700.0,1.0
2022-06-03,26.11,15.56,20.84,2.54,16200.0,1.0
2022-06-04,27.78,12.78,20.28,0.0,16000.0,0.0
2022-06-05,24.44,11.67,18.06,0.0,12400.0,0.0
2022-06-06,26.11,10.56,18.34,0.0,10200.0,0.0
2022-06-07,25.56,13.33,19.44,1.02,9010.0,0.0
2022-06-08,28.33,18.89,23.61,4.32,9050.0,1.0
2022-06-09,27.22,16.67,21.94,12.19,10400.0,1.0
2022-06-10,25.0,14.44,19.72,0.0,15800.0,1.0
2022-06-11,21.67,15.56,18.62,0.0,16100.0,1.0
2022-06-12,23.89,13.89,18.89,9.91,13000.0,0.0
2022-06-13,30.56,18.33,24.44,0.51,11200.0,0.0
2022-06-14,27.78,18.89,23.34,0.0,10100.0,0.0
2022-06-15,28.33,15.56,21.94,0.0,9580.0,0.0
2022-06-16,24.44,16.67,20.56,14.48,9930.0,1.0
2022-06-17,32.78,20.0,26.39,0.0,10800.0,1.0
2022-06-18,22.78,13.89,18.34,0.0,13800.0,1.0
2022-06-19,22.22,12.22,17.22,0.0,10900.0,0.0
2022-06-20,25.56,11.11,18.34,0.0,9040.0,0.0
2022-06-21,26.67,12.22,19.44,0.0,7850.0,0.0
2022-06-22,22.22,16.67,19.44,0.25,7380.0,0.0
2022-06-23,22.78,16.11,19.44,8.13,7370.0,0.0
2022-06-24,27.22,16.11,21.66,0.0,9720.0,1.0
2022-06-25,31.67,18.33,25.0,0.0,17500.0,1.0
2022-06-26,31.11,19.44,25.28,0.0,13500.0,0.0
2022-06-27,26.11,19.44,22.78,3.05,10900.0,0.0
2022-06-28,26.11,17.78,21.94,0.0,9450.0,0.0
2022-06-29,29.44,14.44,21.94,0.0,8270.0,0.0
2022-06-30,30.56,16.67,23.62,0.0,7510.0,0.0
2022-07-01,32.78,19.44,26.11,0.0,6880.0,0.0
2022-07-02,32.78,23.89,28.34,0.0,6540.0,0.0
2022-07-03,30.56,19.44,25.0,0.0,6240.0,0.0
2022-07-04,29.44,16.11,22.78,0.0,6030.0,0.0
2022-07-05,30.0,18.89,24.44,0.0,5830.0,0.0
2022-07-06,30.56,22.78,26.67,0.0,5660.0,0.0
2022-07-07,26.11,19.44,22.78,0.0,5520.0,0.0
2022-07-08,30.0,16.67,23.34,5.59,5290.0,0.0
2022-07-09,26.67,19.44,23.06,0.0,5150.0,0.0
2022-07-10,28.89,16.67,22.78,0.0,4960.0,0.0
2022-07-11,29.44,15.56,22.5,0.0,4840.0,0.0
2022-07-12,33.33,17.78,25.56,0.0,4590.0,0.0
2022-07-13,32.22,20.0,26.11,0.0,4350.0,0.0
2022-07-14,32.78,21.11,26.94,0.0,4410.0,1.0
2022-07-15,30.0,19.44,24.72,0.0,4500.0,1.0
2022-07-16,31.67,21.11,26.39,1.27,4400.0,0.0
2022-07-17,31.11,20.56,25.84,2.03,4470.0,1.0
2022-07-18,33.89,22.78,28.34,2.03,4380.0,0.0
2022-07-19,33.33,22.78,28.06,0.0,5150.0,1.0
2022-07-20,35.56,21.11,28.34,0.0,5060.0,0.0
2022-07-21,35.56,23.89,29.72,0.0,4670.0,0.0
2022-07-22,35.56,23.33,29.44,0.0,4410.0,0.0
2022-07-23,36.67,22.78,29.72,0.0,4560.0,1.0
2022-07-24,36.67,22.78,29.72,0.0,4460.0,0.0
2022-07-25,32.78,24.44,28.61,0.0,4330.0,0.0
2022-07-26,26.67,20.0,23.34,0.0,4510.0,1.0
2022-07-27,30.56,20.0,25.28,0.0,4400.0,0.0
2022-07-28,32.78,21.67,27.22,15.75,4190.0,0.0
2022-07-29,30.0,21.67,25.84,0.0,4400.0,1.0
2022-07-30,31.67,20.56,26.12,0.0,3970.0,0.0
2022-07-31,31.11,18.33,24.72,0.51,3680.0,0.0
2022-08-01,25.0,17.78,21.39,7.87,3880.0,1.0
2022-08-02,33.33,19.44,26.38,0.0,3780.0,0.0
2022-08-03,32.78,20.0,26.39,0.0,3510.0,0.0
2022-08-04,35.56,19.44,27.5,0.0,3290.0,0.0
2022-08-05,32.78,21.11,26.94,33.02,3240.0,0.0
2022-08-06,31.67,21.11,26.39,0.0,3700.0,1.0
2022-08-07,32.78,23.89,28.34,6.6,3510.0,0.0
2022-08-08,33.89,23.89,28.89,4.32,3730.0,1.0
2022-08-09,35.0,25.0,30.0,4.57,3700.0,0.0
2022-08-10,31.67,22.78,27.22,0.0,3470.0,0.0
2022-08-11,31.11,22.22,26.66,7.87,3400.0,0.0
2022-08-12,29.44,18.89,24.16,0.0,3200.0,0.0
2022-08-13,27.22,15.0,21.11,0.0,2910.0,0.0
2022-08-14,28.33,15.56,21.94,0.0,2770.0,0.0
2022-08-15,27.78,16.67,22.22,0.0,2860.0,1.0
2022-08-16,27.78,15.0,21.39,0.0,2820.0,0.0
2022-08-17,26.67,16.67,21.67,0.0,2620.0,0.0
2022-08-18,29.44,14.44,21.94,0.0,2570.0,0.0
2022-08-19,32.22,15.56,23.89,0.0,2820.0,1.0
2022-08-20,32.78,20.0,26.39,0.0,3090.0,1.0
2022-08-21,30.0,18.89,24.44,0.0,3200.0,1.0
2022-08-22,29.44,20.56,25.0,12.95,3580.0,1.0
2022-08-23,29.44,18.33,23.88,0.0,5330.0,1.0
2022-08-24,30.56,17.78,24.17,0.0,4230.0,0.0
2022-08-25,32.22,17.78,25.0,0.0,3350.0,0.0
2022-08-26,32.78,20.0,26.39,0.0,2920.0,0.0
2022-08-27,32.22,20.56,26.39,0.0,2830.0,0.0
2022-08-28,29.44,22.22,25.83,0.0,2840.0,1.0
2022-08-29,32.22,21.67,26.94,0.0,3010.0,1.0
2022-08-30,33.89,22.22,28.06,3.05,2950.0,0.0
2022-08-31,29.44,20.0,24.72,0.0,2840.0,0.0
2022-09-01,30.56,15.56,23.06,0.0,3100.0,1.0
2022-09-02,27.22,14.44,20.83,0.0,3310.0,1.0
2022-09-03,28.89,15.56,22.22,0.0,3320.0,1.0
2022-09-04,31.67,18.89,25.28,0.0,2980.0,0.0
2022-09-05,31.11,21.11,26.11,0.0,3310.0,1.0
2022-09-06,23.33,19.44,21.38,26.42,3870.0,1.0
2022-09-07,22.22,18.33,20.27,0.0,5700.0,1.0
2022-09-08,26.11,15.56,20.84,0.0,17200.0,1.0
2022-09-09,27.22,14.44,20.83,0.0,16600.0,0.0
2022-09-10,27.22,11.67,19.44,0.0,10600.0,0.0
2022-09-11,22.22,20.0,21.11,9.14,8160.0,0.0
2022-09-12,28.33,20.0,24.16,5.08,6970.0,0.0
2022-09-13,27.22,17.78,22.5,15.75,7520.0,1.0
2022-09-14,26.11,14.44,20.27,0.0,7470.0,0.0
2022-09-15,22.78,11.67,17.23,0.0,6750.0,0.0
2022-09-16,24.44,10.0,17.22,0.0,7060.0,1.0
2022-09-17,26.11,15.56,20.84,0.0,6100.0,0.0
2022-09-18,27.78,15.0,21.39,0.0,5350.0,0.0
2022-09-19,29.44,17.22,23.33,0.0,4650.0,0.0
2022-09-20,26.11,16.67,21.39,0.0,4360.0,0.0
2022-09-21,27.22,14.44,20.83,0.0,4040.0,0.0
2022-09-22,26.11,12.78,19.44,2.29,3970.0,0.0
2022-09-23,17.78,8.33,13.06,0.0,4010.0,1.0
2022-09-24,20.0,5.0,12.5,0.0,3980.0,0.0
2022-09-25,22.78,13.89,18.34,3.05,5460.0,1.0
2022-09-26,24.44,12.22,18.33,0.0,5340.0,0.0
2022-09-27,21.11,11.67,16.39,0.0,4490.0,0.0
2022-09-28,21.11,8.89,15.0,0.0,4220.0,0.0
2022-09-29,20.0,9.44,14.72,0.0,4310.0,1.0
2022-09-30,16.67,10.0,13.34,0.0,4110.0,0.0
2022-10-01,14.44,10.56,12.5,25.65,4220.0,1.0
2022-10-02,14.44,7.22,10.83,36.58,4900.0,1.0
2022-10-03,10.0,6.67,8.34,20.57,4590.0,0.0
2022-10-04,11.67,7.22,9.44,16.0,5120.0,1.0
2022-10-05,15.56,11.11,13.34,1.52,9410.0,1.0
2022-10-06,23.89,8.33,16.11,0.0,13500.0,1.0
2022-10-07,24.44,11.11,17.77,0.0,13600.0,1.0
2022-10-08,14.44,5.56,10.0,1.27,12100.0,0.0
2022-10-09,16.11,1.67,8.89,0.0,9300.0,0.0
2022-10-10,19.44,3.33,11.39,0.0,7950.0,0.0
2022-10-11,21.67,4.44,13.06,0.0,6740.0,0.0
2022-10-12,21.11,5.56,13.34,0.0,5480.0,0.0
2022-10-13,21.11,11.67,16.39,12.95,4910.0,0.0
2022-10-14,20.0,5.56,12.78,2.54,10800.0,1.0
2022-10-15,21.11,4.44,12.78,0.0,14400.0,1.0
2022-10-16,18.33,5.56,11.94,0.0,11500.0,0.0
2022-10-17,19.44,8.89,14.16,6.35,9800.0,0.0
2022-10-18,12.78,2.78,7.78,0.0,8380.0,0.0
2022-10-19,11.67,0.56,6.12,0.0,7500.0,0.0
2022-10-20,14.44,2.22,8.33,0.0,6680.0,0.0
2022-10-21,17.22,0.56,8.89,0.0,6220.0,0.0
2022-10-22,19.44,1.11,10.28,0.0,5810.0,0.0
2022-10-23,17.22,8.89,13.06,0.76,5350.0,0.0
2022-10-24,15.56,11.11,13.34,25.15,5030.0,0.0
2022-10-25,20.0,15.56,17.78,0.51,4920.0,0.0
2022-10-26,20.0,12.78,16.39,0.25,5450.0,1.0
2022-10-27,17.78,7.78,12.78,0.0,5660.0,1.0
2022-10-28,13.33,3.89,8.61,0.0,6110.0,1.0
2022-10-29,15.56,2.22,8.89,0.0,5770.0,0.0
2022-10-30,17.22,0.0,8.61,0.0,5360.0,0.0
2022-10-31,17.22,4.44,10.83,3.3,5120.0,0.0
2022-11-01,20.56,13.33,16.94,2.29,4850.0,0.0
2022-11-02,21.11,7.22,14.16,0.0,5140.0,1.0
2022-11-03,20.0,3.33,11.66,0.0,4990.0,0.0
2022-11-04,21.11,4.44,12.78,0.0,4900.0,0.0
2022-11-05,25.0,12.78,18.89,0.0,4780.0,0.0
2022-11-06,23.33,16.11,19.72,0.51,4600.0,0.0
2022-11-07,24.44,11.67,18.06,0.0,4430.0,0.0
2022-11-08,15.0,6.11,10.56,0.0,4230.0,0.0
2022-11-09,12.78,2.22,7.5,0.0,4190.0,0.0
2022-11-10,18.89,1.67,10.28,0.0,4130.0,0.0
2022-11-11,21.11,11.67,16.39,15.49,4070.0,0.0
2022-11-12,21.67,13.33,17.5,0.25,4890.0,1.0
2022-11-13,14.44,3.33,8.88,1.52,9060.0,1.0
2022-11-14,7.78,-0.56,3.61,0.0,13000.0,1.0
2022-11-15,6.11,-1.67,2.22,21.59,12500.0,0.0
2022-11-16,10.0,2.22,6.11,4.32,14700.0,1.0
2022-11-17,6.67,-0.56,3.06,0.0,14200.0,0.0
2022-11-18,6.11,-2.78,1.67,0.0,13300.0,0.0
2022-11-19,4.44,-3.33,0.56,0.0,12600.0,0.0
2022-11-20,1.67,-3.89,-1.11,0.0,10700.0,0.0
2022-11-21,5.0,-6.67,-0.84,0.0,9550.0,0.0
2022-11-22,11.11,-2.22,4.44,0.0,8980.0,0.0
2022-11-23,12.78,-3.89,4.44,0.0,8770.0,0.0
2022-11-24,12.22,-1.11,5.56,0.0,8270.0,0.0
2022-11-25,12.22,2.78,7.5,0.51,7890.0,0.0
2022-11-26,13.33,2.22,7.78,0.0,7370.0,0.0
2022-11-27,16.11,2.78,9.44,7.87,7230.0,0.0
2022-11-28,12.78,2.22,7.5,0.0,7220.0,0.0
2022-11-29,7.22,-2.78,2.22,0.0,8210.0,1.0
2022-11-30,13.33,0.56,6.94,14.48,12600.0,1.0
2022-12-01,5.0,-3.33,0.84,0.0,13100.0,1.0
2022-12-02,6.11,-5.56,0.28,0.0,12800.0,0.0
2022-12-03,13.89,3.89,8.89,10.67,13300.0,1.0
2022-12-04,7.22,-2.22,2.5,0.0,13000.0,0.0
2022-12-05,7.78,-6.11,0.84,0.0,11700.0,0.0
2022-12-06,13.33,-1.67,5.83,11.68,11500.0,0.0
2022-12-07,13.33,10.56,11.94,2.29,17800.0,1.0
2022-12-08,11.11,5.0,8.06,0.0,21100.0,1.0
2022-12-09,7.78,-1.67,3.06,0.0,22500.0,1.0
2022-12-10,5.0,-3.33,0.84,0.0,17800.0,0.0
2022-12-11,3.89,1.67,2.78,4.06,14800.0,0.0
2022-12-12,4.44,-2.22,1.11,0.0,13200.0,0.0
2022-12-13,5.0,-4.44,0.28,0.0,12300.0,0.0
2022-12-14,4.44,-3.89,0.28,0.0,11900.0,0.0
2022-12-15,6.11,-1.67,2.22,30.23,10900.0,0.0
2022-12-16,6.67,3.89,5.28,4.32,15400.0,1.0
2022-12-17,6.11,1.67,3.89,0.0,16500.0,1.0
2022-12-18,3.89,-1.67,1.11,0.0,15900.0,0.0
2022-12-19,2.22,-2.78,-0.28,0.0,14300.0,0.0
2022-12-20,3.89,-5.0,-0.55,0.0,12800.0,0.0
2022-12-21,3.89,-5.56,-0.83,0.0,11800.0,0.0
2022-12-22,8.33,-4.44,1.94,14.73,11300.0,0.0
2022-12-23,13.89,-13.89,0.0,13.97,17800.0,1.0
2022-12-24,-10.0,-15.0,-12.5,0.0,29800.0,1.0
2022-12-25,-3.33,-11.11,-7.22,0.0,33900.0,1.0
2022-12-26,-2.22,-11.67,-6.94,0.0,25600.0,0.0
2022-12-27,1.11,-5.0,-1.94,0.0,20700.0,0.0
2022-12-28,7.78,-5.0,1.39,0.0,18900.0,0.0
2022-12-29,10.56,-4.44,3.06,0.0,17200.0,0.0
2022-12-30,14.44,-1.67,6.38,0.0,15400.0,0.0
2022-12-31,11.67,4.44,8.06,6.86,14100.0,0.0
2023-01-01,12.22,2.78,7.5,0.0,13800.0,0.0
2023-01-02,12.78,1.67,7.22,0.0,14700.0,1.0
2023-01-03,12.78,7.78,10.28,5.84,17300.0,1.0
2023-01-04,17.78,7.78,12.78,0.25,20800.0,1.0
2023-01-05,15.56,7.22,11.39,2.03,22600.0,1.0
2023-01-06,7.78,2.78,5.28,3.56,22600.0,0.0
2023-01-07,7.22,2.22,4.72,0.0,20600.0,0.0
2023-01-08,4.44,-1.67,1.39,0.0,17400.0,0.0
2023-01-09,6.67,1.67,4.17,0.76,15700.0,0.0
2023-01-10,5.56,-1.11,2.22,0.0,14700.0,0.0
2023-01-11,5.56,-1.11,2.22,0.0,13800.0,0.0
2023-01-12,12.78,1.11,6.94,2.29,12900.0,0.0
2023-01-13,13.89,1.11,7.5,0.51,12600.0,0.0
2023-01-14,1.11,-1.67,-0.28,0.0,14900.0,1.0
2023-01-15,5.0,-3.33,0.84,0.0,16300.0,1.0
2023-01-16,9.44,-5.0,2.22,0.0,14600.0,0.0
2023-01-17,7.22,-1.67,2.78,0.0,13200.0,0.0
2023-01-18,11.67,1.67,6.67,0.0,12700.0,0.0
2023-01-19,5.56,1.11,3.34,23.11,12800.0,1.0
2023-01-20,7.22,3.33,5.28,0.0,18000.0,1.0
2023-01-21,5.0,1.11,3.06,0.0,20500.0,1.0
2023-01-22,5.0,-1.11,1.94,13.97,19400.0,0.0
2023-01-23,3.89,1.67,2.78,6.35,20600.0,1.0
2023-01-24,7.78,-2.22,2.78,0.0,21600.0,1.0
2023-01-25,14.44,-3.89,5.28,21.84,20300.0,0.0
2023-01-26,14.44,2.78,8.61,9.4,31800.0,1.0
2023-01-27,5.0,-3.33,0.84,0.0,27400.0,0.0
2023-01-28,10.56,-3.89,3.34,0.0,23800.0,0.0
2023-01-29,10.0,-0.56,4.72,0.0,20400.0,0.0
2023-01-30,11.11,1.11,6.11,0.0,18500.0,0.0
2023-01-31,6.67,0.0,3.34,1.52,17100.0,0.0
2023-02-01,2.78,-3.89,-0.56,0.25,16100.0,0.0
2023-02-02,3.89,-6.11,-1.11,0.0,15400.0,0.0
2023-02-03,0.56,-11.11,-5.28,0.0,14200.0,0.0
2023-02-04,-3.89,-13.89,-8.89,0.0,12700.0,0.0
2023-02-05,8.33,-6.67,0.83,0.0,11100.0,0.0
2023-02-06,10.56,-2.78,3.89,0.0,10700.0,0.0
2023-02-07,7.22,-6.11,0.55,0.0,11500.0,1.0
2023-02-08,12.22,-0.56,5.83,0.0,11500.0,0.0
2023-02-09,15.0,-3.33,5.84,0.0,11100.0,0.0
2023-02-10,16.11,5.56,10.84,0.0,10800.0,0.0
2023-02-11,7.78,-1.11,3.34,0.0,10400.0,0.0
2023-02-12,7.78,-2.22,2.78,3.81,10200.0,0.0
2023-02-13,13.89,3.33,8.61,0.0,9580.0,0.0
2023-02-14,12.22,2.22,7.22,0.0,9200.0,0.0
2023-02-15,19.44,3.33,11.39,0.0,8990.0,0.0
2023-02-16,17.78,7.22,12.5,2.29,8660.0,0.0
2023-02-17,15.56,-0.56,7.5,10.92,8720.0,1.0
2023-02-18,5.56,-3.89,0.83,0.0,8900.0,1.0
2023-02-19,12.22,-2.22,5.0,0.0,8690.0,0.0
2023-02-20,16.67,2.78,9.73,0.0,8260.0,0.0
2023-02-21,11.11,0.56,5.84,5.08,8160.0,0.0
2023-02-22,5.0,-2.22,1.39,4.32,8570.0,1.0
2023-02-23,11.67,3.33,7.5,0.0,9060.0,1.0
2023-02-24,8.89,-2.78,3.06,0.0,9030.0,0.0
2023-02-25,1.11,-5.56,-2.22,0.0,9190.0,1.0
2023-02-26,9.44,-6.67,1.38,0.0,9540.0,1.0
2023-02-27,7.78,-2.78,2.5,7.62,9130.0,0.0
2023-02-28,3.89,-1.67,1.11,5.59,9110.0,0.0
2023-03-01,9.44,-2.78,3.33,0.0,9550.0,1.0
2023-03-02,13.89,4.44,9.17,0.0,9260.0,0.0
2023-03-03,7.22,-0.56,3.33,11.68,9150.0,0.0
2023-03-04,8.89,2.78,5.84,17.02,16200.0,1.0
2023-03-05,12.78,-1.11,5.84,0.0,20000.0,1.0
2023-03-06,12.22,1.11,6.66,0.0,16300.0,0.0
2023-03-07,7.78,0.0,3.89,2.03,15200.0,0.0
2023-03-08,8.89,-1.11,3.89,0.0,15000.0,0.0
2023-03-09,11.11,-1.67,4.72,0.0,14300.0,0.0
2023-03-10,7.22,-1.11,3.06,7.62,13200.0,0.0
2023-03-11,6.67,0.56,3.62,2.03,13300.0,1.0
2023-03-12,7.22,-2.22,2.5,0.0,13500.0,1.0
2023-03-13,7.22,2.78,5.0,6.1,13100.0,0.0
2023-03-14,4.44,0.0,2.22,1.02,13200.0,1.0
2023-03-15,8.33,0.0,4.16,0.0,13800.0,1.0
2023-03-16,14.44,0.0,7.22,0.0,13400.0,0.0
2023-03-17,15.0,2.22,8.61,0.25,12500.0,0.0
2023-03-18,10.56,2.78,6.67,0.51,12600.0,1.0
2023-03-19,3.33,-3.33,0.0,0.0,13900.0,1.0
2023-03-20,10.56,-4.44,3.06,0.0,14600.0,1.0
2023-03-21,15.56,-2.22,6.67,0.0,13600.0,0.0
2023-03-22,17.22,2.22,9.72,0.0,12400.0,0.0
2023-03-23,16.11,7.78,11.94,4.57,11800.0,0.0
2023-03-24,13.89,3.89,8.89,3.05,12700.0,1.0
2023-03-25,6.67,3.89,5.28,3.81,15700.0,1.0
2023-03-26,16.11,5.0,10.56,0.0,18000.0,1.0
2023-03-27,17.22,1.67,9.44,6.1,17200.0,0.0
2023-03-28,12.78,3.33,8.06,0.0,16900.0,0.0
2023-03-29,12.78,0.0,6.39,0.0,17300.0,1.0
2023-03-30,7.78,-1.67,3.06,0.25,16700.0,0.0
2023-03-31,16.11,-1.11,7.5,0.0,15600.0,0.0
2023-04-01,20.56,9.44,15.0,10.16,14900.0,0.0
2023-04-02,10.0,1.67,5.84,0.0,14600.0,0.0
2023-04-03,16.67,-1.11,7.78,0.0,16100.0,1.0
2023-04-04,24.44,6.11,15.28,0.0,16100.0,0.0
2023-04-05,16.11,8.89,12.5,0.0,14600.0,0.0
2023-04-06,26.67,9.44,18.06,0.76,13400.0,0.0
2023-04-07,15.0,5.56,10.28,0.0,12700.0,0.0
2023-04-08,10.56,1.11,5.84,0.0,12500.0,0.0
2023-04-09,13.89,-1.67,6.11,0.0,12100.0,0.0
2023-04-10,18.33,-0.56,8.88,0.0,11100.0,0.0
2023-04-11,22.22,3.89,13.06,0.0,10100.0,0.0
2023-04-12,27.78,16.11,21.94,0.0,9290.0,0.0
2023-04-13,29.44,12.22,20.83,0.0,8880.0,0.0
2023-04-14,28.89,12.78,20.84,0.0,8470.0,0.0
2023-04-15,25.56,14.44,20.0,6.35,8780.0,1.0
2023-04-16,22.22,13.33,17.77,0.0,11800.0,1.0
2023-04-17,18.89,10.56,14.73,1.52,10400.0,0.0
2023-04-18,13.33,4.44,8.88,0.0,9080.0,0.0
2023-04-19,17.78,1.67,9.73,0.0,8310.0,0.0
2023-04-20,21.11,6.67,13.89,0.0,7790.0,0.0
2023-04-21,23.33,7.22,15.27,0.0,7270.0,0.0
2023-04-22,25.0,10.56,17.78,13.72,6890.0,0.0
2023-04-23,18.89,8.33,13.61,4.83,7690.0,1.0
2023-04-24,15.0,4.44,9.72,0.0,10600.0,1.0
2023-04-25,14.44,3.89,9.16,0.0,13400.0,1.0
2023-04-26,16.11,2.22,9.16,0.76,11900.0,0.0
2023-04-27,14.44,7.78,11.11,2.03,10500.0,0.0
2023-04-28,11.67,8.33,10.0,21.84,9860.0,0.0
2023-04-29,12.78,8.33,10.56,20.83,14400.0,1.0
2023-04-30,16.11,10.0,13.06,40.64,16900.0,1.0
2023-05-01,16.11,8.89,12.5,0.0,41000.0,1.0
2023-05-02,13.33,6.67,10.0,1.52,64200.0,1.0
2023-05-03,11.11,5.56,8.33,0.25,53400.0,0.0
2023-05-04,13.89,5.0,9.44,1.52,41600.0,0.0
2023-05-05,18.33,5.56,11.94,0.0,33700.0,0.0
2023-05-06,22.22,5.56,13.89,0.0,28800.0,0.0
2023-05-07,23.89,7.78,15.84,0.0,24400.0,0.0
2023-05-08,24.44,13.89,19.16,0.0,21400.0,0.0
2023-05-09,19.44,8.33,13.89,0.0,19100.0,0.0
2023-05-10,22.22,5.56,13.89,0.0,16800.0,0.0
2023-05-11,26.11,7.78,16.94,0.0,14800.0,0.0
2023-05-12,29.44,11.67,20.56,0.0,13900.0,0.0
2023-05-13,23.89,14.44,19.16,0.0,13000.0,0.0
2023-05-14,23.33,11.11,17.22,0.0,11800.0,0.0
2023-05-15,22.78,7.78,15.28,0.0,9990.0,0.0
2023-05-16,25.56,9.44,17.5,0.0,8740.0,0.0
2023-05-17,18.89,7.22,13.06,0.0,8370.0,0.0
2023-05-18,17.22,2.78,10.0,0.0,7850.0,0.0
2023-05-19,22.22,6.67,14.44,0.0,7360.0,0.0
2023-05-20,20.0,12.22,16.11,11.18,6870.0,0.0
2023-05-21,23.89,11.67,17.78,0.76,6800.0,0.0
2023-05-22,25.0,10.56,17.78,0.0,6610.0,0.0
2023-05-23,21.67,9.44,15.56,0.0,6050.0,0.0
2023-05-24,26.67,6.67,16.67,0.25,5750.0,0.0
2023-05-25,20.56,10.0,15.28,0.0,5560.0,0.0
2023-05-26,22.78,7.22,15.0,0.0,5280.0,0.0
2023-05-27,25.56,7.22,16.39,0.0,5060.0,0.0
2023-05-28,24.44,8.33,16.39,0.0,4890.0,0.0
2023-05-29,25.56,12.78,19.17,0.0,4880.0,0.0
2023-05-30,21.67,10.0,15.84,0.0,4680.0,0.0
2023-05-31,26.11,7.22,16.66,0.0,4370.0,0.0
2023-06-01,30.56,11.11,20.84,0.0,4240.0,0.0
2023-06-02,33.89,12.78,23.34,11.18,4000.0,0.0
2023-06-03,21.11,13.33,17.22,0.0,3870.0,0.0
2023-06-04,22.78,8.89,15.84,0.0,4010.0,1.0
2023-06-05,25.56,10.56,18.06,0.0,3940.0,0.0
2023-06-06,27.78,12.78,20.28,0.0,3750.0,0.0
2023-06-07,22.78,11.11,16.94,0.0,3600.0,0.0
2023-06-08,23.33,7.22,15.27,0.0,3480.0,0.0
2023-06-09,22.78,11.67,17.23,0.0,3430.0,0.0
2023-06-10,27.78,11.11,19.44,0.0,3380.0,0.0
2023-06-11,31.11,14.44,22.78,0.0,3330.0,0.0
2023-06-12,28.89,17.78,23.34,16.76,3640.0,1.0
2023-06-13,25.0,15.0,20.0,0.0,4370.0,1.0
2023-06-14,23.89,13.89,18.89,1.02,5930.0,1.0
2023-06-15,25.56,13.89,19.73,0.0,5540.0,0.0
2023-06-16,23.89,12.78,18.34,9.91,5140.0,0.0
2023-06-17,26.11,14.44,20.27,0.0,4770.0,0.0
2023-06-18,27.22,13.89,20.56,0.0,4540.0,0.0
2023-06-19,28.89,15.56,22.22,0.0,4330.0,0.0
2023-06-20,24.44,16.11,20.27,0.0,3900.0,0.0
2023-06-21,21.11,15.0,18.06,0.0,3730.0,0.0
2023-06-22,20.56,14.44,17.5,0.0,3640.0,0.0
2023-06-23,20.56,17.22,18.89,9.4,3530.0,0.0
2023-06-24,27.78,19.44,23.61,4.83,3690.0,1.0
2023-06-25,30.0,18.33,24.16,0.0,4710.0,1.0
2023-06-26,30.0,18.33,24.16,25.65,5340.0,1.0
2023-06-27,27.22,17.78,22.5,20.32,16400.0,1.0
2023-06-28,26.67,17.22,21.94,0.0,17000.0,1.0
2023-06-29,28.33,15.0,21.66,0.0,14500.0,0.0
2023-06-30,28.89,16.11,22.5,0.0,11100.0,0.0
2023-07-01,28.89,17.78,23.34,0.0,8880.0,0.0
2023-07-02,30.56,21.67,26.12,1.52,7360.0,0.0
2023-07-03,31.67,21.11,26.39,0.0,7040.0,0.0
2023-07-04,31.11,21.11,26.11,4.83,7480.0,1.0
2023-07-05,33.33,21.11,27.22,0.0,8760.0,1.0
2023-07-06,32.22,21.67,26.94,0.0,9400.0,1.0
2023-07-07,31.11,22.78,26.94,0.0,8320.0,0.0
2023-07-08,31.11,22.22,26.66,0.0,7300.0,0.0
2023-07-09,29.44,20.0,24.72,17.02,7940.0,1.0
2023-07-10,29.44,19.44,24.44,0.51,27800.0,1.0
2023-07-11,31.11,17.22,24.16,0.0,24400.0,0.0
2023-07-12,32.22,18.33,25.28,0.0,18000.0,0.0
2023-07-13,32.78,21.11,26.94,0.0,13700.0,0.0
2023-07-14,31.67,21.67,26.67,4.32,11000.0,0.0
2023-07-15,32.22,21.11,26.66,68.33,22200.0,1.0
2023-07-16,25.0,21.67,23.34,20.57,34700.0,1.0
2023-07-17,31.11,20.0,25.56,0.0,34300.0,0.0
2023-07-18,31.11,20.56,25.84,6.35,27400.0,0.0
2023-07-19,26.67,20.0,23.34,2.79,23100.0,0.0
2023-07-20,30.0,19.44,24.72,0.0,18500.0,0.0
2023-07-21,28.33,18.89,23.61,10.16,15900.0,0.0
2023-07-22,27.78,18.33,23.06,0.0,14400.0,0.0
2023-07-23,30.56,17.22,23.89,0.0,12600.0,0.0
2023-07-24,28.89,19.44,24.16,0.0,11000.0,0.0
2023-07-25,30.0,18.33,24.16,3.3,9850.0,0.0
2023-07-26,30.56,16.67,23.62,0.0,10500.0,1.0
2023-07-27,32.78,21.67,27.22,0.0,10700.0,1.0
2023-07-28,33.33,22.78,28.06,4.83,10100.0,0.0
2023-07-29,32.22,22.22,27.22,0.0,9640.0,0.0
2023-07-30,26.11,16.11,21.11,0.0,9950.0,1.0
2023-07-31,28.33,14.44,21.38,0.0,9120.0,0.0
2023-08-01,26.67,16.67,21.67,0.0,9080.0,0.0
2023-08-02,26.67,13.89,20.28,0.0,8060.0,0.0
2023-08-03,26.11,15.56,20.84,2.29,7180.0,0.0
2023-08-04,23.89,19.44,21.66,0.0,6620.0,0.0
2023-08-05,28.89,18.33,23.61,0.0,6260.0,0.0
2023-08-06,30.0,17.22,23.61,0.0,6170.0,0.0
2023-08-07,28.89,19.44,24.16,23.88,7040.0,1.0
2023-08-08,25.0,20.0,22.5,0.25,9720.0,1.0
2023-08-09,29.44,18.89,24.16,0.51,12300.0,1.0
2023-08-10,25.56,18.89,22.22,24.38,14200.0,1.0
2023-08-11,30.0,16.67,23.34,0.0,11600.0,0.0
2023-08-12,29.44,17.22,23.33,1.27,9980.0,0.0
2023-08-13,30.0,19.44,24.72,1.27,9290.0,0.0
2023-08-14,30.56,18.33,24.44,1.52,8710.0,0.0
2023-08-15,30.0,21.67,25.84,15.75,10800.0,1.0
2023-08-16,29.44,21.11,25.28,6.86,14600.0,1.0
2023-08-17,29.44,21.11,25.28,0.0,20000.0,1.0
2023-08-18,26.67,17.78,22.22,11.68,15200.0,0.0
2023-08-19,25.56,15.56,20.56,0.0,17400.0,1.0
2023-08-20,28.89,14.44,21.66,0.0,23100.0,1.0
2023-08-21,30.0,18.89,24.44,0.0,16300.0,0.0
2023-08-22,25.56,16.11,20.84,0.0,12900.0,0.0
2023-08-23,26.11,14.44,20.27,0.0,11100.0,0.0
2023-08-24,22.22,18.89,20.56,3.56,9740.0,0.0
2023-08-25,27.78,20.0,23.89,8.13,9400.0,0.0
2023-08-26,28.89,20.0,24.44,0.0,12900.0,1.0
2023-08-27,28.89,17.78,23.34,0.0,14600.0,1.0
2023-08-28,25.0,19.44,22.22,0.0,12200.0,0.0
2023-08-29,26.11,18.33,22.22,0.0,10400.0,0.0
2023-08-30,28.89,18.33,23.61,0.51,9350.0,0.0
2023-08-31,25.56,15.0,20.28,0.0,9720.0,1.0
2023-09-01,25.0,12.22,18.61,0.0,13900.0,1.0
2023-09-02,27.22,11.11,19.16,0.0,11300.0,0.0
2023-09-03,31.67,16.67,24.17,0.0,9680.0,0.0
2023-09-04,33.89,21.67,27.78,0.0,8280.0,0.0
2023-09-05,32.78,22.78,27.78,0.0,7480.0,0.0
2023-09-06,33.89,22.78,28.34,0.0,7250.0,0.0
2023-09-07,33.89,21.11,27.5,0.0,7050.0,0.0
2023-09-08,33.89,20.56,27.22,1.78,8060.0,1.0
2023-09-09,29.44,19.44,24.44,0.25,9230.0,1.0
2023-09-10,26.67,18.89,22.78,57.4,11300.0,1.0
2023-09-11,28.33,20.0,24.16,2.54,12900.0,1.0
2023-09-12,28.89,17.78,23.34,0.0,12000.0,0.0
2023-09-13,27.22,18.33,22.78,5.33,11800.0,0.0
2023-09-14,25.0,13.33,19.16,0.0,11000.0,0.0
2023-09-15,23.89,11.11,17.5,0.0,10000.0,0.0
2023-09-16,24.44,11.67,18.06,0.0,9410.0,0.0
2023-09-17,24.44,10.0,17.22,4.32,8150.0,0.0
2023-09-18,20.0,14.44,17.22,18.8,7740.0,0.0
2023-09-19,22.22,12.22,17.22,0.0,7860.0,1.0
2023-09-20,23.89,10.56,17.23,0.0,8100.0,1.0
2023-09-21,22.22,10.56,16.39,0.0,7770.0,0.0
2023-09-22,21.67,12.22,16.94,0.0,7100.0,0.0
2023-09-23,16.11,13.33,14.72,27.18,7560.0,1.0
2023-09-24,18.33,15.0,16.66,22.1,10900.0,1.0
2023-09-25,17.22,12.78,15.0,5.08,14700.0,1.0
2023-09-26,15.0,13.33,14.16,1.27,38400.0,1.0
2023-09-27,19.44,10.56,15.0,0.0,30600.0,0.0
2023-09-28,16.67,11.11,13.89,4.83,21700.0,0.0
2023-09-29,18.33,13.89,16.11,18.03,21300.0,0.0
2023-09-30,21.11,14.44,17.77,0.0,17200.0,0.0
2023-10-01,25.56,12.78,19.17,0.0,16200.0,0.0
2023-10-02,26.11,15.0,20.56,0.0,13700.0,0.0
2023-10-03,27.22,12.22,19.72,0.0,12200.0,0.0
2023-10-04,27.22,13.33,20.27,0.0,10800.0,0.0
2023-10-05,25.56,11.67,18.61,0.0,9890.0,0.0
2023-10-06,24.44,17.78,21.11,0.0,9110.0,0.0
2023-10-07,22.78,10.56,16.67,0.25,10500.0,1.0
2023-10-08,15.0,7.22,11.11,0.0,10700.0,1.0
2023-10-09,16.11,6.11,11.11,1.02,14600.0,1.0
2023-10-10,17.22,5.56,11.39,0.0,13500.0,0.0
2023-10-11,20.56,6.67,13.61,0.0,11600.0,0.0
2023-10-12,21.67,6.11,13.89,0.0,10500.0,0.0
2023-10-13,17.78,7.78,12.78,0.0,9620.0,0.0
2023-10-14,11.11,7.22,9.16,16.51,8950.0,0.0
2023-10-15,15.56,8.33,11.94,1.78,9680.0,1.0
2023-10-16,17.22,5.0,11.11,0.0,10700.0,1.0
2023-10-17,17.22,7.22,12.22,0.0,10400.0,0.0
2023-10-18,18.33,8.33,13.33,0.0,10200.0,0.0
2023-10-19,18.33,3.89,11.11,0.0,9730.0,0.0
2023-10-20,18.89,11.67,15.28,1.52,8990.0,0.0
2023-10-21,17.78,12.22,15.0,0.0,8350.0,0.0
2023-10-22,15.0,8.33,11.66,0.0,8310.0,0.0
2023-10-23,16.11,4.44,10.28,0.0,7650.0,0.0
2023-10-24,18.33,2.22,10.27,0.0,7560.0,0.0
2023-10-25,21.67,4.44,13.06,0.0,7280.0,0.0
2023-10-26,25.56,9.44,17.5,0.0,7190.0,0.0
2023-10-27,21.67,10.56,16.12,0.0,6610.0,0.0
2023-10-28,26.67,12.22,19.44,0.0,6360.0,0.0
2023-10-29,16.67,10.56,13.62,4.57,6230.0,0.0
2023-10-30,16.11,8.89,12.5,2.03,6320.0,1.0
2023-10-31,9.44,5.0,7.22,2.03,7670.0,1.0
2023-11-01,9.44,0.0,4.72,0.76,11800.0,1.0
2023-11-02,9.44,-2.78,3.33,0.0,11300.0,0.0
2023-11-03,13.33,-2.78,5.28,0.0,9770.0,0.0
2023-11-04,13.89,0.0,6.94,0.0,9070.0,0.0
2023-11-05,19.44,2.78,11.11,0.0,8390.0,0.0
2023-11-06,14.44,3.33,8.88,0.0,7780.0,0.0
2023-11-07,18.33,9.44,13.88,0.0,7260.0,0.0
2023-11-08,11.67,2.78,7.22,0.0,7250.0,0.0
2023-11-09,16.11,3.33,9.72,0.0,7070.0,0.0
2023-11-10,10.56,3.89,7.22,0.0,6780.0,0.0
2023-11-11,13.33,2.22,7.78,0.0,6560.0,0.0
2023-11-12,7.78,-1.11,3.34,0.0,6480.0,0.0
2023-11-13,9.44,-3.89,2.77,0.0,6240.0,0.0
2023-11-14,12.22,-1.11,5.56,0.0,5730.0,0.0
2023-11-15,11.11,-2.78,4.16,0.0,5530.0,0.0
2023-11-16,18.33,0.56,9.44,0.0,5410.0,0.0
2023-11-17,19.44,2.22,10.83,0.0,5380.0,0.0
2023-11-18,13.89,1.67,7.78,0.25,5030.0,0.0
2023-11-19,12.78,-0.56,6.11,0.0,4700.0,0.0
2023-11-20,8.33,-1.67,3.33,0.0,4610.0,0.0
2023-11-21,10.0,-0.56,4.72,21.59,4630.0,1.0
2023-11-22,12.78,7.78,10.28,22.61,9610.0,1.0
2023-11-23,11.11,4.44,7.78,0.0,13200.0,1.0
2023-11-24,10.0,-1.67,4.16,0.0,12500.0,0.0
2023-11-25,4.44,-5.56,-0.56,0.0,10900.0,0.0
2023-11-26,11.67,-3.33,4.17,24.13,9720.0,0.0
2023-11-27,9.44,0.56,5.0,0.0,15200.0,1.0
2023-11-28,3.33,-2.78,0.28,0.25,18400.0,1.0
2023-11-29,2.22,-5.0,-1.39,0.0,20100.0,1.0
2023-11-30,11.11,-3.89,3.61,0.0,16500.0,0.0
2023-12-01,6.67,-1.11,2.78,6.86,14300.0,0.0
2023-12-02,12.78,6.67,9.72,0.0,13000.0,0.0
2023-12-03,10.56,7.78,9.17,20.57,13000.0,0.0
2023-12-04,10.0,2.78,6.39,0.0,14500.0,1.0
2023-12-05,6.11,-1.11,2.5,0.0,15900.0,1.0
2023-12-06,5.0,0.0,2.5,0.0,16200.0,1.0
2023-12-07,3.33,-2.22,0.55,0.0,14600.0,0.0
2023-12-08,10.0,-2.22,3.89,0.0,13800.0,0.0
2023-12-09,11.67,0.56,6.12,0.0,13000.0,0.0
2023-12-10,16.67,6.11,11.39,34.04,12500.0,0.0
2023-12-11,7.22,0.56,3.89,13.46,31200.0,1.0
2023-12-12,6.67,-3.33,1.67,0.0,36900.0,1.0
2023-12-13,7.22,-1.67,2.78,0.0,31700.0,0.0
2023-12-14,5.0,-5.0,0.0,0.0,24900.0,0.0
2023-12-15,13.33,-3.33,5.0,0.0,20700.0,0.0
2023-12-16,12.78,-1.67,5.56,0.0,18300.0,0.0
2023-12-17,14.44,5.0,9.72,22.35,17000.0,0.0
2023-12-18,16.11,3.89,10.0,55.12,58600.0,1.0
2023-12-19,5.0,-2.22,1.39,0.0,107000.0,1.0
2023-12-20,7.22,-3.33,1.94,0.0,81500.0,0.0
2023-12-21,6.67,-1.67,2.5,0.0,55500.0,0.0
2023-12-22,2.78,-4.44,-0.83,0.0,44800.0,0.0
2023-12-23,6.67,-2.22,2.22,0.0,35700.0,0.0
2023-12-24,8.33,1.67,5.0,0.0,29200.0,0.0
2023-12-25,10.56,1.67,6.12,0.0,25600.0,0.0
2023-12-26,8.33,5.56,6.94,0.0,23000.0,0.0
2023-12-27,9.44,6.11,7.78,19.81,21500.0,0.0
2023-12-28,12.22,8.89,10.56,18.8,50500.0,1.0
2023-12-29,11.67,3.33,7.5,0.25,48800.0,0.0
2023-12-30,6.67,1.67,4.17,0.0,38400.0,0.0
2023-12-31,5.56,0.56,3.06,0.0,32600.0,0.0
2024-01-01,6.67,0.0,3.34,0.0,28300.0,0.0
2024-01-02,5.56,-3.89,0.83,0.0,24700.0,0.0
2024-01-03,6.11,-3.33,1.39,0.0,22500.0,0.0
2024-01-04,6.11,-3.33,1.39,0.0,20400.0,0.0
2024-01-05,2.78,-5.56,-1.39,0.0,18600.0,0.0
2024-01-06,2.22,-5.56,-1.67,20.07,17400.0,0.0
2024-01-07,5.0,0.56,2.78,1.27,17600.0,1.0
2024-01-08,7.22,-3.33,1.94,0.0,17300.0,0.0
2024-01-09,14.44,-3.89,5.28,54.86,20100.0,1.0
2024-01-10,13.33,5.56,9.44,2.54,81100.0,1.0
2024-01-11,7.78,1.67,4.72,0.0,82000.0,1.0
2024-01-12,9.44,-2.78,3.33,5.33,61800.0,0.0
2024-01-13,15.0,0.0,7.5,14.99,59400.0,0.0
2024-01-14,5.56,-4.44,0.56,0.0,68500.0,1.0
2024-01-15,-2.22,-5.56,-3.89,3.05,59200.0,0.0
2024-01-16,-2.22,-7.78,-5.0,5.84,45700.0,0.0
2024-01-17,-5.0,-11.11,-8.06,0.0,37200.0,0.0
2024-01-18,-0.56,-9.44,-5.0,0.0,30900.0,0.0
2024-01-19,-1.67,-5.56,-3.62,5.33,26900.0,0.0
2024-01-20,-5.0,-10.0,-7.5,0.0,23900.0,0.0
2024-01-21,-0.56,-7.22,-3.89,0.0,21000.0,0.0
2024-01-22,2.22,-11.67,-4.72,0.0,19000.0,0.0
2024-01-23,6.11,-3.89,1.11,0.0,18100.0,0.0
2024-01-24,5.0,1.11,3.06,0.51,17700.0,0.0
2024-01-25,11.11,3.89,7.5,8.13,18800.0,1.0
2024-01-26,10.0,5.56,7.78,5.84,26700.0,1.0
2024-01-27,8.89,4.44,6.67,0.0,36500.0,1.0
2024-01-28,4.44,2.22,3.33,20.83,41900.0,1.0
2024-01-29,3.89,1.11,2.5,0.51,45300.0,1.0
2024-01-30,2.78,0.56,1.67,0.0,42900.0,0.0
2024-01-31,5.0,1.11,3.06,0.0,35400.0,0.0
2024-02-01,7.78,-2.22,2.78,0.76,29300.0,0.0
2024-02-02,6.67,2.78,4.72,5.84,27100.0,0.0
2024-02-03,7.78,0.0,3.89,0.0,24200.0,0.0
2024-02-04,8.89,-2.78,3.06,0.0,21900.0,0.0
2024-02-05,7.78,-3.89,1.94,0.0,20100.0,0.0
2024-02-06,6.11,-4.44,0.84,0.0,18500.0,0.0
2024-02-07,8.89,-3.33,2.78,0.0,17300.0,0.0
2024-02-08,11.67,-3.33,4.17,0.0,16200.0,0.0
2024-02-09,13.89,2.78,8.34,0.0,15400.0,0.0
2024-02-10,12.78,1.67,7.22,0.0,14800.0,0.0
2024-02-11,8.89,5.0,6.94,0.0,14400.0,0.0
2024-02-12,8.33,1.11,4.72,0.25,14100.0,0.0
2024-02-13,4.44,0.0,2.22,18.54,14600.0,1.0
2024-02-14,2.22,-4.44,-1.11,0.0,14900.0,1.0
2024-02-15,3.89,-5.56,-0.83,0.0,14100.0,0.0
2024-02-16,5.0,-0.56,2.22,0.0,12800.0,0.0
2024-02-17,2.22,-3.89,-0.84,6.1,12300.0,0.0
2024-02-18,5.56,-7.22,-0.83,0.0,11800.0,0.0
2024-02-19,5.0,-2.22,1.39,0.0,11200.0,0.0
2024-02-20,5.0,-5.0,0.0,0.0,10700.0,0.0
2024-02-21,6.67,-6.11,0.28,0.0,10400.0,0.0
2024-02-22,8.33,-5.0,1.66,2.79,10200.0,0.0
2024-02-23,8.33,3.33,5.83,0.0,10700.0,1.0
2024-02-24,5.0,-3.89,0.55,0.25,11800.0,1.0
2024-02-25,5.0,-7.78,-1.39,0.0,11400.0,0.0
2024-02-26,12.78,-2.78,5.0,0.0,10900.0,0.0
2024-02-27,18.33,1.67,10.0,2.79,10500.0,0.0
2024-02-28,16.11,4.44,10.28,6.1,11700.0,1.0
2024-02-29,4.44,-1.67,1.39,0.0,17600.0,1.0
2024-03-01,9.44,-4.44,2.5,0.0,20200.0,1.0
2024-03-02,11.67,2.78,7.22,33.78,22500.0,1.0
2024-03-03,18.33,7.22,12.77,0.0,25800.0,1.0
2024-03-04,17.78,5.56,11.67,0.0,26600.0,1.0
2024-03-05,8.33,5.56,6.94,11.18,25200.0,0.0
2024-03-06,10.0,7.78,8.89,29.97,26700.0,1.0
2024-03-07,13.89,7.22,10.56,1.02,34300.0,1.0
2024-03-08,12.78,1.67,7.22,0.0,38200.0,1.0
2024-03-09,8.33,3.89,6.11,32.0,34900.0,0.0
2024-03-10,9.44,1.67,5.56,0.25,52800.0,1.0
2024-03-11,11.67,2.22,6.94,0.0,65900.0,1.0
2024-03-12,19.44,3.33,11.39,0.0,52400.0,0.0
2024-03-13,21.11,3.33,12.22,0.0,41700.0,0.0
2024-03-14,23.33,5.0,14.16,0.0,34900.0,0.0
2024-03-15,21.67,7.78,14.73,0.0,30100.0,0.0
2024-03-16,15.0,5.0,10.0,0.0,26700.0,0.0
2024-03-17,15.56,7.22,11.39,0.0,23600.0,0.0
2024-03-18,8.89,1.67,5.28,0.0,20900.0,0.0
2024-03-19,7.22,0.0,3.61,0.0,19200.0,0.0
2024-03-20,14.44,0.0,7.22,0.0,17500.0,0.0
2024-03-21,5.56,-2.78,1.39,0.0,16100.0,0.0
2024-03-22,6.67,-4.44,1.11,0.0,15000.0,0.0
2024-03-23,7.22,0.0,3.61,73.91,27600.0,1.0
2024-03-24,8.89,-2.22,3.34,0.0,38400.0,1.0
2024-03-25,10.56,-0.56,5.0,0.0,40200.0,1.0
2024-03-26,13.89,1.67,7.78,0.0,30800.0,0.0
2024-03-27,8.33,5.0,6.66,7.87,26000.0,0.0
2024-03-28,10.0,6.11,8.06,2.29,25500.0,0.0
2024-03-29,12.78,3.33,8.06,0.0,24000.0,0.0
2024-03-30,15.0,2.78,8.89,1.27,22000.0,0.0
2024-03-31,14.44,6.11,10.28,0.0,19900.0,0.0
2024-04-01,10.0,6.11,8.06,8.64,18600.0,0.0
2024-04-02,8.33,6.11,7.22,22.86,21000.0,1.0
2024-04-03,6.11,4.44,5.28,41.66,40700.0,1.0
2024-04-04,12.22,2.78,7.5,6.1,66100.0,1.0
2024-04-05,9.44,3.33,6.38,0.0,62200.0,0.0
2024-04-06,11.67,3.33,7.5,0.0,49600.0,0.0
2024-04-07,16.11,3.33,9.72,0.0,36900.0,0.0
2024-04-08,17.78,-0.56,8.61,0.0,31600.0,0.0
2024-04-09,25.56,5.0,15.28,0.0,29300.0,0.0
2024-04-10,19.44,10.0,14.72,0.0,26500.0,0.0
2024-04-11,21.11,10.0,15.56,4.57,23900.0,0.0
2024-04-12,17.78,12.22,15.0,19.05,27000.0,1.0
2024-04-13,14.44,7.22,10.83,0.25,34200.0,1.0
2024-04-14,22.78,6.11,14.44,1.52,39500.0,1.0
2024-04-15,26.67,12.22,19.44,0.0,36600.0,0.0
2024-04-16,21.67,8.33,15.0,0.0,32600.0,0.0
2024-04-17,17.22,7.22,12.22,0.25,28600.0,0.0
2024-04-18,10.56,6.11,8.34,0.0,24900.0,0.0
2024-04-19,13.89,5.56,9.72,0.0,22000.0,0.0
2024-04-20,19.44,6.67,13.06,1.27,21300.0,0.0
2024-04-21,10.56,1.11,5.84,0.0,19000.0,0.0
2024-04-22,16.11,2.22,9.16,0.0,18100.0,0.0
2024-04-23,19.44,2.22,10.83,0.0,16700.0,0.0
2024-04-24,21.67,8.33,15.0,0.0,15500.0,0.0
2024-04-25,13.89,4.44,9.17,0.0,14400.0,0.0
2024-04-26,16.67,0.56,8.62,0.0,13600.0,0.0
2024-04-27,15.0,2.22,8.61,0.25,12300.0,0.0
2024-04-28,26.11,8.89,17.5,1.27,10900.0,0.0
2024-04-29,31.11,14.44,22.78,0.0,10200.0,0.0
2024-04-30,22.22,12.22,17.22,0.25,10100.0,0.0
2024-05-01,26.11,12.78,19.44,0.25,11000.0,1.0
2024-05-02,30.56,12.22,21.39,0.0,11100.0,1.0
2024-05-03,18.89,7.78,13.34,0.0,11200.0,1.0
2024-05-04,12.22,6.67,9.44,2.29,9710.0,0.0
2024-05-05,12.22,8.89,10.56,6.35,9180.0,0.0
2024-05-06,21.67,11.67,16.67,0.0,9760.0,1.0
2024-05-07,26.67,15.0,20.84,0.0,11600.0,1.0
2024-05-08,29.44,17.78,23.61,3.81,12500.0,1.0
2024-05-09,20.56,13.33,16.94,0.25,11400.0,0.0
2024-05-10,13.33,8.33,10.83,9.14,11200.0,0.0
2024-05-11,16.11,5.56,10.84,0.0,12500.0,1.0
2024-05-12,11.11,7.78,9.44,4.32,12700.0,1.0
2024-05-13,20.56,5.0,12.78,0.0,12600.0,0.0
2024-05-14,21.67,10.0,15.84,1.02,12900.0,1.0
2024-05-15,18.33,14.44,16.38,8.13,12700.0,0.0
2024-05-16,18.33,15.0,16.66,0.0,12600.0,0.0
2024-05-17,21.11,12.78,16.94,0.0,14000.0,1.0
2024-05-18,18.33,12.78,15.56,3.81,12800.0,0.0
2024-05-19,23.89,12.22,18.06,0.0,11500.0,0.0
2024-05-20,25.56,10.0,17.78,0.0,10300.0,0.0
2024-05-21,28.33,12.22,20.27,0.0,9650.0,0.0
2024-05-22,29.44,14.44,21.94,0.0,9240.0,0.0
2024-05-23,25.56,18.33,21.94,4.32,8890.0,0.0
2024-05-24,29.44,15.56,22.5,0.0,10200.0,1.0
2024-05-25,29.44,14.44,21.94,0.0,10200.0,0.0
2024-05-26,29.44,18.33,23.88,0.0,9170.0,0.0
2024-05-27,25.56,19.44,22.5,20.83,8380.0,0.0
2024-05-28,26.67,16.11,21.39,0.0,10100.0,1.0
2024-05-29,25.0,13.33,19.16,11.43,13000.0,1.0
2024-05-30,22.22,12.22,17.22,2.79,14500.0,1.0
2024-05-31,23.89,11.11,17.5,0.0,12600.0,0.0
2024-06-01,27.78,12.22,20.0,0.0,11100.0,0.0
2024-06-02,27.22,13.33,20.27,0.0,9580.0,0.0
2024-06-03,29.44,19.44,24.44,0.0,8390.0,0.0
2024-06-04,28.89,17.78,23.34,0.0,7760.0,0.0
2024-06-05,28.89,16.11,22.5,6.35,7510.0,0.0
2024-06-06,28.89,21.11,25.0,6.1,8630.0,1.0
2024-06-07,29.44,17.78,23.61,0.0,7780.0,0.0
2024-06-08,26.11,14.44,20.27,0.0,7120.0,0.0
2024-06-09,25.56,15.0,20.28,0.51,7050.0,0.0
2024-06-10,23.89,13.89,18.89,0.0,6390.0,0.0
2024-06-11,22.78,12.78,17.78,0.0,5930.0,0.0
2024-06-12,25.56,13.33,19.44,0.0,5910.0,0.0
2024-06-13,30.56,13.33,21.94,0.0,5650.0,0.0
2024-06-14,31.11,17.22,24.16,4.57,5330.0,0.0
2024-06-15,27.22,16.11,21.66,0.0,5270.0,0.0
2024-06-16,26.67,14.44,20.56,0.0,5340.0,1.0
2024-06-17,30.56,16.11,23.34,0.0,5270.0,0.0
2024-06-18,32.78,19.44,26.11,0.0,4790.0,0.0
2024-06-19,32.22,19.44,25.83,0.0,4580.0,0.0
2024-06-20,33.33,18.33,25.83,0.0,4570.0,0.0
2024-06-21,34.44,21.11,27.78,0.0,4630.0,1.0
2024-06-22,35.56,23.33,29.44,0.0,4660.0,1.0
2024-06-23,35.56,23.33,29.44,0.0,5530.0,1.0
2024-06-24,27.22,21.67,24.44,0.0,5010.0,0.0
2024-06-25,32.78,17.78,25.28,0.0,5240.0,1.0
2024-06-26,34.44,20.56,27.5,8.13,4740.0,0.0
2024-06-27,30.0,19.44,24.72,2.29,4720.0,0.0
2024-06-28,26.67,13.89,20.28,0.0,4920.0,1.0
2024-06-29,30.0,17.22,23.61,6.35,4780.0,0.0
2024-06-30,31.11,20.56,25.84,2.29,5070.0,1.0
2024-07-01,27.22,16.11,21.66,0.0,4970.0,0.0
2024-07-02,29.44,16.11,22.78,0.0,5110.0,1.0
2024-07-03,30.0,16.11,23.06,0.0,5350.0,1.0
2024-07-04,33.33,18.89,26.11,9.65,4920.0,0.0
2024-07-05,35.0,23.33,29.16,0.0,5160.0,1.0
2024-07-06,36.11,24.44,30.28,0.0,4730.0,0.0
2024-07-07,33.89,23.33,28.61,10.67,5150.0,1.0
2024-07-08,35.0,22.78,28.89,0.0,5780.0,1.0
2024-07-09,35.0,22.78,28.89,0.0,5360.0,0.0
2024-07-10,35.0,23.89,29.44,0.0,4910.0,0.0
2024-07-11,31.67,21.67,26.67,7.87,5140.0,1.0
2024-07-12,27.78,20.56,24.17,0.0,5210.0,1.0
2024-07-13,33.33,22.78,28.06,4.32,4730.0,0.0
2024-07-14,33.33,22.22,27.78,9.91,5320.0,1.0
2024-07-15,35.56,22.78,29.17,0.0,4730.0,0.0
2024-07-16,36.67,22.78,29.72,3.81,4370.0,0.0
2024-07-17,35.0,22.78,28.89,18.03,4510.0,1.0
2024-07-18,29.44,21.67,25.56,0.0,5790.0,1.0
2024-07-19,29.44,16.67,23.06,0.0,6460.0,1.0
2024-07-20,28.89,17.78,23.34,0.0,5530.0,0.0
2024-07-21,31.11,18.33,24.72,0.0,4960.0,0.0
2024-07-22,28.89,21.11,25.0,0.0,4680.0,0.0
2024-07-23,28.89,21.11,25.0,4.57,4600.0,0.0
2024-07-24,26.67,22.78,24.72,1.78,4370.0,0.0
2024-07-25,29.44,20.0,24.72,0.0,4220.0,0.0
2024-07-26,28.89,17.22,23.06,0.0,6260.0,1.0
2024-07-27,30.0,17.22,23.61,0.0,7150.0,1.0
2024-07-28,31.11,16.67,23.89,0.0,6710.0,0.0
2024-07-29,30.56,19.44,25.0,0.0,5510.0,0.0
2024-07-30,30.56,21.67,26.12,0.0,4960.0,0.0
2024-07-31,33.33,23.33,28.33,6.1,4250.0,0.0
2024-08-01,35.56,21.11,28.34,0.0,4400.0,1.0
2024-08-02,35.56,23.89,29.72,15.49,4490.0,1.0
2024-08-03,32.78,21.67,27.22,7.87,4750.0,1.0
2024-08-04,26.67,21.67,24.17,0.76,6110.0,1.0
2024-08-05,33.33,20.56,26.94,0.0,7480.0,1.0
2024-08-06,33.33,21.67,27.5,113.03,6820.0,0.0
2024-08-07,24.44,18.33,21.38,4.83,9930.0,1.0
2024-08-08,22.22,18.89,20.56,21.59,10400.0,1.0
2024-08-09,28.89,22.22,25.56,15.49,11600.0,1.0
2024-08-10,29.44,20.56,25.0,0.0,23700.0,1.0
2024-08-11,26.67,18.33,22.5,0.0,48400.0,1.0
2024-08-12,27.22,15.0,21.11,0.0,26200.0,0.0
2024-08-13,27.78,13.89,20.84,0.0,16900.0,0.0
2024-08-14,29.44,17.22,23.33,0.0,12800.0,0.0
2024-08-15,30.0,17.22,23.61,0.0,10400.0,0.0
2024-08-16,30.56,18.33,24.44,0.0,9170.0,0.0
2024-08-17,23.89,20.0,21.94,1.52,8160.0,0.0
2024-08-18,30.0,20.56,25.28,4.57,7620.0,0.0
2024-08-19,29.44,18.33,23.88,0.25,15200.0,1.0
2024-08-20,21.67,13.89,17.78,0.0,14900.0,0.0
2024-08-21,22.78,11.11,16.94,0.0,13300.0,0.0
2024-08-22,25.0,11.11,18.06,0.0,10100.0,0.0
2024-08-23,27.22,11.67,19.44,0.0,8440.0,0.0
2024-08-24,28.33,13.33,20.83,0.0,7430.0,0.0
2024-08-25,28.89,15.0,21.94,0.0,7150.0,0.0
2024-08-26,31.11,17.22,24.16,0.0,6580.0,0.0
2024-08-27,30.56,17.22,23.89,0.0,5980.0,0.0
2024-08-28,35.0,20.0,27.5,0.0,5490.0,0.0
2024-08-29,26.11,20.0,23.06,0.0,5460.0,0.0
2024-08-30,22.78,16.67,19.73,1.78,5500.0,1.0
2024-08-31,27.22,18.89,23.06,0.0,5440.0,0.0
2024-09-01,29.44,21.11,25.28,0.0,6360.0,1.0
2024-09-02,26.11,13.89,20.0,0.0,6310.0,0.0
2024-09-03,23.89,10.56,17.23,0.0,5770.0,0.0
2024-09-04,25.0,9.44,17.22,0.0,5050.0,0.0
2024-09-05,25.0,10.56,17.78,0.0,4630.0,0.0
2024-09-06,23.89,15.0,19.44,0.0,4480.0,0.0
2024-09-07,26.11,13.33,19.72,0.76,4760.0,1.0
2024-09-08,21.67,9.44,15.56,0.0,4970.0,1.0
2024-09-09,24.44,7.22,15.83,0.0,5390.0,1.0
2024-09-10,26.11,12.78,19.44,0.0,4930.0,0.0
2024-09-11,27.78,11.11,19.44,0.0,4880.0,0.0
2024-09-12,27.22,12.78,20.0,0.0,4720.0,0.0
2024-09-13,28.33,13.33,20.83,0.0,4520.0,0.0
2024-09-14,29.44,12.78,21.11,0.0,4400.0,0.0
2024-09-15,26.67,13.89,20.28,0.0,4410.0,1.0
2024-09-16,22.78,11.67,17.23,0.0,4420.0,1.0
2024-09-17,25.56,16.67,21.12,0.0,4400.0,0.0
2024-09-18,24.44,17.78,21.11,0.0,4230.0,0.0
2024-09-19,29.44,15.56,22.5,0.0,4130.0,0.0
2024-09-20,28.33,15.56,21.94,0.0,4070.0,0.0
2024-09-21,27.22,15.56,21.39,0.0,3970.0,0.0
2024-09-22,25.0,14.44,19.72,0.0,3930.0,0.0
2024-09-23,20.0,13.89,16.94,0.25,3910.0,0.0
2024-09-24,19.44,14.44,16.94,0.0,3720.0,0.0
2024-09-25,18.89,16.67,17.78,0.76,3690.0,0.0
2024-09-26,25.56,17.22,21.39,0.76,3930.0,1.0
2024-09-27,21.67,17.78,19.73,2.54,4080.0,1.0
2024-09-28,19.44,16.67,18.06,5.84,4350.0,1.0
2024-09-29,17.22,15.56,16.39,0.0,4470.0,1.0
2024-09-30,23.33,15.0,19.16,0.0,4330.0,0.0
2024-10-01,21.11,14.44,17.77,0.0,4210.0,0.0
2024-10-02,21.11,14.44,17.77,0.0,4090.0,0.0
2024-10-03,23.33,13.89,18.61,0.0,3870.0,0.0
2024-10-04,24.44,10.56,17.5,0.0,3730.0,0.0
2024-10-05,25.56,11.67,18.61,0.0,3730.0,0.0
2024-10-06,23.89,8.89,16.39,0.0,3560.0,0.0
2024-10-07,25.0,13.33,19.16,0.0,3600.0,1.0
2024-10-08,20.56,8.89,14.72,0.0,3400.0,0.0
2024-10-09,21.11,6.67,13.89,0.0,3320.0,0.0
2024-10-10,16.67,6.67,11.67,0.0,3270.0,0.0
2024-10-11,20.0,2.78,11.39,0.0,3230.0,0.0
2024-10-12,24.44,9.44,16.94,0.0,4380.0,1.0
2024-10-13,26.67,10.0,18.34,0.0,5350.0,1.0
2024-10-14,20.0,6.67,13.34,0.0,4360.0,0.0
2024-10-15,15.0,4.44,9.72,0.0,3830.0,0.0
2024-10-16,15.0,3.89,9.44,0.0,3800.0,0.0
2024-10-17,16.67,2.22,9.44,0.0,4030.0,1.0
2024-10-18,21.67,3.33,12.5,0.0,3860.0,0.0
2024-10-19,22.78,3.89,13.34,0.0,3610.0,0.0
2024-10-20,24.44,3.33,13.89,0.0,3470.0,0.0
2024-10-21,27.22,4.44,15.83,0.0,3420.0,0.0
2024-10-22,28.33,10.56,19.44,0.0,3310.0,0.0
2024-10-23,25.56,10.0,17.78,0.0,3260.0,0.0
2024-10-24,20.56,8.89,14.72,0.0,3140.0,0.0
2024-10-25,17.78,3.33,10.56,0.0,3120.0,0.0
2024-10-26,18.89,6.67,12.78,0.0,3090.0,0.0
2024-10-27,15.0,2.22,8.61,0.0,3040.0,0.0
2024-10-28,16.67,-0.56,8.06,0.0,3030.0,0.0
2024-10-29,20.0,1.11,10.56,0.0,2980.0,0.0
2024-10-30,25.0,8.33,16.66,0.0,2930.0,0.0
2024-10-31,27.78,10.56,19.17,0.0,2970.0,1.0
2024-11-01,26.67,11.67,19.17,0.0,3000.0,1.0
2024-11-02,16.11,5.0,10.56,0.0,2920.0,0.0
2024-11-03,13.89,1.11,7.5,0.0,2880.0,0.0
2024-11-04,16.11,0.56,8.33,0.0,2860.0,0.0
2024-11-05,23.33,5.56,14.44,0.0,2840.0,0.0
2024-11-06,26.67,15.0,20.84,0.0,2900.0,1.0
2024-11-07,23.89,10.0,16.94,0.0,2930.0,1.0
2024-11-08,20.56,3.89,12.22,0.0,3050.0,1.0
2024-11-09,13.33,1.11,7.22,0.0,3100.0,1.0
2024-11-10,13.89,-1.67,6.11,2.54,3130.0,1.0
2024-11-11,20.56,10.0,15.28,3.56,3060.0,0.0
2024-11-12,13.33,2.78,8.06,0.0,3050.0,0.0
2024-11-13,10.0,-1.11,4.44,0.0,2860.0,0.0
2024-11-14,8.89,0.56,4.73,0.0,2800.0,0.0
2024-11-15,14.44,3.89,9.16,0.0,2910.0,1.0
2024-11-16,15.56,6.67,11.12,0.0,3020.0,1.0
2024-11-17,16.67,2.22,9.44,0.0,3040.0,1.0
2024-11-18,18.89,5.56,12.22,0.0,3160.0,1.0
2024-11-19,16.11,3.33,9.72,1.02,3120.0,0.0
2024-11-20,16.11,9.44,12.77,2.03,3150.0,1.0
2024-11-21,11.11,3.89,7.5,27.18,3420.0,1.0
2024-11-22,4.44,1.11,2.78,6.6,3970.0,1.0
2024-11-23,10.0,0.56,5.28,0.0,3960.0,0.0
2024-11-24,11.67,4.44,8.06,0.0,4400.0,1.0
2024-11-25,12.78,2.78,7.78,0.0,4510.0,1.0
2024-11-26,15.0,3.89,9.44,3.56,4370.0,0.0
2024-11-27,10.0,-1.11,4.44,0.0,4420.0,1.0
2024-11-28,8.89,3.89,6.39,17.78,4800.0,1.0
2024-11-29,7.22,-1.11,3.06,0.0,7730.0,1.0
2024-11-30,2.78,-3.89,-0.56,0.0,8010.0,1.0
2024-12-01,2.78,-5.56,-1.39,0.0,7990.0,0.0
2024-12-02,3.89,-7.22,-1.66,0.0,6870.0,0.0
2024-12-03,5.0,-2.78,1.11,0.0,5920.0,0.0
2024-12-04,4.44,-6.11,-0.84,0.76,5020.0,0.0
2024-12-05,4.44,-2.22,1.11,1.02,4450.0,0.0
2024-12-06,1.67,-2.78,-0.55,0.0,4090.0,0.0
2024-12-07,4.44,-1.67,1.39,0.0,3880.0,0.0
2024-12-08,13.33,0.56,6.94,0.0,3720.0,0.0
2024-12-09,8.89,-1.11,3.89,3.81,3570.0,0.0
2024-12-10,11.11,5.0,8.06,3.3,3650.0,1.0
2024-12-11,17.78,3.33,10.56,21.34,3920.0,1.0
2024-12-12,4.44,-3.33,0.56,0.0,12000.0,1.0
2024-12-13,1.11,-6.11,-2.5,0.0,40700.0,1.0
2024-12-14,1.67,-7.78,-3.06,0.0,24900.0,0.0
2024-12-15,3.33,-6.11,-1.39,1.52,15800.0,0.0
2024-12-16,9.44,1.11,5.28,17.27,12500.0,0.0
2024-12-17,15.0,6.67,10.84,0.51,11500.0,0.0
2024-12-18,12.22,-1.11,5.56,3.3,11100.0,0.0
2024-12-19,6.67,0.56,3.62,0.25,11900.0,1.0
2024-12-20,1.67,-0.56,0.55,4.32,12800.0,1.0
2024-12-21,-0.56,-7.78,-4.17,1.52,12400.0,0.0
2024-12-22,-5.56,-12.78,-9.17,0.0,10600.0,0.0
2024-12-23,-3.89,-15.0,-9.44,0.0,9340.0,0.0
2024-12-24,3.33,-6.67,-1.67,1.27,7770.0,0.0
2024-12-25,1.67,-5.0,-1.66,0.0,7000.0,0.0
2024-12-26,2.78,-6.11,-1.67,0.0,6830.0,0.0
2024-12-27,6.11,-7.22,-0.55,0.0,6460.0,0.0
2024-12-28,7.22,0.56,3.89,15.75,6700.0,1.0
2024-12-29,18.33,6.67,12.5,6.1,7570.0,1.0
2024-12-30,14.44,6.67,10.56,5.59,9590.0,1.0
2024-12-31,12.22,-2.22,5.0,11.68,13700.0,1.0
2025-01-01,8.33,2.78,5.56,0.0,19700.0,1.0
2025-01-02,5.0,0.0,2.5,0.0,18400.0,0.0
2025-01-03,2.22,-2.78,-0.28,0.51,19400.0,1.0
2025-01-04,0.0,-3.89,-1.94,0.0,16700.0,0.0
2025-01-05,-0.56,-4.44,-2.5,0.0,13600.0,0.0
2025-01-06,-2.22,-6.11,-4.16,4.06,11500.0,0.0
2025-01-07,0.56,-8.33,-3.88,0.0,10100.0,0.0
2025-01-08,-1.67,-7.22,-4.44,0.0,8870.0,0.0
2025-01-09,0.56,-7.78,-3.61,0.0,8970.0,1.0
2025-01-10,2.22,-5.0,-1.39,0.0,7360.0,0.0
2025-01-11,0.0,-3.89,-1.94,0.76,7540.0,1.0
2025-01-12,4.44,-1.11,1.66,0.0,7880.0,1.0
2025-01-13,5.0,-3.33,0.84,0.0,6700.0,0.0
2025-01-14,-1.11,-6.11,-3.61,0.0,6340.0,0.0
2025-01-15,-0.56,-7.22,-3.89,0.0,6590.0,1.0
2025-01-16,-2.22,-8.33,-5.28,0.76,6110.0,0.0
2025-01-17,5.0,-6.67,-0.84,0.0,5700.0,0.0
2025-01-18,5.0,-3.33,0.84,1.52,5520.0,0.0
2025-01-19,2.22,-6.11,-1.94,7.87,5440.0,0.0
2025-01-20,-4.44,-11.11,-7.78,0.0,5680.0,1.0
2025-01-21,-8.89,-14.44,-11.66,0.0,4690.0,0.0
2025-01-22,-8.33,-16.11,-12.22,0.0,4200.0,0.0
2025-01-23,-3.33,-15.0,-9.16,0.0,4010.0,0.0
2025-01-24,-0.56,-10.0,-5.28,0.0,4250.0,1.0
2025-01-25,-0.56,-10.56,-5.56,0.0,4720.0,1.0
2025-01-26,5.0,-4.44,0.28,0.0,4770.0,1.0
2025-01-27,5.0,-4.44,0.28,0.0,4650.0,0.0
2025-01-28,5.0,-1.11,1.94,0.0,4570.0,0.0
2025-01-29,10.0,-1.67,4.16,0.0,4680.0,1.0
2025-01-30,2.78,-3.33,-0.28,0.0,4860.0,1.0
2025-01-31,8.89,1.11,5.0,5.59,4900.0,1.0
2025-02-01,8.89,-6.67,1.11,0.0,4810.0,0.0
2025-02-02,0.0,-8.89,-4.44,0.76,4660.0,0.0
2025-02-03,10.0,-4.44,2.78,0.0,4070.0,0.0
2025-02-04,7.22,-1.11,3.06,0.0,4350.0,1.0
2025-02-05,1.67,-2.78,-0.55,0.0,4430.0,1.0
2025-02-06,2.78,-1.67,0.55,8.13,4300.0,0.0
2025-02-07,5.56,-5.56,0.0,0.0,4750.0,1.0
2025-02-08,0.0,-5.56,-2.78,15.49,4630.0,0.0
2025-02-09,1.11,-1.11,0.0,0.51,4220.0,0.0
2025-02-10,2.78,-5.0,-1.11,0.0,4250.0,1.0
2025-02-11,1.11,-6.11,-2.5,3.56,4060.0,0.0
2025-02-12,1.11,-2.22,-0.56,3.05,3800.0,0.0
2025-02-13,7.78,0.56,4.17,1.52,4090.0,1.0
2025-02-14,1.11,-3.33,-1.11,0.0,4810.0,1.0
2025-02-15,1.67,-3.89,-1.11,6.35,4910.0,1.0
2025-02-16,11.67,0.56,6.12,16.51,6800.0,1.0
2025-02-17,1.11,-3.89,-1.39,0.0,12000.0,1.0
2025-02-18,-3.33,-7.78,-5.56,0.0,9570.0,0.0
2025-02-19,-1.11,-10.0,-5.56,0.0,7500.0,0.0
2025-02-20,-3.33,-9.44,-6.38,0.25,7700.0,1.0
2025-02-21,1.11,-6.67,-2.78,0.0,6910.0,0.0
2025-02-22,3.89,-7.22,-1.66,0.0,6630.0,0.0
2025-02-23,7.78,-2.78,2.5,0.0,6200.0,0.0
2025-02-24,11.67,-3.33,4.17,0.0,5450.0,0.0
2025-02-25,14.44,2.22,8.33,0.0,5000.0,0.0
2025-02-26,14.44,0.0,7.22,0.0,5050.0,1.0
2025-02-27,11.67,6.11,8.89,0.0,5330.0,1.0
2025-02-28,9.0,4.0,6.5,0.0,6260.0,1.0
2025-03-01,17.0,2.0,9.5,0.0,8540.0,1.0
2025-03-02,2.0,-8.0,-3.0,0.0,10100.0,1.0
2025-03-03,3.0,-7.0,-2.0,0.0,9360.0,0.0
2025-03-04,13.89,-2.0,5.94,0.0,8420.0,0.0
2025-03-05,16.11,4.44,10.28,34.29,8370.0,0.0
2025-03-06,13.33,1.67,7.5,0.25,12600.0,1.0
2025-03-07,10.0,0.56,5.28,0.0,25200.0,1.0
2025-03-08,8.33,1.67,5.0,0.0,29000.0,1.0
2025-03-09,12.22,-2.78,4.72,0.0,20000.0,0.0
2025-03-10,18.33,3.33,10.83,0.0,15600.0,0.0
2025-03-11,19.44,0.56,10.0,0.0,13500.0,0.0
2025-03-12,13.33,3.33,8.33,0.0,12200.0,0.0
2025-03-13,11.11,1.67,6.39,0.0,11800.0,0.0
2025-03-14,15.0,2.22,8.61,0.0,11700.0,0.0
2025-03-15,11.11,3.89,7.5,0.0,11100.0,0.0
2025-03-16,20.56,7.78,14.17,5.33,10300.0,0.0
2025-03-17,14.44,1.67,8.06,21.34,11500.0,1.0
2025-03-18,16.67,-0.56,8.06,0.0,18800.0,1.0
2025-03-19,20.0,1.11,10.56,0.0,22100.0,1.0
2025-03-20,17.78,5.56,11.67,16.0,17300.0,0.0
2025-03-21,11.11,3.33,7.22,0.0,15200.0,0.0
2025-03-22,16.11,1.67,8.89,0.0,15000.0,0.0
2025-03-23,8.33,-0.56,3.88,0.0,13400.0,0.0
2025-03-24,11.11,2.78,6.94,10.92,12100.0,0.0
2025-03-25,14.44,5.56,10.0,0.0,11300.0,0.0
2025-03-26,10.56,2.22,6.39,0.25,10600.0,0.0
2025-03-27,10.56,-0.56,5.0,0.0,9610.0,0.0
2025-03-28,17.78,5.0,11.39,0.25,9230.0,0.0
2025-03-29,27.78,6.67,17.23,0.0,8730.0,0.0
2025-03-30,11.67,5.56,8.62,1.02,8170.0,0.0
2025-03-31,25.56,7.78,16.67,33.53,7580.0,0.0
2025-04-01,15.0,3.89,9.44,1.27,13400.0,1.0
2025-04-02,9.44,0.56,5.0,1.27,11700.0,0.0
2025-04-03,22.78,6.11,14.44,0.51,9830.0,0.0
2025-04-04,21.67,12.78,17.23,12.95,9480.0,0.0
2025-04-05,13.89,7.0,10.44,0.51,8860.0,0.0
2025-04-06,12.22,6.67,9.44,0.0,12300.0,1.0
2025-04-07,9.44,3.0,6.22,3.3,11100.0,0.0
2025-04-08,7.78,1.67,4.72,0.0,12200.0,1.0
2025-04-09,8.89,-1.67,3.61,0.0,11300.0,0.0
2025-04-10,10.56,1.67,6.12,0.0,10300.0,0.0
2025-04-11,7.22,4.44,5.83,24.13,9760.0,0.0
2025-04-12,4.44,2.22,3.33,10.92,15300.0,1.0
2025-04-13,15.0,3.89,9.44,0.0,15300.0,0.0
2025-04-14,18.89,6.11,12.5,0.0,16500.0,1.0
2025-04-15,19.44,7.78,13.61,0.0,15200.0,0.0
2025-04-16,10.56,5.56,8.06,0.0,13700.0,0.0
2025-04-17,16.11,2.78,9.44,0.0,12300.0,0.0
2025-04-18,22.78,2.78,12.78,0.0,11400.0,0.0
2025-04-19,26.11,15.0,20.56,0.0,10400.0,0.0
2025-04-20,21.11,11.11,16.11,0.0,9390.0,0.0
2025-04-21,16.11,8.89,12.5,0.0,8860.0,0.0
2025-04-22,23.89,9.44,16.66,0.0,8420.0,0.0
2025-04-23,22.78,11.11,16.94,0.0,8170.0,0.0
2025-04-24,25.56,8.89,17.23,0.0,7720.0,0.0
2025-04-25,25.0,10.0,17.5,0.0,7070.0,0.0
2025-04-26,22.22,11.67,16.94,2.03,6710.0,0.0
2025-04-27,18.89,8.33,13.61,0.0,6980.0,1.0
2025-04-28,22.78,8.33,15.56,0.0,9400.0,1.0
2025-04-29,26.11,8.33,17.22,0.0,10700.0,1.0
2025-04-30,23.89,13.89,18.89,0.0,9040.0,0.0
2025-05-01,23.89,8.33,16.11,0.0,8280.0,0.0
2025-05-02,28.89,12.22,20.56,0.0,7790.0,0.0
2025-05-03,27.78,14.44,21.11,8.38,7500.0,0.0
2025-05-04,21.11,16.11,18.61,1.27,8060.0,1.0
2025-05-05,17.78,15.0,16.39,10.16,9850.0,1.0
2025-05-06,24.44,14.44,19.44,1.27,20200.0,1.0
2025-05-07,23.33,13.89,18.61,0.0,36900.0,1.0
2025-05-08,25.0,12.22,18.61,0.25,50100.0,1.0
2025-05-09,16.11,8.89,12.5,7.62,42800.0,0.0
2025-05-10,22.78,8.89,15.84,0.0,62900.0,1.0
2025-05-11,25.56,8.33,16.94,0.0,65200.0,1.0
2025-05-12,26.11,9.44,17.77,0.0,50100.0,0.0
2025-05-13,19.44,15.56,17.5,14.99,37400.0,0.0
2025-05-14,17.22,14.44,15.83,50.29,40700.0,1.0
2025-05-15,21.67,15.0,18.34,4.06,47100.0,1.0
2025-05-16,23.33,17.78,20.56,11.43,43600.0,0.0
2025-05-17,28.33,15.56,21.94,0.0,41600.0,0.0
2025-05-18,22.78,16.11,19.44,0.0,33800.0,0.0
2025-05-19,21.11,11.67,16.39,0.0,27500.0,0.0
2025-05-20,18.89,6.67,12.78,0.0,22900.0,0.0
2025-05-21,12.22,8.89,10.56,12.45,20200.0,0.0
2025-05-22,11.11,8.89,10.0,17.27,21000.0,1.0
2025-05-23,18.89,8.89,13.89,0.51,24400.0,1.0
2025-05-24,17.78,8.89,13.34,0.76,23000.0,0.0
2025-05-25,19.44,9.44,14.44,0.0,19700.0,0.0
2025-05-26,22.78,8.89,15.84,0.0,17400.0,0.0
2025-05-27,21.67,10.0,15.84,0.0,15400.0,0.0
2025-05-28,15.0,10.56,12.78,11.94,14000.0,0.0
2025-05-29,21.11,11.67,16.39,0.76,14000.0,0.0
2025-05-30,24.44,15.0,19.72,10.92,13500.0,0.0
2025-05-31,20.56,11.67,16.11,12.7,20600.0,1.0
2025-06-01,19.44,8.33,13.89,0.0,29500.0,1.0
2025-06-02,21.67,7.78,14.73,0.0,34700.0,1.0
2025-06-03,26.67,10.0,18.34,0.0,28500.0,0.0
2025-06-04,29.44,12.78,21.11,0.0,22900.0,0.0
2025-06-05,29.44,17.78,23.61,0.0,18200.0,0.0
2025-06-06,30.0,17.22,23.61,0.0,15800.0,0.0
2025-06-07,25.0,18.89,21.94,3.56,15500.0,0.0
2025-06-08,22.78,16.67,19.73,0.25,14900.0,0.0
2025-06-09,19.44,15.0,17.22,0.76,16900.0,1.0
2025-06-10,26.11,16.67,21.39,6.35,17700.0,1.0
2025-06-11,27.78,17.78,22.78,0.0,18400.0,1.0
2025-06-12,31.11,16.11,23.61,0.0,17100.0,0.0
2025-06-13,25.0,19.44,22.22,0.0,15200.0,0.0
2025-06-14,19.44,15.0,17.22,18.54,13700.0,0.0
2025-06-15,16.11,13.89,15.0,4.32,13000.0,0.0
2025-06-16,18.33,14.44,16.38,0.25,13300.0,1.0
2025-06-17,22.78,15.56,19.17,0.0,13900.0,1.0
2025-06-18,28.89,19.0,23.94,1.27,13700.0,0.0
2025-06-19,32.22,20.56,26.39,10.92,14600.0,1.0
2025-06-20,27.78,18.33,23.06,0.0,17400.0,1.0
2025-06-21,31.11,21.11,26.11,0.0,16200.0,0.0
2025-06-22,30.0,22.22,26.11,1.52,13500.0,0.0
2025-06-23,35.56,25.0,30.28,0.0,11500.0,0.0
2025-06-24,36.11,25.56,30.84,0.0,19400.0,1.0
2025-06-25,35.56,25.0,30.28,0.25,16700.0,0.0
2025-06-26,27.78,17.78,22.78,1.02,14300.0,0.0
2025-06-27,20.0,17.22,18.61,1.27,12500.0,0.0
2025-06-28,29.44,16.11,22.78,0.51,10900.0,0.0
2025-06-29,32.22,22.78,27.5,0.0,10100.0,0.0
2025-06-30,32.78,21.11,26.94,8.89,9540.0,0.0
2025-07-01,31.67,21.67,26.67,19.05,9460.0,0.0
2025-07-02,29.44,21.11,25.28,1.27,10800.0,1.0
2025-07-03,31.11,18.33,24.72,6.6,9350.0,0.0
2025-07-04,27.22,16.67,21.94,0.0,10200.0,1.0
2025-07-05,30.0,15.56,22.78,0.0,8940.0,0.0
2025-07-06,31.11,20.56,25.84,0.0,8630.0,0.0
2025-07-07,31.67,23.0,27.34,1.78,7640.0,0.0
2025-07-08,33.33,22.22,27.78,30.73,7120.0,0.0
2025-07-09,31.11,20.56,25.84,5.84,6900.0,0.0
2025-07-10,27.78,18.89,23.34,0.0,6820.0,0.0
2025-07-11,29.44,20.56,25.0,0.0,6020.0,0.0
2025-07-12,30.56,22.78,26.67,0.0,5930.0,0.0
2025-07-13,28.89,22.78,25.84,0.0,6030.0,1.0
2025-07-14,31.11,22.22,26.66,13.72,6060.0,1.0
2025-07-15,30.0,22.22,26.11,0.25,11100.0,1.0
2025-07-16,31.11,22.78,26.94,9.14,20500.0,1.0
2025-07-17,32.78,22.0,27.39,2.03,14700.0,0.0
2025-07-18,27.22,20.0,23.61,0.0,11300.0,0.0
2025-07-19,24.44,20.0,22.22,2.03,9410.0,0.0
2025-07-20,31.11,22.78,26.94,10.92,8060.0,0.0
2025-07-21,28.89,20.56,24.72,0.0,7110.0,0.0
2025-07-22,26.11,16.67,21.39,0.0,6380.0,0.0
2025-07-23,28.33,17.22,22.78,0.0,5800.0,0.0
2025-07-24,30.0,18.33,24.16,0.0,5500.0,0.0
2025-07-25,34.44,22.22,28.33,7.37,5260.0,0.0
2025-07-26,28.33,22.22,25.28,0.0,5490.0,1.0
2025-07-27,30.56,21.11,25.84,3.56,5760.0,1.0
2025-07-28,33.33,22.78,28.06,0.0,5800.0,1.0
2025-07-29,35.0,22.78,28.89,0.0,5280.0,0.0
2025-07-30,34.44,23.33,28.88,0.0,5090.0,0.0
2025-07-31,32.78,19.44,26.11,11.18,5300.0,1.0
2025-08-01,22.22,17.0,19.61,0.0,6100.0,1.0
2025-08-02,26.11,15.56,20.84,0.0,6690.0,1.0
2025-08-03,27.22,13.33,20.27,0.0,7000.0,1.0
2025-08-04,30.56,15.0,22.78,0.0,6350.0,0.0
2025-08-05,28.33,16.67,22.5,0.0,5410.0,0.0
2025-08-06,23.89,20.0,21.94,0.0,4320.0,0.0
2025-08-07,26.11,17.22,21.66,0.0,3990.0,0.0
2025-08-08,26.67,14.44,20.56,0.0,3780.0,0.0
2025-08-09,28.33,13.33,20.83,0.0,3630.0,0.0
2025-08-10,29.44,13.89,21.66,0.0,3810.0,1.0
2025-08-11,30.0,16.67,23.34,0.0,4130.0,1.0
2025-08-12,31.67,18.33,25.0,0.0,3950.0,0.0
2025-08-13,33.33,21.67,27.5,4.83,3710.0,0.0
2025-08-14,30.56,22.22,26.39,0.0,4670.0,1.0
2025-08-15,31.0,23.0,27.0,0.0,4990.0,1.0
2025-08-16,31.11,22.78,26.94,0.0,4600.0,0.0
2025-08-17,33.33,21.11,27.22,12.7,4120.0,0.0
2025-08-18,22.78,17.78,20.28,0.0,4180.0,1.0
2025-08-19,23.89,17.22,20.56,0.0,3810.0,0.0
2025-08-20,20.56,15.0,17.78,3.05,3340.0,0.0
2025-08-21,22.22,15.0,18.61,0.25,3440.0,1.0
2025-08-22,27.22,13.89,20.56,0.0,3720.0,1.0
2025-08-23,27.22,13.89,20.56,0.0,3740.0,1.0
2025-08-24,27.78,15.56,21.67,0.0,3790.0,1.0
2025-08-25,28.89,18.33,23.61,0.0,4140.0,1.0
2025-08-26,25.56,14.44,20.0,0.0,3860.0,0.0
2025-08-27,23.89,12.78,18.34,0.0,3160.0,0.0
2025-08-28,25.0,9.44,17.22,0.0,3000.0,0.0
2025-08-29,25.0,14.44,19.72,0.0,3040.0,1.0
2025-08-30,23.89,11.11,17.5,0.0,2920.0,0.0
2025-08-31,26.11,11.67,18.89,0.0,3090.0,1.0
2025-09-01,26.11,13.33,19.72,0.0,3390.0,1.0
2025-09-02,25.0,13.33,19.16,0.0,3210.0,0.0
2025-09-03,26.11,12.22,19.16,0.0,2800.0,0.0
2025-09-04,28.89,13.89,21.39,7.11,2830.0,1.0
2025-09-05,30.0,17.78,23.89,0.0,4490.0,1.0
2025-09-06,30.56,19.44,25.0,2.03,4690.0,1.0
2025-09-07,22.78,13.89,18.34,15.49,3700.0,0.0
2025-09-08,23.33,10.56,16.94,0.0,3100.0,0.0
2025-09-09,22.78,11.11,16.94,0.0,3170.0,1.0
2025-09-10,21.11,16.11,18.61,0.0,3080.0,0.0
2025-09-11,26.67,13.89,20.28,0.0,2780.0,0.0
2025-09-12,25.56,13.33,19.44,0.0,2740.0,0.0
2025-09-13,27.22,14.44,20.83,0.0,2690.0,0.0
2025-09-14,28.33,16.11,22.22,0.0,2690.0,0.0
2025-09-15,27.22,16.67,21.94,0.0,2790.0,1.0
2025-09-16,22.78,16.67,19.73,0.25,2960.0,1.0
2025-09-17,20.56,16.11,18.34,9.4,2870.0,0.0
2025-09-18,28.33,16.67,22.5,0.0,2960.0,1.0
2025-09-19,29.44,16.11,22.78,0.0,2870.0,0.0
2025-09-20,23.33,14.44,18.88,0.0,2770.0,0.0
2025-09-21,21.67,12.22,16.94,0.0,2770.0,0.0
2025-09-22,22.22,10.0,16.11,0.0,2880.0,1.0
2025-09-23,28.89,16.11,22.5,0.76,3000.0,1.0
2025-09-24,25.56,19.44,22.5,3.56,2980.0,0.0
2025-09-25,26.67,20.0,23.34,3.56,3160.0,1.0
2025-09-26,27.78,18.0,22.89,0.0,3380.0,1.0
2025-09-27,26.67,16.11,21.39,2.29,3450.0,1.0
2025-09-28,28.89,16.0,22.44,3.56,4550.0,1.0
2025-09-29,26.11,17.78,21.94,0.0,4210.0,0.0
2025-09-30,27.22,15.56,21.39,0.0,3290.0,0.0
2025-10-01,21.67,12.78,17.23,0.0,2820.0,0.0
2025-10-02,20.0,9.44,14.72,0.0,2770.0,0.0
2025-10-03,22.22,6.67,14.44,0.0,2810.0,1.0
2025-10-04,27.22,8.89,18.06,0.0,2810.0,0.0
2025-10-05,28.33,12.78,20.56,0.0,3170.0,1.0
2025-10-06,26.67,11.11,18.89,0.0,3080.0,0.0
2025-10-07,26.67,15.56,21.12,0.0,3120.0,1.0
2025-10-08,21.67,12.22,16.94,5.59,3190.0,1.0
2025-10-09,16.67,6.67,11.67,0.0,3320.0,1.0
2025-10-10,16.67,3.89,10.28,0.0,3060.0,0.0
2025-10-11,17.78,10.0,13.89,2.29,2960.0,0.0
2025-10-12,16.67,12.78,14.73,0.76,3270.0,1.0
2025-10-13,13.89,11.67,12.78,2.79,3550.0,1.0
2025-10-14,18.33,11.67,15.0,0.51,3320.0,0.0
2025-10-15,19.44,10.56,15.0,0.0,2850.0,0.0
2025-10-16,16.11,5.56,10.84,0.0,2820.0,0.0
2025-10-17,17.22,6.11,11.66,0.0,2930.0,1.0
2025-10-18,20.0,6.11,13.06,0.0,2960.0,1.0
2025-10-19,24.44,8.33,16.39,0.0,3060.0,1.0
2025-10-20,19.44,9.44,14.44,2.54,2870.0,0.0
2025-10-21,20.56,5.0,12.78,2.29,2790.0,0.0
2025-10-22,17.22,10.56,13.89,2.79,2690.0,0.0
2025-10-23,14.44,6.67,10.56,0.0,2630.0,0.0
2025-10-24,13.89,5.0,9.44,0.0,2900.0,1.0
2025-10-25,15.56,3.89,9.72,0.0,3280.0,1.0
2025-10-26,15.56,3.89,9.72,0.0,3470.0,1.0
2025-10-27,14.44,1.67,8.06,0.0,3270.0,0.0
2025-10-28,11.67,4.44,8.06,0.0,3080.0,0.0
2025-10-29,12.78,8.33,10.56,3.05,2940.0,0.0
2025-10-30,17.78,10.0,13.89,32.0,3410.0,1.0
2025-10-31,13.89,10.0,11.94,0.0,5470.0,1.0
2025-11-01,15.0,3.89,9.44,0.0,5940.0,1.0
2025-11-02,16.11,1.11,8.61,0.0,5870.0,0.0
2025-11-03,13.33,4.44,8.88,0.0,5960.0,1.0
2025-11-04,15.56,8.33,11.94,0.0,4850.0,0.0
2025-11-05,18.89,3.33,11.11,0.0,4380.0,0.0
2025-11-06,12.78,2.22,7.5,0.0,3960.0,0.0
2025-11-07,15.56,-1.67,6.94,0.0,3650.0,0.0
2025-11-08,18.89,8.33,13.61,2.54,3350.0,0.0
2025-11-09,16.67,6.11,11.39,6.35,3200.0,0.0
2025-11-10,13.0,1.67,7.34,4.06,3370.0,1.0
2025-11-11,4.44,-1.11,1.66,0.0,3580.0,1.0
2025-11-12,10.56,2.22,6.39,0.0,4360.0,1.0
2025-11-13,10.56,5.0,7.78,0.0,5290.0,1.0
2025-11-14,11.67,-0.56,5.56,0.0,4740.0,0.0
2025-11-15,10.56,0.56,5.56,0.0,4230.0,0.0
2025-11-16,13.33,3.33,8.33,2.54,3980.0,0.0
2025-11-17,7.22,2.22,4.72,0.0,3830.0,0.0
2025-11-18,7.78,1.67,4.72,0.0,3800.0,0.0
2025-11-19,7.22,1.11,4.16,7.11,4740.0,1.0
2025-11-20,8.33,-0.56,3.88,0.0,4730.0,0.0
2025-11-21,10.56,5.56,8.06,0.0,4270.0,0.0
2025-11-22,10.56,1.11,5.84,5.08,4020.0,0.0
2025-11-23,10.0,-2.22,3.89,0.0,3820.0,0.0
2025-11-24,11.11,2.78,6.94,0.0,3680.0,0.0
2025-11-25,13.33,1.67,7.5,17.27,3600.0,0.0
2025-11-26,15.0,6.67,10.84,2.79,3940.0,1.0
2025-11-27,6.67,0.56,3.62,0.0,3930.0,0.0
2025-11-28,5.0,-1.11,1.94,0.0,3710.0,0.0
2025-11-29,5.0,-1.11,1.94,0.0,3750.0,1.0
2025-11-30,5.0,-1.67,1.66,1.02,3840.0,1.0
2025-12-01,5.56,-1.67,1.94,0.0,3620.0,0.0
2025-12-02,3.89,-1.67,1.11,20.07,3610.0,0.0
2025-12-03,4.44,-2.22,1.11,0.0,4110.0,1.0
2025-12-04,3.89,-5.0,-0.55,0.0,3750.0,0.0
2025-12-05,-1.11,-6.67,-3.89,0.0,3550.0,0.0
2025-12-06,4.44,-3.33,0.56,0.51,3400.0,0.0
2025-12-07,4.44,-4.44,0.0,0.0,3030.0,0.0
2025-12-08,1.11,-7.22,-3.06,0.0,2930.0,0.0
2025-12-09,0.0,-11.67,-5.84,0.0,3010.0,1.0
2025-12-10,6.11,-2.22,1.94,3.81,2770.0,0.0
2025-12-11,3.33,-2.22,0.55,0.0,2730.0,0.0
2025-12-12,1.11,-6.11,-2.5,0.0,2810.0,1.0
2025-12-13,5.56,-7.78,-1.11,1.02,2780.0,0.0
2025-12-14,0.0,-8.33,-4.16,12.95,2890.0,1.0
2025-12-15,-3.89,-8.89,-6.39,0.0,3570.0,1.0
2025-12-16,-1.11,-9.44,-5.28,0.0,2770.0,0.0
2025-12-17,6.67,-7.22,-0.27,0.0,3110.0,1.0
2025-12-18,10.0,-3.33,3.34,0.0,3090.0,0.0
2025-12-19,14.0,-2.22,5.89,32.0,5020.0,1.0
2025-12-20,1.67,-3.89,-1.11,0.0,8870.0,1.0
2025-12-21,6.67,-3.33,1.67,0.0,14000.0,1.0
2025-12-22,2.78,-6.11,-1.67,0.0,13900.0,0.0
2025-12-23,2.78,0.0,1.39,0.51,11000.0,0.0
2025-12-24,8.33,0.0,4.16,0.0,9380.0,0.0
2025-12-25,9.44,-2.22,3.61,0.0,8020.0,0.0
2025-12-26,-1.11,-6.11,-3.61,12.45,7160.0,0.0
2025-12-27,-0.56,-5.56,-3.06,1.02,6550.0,0.0
2025-12-28,1.0,-6.67,-2.84,0.0,5720.0,0.0
2025-12-29,10.56,-0.56,5.0,1.52,5240.0,0.0
2025-12-30,-0.56,-2.78,-1.67,0.0,5870.0,1.0
2025-12-31,0.0,-3.89,-1.94,0.0,6150.0,1.0
2026-01-01,1.11,-6.67,-2.78,0.51,6490.0,1.0
2026-01-02,-1.11,-7.22,-4.16,0.51,6390.0,0.0
2026-01-03,-1.67,-8.33,-5.0,0.0,5410.0,0.0
2026-01-04,1.11,-4.44,-1.66,0.0,4760.0,0.0
2026-01-05,2.22,-6.11,-1.94,0.0,4710.0,0.0
2026-01-06,5.0,-3.33,0.84,0.0,4520.0,0.0
2026-01-07,11.11,1.67,6.39,0.0,5020.0,1.0
2026-01-08,10.56,-1.11,4.73,0.0,5220.0,1.0
2026-01-09,11.67,-1.67,5.0,0.76,5310.0,1.0
2026-01-10,11.11,3.89,7.5,18.29,5740.0,1.0
2026-01-11,7.78,0.56,4.17,0.0,6980.0,1.0
2026-01-12,4.44,-2.22,1.11,0.0,7800.0,1.0
2026-01-13,8.89,-4.44,2.22,0.0,8700.0,1.0
2026-01-14,12.22,3.33,7.78,0.0,8330.0,0.0
2026-01-15,6.11,-5.56,0.28,0.0,7710.0,0.0
2026-01-16,0.0,-6.67,-3.34,0.0,7410.0,0.0
2026-01-17,0.56,-3.33,-1.38,4.83,7320.0,0.0
2026-01-18,0.0,-4.44,-2.22,9.65,7270.0,0.0
2026-01-19,0.0,-9.44,-4.72,0.0,6510.0,0.0
2026-01-20,-4.44,-13.33,-8.88,0.0,5790.0,0.0
2026-01-21,2.78,-18.33,-7.78,0.0,5570.0,0.0
2026-01-22,8.33,1.11,4.72,0.0,5530.0,0.0
2026-01-23,1.67,-11.11,-4.72,0.0,5380.0,0.0
2026-01-24,-8.89,-13.89,-11.39,0.0,5320.0,0.0
2026-01-25,-6.67,-12.22,-9.44,31.24,5070.0,0.0
2026-01-26,-3.33,-8.33,-5.83,0.0,4340.0,0.0
2026-01-27,-6.11,-12.22,-9.17,0.0,3640.0,0.0
2026-01-28,-6.67,-11.67,-9.17,0.0,4620.0,1.0
2026-01-29,-6.67,-13.89,-10.28,0.0,5170.0,1.0
2026-01-30,-8.33,-13.89,-11.11,0.0,5830.0,1.0
2026-01-31,-5.56,-15.56,-10.56,0.0,6300.0,1.0
2026-02-01,-5.0,-13.89,-9.44,0.0,6320.0,1.0
2026-02-02,0.0,-10.0,-5.0,0.0,5880.0,0.0
2026-02-03,1.11,-10.0,-4.44,0.0,5290.0,0.0
2026-02-04,0.0,-5.56,-2.78,0.0,5060.0,0.0
2026-02-05,0.0,-9.44,-4.72,0.0,4830.0,0.0
2026-02-06,-1.11,-11.11,-6.11,0.51,4510.0,0.0
2026-02-07,-3.33,-15.0,-9.16,0.25,4360.0,0.0
2026-02-08,-8.33,-16.11,-12.22,0.0,4010.0,0.0
2026-02-09,-1.67,-13.89,-7.78,0.0,4290.0,1.0
2026-02-10,1.67,-8.33,-3.33,0.0,4460.0,1.0
2026-02-11,6.11,-3.33,1.39,0.0,4540.0,1.0
2026-02-12,2.22,-3.33,-0.55,0.0,4530.0,0.0
2026-02-13,1.67,-7.22,-2.78,0.0,4260.0,0.0
2026-02-14,8.33,-4.44,1.94,0.0,4170.0,0.0
2026-02-15,5.56,-4.44,0.56,1.02,3980.0,0.0
2026-02-16,2.78,-1.11,0.83,2.03,4000.0,1.0
2026-02-17,5.56,0.56,3.06,0.0,4080.0,1.0
2026-02-18,5.56,0.56,3.06,0.25,4380.0,1.0
2026-02-19,5.56,1.67,3.62,0.0,5290.0,1.0
2026-02-20,5.0,1.67,3.34,9.14,8670.0,1.0
2026-02-21,8.89,0.0,4.44,0.0,11000.0,1.0
2026-02-22,3.33,-1.11,1.11,16.51,11200.0,1.0
2026-02-23,2.22,-1.67,0.28,20.07,10600.0,0.0
2026-02-24,-0.56,-8.33,-4.44,0.0,8880.0,0.0
2026-02-25,5.56,-6.11,-0.28,1.27,7760.0,0.0
2026-02-26,7.22,-2.78,2.22,0.0,7090.0,0.0
2026-02-27,7.78,-5.0,1.39,0.0,6810.0,0.0
2026-02-28,12.78,-3.89,4.44,0.0,6660.0,0.0
2026-03-01,5.56,-1.67,1.94,0.0,7170.0,1.0
2026-03-02,0.56,-6.11,-2.78,0.0,6980.0,0.0
2026-03-03,3.33,-1.67,0.83,7.62,6780.0,0.0
2026-03-04,8.33,2.78,5.56,0.51,7810.0,1.0
2026-03-05,6.67,3.89,5.28,22.1,9300.0,1.0
2026-03-06,5.0,2.78,3.89,1.78,23600.0,1.0
2026-03-07,10.56,2.22,6.39,0.0,32200.0,1.0
2026-03-08,21.67,8.33,15.0,0.0,30700.0,0.0
2026-03-09,22.22,1.67,11.94,0.0,33000.0,1.0
2026-03-10,26.67,5.0,15.84,0.0,37500.0,1.0
2026-03-11,25.0,10.56,17.78,2.79,32200.0,0.0
2026-03-12,16.67,0.56,8.62,4.57,34100.0,1.0
2026-03-13,7.78,-3.33,2.22,0.0,37800.0,1.0
2026-03-14,11.67,-1.67,5.0,0.0,30700.0,0.0
2026-03-15,9.44,1.11,5.28,0.0,23900.0,0.0
2026-03-16,18.89,4.44,11.66,16.0,21000.0,0.0
2026-03-17,4.44,-2.22,1.11,0.0,27200.0,1.0
2026-03-18,2.78,-5.0,-1.11,0.0,35900.0,1.0
2026-03-19,8.33,-1.67,3.33,0.0,31900.0,0.0
2026-03-20,20.0,-0.56,9.72,4.32,25300.0,0.0
2026-03-21,14.44,6.11,10.28,0.0,22200.0,0.0
2026-03-22,21.67,5.56,13.62,0.51,22800.0,1.0
2026-03-23,11.67,0.56,6.12,7.37,25200.0,1.0
2026-03-24,8.89,-2.22,3.34,0.0,32800.0,1.0
2026-03-25,13.33,0.0,6.66,0.0,30100.0,0.0
2026-03-26,23.89,7.22,15.56,0.76,27100.0,0.0
2026-03-27,18.33,2.78,10.56,1.02,23900.0,0.0
2026-03-28,6.67,-1.67,2.5,0.0,22100.0,0.0
2026-03-29,13.33,-5.0,4.16,0.0,19800.0,0.0
2026-03-30,21.11,5.0,13.06,0.0,18400.0,0.0
2026-03-31,26.11,15.0,20.56,0.0,17100.0,0.0
2026-04-01,26.67,12.22,19.44,1.02,15900.0,0.0
2026-04-02,12.22,4.44,8.33,1.02,16500.0,1.0
2026-04-03,19.44,4.44,11.94,0.0,22000.0,1.0
2026-04-04,25.56,6.11,15.84,1.78,23600.0,1.0
2026-04-05,17.78,6.11,11.94,8.89,20600.0,0.0
2026-04-06,13.33,4.44,8.88,0.0,19100.0,0.0
2026-04-07,11.67,0.0,5.84,0.0,18400.0,0.0
2026-04-08,10.0,-2.78,3.61,0.0,16600.0,0.0
2026-04-09,15.0,-2.22,6.39,0.0,14800.0,0.0
2026-04-10,20.56,3.89,12.22,0.0,13600.0,0.0
2026-04-11,17.22,8.33,12.77,0.0,12600.0,0.0
2026-04-12,17.78,3.89,10.84,0.0,11200.0,0.0
2026-04-13,25.56,7.22,16.39,1.27,10500.0,0.0
2026-04-14,28.89,13.33,21.11,0.0,9790.0,0.0
2026-04-15,31.11,15.56,23.34,0.0,9390.0,0.0
2026-04-16,31.11,16.67,23.89,0.0,8990.0,0.0
2026-04-17,26.67,14.44,20.56,0.0,8580.0,0.0
2026-04-18,21.11,8.89,15.0,0.0,9160.0,1.0
2026-04-19,10.56,1.67,6.12,1.52,9140.0,0.0
2026-04-20,11.67,-0.56,5.56,0.0,8810.0,0.0
2026-04-21,12.22,-2.78,4.72,0.0,9160.0,1.0
2026-04-22,15.56,6.67,11.12,0.25,9270.0,1.0
2026-04-23,25.0,5.0,15.0,0.0,8690.0,0.0
2026-04-24,22.78,8.33,15.56,0.0,8270.0,0.0
2026-04-25,9.44,5.0,7.22,20.07,8190.0,0.0
2026-04-26,15.0,5.0,10.0,0.25,9710.0,1.0
2026-04-27,20.56,3.33,11.94,0.0,12700.0,1.0
2026-04-28,16.67,4.44,10.56,0.0,13300.0,1.0
2026-04-29,18.33,8.89,13.61,5.59,12300.0,0.0
2026-04-30,17.22,8.33,12.77,2.54,12300.0,0.0
2026-05-01,17.78,5.56,11.67,0.0,13500.0,1.0
2026-05-02,16.11,7.78,11.94,0.0,14300.0,1.0
2026-05-03,15.56,6.11,10.84,0.0,13300.0,0.0
2026-05-04,22.22,5.56,13.89,0.0,12700.0,0.0
2026-05-05,27.78,12.22,20.0,0.0,11900.0,0.0
2026-05-06,20.0,12.78,16.39,2.79,11300.0,0.0
2026-05-07,18.33,9.44,13.88,6.6,11100.0,0.0
2026-05-08,18.89,6.67,12.78,0.0,11300.0,1.0
2026-05-09,17.78,8.89,13.34,4.57,11500.0,1.0
2026-05-10,25.0,8.33,16.66,1.27,10800.0,0.0
2026-05-11,16.11,8.33,12.22,0.0,11900.0,1.0
2026-05-12,18.89,4.44,11.66,0.0,12900.0,1.0
2026-05-13,23.33,9.44,16.38,0.51,11700.0,0.0
2026-05-14,18.33,10.56,14.44,1.27,10900.0,0.0
2026-05-15,19.44,10.0,14.72,0.0,11100.0,1.0
2026-05-16,27.78,7.22,17.5,0.0,12500.0,1.0
2026-05-17,30.56,16.11,23.34,0.0,11200.0,0.0
2026-05-18,34.44,16.67,25.56,0.0,10100.0,0.0
2026-05-19,35.56,20.0,27.78,1.27,9140.0,0.0
2026-05-20,33.89,17.22,25.56,16.0,8570.0,0.0
2026-05-21,17.22,12.22,14.72,3.3,8100.0,0.0
2026-05-22,18.89,11.67,15.28,0.0,7380.0,0.0
2026-05-23,12.22,10.0,11.11,10.92,6930.0,0.0
2026-05-24,14.44,10.56,12.5,29.97,8180.0,1.0
2026-05-25,22.78,12.78,17.78,1.52,11100.0,1.0
2026-05-26,27.78,13.89,20.84,0.0,12300.0,1.0
2026-05-27,27.78,17.78,22.78,0.51,11900.0,0.0
2026-05-28,25.0,14.44,19.72,0.0,10400.0,0.0
2026-05-29,25.0,11.67,18.34,0.0,8870.0,0.0
2026-05-30,20.0,9.44,14.72,0.0,7380.0,0.0
2026-05-31,24.44,6.67,15.56,0.0,6820.0,0.0
2026-06-01,23.89,10.56,17.23,0.0,6080.0,0.0
2026-06-02,25.0,7.78,16.39,0.0,5820.0,0.0
2026-06-03,27.78,13.33,20.56,0.0,5500.0,0.0
2026-06-04,30.0,11.67,20.84,0.0,5160.0,0.0
2026-06-05,32.22,14.44,23.33,0.0,4820.0,0.0
2026-06-06,31.67,17.78,24.72,5.84,4560.0,0.0
2026-06-07,29.44,17.22,23.33,0.0,4750.0,1.0
2026-06-08,24.44,13.89,19.16,0.0,4770.0,1.0
2026-06-09,27.78,10.56,19.17,0.0,4370.0,0.0
2026-06-10,28.89,18.33,23.61,2.29,3920.0,0.0
2026-06-11,33.89,21.11,27.5,0.0,3890.0,0.0
2026-06-12,34.44,22.22,28.33,0.0,3640.0,0.0
2026-06-13,31.11,20.0,25.56,0.0,3850.0,1.0
2026-06-14,32.78,17.78,25.28,19.56,4090.0,1.0
2026-06-15,24.44,15.56,20.0,6.1,4560.0,1.0
2026-06-16,24.44,11.67,18.06,0.0,4370.0,0.0
2026-06-17,28.33,13.33,20.83,1.27,4060.0,0.0
2026-06-18,31.67,20.56,26.12,0.0,4100.0,1.0
2026-06-19,28.33,20.0,24.16,0.0,3780.0,0.0
2026-06-20,28.33,17.78,23.06,0.0,3230.0,0.0
2026-06-21,28.89,16.67,22.78,0.0,3020.0,0.0
2026-06-22,29.44,17.78,23.61,34.8,3360.0,1.0
2026-06-23,22.22,17.78,20.0,5.84,3600.0,1.0
2026-06-24,27.78,15.56,21.67,0.0,3630.0,1.0
2026-06-25,29.44,15.0,22.22,0.0,3680.0,1.0
2026-06-26,28.33,18.89,23.61,0.0,3800.0,1.0
2026-06-27,24.44,19.44,21.94,1.27,4580.0,1.0
2026-06-28,27.78,19.44,23.61,0.0,4560.0,0.0
2026-06-29,30.56,17.22,23.89,0.0,4540.0,0.0
2026-06-30,31.11,18.89,25.0,0.0,3880.0,0.0
2026-07-01,35.0,21.67,28.34,0.0,3450.0,0.0
2026-07-02,38.33,25.56,31.94,0.0,3350.0,0.0
2026-07-03,38.33,22.78,30.56,5.84,3100.0,0.0
2026-07-04,36.67,22.22,29.44,16.26,3460.0,1.0
2026-07-05,31.11,21.67,26.39,20.57,3670.0,1.0
2026-07-06,23.33,18.89,21.11,11.18,4460.0,1.0
2026-07-07,22.78,17.78,20.28,0.0,11000.0,1.0
2026-07-08,28.89,17.78,23.34,0.0,13300.0,1.0
2026-07-09,27.22,20.0,23.61,13.97,10400.0,0.0
2026-07-10,30.0,22.22,26.11,0.0,7780.0,0.0
2026-07-11,27.78,20.0,23.89,0.0,6530.0,0.0
2026-07-12,28.89,18.89,23.89,0.0,5790.0,0.0
2026-07-13,29.44,17.22,23.33,0.0,4900.0,0.0
2026-07-14,32.78,18.89,25.84,0.0,4360.0,0.0
2026-07-15,36.11,23.89,30.0,0.0,,
2026-07-16,32.78,22.22,27.5,0.0,,
2026-07-17,30.56,20.0,25.28,0.0,3880.0,
2026-07-18,26.11,20.0,23.06,36.07,4110.0,1.0
2026-07-19,26.67,17.78,22.22,0.0,4000.0,0.0
2026-07-20,28.33,13.89,21.11,0.0,3720.0,0.0
2026-07-21,30.0,21.11,25.56,3.81,3500.0,0.0
2026-07-22,30.56,21.67,26.12,0.0,4550.0,1.0
2026-07-23,26.67,16.11,21.39,0.0,5440.0,1.0
2026-07-24,27.78,13.89,20.84,0.0,5150.0,0.0
2026-07-25,26.67,15.56,21.12,0.0,4670.0,0.0
2026-07-26,28.89,14.44,21.66,0.0,4210.0,0.0
2026-07-27,30.56,19.44,25.0,2.29,4040.0,0.0
2026-07-28,28.33,19.44,23.88,7.11,3860.0,0.0
2026-07-29,28.33,19.44,23.88,0.0,11300.0,1.0
2026-07-30,27.22,20.0,23.61,8.13,18200.0,1.0
2026-07-31,30.0,18.33,24.16,0.0,22500.0,1.0
2026-08-01,31.11,19.44,25.28,0.0,13000.0,0.0
2026-08-02,30.56,22.78,26.67,4.06,9490.0,0.0
2026-08-03,30.56,20.0,25.28,57.91,10600.0,1.0
2026-08-04,29.44,17.22,23.33,0.0,9450.0,0.0
2026-08-05,28.89,19.44,24.16,26.42,9290.0,0.0
2026-08-06,32.78,22.78,27.78,0.0,8690.0,0.0
2026-08-07,33.89,21.67,27.78,1.52,7110.0,0.0
2026-08-08,32.22,21.67,26.94,0.51,10600.0,1.0
2026-08-09,32.22,21.11,26.66,0.0,12200.0,1.0
2026-08-10,31.67,20.0,25.84,0.51,10100.0,0.0
2026-08-11,29.44,21.11,25.28,1.02,8090.0,0.0
2026-08-12,29.44,21.11,25.28,0.0,7850.0,0.0
2026-08-13,30.0,21.67,25.84,0.0,7770.0,0.0
2026-08-14,29.44,21.11,25.28,0.0,6760.0,0.0
2026-08-15,29.44,18.89,24.16,0.0,6830.0,1.0
2026-08-16,25.56,17.78,21.67,7.11,6400.0,0.0
2026-08-17,29.44,19.44,24.44,15.24,6220.0,0.0
2026-08-18,29.44,21.11,25.28,0.0,6740.0,1.0
2026-08-19,30.0,18.89,24.44,0.0,5880.0,0.0
2026-08-20,28.33,18.33,23.33,33.02,5800.0,0.0
2026-08-21,27.22,16.67,21.94,0.0,8300.0,1.0
2026-08-22,26.67,18.89,22.78,0.0,8450.0,1.0
2026-08-23,27.22,16.67,21.94,9.65,7500.0,0.0
2026-08-24,26.11,13.89,20.0,0.0,7430.0,0.0
2026-08-25,25.0,15.0,20.0,0.0,6160.0,0.0
2026-08-26,27.78,15.56,21.67,0.0,5420.0,0.0
2026-08-27,26.67,19.44,23.06,29.46,5670.0,1.0
2026-08-28,28.33,18.89,23.61,0.0,6100.0,1.0
2026-08-29,25.56,15.0,20.28,0.0,5690.0,0.0
2026-08-30,28.89,13.33,21.11,9.14,5970.0,1.0
2026-08-31,25.56,19.44,22.5,0.0,6130.0,1.0
2026-09-01,31.11,21.11,26.11,24.64,5150.0,0.0
2026-09-02,22.22,19.44,20.83,0.0,4890.0,0.0
2026-09-03,31.11,20.0,25.56,10.92,5710.0,1.0
2026-09-04,30.0,22.78,26.39,1.78,8370.0,1.0
2026-09-05,27.22,18.33,22.78,0.0,12500.0,1.0
2026-09-06,26.11,16.11,21.11,0.0,13900.0,1.0
2026-09-07,26.11,15.0,20.56,0.0,10100.0,0.0
2026-09-08,27.78,13.33,20.56,0.0,7830.0,0.0
2026-09-09,30.56,16.11,23.34,0.0,6460.0,0.0
2026-09-10,30.56,21.67,26.12,0.0,5760.0,0.0
2026-09-11,26.67,15.56,21.12,0.0,5350.0,0.0
2026-09-12,27.22,13.33,20.27,0.0,5260.0,0.0
2026-09-13,27.78,18.89,23.34,24.89,5530.0,1.0
2026-09-14,23.89,13.33,18.61,0.0,5690.0,1.0
2026-09-15,23.33,10.56,16.94,0.0,5190.0,0.0
2026-09-16,27.78,13.33,20.56,0.0,5420.0,1.0
2026-09-17,28.89,19.44,24.16,0.0,4980.0,0.0
2026-09-18,28.33,18.33,23.33,0.0,4560.0,0.0
2026-09-19,22.78,16.11,19.44,0.0,4340.0,0.0
2026-09-20,22.78,17.22,20.0,26.16,4370.0,1.0
2026-09-21,22.78,16.11,19.44,0.51,5620.0,1.0
2026-09-22,18.33,13.33,15.83,5.33,5590.0,0.0
2026-09-23,20.56,11.67,16.11,0.0,5780.0,1.0
2026-09-24,18.33,10.0,14.16,0.0,5400.0,0.0
2026-09-25,21.11,12.78,16.94,0.0,4750.0,0.0
2026-09-26,17.78,12.78,15.28,10.92,4400.0,0.0
2026-09-27,18.33,13.89,16.11,35.56,6350.0,1.0
2026-09-28,19.44,15.0,17.22,1.27,7310.0,1.0
2026-09-29,22.78,13.89,18.34,0.0,6560.0,0.0
2026-09-30,24.44,13.33,18.89,0.0,6060.0,0.0
2026-10-01,25.80,16.80,21.30,0.00,5680.0,0.0
2026-10-02,28.80,18.70,23.75,1.30,5170.0,0.0
2026-10-03,21.80,14.50,18.15,0.00,4690.0,0.0
2026-10-04,15.90,13.30,14.60,2.80,4260.0,0.0
2026-10-05,21.10,12.40,16.75,0.00,3900.0,0.0
2026-10-06,16.40,7.60,12.00,0.00,3710.0,0.0
2026-10-07,19.30,6.50,12.90,0.00,3210.0,0.0
2026-10-08,23.60,12.20,17.90,0.00,2700.0,0.0
