date,tmax_c,tmin_c,tmean_c,precip_mm,flow_cfs,rising
2016-10-01,31.67,19.44,25.56,0.0,3250.0,
2016-10-02,32.78,19.44,26.11,0.0,3190.0,0.0
2016-10-03,31.11,20.0,25.56,0.0,3150.0,0.0
2016-10-04,31.11,22.78,26.94,0.25,3120.0,0.0
2016-10-05,28.89,21.67,25.28,7.11,3070.0,0.0
2016-10-06,25.56,21.11,23.34,3.81,3030.0,0.0
2016-10-07,25.0,22.22,23.61,26.67,2980.0,0.0
2016-10-08,30.56,22.78,26.67,0.0,2990.0,1.0
2016-10-09,30.56,14.44,22.5,0.0,2970.0,0.0
2016-10-10,27.22,13.89,20.56,0.0,2930.0,0.0
2016-10-11,26.11,16.67,21.39,0.0,2880.0,0.0
2016-10-12,28.89,18.33,23.61,0.0,2840.0,0.0
2016-10-13,30.0,16.67,23.34,0.0,2820.0,0.0
2016-10-14,30.0,14.44,22.22,0.0,2800.0,0.0
2016-10-15,30.0,17.78,23.89,4.06,2780.0,0.0
2016-10-16,30.0,17.22,23.61,0.0,2770.0,0.0
2016-10-17,30.56,17.78,24.17,0.0,2750.0,0.0
2016-10-18,30.56,16.11,23.34,0.0,2720.0,0.0
2016-10-19,30.0,15.56,22.78,0.0,2710.0,0.0
2016-10-20,30.56,15.56,23.06,0.0,2680.0,0.0
2016-10-21,30.56,15.56,23.06,0.0,2650.0,0.0
2016-10-22,23.33,7.78,15.56,0.0,2600.0,0.0
2016-10-23,25.0,5.0,15.0,0.0,2570.0,0.0
2016-10-24,26.67,5.56,16.12,0.0,2550.0,0.0
2016-10-25,27.78,7.78,17.78,0.0,2540.0,0.0
2016-10-26,29.44,16.67,23.06,0.0,2540.0,0.0
2016-10-27,28.33,14.44,21.38,0.0,2520.0,0.0
2016-10-28,28.33,16.67,22.5,0.0,2500.0,0.0
2016-10-29,29.44,16.67,23.06,0.0,2470.0,0.0
2016-10-30,30.0,16.11,23.06,0.0,2460.0,0.0
2016-10-31,30.0,13.89,21.94,0.0,2450.0,0.0
2016-11-01,30.0,12.78,21.39,0.0,2440.0,0.0
2016-11-02,30.0,18.89,24.44,0.25,2420.0,0.0
2016-11-03,28.33,16.67,22.5,0.0,2400.0,0.0
2016-11-04,30.56,15.0,22.78,0.0,2380.0,0.0
2016-11-05,26.11,13.89,20.0,0.0,2350.0,0.0
2016-11-06,25.56,15.0,20.28,0.25,2320.0,0.0
2016-11-07,27.22,16.11,21.66,0.0,2300.0,0.0
2016-11-08,25.56,13.89,19.73,0.0,2300.0,0.0
2016-11-09,24.44,14.44,19.44,0.0,2310.0,1.0
2016-11-10,25.0,8.89,16.94,0.0,2320.0,1.0
2016-11-11,25.0,5.56,15.28,0.0,2290.0,0.0
2016-11-12,24.44,8.89,16.66,0.0,2280.0,0.0
2016-11-13,25.0,12.78,18.89,0.0,2270.0,0.0
2016-11-14,19.44,7.78,13.61,0.0,2260.0,0.0
2016-11-15,23.89,6.67,15.28,0.0,2250.0,0.0
2016-11-16,25.0,7.78,16.39,0.0,2250.0,0.0
2016-11-17,25.56,5.56,15.56,0.0,2230.0,0.0
2016-11-18,26.67,5.56,16.12,0.0,2210.0,0.0
2016-11-19,26.67,8.33,17.5,0.0,2200.0,0.0
2016-11-20,18.89,0.0,9.44,0.0,2180.0,0.0
2016-11-21,21.11,-0.56,10.28,0.0,2150.0,0.0
2016-11-22,23.33,0.0,11.66,0.0,2140.0,0.0
2016-11-23,26.67,8.89,17.78,0.0,2140.0,0.0
2016-11-24,27.78,11.11,19.44,0.0,2140.0,0.0
2016-11-25,27.78,12.22,20.0,0.0,2130.0,0.0
2016-11-26,24.44,7.78,16.11,0.0,2120.0,0.0
2016-11-27,24.44,6.11,15.28,0.0,2100.0,0.0
2016-11-28,26.11,7.78,16.94,0.0,2090.0,0.0
2016-11-29,28.89,16.67,22.78,0.0,2110.0,1.0
2016-11-30,28.33,16.67,22.5,0.0,2120.0,1.0
2016-12-01,22.78,9.44,16.11,2.79,2120.0,0.0
2016-12-02,21.11,6.11,13.61,0.0,2090.0,0.0
2016-12-03,22.78,5.56,14.17,0.0,2050.0,0.0
2016-12-04,28.33,10.0,19.16,0.0,2040.0,0.0
2016-12-05,29.44,15.0,22.22,0.25,2050.0,1.0
2016-12-06,27.78,15.0,21.39,38.61,2260.0,1.0
2016-12-07,23.89,11.11,17.5,0.0,2210.0,0.0
2016-12-08,22.22,7.78,15.0,0.0,2160.0,0.0
2016-12-09,15.56,4.44,10.0,0.0,2140.0,0.0
2016-12-10,18.89,3.89,11.39,0.0,2140.0,0.0
2016-12-11,25.0,7.78,16.39,0.0,2130.0,0.0
2016-12-12,26.67,14.44,20.56,0.0,2140.0,1.0
2016-12-13,27.78,16.11,21.94,0.0,2160.0,1.0
2016-12-14,26.11,17.22,21.66,0.0,2200.0,1.0
2016-12-15,21.67,8.33,15.0,0.0,2280.0,1.0
2016-12-16,23.89,6.11,15.0,0.0,2370.0,1.0
2016-12-17,27.78,10.56,19.17,0.0,2490.0,1.0
2016-12-18,30.0,15.56,22.78,0.0,2560.0,1.0
2016-12-19,27.78,15.0,21.39,20.32,2550.0,0.0
2016-12-20,15.0,10.56,12.78,0.0,2500.0,0.0
2016-12-21,17.22,5.0,11.11,0.0,2470.0,0.0
2016-12-22,24.44,3.89,14.16,0.0,2460.0,0.0
2016-12-23,21.11,10.56,15.84,0.0,2480.0,1.0
2016-12-24,27.22,10.0,18.61,0.0,2540.0,1.0
2016-12-25,26.67,12.78,19.73,4.83,2610.0,1.0
2016-12-26,28.89,17.22,23.06,0.0,2650.0,1.0
2016-12-27,28.33,16.11,22.22,0.0,2660.0,1.0
2016-12-28,27.22,15.56,21.39,0.0,2690.0,1.0
2016-12-29,27.22,11.11,19.16,1.52,2720.0,1.0
2016-12-30,13.33,0.56,6.94,0.0,2750.0,1.0
2016-12-31,21.11,-2.22,9.44,0.0,2730.0,0.0
2017-01-01,27.78,8.89,18.34,0.0,2750.0,1.0
2017-01-02,29.44,13.33,21.38,0.0,2730.0,0.0
2017-01-03,27.22,18.33,22.78,3.56,2850.0,1.0
2017-01-04,23.33,12.78,18.06,0.0,2790.0,0.0
2017-01-05,22.22,7.78,15.0,0.0,2750.0,0.0
2017-01-06,23.89,8.33,16.11,12.7,2770.0,1.0
2017-01-07,20.0,1.67,10.84,7.87,2880.0,1.0
2017-01-08,8.89,-3.89,2.5,0.0,2880.0,0.0
2017-01-09,16.67,-3.89,6.39,0.0,3010.0,1.0
2017-01-10,21.67,1.67,11.67,0.0,3250.0,1.0
2017-01-11,23.33,7.22,15.27,0.0,3510.0,1.0
2017-01-12,26.11,8.33,17.22,0.0,3740.0,1.0
2017-01-13,27.22,11.67,19.44,0.0,3930.0,1.0
2017-01-14,24.44,11.67,18.06,1.78,4080.0,1.0
2017-01-15,26.11,10.0,18.06,0.0,4160.0,1.0
2017-01-16,26.11,11.67,18.89,0.0,4160.0,0.0
2017-01-17,27.78,10.0,18.89,0.0,4120.0,0.0
2017-01-18,26.11,11.11,18.61,0.0,4070.0,0.0
2017-01-19,26.67,13.33,20.0,0.0,4000.0,0.0
2017-01-20,27.22,16.11,21.66,0.0,3950.0,0.0
2017-01-21,28.33,17.22,22.78,0.0,3880.0,0.0
2017-01-22,27.78,15.56,21.67,7.62,3870.0,0.0
2017-01-23,19.44,11.11,15.28,1.27,4050.0,1.0
2017-01-24,22.78,8.33,15.56,0.0,4610.0,1.0
2017-01-25,26.11,4.44,15.28,0.0,5400.0,1.0
2017-01-26,26.67,13.89,20.28,2.03,6370.0,1.0
2017-01-27,17.78,5.56,11.67,0.0,7420.0,1.0
2017-01-28,10.56,1.67,6.12,0.0,8400.0,1.0
2017-01-29,17.78,7.22,12.5,0.0,9280.0,1.0
2017-01-30,17.22,3.33,10.27,0.0,10100.0,1.0
2017-01-31,22.78,1.11,11.94,0.0,10800.0,1.0
2017-02-01,24.44,6.67,15.56,0.0,11300.0,1.0
2017-02-02,24.44,4.44,14.44,0.0,11600.0,1.0
2017-02-03,25.56,6.67,16.11,0.0,11700.0,1.0
2017-02-04,16.67,10.0,13.34,0.0,11600.0,0.0
2017-02-05,21.67,8.89,15.28,0.0,11400.0,0.0
2017-02-06,26.11,6.67,16.39,0.0,11200.0,0.0
2017-02-07,27.78,9.44,18.61,4.06,11000.0,0.0
2017-02-08,26.11,14.44,20.27,1.52,10800.0,0.0
2017-02-09,25.0,8.89,16.94,0.0,10400.0,0.0
2017-02-10,20.56,4.44,12.5,0.0,9930.0,0.0
2017-02-11,26.67,5.56,16.12,0.0,9590.0,0.0
2017-02-12,25.56,10.0,17.78,0.0,9290.0,0.0
2017-02-13,26.11,11.67,18.89,0.0,9010.0,0.0
2017-02-14,26.11,10.0,18.06,0.0,8750.0,0.0
2017-02-15,26.67,13.33,20.0,0.0,8540.0,0.0
2017-02-16,20.0,4.44,12.22,0.0,8330.0,0.0
2017-02-17,23.89,1.11,12.5,0.0,8100.0,0.0
2017-02-18,21.67,6.67,14.17,0.76,7890.0,0.0
2017-02-19,27.22,12.22,19.72,0.0,7680.0,0.0
2017-02-20,27.22,10.0,18.61,0.0,7440.0,0.0
2017-02-21,25.56,11.67,18.61,0.0,7210.0,0.0
2017-02-22,19.44,16.67,18.06,3.05,7010.0,0.0
2017-02-23,26.11,16.67,21.39,0.51,6800.0,0.0
2017-02-24,28.33,16.11,22.22,0.0,6600.0,0.0
2017-02-25,27.78,15.0,21.39,0.0,6410.0,0.0
2017-02-26,23.33,7.22,15.27,0.0,6230.0,0.0
2017-02-27,29.44,6.11,17.78,0.0,6040.0,0.0
2017-02-28,29.44,12.78,21.11,0.0,5880.0,0.0
2017-03-01,30.56,14.44,22.5,0.0,5760.0,0.0
2017-03-02,21.11,11.67,16.39,2.79,5640.0,0.0
2017-03-03,21.11,3.33,12.22,0.0,5460.0,0.0
2017-03-04,22.78,2.22,12.5,0.0,5290.0,0.0
2017-03-05,23.33,7.78,15.56,0.0,5150.0,0.0
2017-03-06,25.56,10.0,17.78,0.0,5030.0,0.0
2017-03-07,27.22,8.89,18.06,0.0,4930.0,0.0
2017-03-08,28.33,15.56,21.94,0.0,4820.0,0.0
2017-03-09,28.33,11.11,19.72,0.0,4720.0,0.0
2017-03-10,28.89,10.56,19.73,0.0,4640.0,0.0
2017-03-11,26.11,6.67,16.39,0.0,4570.0,0.0
2017-03-12,25.0,12.22,18.61,0.76,4500.0,0.0
2017-03-13,18.89,11.11,15.0,13.46,4440.0,0.0
2017-03-14,16.67,5.56,11.12,0.0,4380.0,0.0
2017-03-15,13.89,0.0,6.94,0.0,4290.0,0.0
2017-03-16,17.22,-3.89,6.66,0.0,4210.0,0.0
2017-03-17,21.67,-0.56,10.56,0.0,4150.0,0.0
2017-03-18,25.56,3.89,14.72,0.0,4090.0,0.0
2017-03-19,23.89,7.78,15.84,0.0,4020.0,0.0
2017-03-20,25.56,2.22,13.89,0.0,3960.0,0.0
2017-03-21,29.44,7.22,18.33,0.0,3890.0,0.0
2017-03-22,31.67,17.22,24.44,0.0,3830.0,0.0
2017-03-23,25.0,12.78,18.89,0.0,3760.0,0.0
2017-03-24,26.67,9.44,18.06,0.0,3680.0,0.0
2017-03-25,27.78,11.11,19.44,0.0,3620.0,0.0
2017-03-26,29.44,12.22,20.83,0.0,3570.0,0.0
2017-03-27,28.89,12.22,20.56,0.0,3510.0,0.0
2017-03-28,30.56,12.78,21.67,0.0,3450.0,0.0
2017-03-29,31.67,11.67,21.67,0.0,3380.0,0.0
2017-03-30,31.67,11.67,21.67,0.0,3310.0,0.0
2017-03-31,29.44,17.78,23.61,0.0,3260.0,0.0
2017-04-01,31.11,13.33,22.22,0.0,3200.0,0.0
2017-04-02,33.33,10.0,21.66,0.0,3110.0,0.0
2017-04-03,32.78,20.0,26.39,0.0,3050.0,0.0
2017-04-04,23.33,18.33,20.83,67.82,3640.0,1.0
2017-04-05,31.67,16.67,24.17,0.0,3580.0,0.0
2017-04-06,24.44,13.33,18.89,1.78,3610.0,1.0
2017-04-07,22.22,6.67,14.44,0.0,3620.0,1.0
2017-04-08,23.89,5.56,14.72,0.0,3620.0,0.0
2017-04-09,26.67,4.44,15.56,0.0,3610.0,0.0
2017-04-10,28.33,9.44,18.88,0.0,3580.0,0.0
2017-04-11,28.33,9.44,18.88,0.0,3530.0,0.0
2017-04-12,28.89,11.67,20.28,0.0,3490.0,0.0
2017-04-13,27.78,11.11,19.44,0.0,3490.0,0.0
2017-04-14,28.89,10.56,19.73,0.0,3520.0,1.0
2017-04-15,28.89,12.78,20.84,0.0,3560.0,1.0
2017-04-16,28.33,11.67,20.0,0.0,3610.0,1.0
2017-04-17,29.44,12.78,21.11,0.0,3610.0,0.0
2017-04-18,30.56,13.33,21.94,0.0,3560.0,0.0
2017-04-19,30.0,15.0,22.5,0.0,3490.0,0.0
2017-04-20,30.56,13.89,22.22,0.0,3430.0,0.0
2017-04-21,30.0,11.67,20.84,0.0,3360.0,0.0
2017-04-22,31.11,15.56,23.34,0.0,3300.0,0.0
2017-04-23,31.67,16.67,24.17,0.0,3230.0,0.0
2017-04-24,24.44,12.22,18.33,0.0,3160.0,0.0
2017-04-25,28.33,11.11,19.72,0.0,3090.0,0.0
2017-04-26,28.33,11.11,19.72,0.0,3030.0,0.0
2017-04-27,33.89,14.44,24.16,0.0,2970.0,0.0
2017-04-28,35.0,16.67,25.84,0.0,2920.0,0.0
2017-04-29,35.0,22.78,28.89,0.0,2840.0,0.0
2017-04-30,33.89,20.56,27.22,0.0,2780.0,0.0
2017-05-01,32.22,21.11,26.66,0.0,2750.0,0.0
2017-05-02,31.11,15.56,23.34,0.0,2700.0,0.0
2017-05-03,33.33,11.67,22.5,0.0,2630.0,0.0
2017-05-04,31.11,16.67,23.89,0.25,2600.0,0.0
2017-05-05,23.89,15.0,19.44,1.27,2650.0,1.0
2017-05-06,26.11,10.0,18.06,0.0,2610.0,0.0
2017-05-07,31.11,9.44,20.27,0.0,2560.0,0.0
2017-05-08,30.56,13.33,21.94,0.0,2530.0,0.0
2017-05-09,32.78,11.11,21.94,0.0,2500.0,0.0
2017-05-10,34.44,13.33,23.88,0.0,2460.0,0.0
2017-05-11,33.89,18.33,26.11,0.0,2420.0,0.0
2017-05-12,32.22,18.33,25.28,0.0,2390.0,0.0
2017-05-13,27.22,20.0,23.61,5.59,2370.0,0.0
2017-05-14,30.56,17.22,23.89,0.0,2380.0,1.0
2017-05-15,33.89,15.56,24.72,0.0,2340.0,0.0
2017-05-16,35.0,15.0,25.0,0.0,2310.0,0.0
2017-05-17,35.0,17.22,26.11,0.0,2280.0,0.0
2017-05-18,33.89,18.89,26.39,0.0,2260.0,0.0
2017-05-19,33.89,18.89,26.39,0.0,2230.0,0.0
2017-05-20,35.56,21.67,28.62,0.0,2200.0,0.0
2017-05-21,31.67,21.67,26.67,29.97,2200.0,0.0
2017-05-22,33.33,19.44,26.38,14.48,2190.0,0.0
2017-05-23,30.0,21.11,25.56,10.16,2180.0,0.0
2017-05-24,25.0,19.44,22.22,51.31,2310.0,1.0
2017-05-25,27.78,15.56,21.67,0.0,2330.0,1.0
2017-05-26,30.56,12.78,21.67,0.0,2240.0,0.0
2017-05-27,33.33,13.89,23.61,0.0,2210.0,0.0
2017-05-28,33.89,19.44,26.66,0.0,2180.0,0.0
2017-05-29,34.44,23.33,28.88,0.0,2140.0,0.0
2017-05-30,33.89,21.11,27.5,0.0,2100.0,0.0
2017-05-31,32.78,20.56,26.67,0.0,2070.0,0.0
2017-06-01,33.89,19.44,26.66,0.0,2050.0,0.0
2017-06-02,30.56,21.11,25.84,33.78,2040.0,0.0
2017-06-03,31.67,20.0,25.84,0.0,2040.0,0.0
2017-06-04,31.11,20.0,25.56,0.0,2040.0,0.0
2017-06-05,28.89,22.22,25.56,0.76,2060.0,1.0
2017-06-06,25.56,21.67,23.62,53.34,2210.0,1.0
2017-06-07,26.11,21.11,23.61,113.03,2380.0,1.0
2017-06-08,22.78,18.89,20.84,1.78,2520.0,1.0
2017-06-09,30.0,15.56,22.78,0.0,2660.0,1.0
2017-06-10,32.22,19.44,25.83,11.18,2760.0,1.0
2017-06-11,30.56,21.67,26.12,22.86,2810.0,1.0
2017-06-12,30.0,21.67,25.84,7.11,2830.0,1.0
2017-06-13,30.56,21.11,25.84,0.0,2880.0,1.0
2017-06-14,33.33,20.0,26.66,3.05,2940.0,1.0
2017-06-15,32.22,21.11,26.66,0.0,3000.0,1.0
2017-06-16,28.89,21.67,25.28,9.4,3120.0,1.0
2017-06-17,32.78,21.67,27.22,33.53,3280.0,1.0
2017-06-18,33.33,21.11,27.22,7.62,3430.0,1.0
2017-06-19,30.56,22.22,26.39,44.45,3490.0,1.0
2017-06-20,30.56,22.78,26.67,0.0,3550.0,1.0
2017-06-21,32.22,22.22,27.22,19.81,3620.0,1.0
2017-06-22,33.33,22.22,27.78,3.56,3750.0,1.0
2017-06-23,32.78,23.33,28.06,0.0,3910.0,1.0
2017-06-24,33.89,21.67,27.78,0.0,4030.0,1.0
2017-06-25,32.78,22.22,27.5,0.0,4070.0,1.0
2017-06-26,33.89,22.78,28.34,0.0,4070.0,0.0
2017-06-27,31.11,21.67,26.39,40.13,4080.0,1.0
2017-06-28,31.67,21.67,26.67,0.0,4070.0,0.0
2017-06-29,32.78,22.78,27.78,22.35,4030.0,0.0
2017-06-30,32.78,22.22,27.5,0.51,4040.0,1.0
2017-07-01,33.33,22.78,28.06,0.0,4020.0,0.0
2017-07-02,33.89,23.89,28.89,0.0,4020.0,0.0
2017-07-03,33.89,22.78,28.34,0.0,4050.0,1.0
2017-07-04,35.0,22.78,28.89,4.32,4050.0,0.0
2017-07-05,35.0,22.22,28.61,0.0,4040.0,0.0
2017-07-06,33.89,23.33,28.61,10.41,3990.0,0.0
2017-07-07,34.44,22.22,28.33,0.0,3900.0,0.0
2017-07-08,31.67,21.67,26.67,9.91,3800.0,0.0
2017-07-09,33.33,22.78,28.06,9.65,3710.0,0.0
2017-07-10,32.78,22.22,27.5,0.0,3680.0,0.0
2017-07-11,32.78,21.11,26.94,9.14,3650.0,0.0
2017-07-12,33.33,21.11,27.22,8.89,3600.0,0.0
2017-07-13,31.67,22.22,26.94,19.3,3530.0,0.0
2017-07-14,33.33,23.33,28.33,0.0,3470.0,0.0
2017-07-15,33.33,22.78,28.06,0.0,3430.0,0.0
2017-07-16,34.44,22.78,28.61,0.76,3420.0,0.0
2017-07-17,32.78,21.67,27.22,77.47,3410.0,0.0
2017-07-18,33.89,21.11,27.5,8.89,3400.0,0.0
2017-07-19,33.33,22.22,27.78,62.74,3380.0,0.0
2017-07-20,33.89,20.56,27.22,68.07,3370.0,0.0
2017-07-21,33.33,20.56,26.94,0.0,3410.0,1.0
2017-07-22,30.56,22.78,26.67,26.67,3470.0,1.0
2017-07-23,28.33,22.78,25.56,35.05,3630.0,1.0
2017-07-24,32.22,23.33,27.78,2.54,3860.0,1.0
2017-07-25,32.22,23.33,27.78,4.06,4020.0,1.0
2017-07-26,33.33,22.78,28.06,0.0,4090.0,1.0
2017-07-27,31.67,23.89,27.78,4.57,4110.0,1.0
2017-07-28,33.33,22.78,28.06,0.0,4080.0,0.0
2017-07-29,32.22,23.33,27.78,12.95,4050.0,0.0
2017-07-30,27.78,21.67,24.72,48.77,4070.0,1.0
2017-07-31,30.56,21.11,25.84,0.0,4070.0,0.0
2017-08-01,33.33,19.44,26.38,1.52,4070.0,0.0
2017-08-02,28.33,22.78,25.56,1.02,4250.0,1.0
2017-08-03,26.11,22.22,24.16,23.88,4430.0,1.0
2017-08-04,31.11,22.22,26.66,0.0,4450.0,1.0
2017-08-05,29.44,22.78,26.11,0.0,4510.0,1.0
2017-08-06,33.89,21.67,27.78,0.0,4580.0,1.0
2017-08-07,34.44,22.78,28.61,0.0,4580.0,0.0
2017-08-08,33.89,22.22,28.06,1.02,4550.0,0.0
2017-08-09,33.89,21.67,27.78,41.4,4510.0,0.0
2017-08-10,33.33,22.78,28.06,1.27,4460.0,0.0
2017-08-11,34.44,23.33,28.88,0.0,4390.0,0.0
2017-08-12,33.89,23.33,28.61,25.4,4380.0,0.0
2017-08-13,32.78,23.33,28.06,2.29,4350.0,0.0
2017-08-14,32.22,23.89,28.06,5.33,4330.0,0.0
2017-08-15,31.11,23.89,27.5,0.0,4270.0,0.0
2017-08-16,34.44,23.33,28.88,0.0,4220.0,0.0
2017-08-17,33.33,23.89,28.61,1.52,4170.0,0.0
2017-08-18,31.67,23.33,27.5,32.0,4180.0,1.0
2017-08-19,32.22,22.22,27.22,1.02,4160.0,0.0
2017-08-20,33.89,22.78,28.34,0.0,4160.0,0.0
2017-08-21,32.22,22.78,27.5,1.02,4230.0,1.0
2017-08-22,33.89,22.22,28.06,0.0,4230.0,0.0
2017-08-23,34.44,22.22,28.33,0.0,4220.0,0.0
2017-08-24,33.89,22.78,28.34,2.29,4220.0,0.0
2017-08-25,33.33,23.33,28.33,0.25,4200.0,0.0
2017-08-26,32.22,24.44,28.33,0.25,4090.0,0.0
2017-08-27,31.67,23.89,27.78,3.05,3990.0,0.0
2017-08-28,27.78,23.33,25.56,0.0,3920.0,0.0
2017-08-29,31.11,21.11,26.11,1.52,3840.0,0.0
2017-08-30,32.78,23.33,28.06,0.0,3770.0,0.0
2017-08-31,33.89,22.78,28.34,1.02,3690.0,0.0
2017-09-01,32.22,22.22,27.22,46.74,3620.0,0.0
2017-09-02,27.22,21.67,24.44,4.06,3590.0,0.0
2017-09-03,31.67,20.0,25.84,0.0,3490.0,0.0
2017-09-04,31.11,21.67,26.39,0.0,3410.0,0.0
2017-09-05,31.67,21.67,26.67,0.0,3370.0,0.0
2017-09-06,28.89,22.22,25.56,2.54,3360.0,0.0
2017-09-07,31.11,20.0,25.56,0.0,3370.0,1.0
2017-09-08,31.67,21.67,26.67,0.0,3340.0,0.0
2017-09-09,30.56,22.78,26.67,13.46,3300.0,0.0
2017-09-10,23.33,20.56,21.94,168.4,3270.0,0.0
2017-09-11,24.44,20.56,22.5,146.56,3560.0,1.0
2017-09-12,29.44,17.22,23.33,0.25,4330.0,1.0
2017-09-13,31.67,17.22,24.44,0.0,5900.0,1.0
2017-09-14,32.22,20.0,26.11,0.0,8550.0,1.0
2017-09-15,33.33,23.33,28.33,0.25,11400.0,1.0
2017-09-16,30.56,21.67,26.12,0.0,13200.0,1.0
2017-09-17,32.22,20.0,26.11,0.0,14000.0,1.0
2017-09-18,32.22,18.89,25.56,0.0,13900.0,0.0
2017-09-19,32.78,16.67,24.72,0.0,13500.0,0.0
2017-09-20,32.78,20.0,26.39,0.0,12900.0,0.0
2017-09-21,32.22,20.56,26.39,0.0,12400.0,0.0
2017-09-22,31.67,20.0,25.84,0.0,12000.0,0.0
2017-09-23,30.56,21.11,25.84,0.25,11600.0,0.0
2017-09-24,32.22,21.11,26.66,0.0,11300.0,0.0
2017-09-25,32.22,20.56,26.39,0.0,11100.0,0.0
2017-09-26,32.22,18.89,25.56,0.0,10800.0,0.0
2017-09-27,32.78,19.44,26.11,0.0,10600.0,0.0
2017-09-28,33.89,18.89,26.39,0.0,10400.0,0.0
2017-09-29,33.33,20.0,26.66,0.0,10100.0,0.0
2017-09-30,28.33,22.78,25.56,5.59,9900.0,0.0
2017-10-01,25.0,21.67,23.34,24.64,9660.0,0.0
2017-10-02,29.44,21.11,25.28,0.0,9390.0,0.0
2017-10-03,29.44,20.0,24.72,0.0,9110.0,0.0
2017-10-04,30.0,18.33,24.16,0.0,8860.0,0.0
2017-10-05,28.33,20.0,24.16,1.02,8620.0,0.0
2017-10-06,31.11,22.22,26.66,0.76,8390.0,0.0
2017-10-07,33.33,23.89,28.61,0.0,8160.0,0.0
2017-10-08,32.78,23.89,28.34,9.91,7970.0,0.0
2017-10-09,32.22,22.78,27.5,0.25,7760.0,0.0
2017-10-10,32.78,21.67,27.22,0.0,7500.0,0.0
2017-10-11,32.22,20.56,26.39,0.0,7250.0,0.0
2017-10-12,31.11,17.78,24.44,0.0,7020.0,0.0
2017-10-13,31.11,17.78,24.44,0.0,6790.0,0.0
2017-10-14,31.11,20.56,25.84,0.0,6570.0,0.0
2017-10-15,31.67,20.56,26.12,0.0,6370.0,0.0
2017-10-16,31.67,20.0,25.84,0.0,6190.0,0.0
2017-10-17,23.89,15.0,19.44,0.0,6030.0,0.0
2017-10-18,28.33,13.89,21.11,0.0,5850.0,0.0
2017-10-19,27.78,17.78,22.78,0.51,5680.0,0.0
2017-10-20,29.44,17.22,23.33,0.0,5520.0,0.0
2017-10-21,29.44,16.67,23.06,0.0,5370.0,0.0
2017-10-22,30.56,19.44,25.0,0.0,5230.0,0.0
2017-10-23,28.89,21.11,25.0,2.79,5150.0,0.0
2017-10-24,25.0,12.78,18.89,0.0,5050.0,0.0
2017-10-25,20.56,6.67,13.61,0.0,4890.0,0.0
2017-10-26,22.22,5.56,13.89,0.0,4760.0,0.0
2017-10-27,25.0,5.56,15.28,0.0,4640.0,0.0
2017-10-28,26.67,9.44,18.06,0.0,4530.0,0.0
2017-10-29,20.0,5.0,12.5,0.0,4410.0,0.0
2017-10-30,20.0,2.78,11.39,0.0,4310.0,0.0
2017-10-31,23.33,2.78,13.06,0.0,4190.0,0.0
2017-11-01,25.56,7.22,16.39,0.0,4090.0,0.0
2017-11-02,27.22,11.11,19.16,0.0,4000.0,0.0
2017-11-03,28.33,12.22,20.27,0.0,3910.0,0.0
2017-11-04,28.33,11.67,20.0,0.0,3820.0,0.0
2017-11-05,27.78,11.11,19.44,0.0,3740.0,0.0
2017-11-06,28.33,14.44,21.38,0.0,3660.0,0.0
2017-11-07,28.89,12.22,20.56,0.0,3580.0,0.0
2017-11-08,28.33,13.33,20.83,0.0,3520.0,0.0
2017-11-09,26.67,15.56,21.12,0.0,3450.0,0.0
2017-11-10,18.33,12.22,15.27,0.0,3380.0,0.0
2017-11-11,25.0,10.56,17.78,0.0,3300.0,0.0
2017-11-12,27.22,17.22,22.22,0.0,3240.0,0.0
2017-11-13,25.56,14.44,20.0,0.0,3200.0,0.0
2017-11-14,21.11,10.0,15.56,0.0,3150.0,0.0
2017-11-15,20.56,7.22,13.89,0.0,3110.0,0.0
2017-11-16,22.22,5.0,13.61,0.0,3070.0,0.0
2017-11-17,23.33,5.0,14.16,0.0,3050.0,0.0
2017-11-18,25.56,7.22,16.39,0.0,3020.0,0.0
2017-11-19,22.22,7.78,15.0,1.27,3000.0,0.0
2017-11-20,23.33,1.67,12.5,0.0,2960.0,0.0
2017-11-21,24.44,10.0,17.22,3.81,2910.0,0.0
2017-11-22,25.56,11.11,18.34,0.0,2910.0,0.0
2017-11-23,17.78,14.44,16.11,64.26,2950.0,1.0
2017-11-24,21.67,10.56,16.12,0.76,2920.0,0.0
2017-11-25,22.22,7.22,14.72,0.0,2880.0,0.0
2017-11-26,23.33,8.33,15.83,0.0,2870.0,0.0
2017-11-27,23.33,6.67,15.0,0.0,2850.0,0.0
2017-11-28,26.67,10.0,18.34,0.0,2820.0,0.0
2017-11-29,26.67,14.44,20.56,0.0,2800.0,0.0
2017-11-30,26.11,10.0,18.06,0.0,2770.0,0.0
2017-12-01,26.11,10.0,18.06,0.0,2760.0,0.0
2017-12-02,26.67,12.22,19.44,0.0,2750.0,0.0
2017-12-03,25.56,11.11,18.34,0.0,2730.0,0.0
2017-12-04,23.89,11.67,17.78,0.0,2710.0,0.0
2017-12-05,26.67,11.67,19.17,0.0,2680.0,0.0
2017-12-06,27.22,12.78,20.0,0.0,2670.0,0.0
2017-12-07,13.33,8.89,11.11,20.57,2690.0,1.0
2017-12-08,12.78,7.22,10.0,37.85,2680.0,0.0
2017-12-09,12.22,1.11,6.66,8.13,2750.0,1.0
2017-12-10,12.22,-0.56,5.83,0.0,2750.0,0.0
2017-12-11,16.11,-2.22,6.94,0.0,2790.0,1.0
2017-12-12,22.22,2.22,12.22,0.0,2860.0,1.0
2017-12-13,15.0,0.56,7.78,0.0,2930.0,1.0
2017-12-14,20.56,2.78,11.67,0.0,3000.0,1.0
2017-12-15,23.33,8.33,15.83,0.0,3060.0,1.0
2017-12-16,17.22,7.22,12.22,0.0,3070.0,1.0
2017-12-17,23.89,6.67,15.28,0.0,3060.0,0.0
2017-12-18,26.11,11.11,18.61,0.0,3060.0,0.0
2017-12-19,27.78,15.0,21.39,0.0,3050.0,0.0
2017-12-20,25.56,13.89,19.73,0.0,3020.0,0.0
2017-12-21,25.56,15.0,20.28,0.51,2990.0,0.0
2017-12-22,23.89,13.89,18.89,0.0,2950.0,0.0
2017-12-23,26.11,15.0,20.56,0.0,2900.0,0.0
2017-12-24,26.67,17.78,22.22,0.0,2880.0,0.0
2017-12-25,17.78,4.44,11.11,0.0,2830.0,0.0
2017-12-26,21.67,1.11,11.39,0.0,2780.0,0.0
2017-12-27,17.78,10.0,13.89,0.0,2750.0,0.0
2017-12-28,12.22,7.22,9.72,0.25,2730.0,0.0
2017-12-29,9.44,5.56,7.5,0.0,2700.0,0.0
2017-12-30,14.44,3.89,9.16,0.0,2680.0,0.0
2017-12-31,17.78,2.22,10.0,0.0,2680.0,0.0
2018-01-01,10.0,1.11,5.56,2.79,2680.0,0.0
2018-01-02,5.56,-1.11,2.22,0.0,2630.0,0.0
2018-01-03,5.0,-2.78,1.11,25.65,2630.0,0.0
2018-01-04,9.44,-4.44,2.5,0.0,2680.0,1.0
2018-01-05,10.0,-3.89,3.06,0.0,2690.0,1.0
2018-01-06,11.67,-3.33,4.17,0.0,2710.0,1.0
2018-01-07,15.56,-0.56,7.5,0.0,2700.0,0.0
2018-01-08,20.56,3.33,11.94,0.0,2700.0,0.0
2018-01-09,25.0,13.89,19.44,1.27,2720.0,1.0
2018-01-10,22.22,16.67,19.44,0.76,2700.0,0.0
2018-01-11,25.0,15.56,20.28,0.0,2680.0,0.0
2018-01-12,20.56,13.89,17.23,5.08,2690.0,1.0
2018-01-13,13.89,0.0,6.94,0.0,2680.0,0.0
2018-01-14,12.78,-1.11,5.84,0.0,2660.0,0.0
2018-01-15,15.0,0.0,7.5,0.0,2660.0,0.0
2018-01-16,19.44,-1.11,9.17,0.0,2690.0,1.0
2018-01-17,12.78,-2.22,5.28,0.0,2710.0,1.0
2018-01-18,10.56,-6.11,2.22,0.0,2720.0,1.0
2018-01-19,16.67,-5.0,5.84,0.0,2720.0,0.0
2018-01-20,17.22,-2.22,7.5,0.0,2730.0,1.0
2018-01-21,22.78,4.44,13.61,0.0,2710.0,0.0
2018-01-22,25.56,8.33,16.94,1.52,2690.0,0.0
2018-01-23,22.78,6.67,14.73,17.27,2720.0,1.0
2018-01-24,18.89,1.67,10.28,0.0,2680.0,0.0
2018-01-25,17.22,5.56,11.39,0.0,2620.0,0.0
2018-01-26,21.67,5.56,13.62,0.0,2580.0,0.0
2018-01-27,23.89,11.11,17.5,0.0,2570.0,0.0
2018-01-28,25.0,11.67,18.34,25.91,2580.0,1.0
2018-01-29,19.44,10.56,15.0,29.46,2750.0,1.0
2018-01-30,14.44,1.11,7.78,0.0,2720.0,0.0
2018-01-31,17.78,-1.67,8.06,0.0,2820.0,1.0
2018-02-01,21.67,3.89,12.78,0.0,2980.0,1.0
2018-02-02,20.0,7.22,13.61,0.0,3130.0,1.0
2018-02-03,17.78,4.44,11.11,0.0,3230.0,1.0
2018-02-04,21.67,7.78,14.73,9.91,3330.0,1.0
2018-02-05,22.22,8.33,15.27,0.0,3460.0,1.0
2018-02-06,25.56,5.0,15.28,0.0,3520.0,1.0
2018-02-07,27.22,13.33,20.27,0.0,3690.0,1.0
2018-02-08,20.56,11.67,16.11,0.25,3880.0,1.0
2018-02-09,26.11,11.11,18.61,0.0,4010.0,1.0
2018-02-10,28.33,17.22,22.78,0.0,4130.0,1.0
2018-02-11,28.33,16.67,22.5,0.25,4240.0,1.0
2018-02-12,25.56,17.22,21.39,24.89,4350.0,1.0
2018-02-13,20.0,12.22,16.11,4.06,4410.0,1.0
2018-02-14,21.11,12.22,16.66,0.0,4490.0,1.0
2018-02-15,27.22,12.78,20.0,0.0,4620.0,1.0
2018-02-16,27.22,16.11,21.66,0.0,4760.0,1.0
2018-02-17,27.22,16.67,21.94,0.0,4890.0,1.0
2018-02-18,28.89,16.11,22.5,0.0,5020.0,1.0
2018-02-19,28.89,16.67,22.78,0.0,5150.0,1.0
2018-02-20,29.44,17.22,23.33,0.0,5280.0,1.0
2018-02-21,30.0,20.0,25.0,0.0,5410.0,1.0
2018-02-22,28.89,15.0,21.94,0.0,5530.0,1.0
2018-02-23,28.89,13.89,21.39,0.0,5600.0,1.0
2018-02-24,28.89,15.56,22.22,0.0,5610.0,1.0
2018-02-25,29.44,17.22,23.33,0.0,5570.0,0.0
2018-02-26,28.33,15.0,21.66,0.76,5520.0,0.0
2018-02-27,24.44,13.89,19.16,0.0,5440.0,0.0
2018-02-28,27.78,12.22,20.0,0.0,5350.0,0.0
2018-03-01,28.89,17.78,23.34,0.0,5300.0,0.0
2018-03-02,26.11,11.67,18.89,0.0,5240.0,0.0
2018-03-03,21.67,3.89,12.78,0.0,5130.0,0.0
2018-03-04,20.56,2.78,11.67,0.0,5020.0,0.0
2018-03-05,22.78,1.11,11.94,0.0,4910.0,0.0
2018-03-06,25.0,4.44,14.72,1.02,4810.0,0.0
2018-03-07,20.56,7.78,14.17,2.54,4710.0,0.0
2018-03-08,16.67,2.78,9.73,0.0,4570.0,0.0
2018-03-09,20.56,1.11,10.84,0.0,4430.0,0.0
2018-03-10,21.67,1.67,11.67,0.0,4300.0,0.0
2018-03-11,27.22,8.33,17.77,0.0,4210.0,0.0
2018-03-12,21.11,3.89,12.5,0.0,4110.0,0.0
2018-03-13,18.89,2.22,10.56,0.0,4020.0,0.0
2018-03-14,18.89,1.67,10.28,0.0,3920.0,0.0
2018-03-15,21.11,-1.67,9.72,0.0,3850.0,0.0
2018-03-16,25.56,1.67,13.61,0.0,3800.0,0.0
2018-03-17,28.33,7.22,17.77,0.0,3740.0,0.0
2018-03-18,30.0,15.0,22.5,1.02,3680.0,0.0
2018-03-19,23.33,17.22,20.27,51.56,3780.0,1.0
2018-03-20,26.67,15.56,21.12,0.0,3860.0,1.0
2018-03-21,20.0,8.33,14.16,0.0,3820.0,0.0
2018-03-22,20.0,3.33,11.66,0.0,3740.0,0.0
2018-03-23,22.78,2.22,12.5,0.0,3700.0,0.0
2018-03-24,26.67,6.67,16.67,0.0,3680.0,0.0
2018-03-25,28.33,13.89,21.11,0.0,3690.0,1.0
2018-03-26,17.78,15.0,16.39,0.0,3690.0,0.0
2018-03-27,26.67,14.44,20.56,0.0,3670.0,0.0
2018-03-28,27.78,11.11,19.44,0.0,3720.0,1.0
2018-03-29,29.44,13.33,21.38,0.0,3780.0,1.0
2018-03-30,25.56,16.11,20.84,5.08,3820.0,1.0
2018-03-31,25.0,13.89,19.44,0.0,3750.0,0.0
2018-04-01,28.33,15.0,21.66,0.0,3640.0,0.0
2018-04-02,30.0,13.89,21.94,0.0,3570.0,0.0
2018-04-03,30.56,15.0,22.78,0.0,3520.0,0.0
2018-04-04,30.0,16.11,23.06,0.76,3490.0,0.0
2018-04-05,26.11,9.44,17.77,0.0,3450.0,0.0
2018-04-06,29.44,10.0,19.72,0.0,3400.0,0.0
2018-04-07,28.33,15.0,21.66,8.89,3420.0,1.0
2018-04-08,20.0,14.44,17.22,0.0,3470.0,1.0
2018-04-09,26.67,15.56,21.12,125.73,3440.0,0.0
2018-04-10,18.33,13.89,16.11,20.57,3550.0,1.0
2018-04-11,24.44,11.67,18.06,0.0,3590.0,1.0
2018-04-12,26.11,9.44,17.77,0.0,3620.0,1.0
2018-04-13,28.89,14.44,21.66,0.0,3690.0,1.0
2018-04-14,31.11,17.22,24.16,0.0,3710.0,1.0
2018-04-15,27.78,14.44,21.11,21.08,3760.0,1.0
2018-04-16,21.67,8.89,15.28,0.0,3810.0,1.0
2018-04-17,25.56,6.67,16.11,0.0,3820.0,1.0
2018-04-18,31.11,9.44,20.27,0.0,3920.0,1.0
2018-04-19,29.44,13.89,21.66,0.0,3970.0,1.0
2018-04-20,22.78,16.11,19.44,0.0,3940.0,0.0
2018-04-21,27.78,16.67,22.22,0.0,3850.0,0.0
2018-04-22,27.22,19.44,23.33,0.0,3790.0,0.0
2018-04-23,30.56,21.67,26.12,13.21,3780.0,0.0
2018-04-24,26.67,16.67,21.67,0.0,3730.0,0.0
2018-04-25,27.22,14.44,20.83,0.0,3680.0,0.0
2018-04-26,28.89,13.33,21.11,0.0,3650.0,0.0
2018-04-27,28.33,16.67,22.5,0.0,3630.0,0.0
2018-04-28,28.89,13.89,21.39,0.0,3600.0,0.0
2018-04-29,30.56,16.11,23.34,0.0,3550.0,0.0
2018-04-30,28.33,15.56,21.94,0.0,3490.0,0.0
2018-05-01,29.44,10.56,20.0,0.0,3420.0,0.0
2018-05-02,28.89,12.22,20.56,0.0,3350.0,0.0
2018-05-03,29.44,12.78,21.11,0.0,3290.0,0.0
2018-05-04,31.67,13.89,22.78,0.0,3240.0,0.0
2018-05-05,30.56,12.78,21.67,0.0,3180.0,0.0
2018-05-06,32.22,18.33,25.28,0.0,3110.0,0.0
2018-05-07,31.67,15.56,23.62,0.0,3030.0,0.0
2018-05-08,31.11,13.89,22.5,0.0,2950.0,0.0
2018-05-09,31.67,13.89,22.78,0.0,2880.0,0.0
2018-05-10,32.22,14.44,23.33,0.0,2830.0,0.0
2018-05-11,34.44,17.78,26.11,0.0,2780.0,0.0
2018-05-12,32.78,18.33,25.56,0.0,2720.0,0.0
2018-05-13,29.44,15.56,22.5,0.0,2670.0,0.0
2018-05-14,25.0,21.67,23.34,17.02,2650.0,0.0
2018-05-15,28.89,21.11,25.0,18.8,2660.0,1.0
2018-05-16,28.33,20.56,24.44,7.62,2670.0,1.0
2018-05-17,27.22,21.67,24.44,28.7,2730.0,1.0
2018-05-18,30.0,21.11,25.56,0.25,2760.0,1.0
2018-05-19,32.22,19.44,25.83,0.0,2880.0,1.0
2018-05-20,24.44,21.11,22.78,21.34,3260.0,1.0
2018-05-21,28.33,21.11,24.72,28.7,3580.0,1.0
2018-05-22,31.11,21.11,26.11,14.22,3700.0,1.0
2018-05-23,31.67,19.44,25.56,0.0,3740.0,1.0
2018-05-24,32.78,22.22,27.5,0.0,3730.0,0.0
2018-05-25,32.22,22.22,27.22,0.0,3730.0,0.0
2018-05-26,30.56,21.11,25.84,0.0,3780.0,1.0
2018-05-27,26.67,22.78,24.72,23.37,4040.0,1.0
2018-05-28,31.67,23.33,27.5,6.1,4370.0,1.0
2018-05-29,31.11,23.33,27.22,0.0,4630.0,1.0
2018-05-30,25.56,22.22,23.89,39.88,4880.0,1.0
2018-05-31,31.67,22.22,26.94,6.86,5180.0,1.0
2018-06-01,33.89,21.67,27.78,0.0,5510.0,1.0
2018-06-02,33.33,22.22,27.78,0.25,5840.0,1.0
2018-06-03,34.44,23.33,28.88,9.14,6170.0,1.0
2018-06-04,35.0,25.0,30.0,9.14,6500.0,1.0
2018-06-05,32.22,21.67,26.94,0.0,6850.0,1.0
2018-06-06,26.11,21.67,23.89,10.41,7240.0,1.0
2018-06-07,33.33,20.56,26.94,3.05,7590.0,1.0
2018-06-08,32.22,20.0,26.11,6.6,7860.0,1.0
2018-06-09,31.67,20.56,26.12,0.0,8030.0,1.0
2018-06-10,31.11,20.56,25.84,0.0,8090.0,1.0
2018-06-11,31.67,21.11,26.39,17.27,8000.0,0.0
2018-06-12,30.56,21.67,26.12,0.0,7840.0,0.0
2018-06-13,32.78,21.11,26.94,0.25,7680.0,0.0
2018-06-14,32.78,21.67,27.22,0.0,7570.0,0.0
2018-06-15,33.33,22.78,28.06,1.02,7450.0,0.0
2018-06-16,33.33,22.78,28.06,0.0,7300.0,0.0
2018-06-17,34.44,22.22,28.33,8.38,7110.0,0.0
2018-06-18,35.0,22.22,28.61,0.0,6910.0,0.0
2018-06-19,34.44,23.33,28.88,5.84,6780.0,0.0
2018-06-20,33.89,23.89,28.89,3.05,6700.0,0.0
2018-06-21,33.89,25.0,29.44,7.62,6630.0,0.0
2018-06-22,34.44,25.0,29.72,0.0,6520.0,0.0
2018-06-23,35.0,25.0,30.0,0.25,6380.0,0.0
2018-06-24,36.11,24.44,30.28,0.0,6220.0,0.0
2018-06-25,35.0,22.78,28.89,0.0,6050.0,0.0
2018-06-26,34.44,24.44,29.44,9.91,5870.0,0.0
2018-06-27,33.89,22.78,28.34,23.62,5690.0,0.0
2018-06-28,33.89,23.89,28.89,3.3,5600.0,0.0
2018-06-29,33.33,23.33,28.33,6.35,5600.0,0.0
2018-06-30,32.22,23.89,28.06,15.49,5620.0,1.0
2018-07-01,32.22,23.33,27.78,1.27,5670.0,1.0
2018-07-02,35.56,23.33,29.44,14.99,5720.0,1.0
2018-07-03,35.0,22.78,28.89,0.0,5840.0,1.0
2018-07-04,32.22,22.78,27.5,3.81,5930.0,1.0
2018-07-05,31.67,22.22,26.94,2.29,5980.0,1.0
2018-07-06,33.33,23.33,28.33,0.51,6040.0,1.0
2018-07-07,32.78,22.22,27.5,0.0,6150.0,1.0
2018-07-08,33.33,22.22,27.78,0.0,6220.0,1.0
2018-07-09,32.78,23.33,28.06,6.35,6280.0,1.0
2018-07-10,35.0,23.89,29.44,0.0,6310.0,1.0
2018-07-11,35.0,23.33,29.16,0.0,6330.0,1.0
2018-07-12,33.89,22.78,28.34,0.0,6300.0,0.0
2018-07-13,34.44,23.89,29.16,0.0,6180.0,0.0
2018-07-14,35.0,23.89,29.44,0.76,5990.0,0.0
2018-07-15,33.89,23.33,28.61,9.4,5800.0,0.0
2018-07-16,33.33,23.33,28.33,12.7,5650.0,0.0
2018-07-17,32.78,24.44,28.61,12.19,5610.0,0.0
2018-07-18,31.67,24.44,28.06,1.52,5570.0,0.0
2018-07-19,30.0,25.0,27.5,2.29,5550.0,0.0
2018-07-20,29.44,25.0,27.22,3.81,5620.0,1.0
2018-07-21,33.89,23.89,28.89,1.02,5740.0,1.0
2018-07-22,32.22,21.67,26.94,57.15,5970.0,1.0
2018-07-23,32.78,21.67,27.22,3.3,6270.0,1.0
2018-07-24,32.22,22.22,27.22,6.35,6520.0,1.0
2018-07-25,33.33,23.33,28.33,3.05,6780.0,1.0
2018-07-26,31.67,25.56,28.62,0.0,7050.0,1.0
2018-07-27,35.0,23.89,29.44,0.0,7290.0,1.0
2018-07-28,35.0,23.89,29.44,5.33,7420.0,1.0
2018-07-29,34.44,23.89,29.16,0.0,7450.0,1.0
2018-07-30,32.78,23.33,28.06,0.76,7460.0,1.0
2018-07-31,31.67,23.89,27.78,21.08,7470.0,1.0
2018-08-01,32.22,23.89,28.06,1.02,7490.0,1.0
2018-08-02,32.78,23.33,28.06,26.67,7600.0,1.0
2018-08-03,33.89,22.22,28.06,0.0,7760.0,1.0
2018-08-04,34.44,23.89,29.16,0.0,7910.0,1.0
2018-08-05,35.0,22.78,28.89,0.0,8110.0,1.0
2018-08-06,34.44,22.78,28.61,0.0,8320.0,1.0
2018-08-07,34.44,22.22,28.33,0.0,8510.0,1.0
2018-08-08,35.56,24.44,30.0,0.0,8640.0,1.0
2018-08-09,34.44,23.89,29.16,0.0,8720.0,1.0
2018-08-10,35.0,24.44,29.72,1.27,8800.0,1.0
2018-08-11,34.44,23.89,29.16,0.0,8810.0,1.0
2018-08-12,33.33,23.89,28.61,26.16,8760.0,0.0
2018-08-13,31.67,23.89,27.78,0.0,8710.0,0.0
2018-08-14,32.78,24.44,28.61,0.0,8560.0,0.0
2018-08-15,33.33,23.89,28.61,0.25,8430.0,0.0
2018-08-16,34.44,22.22,28.33,0.0,8310.0,0.0
2018-08-17,34.44,23.33,28.88,0.0,8220.0,0.0
2018-08-18,35.0,22.78,28.89,0.0,8190.0,0.0
2018-08-19,35.0,23.33,29.16,0.0,8160.0,0.0
2018-08-20,32.78,22.78,27.78,12.19,8150.0,0.0
2018-08-21,32.78,22.78,27.78,3.81,8150.0,0.0
2018-08-22,33.89,23.89,28.89,0.0,8120.0,0.0
2018-08-23,35.56,22.78,29.17,94.74,8050.0,0.0
2018-08-24,33.33,24.44,28.88,22.1,7980.0,0.0
2018-08-25,34.44,23.89,29.16,0.0,7890.0,0.0
2018-08-26,33.89,23.33,28.61,0.0,7770.0,0.0
2018-08-27,35.56,23.33,29.44,0.0,7650.0,0.0
2018-08-28,33.89,22.78,28.34,15.24,7550.0,0.0
2018-08-29,32.22,22.78,27.5,1.52,7490.0,0.0
2018-08-30,32.22,22.78,27.5,15.75,7380.0,0.0
2018-08-31,32.78,23.33,28.06,0.0,7260.0,0.0
2018-09-01,33.33,23.33,28.33,0.0,7190.0,0.0
2018-09-02,33.33,23.33,28.33,1.52,7090.0,0.0
2018-09-03,31.67,24.44,28.06,9.14,6970.0,0.0
2018-09-04,33.89,23.89,28.89,1.52,6840.0,0.0
2018-09-05,32.78,23.33,28.06,8.89,6720.0,0.0
2018-09-06,33.89,23.33,28.61,0.0,6600.0,0.0
2018-09-07,32.78,23.33,28.06,0.0,6520.0,0.0
2018-09-08,32.78,21.67,27.22,0.0,6420.0,0.0
2018-09-09,33.33,22.22,27.78,0.0,6320.0,0.0
2018-09-10,33.89,22.78,28.34,0.0,6210.0,0.0
2018-09-11,34.44,22.22,28.33,1.78,6090.0,0.0
2018-09-12,34.44,23.33,28.88,1.27,5960.0,0.0
2018-09-13,35.0,24.44,29.72,0.0,5830.0,0.0
2018-09-14,35.56,23.33,29.44,0.0,5710.0,0.0
2018-09-15,36.11,26.11,31.11,0.0,5580.0,0.0
2018-09-16,35.56,27.22,31.39,2.29,5440.0,0.0
2018-09-17,35.0,25.0,30.0,0.0,5310.0,0.0
2018-09-18,35.56,23.89,29.72,0.0,5180.0,0.0
2018-09-19,35.56,23.33,29.44,16.51,5040.0,0.0
2018-09-20,35.0,23.33,29.16,0.0,4910.0,0.0
2018-09-21,33.89,23.33,28.61,0.0,4770.0,0.0
2018-09-22,33.33,21.67,27.5,0.0,4650.0,0.0
2018-09-23,33.89,21.67,27.78,0.0,4550.0,0.0
2018-09-24,33.89,21.67,27.78,0.0,4480.0,0.0
2018-09-25,35.0,22.78,28.89,0.0,4400.0,0.0
2018-09-26,33.89,22.22,28.06,11.94,4310.0,0.0
2018-09-27,33.33,22.78,28.06,0.0,4230.0,0.0
2018-09-28,33.89,22.22,28.06,23.11,4160.0,0.0
2018-09-29,33.33,22.22,27.78,0.0,4100.0,0.0
2018-09-30,33.33,21.67,27.5,0.0,4000.0,0.0
2018-10-01,31.67,23.33,27.5,3.3,3940.0,0.0
2018-10-02,30.56,21.11,25.84,0.25,3900.0,0.0
2018-10-03,32.22,20.56,26.39,0.0,3890.0,0.0
2018-10-04,32.22,18.89,25.56,0.0,3900.0,1.0
2018-10-05,32.22,18.33,25.28,0.0,3900.0,0.0
2018-10-06,32.22,17.78,25.0,0.0,3880.0,0.0
2018-10-07,32.22,19.44,25.83,0.76,3850.0,0.0
2018-10-08,30.56,22.78,26.67,3.3,3800.0,0.0
2018-10-09,31.11,23.89,27.5,0.0,3750.0,0.0
2018-10-10,31.11,25.56,28.34,2.79,3750.0,0.0
2018-10-11,32.78,23.33,28.06,0.0,3880.0,1.0
2018-10-12,29.44,14.44,21.94,0.0,3800.0,0.0
2018-10-13,29.44,11.67,20.56,0.0,3710.0,0.0
2018-10-14,31.67,13.89,22.78,0.0,3650.0,0.0
2018-10-15,33.89,20.0,26.94,0.0,3600.0,0.0
2018-10-16,33.33,21.67,27.5,0.0,3560.0,0.0
2018-10-17,33.89,22.22,28.06,0.0,3540.0,0.0
2018-10-18,32.78,22.22,27.5,0.0,3530.0,0.0
2018-10-19,29.44,21.11,25.28,0.0,3510.0,0.0
2018-10-20,32.78,19.44,26.11,0.0,3510.0,0.0
2018-10-21,24.44,14.44,19.44,0.0,3480.0,0.0
2018-10-22,27.22,11.11,19.16,0.0,3430.0,0.0
2018-10-23,24.44,15.56,20.0,0.0,3410.0,0.0
2018-10-24,27.22,16.67,21.94,0.0,3400.0,0.0
2018-10-25,25.56,16.11,20.84,2.29,3390.0,0.0
2018-10-26,28.33,17.78,23.06,2.79,3400.0,1.0
2018-10-27,21.67,10.56,16.12,0.0,3400.0,0.0
2018-10-28,24.44,7.78,16.11,0.0,3340.0,0.0
2018-10-29,28.89,10.56,19.73,0.0,3280.0,0.0
2018-10-30,28.33,8.89,18.61,0.0,3250.0,0.0
2018-10-31,28.89,10.56,19.73,0.0,3220.0,0.0
2018-11-01,28.89,13.33,21.11,2.29,3200.0,0.0
2018-11-02,27.22,15.0,21.11,18.8,3250.0,1.0
2018-11-03,21.11,8.33,14.72,0.0,3230.0,0.0
2018-11-04,26.11,11.67,18.89,0.51,3150.0,0.0
2018-11-05,28.89,20.56,24.72,0.0,3200.0,1.0
2018-11-06,31.11,18.89,25.0,0.0,3220.0,1.0
2018-11-07,30.56,17.78,24.17,0.0,3230.0,1.0
2018-11-08,31.67,18.89,25.28,6.35,3230.0,0.0
2018-11-09,30.56,20.56,25.56,0.0,3230.0,0.0
2018-11-10,22.78,12.78,17.78,0.0,3220.0,0.0
2018-11-11,25.56,11.11,18.34,0.0,3190.0,0.0
2018-11-12,30.56,17.22,23.89,0.0,3170.0,0.0
2018-11-13,30.56,20.0,25.28,0.0,3240.0,1.0
2018-11-14,22.78,17.22,20.0,9.65,3380.0,1.0
2018-11-15,21.11,7.22,14.16,19.3,3630.0,1.0
2018-11-16,16.67,2.22,9.44,0.0,3910.0,1.0
2018-11-17,22.22,2.78,12.5,0.0,4260.0,1.0
2018-11-18,26.11,9.44,17.77,0.0,4550.0,1.0
2018-11-19,26.67,12.22,19.44,0.0,4760.0,1.0
2018-11-20,21.67,10.56,16.12,3.3,4920.0,1.0
2018-11-21,21.67,6.67,14.17,0.0,5080.0,1.0
2018-11-22,20.0,6.11,13.06,0.0,5260.0,1.0
2018-11-23,24.44,14.44,19.44,0.0,5470.0,1.0
2018-11-24,25.56,16.67,21.12,0.0,5720.0,1.0
2018-11-25,22.78,13.89,18.34,0.0,5920.0,1.0
2018-11-26,24.44,10.0,17.22,11.18,6080.0,1.0
2018-11-27,14.44,4.44,9.44,0.0,6170.0,1.0
2018-11-28,12.22,0.56,6.39,0.0,6220.0,1.0
2018-11-29,17.22,1.11,9.16,0.0,6280.0,1.0
2018-11-30,23.33,3.89,13.61,0.0,6350.0,1.0
2018-12-01,22.22,15.56,18.89,31.5,6450.0,1.0
2018-12-02,27.22,19.44,23.33,0.25,6530.0,1.0
2018-12-03,25.0,18.33,21.66,5.84,6690.0,1.0
2018-12-04,21.67,8.89,15.28,0.0,7460.0,1.0
2018-12-05,15.0,2.78,8.89,0.0,8970.0,1.0
2018-12-06,17.22,0.0,8.61,0.0,10900.0,1.0
2018-12-07,20.56,2.78,11.67,0.0,12600.0,1.0
2018-12-08,23.89,8.33,16.11,0.0,14000.0,1.0
2018-12-09,21.67,12.78,17.23,28.19,15300.0,1.0
2018-12-10,12.78,7.22,10.0,0.0,16400.0,1.0
2018-12-11,14.44,2.78,8.61,0.0,17300.0,1.0
2018-12-12,17.22,-1.67,7.78,0.0,18000.0,1.0
2018-12-13,21.11,6.67,13.89,0.0,18600.0,1.0
2018-12-14,20.0,16.67,18.34,79.25,19300.0,1.0
2018-12-15,21.11,13.33,17.22,8.13,19900.0,1.0
2018-12-16,20.0,8.33,14.16,0.0,20400.0,1.0
2018-12-17,17.78,6.11,11.94,0.0,20900.0,1.0
2018-12-18,20.56,4.44,12.5,0.0,21500.0,1.0
2018-12-19,18.33,8.33,13.33,0.0,22100.0,1.0
2018-12-20,17.78,15.56,16.67,37.34,22900.0,1.0
2018-12-21,17.78,8.89,13.34,5.33,23600.0,1.0
2018-12-22,15.56,3.33,9.44,0.0,24000.0,1.0
2018-12-23,18.89,1.11,10.0,0.0,24500.0,1.0
2018-12-24,21.67,5.56,13.62,0.0,24900.0,1.0
2018-12-25,22.22,6.11,14.16,0.0,25300.0,1.0
2018-12-26,21.67,8.33,15.0,0.0,25600.0,1.0
2018-12-27,25.0,10.56,17.78,0.0,25700.0,1.0
2018-12-28,27.22,19.44,23.33,2.03,25800.0,1.0
2018-12-29,25.0,17.22,21.11,22.61,25800.0,0.0
2018-12-30,25.56,17.22,21.39,0.0,25600.0,0.0
2018-12-31,27.78,16.11,21.94,0.0,25400.0,0.0
2019-01-01,27.78,13.89,20.84,0.0,25100.0,0.0
2019-01-02,27.22,14.44,20.83,0.0,24900.0,0.0
2019-01-03,27.22,15.56,21.39,0.0,24600.0,0.0
2019-01-04,27.22,14.44,20.83,14.73,24500.0,0.0
2019-01-05,16.11,7.22,11.66,0.0,24400.0,0.0
2019-01-06,21.67,5.0,13.34,0.0,24200.0,0.0
2019-01-07,23.89,5.56,14.72,0.0,24100.0,0.0
2019-01-08,23.89,9.44,16.66,0.0,23900.0,0.0
2019-01-09,18.89,5.0,11.94,0.0,23800.0,0.0
2019-01-10,14.44,1.11,7.78,0.0,23700.0,0.0
2019-01-11,19.44,0.56,10.0,0.0,23500.0,0.0
2019-01-12,23.89,8.33,16.11,0.0,23300.0,0.0
2019-01-13,25.56,11.67,18.61,2.79,23100.0,0.0
2019-01-14,16.67,7.78,12.23,0.0,22700.0,0.0
2019-01-15,13.33,2.78,8.06,0.0,22300.0,0.0
2019-01-16,17.22,3.33,10.27,0.0,21700.0,0.0
2019-01-17,21.67,1.11,11.39,0.0,21100.0,0.0
2019-01-18,24.44,7.78,16.11,0.0,20300.0,0.0
2019-01-19,26.67,10.0,18.34,17.78,19500.0,0.0
2019-01-20,20.0,4.44,12.22,17.78,19000.0,0.0
2019-01-21,15.56,0.0,7.78,0.0,18200.0,0.0
2019-01-22,23.33,4.44,13.88,0.0,17500.0,0.0
2019-01-23,26.67,12.22,19.44,0.0,16900.0,0.0
2019-01-24,22.78,8.89,15.84,36.83,16600.0,0.0
2019-01-25,16.67,3.33,10.0,0.0,16300.0,0.0
2019-01-26,17.22,5.56,11.39,0.0,16300.0,0.0
2019-01-27,10.0,7.78,8.89,43.69,16400.0,1.0
2019-01-28,16.67,5.56,11.12,4.06,16600.0,1.0
2019-01-29,18.89,2.22,10.56,0.0,16700.0,1.0
2019-01-30,11.11,0.56,5.84,0.0,16700.0,0.0
2019-01-31,17.22,0.0,8.61,0.0,16700.0,0.0
2019-02-01,21.67,9.44,15.56,0.0,16700.0,0.0
2019-02-02,23.33,15.56,19.44,6.1,16700.0,0.0
2019-02-03,18.33,16.11,17.22,3.81,16700.0,0.0
2019-02-04,22.78,12.22,17.5,0.0,16600.0,0.0
2019-02-05,27.22,9.44,18.33,0.0,16600.0,0.0
2019-02-06,28.33,11.67,20.0,0.0,16600.0,0.0
2019-02-07,27.78,12.22,20.0,0.0,16700.0,1.0
2019-02-08,30.0,12.22,21.11,0.0,16900.0,1.0
2019-02-09,20.56,12.78,16.67,0.0,17000.0,1.0
2019-02-10,23.33,15.56,19.44,0.0,17200.0,1.0
2019-02-11,28.89,16.11,22.5,0.0,17300.0,1.0
2019-02-12,30.0,16.11,23.06,3.56,17300.0,0.0
2019-02-13,18.33,7.78,13.06,4.06,17100.0,0.0
2019-02-14,22.78,1.67,12.23,0.0,16700.0,0.0
2019-02-15,25.0,8.33,16.66,0.0,16300.0,0.0
2019-02-16,27.22,11.67,19.44,0.0,15800.0,0.0
2019-02-17,30.0,20.0,25.0,0.0,15300.0,0.0
2019-02-18,31.67,19.44,25.56,0.0,14900.0,0.0
2019-02-19,26.67,16.67,21.67,0.0,14500.0,0.0
2019-02-20,30.0,17.78,23.89,0.0,14100.0,0.0
2019-02-21,31.67,17.78,24.72,0.0,13800.0,0.0
2019-02-22,31.11,17.22,24.16,0.25,13500.0,0.0
2019-02-23,32.78,20.0,26.39,0.0,13100.0,0.0
2019-02-24,28.89,16.67,22.78,5.59,12800.0,0.0
2019-02-25,22.78,9.44,16.11,0.0,12500.0,0.0
2019-02-26,20.56,13.33,16.94,0.51,12200.0,0.0
2019-02-27,26.67,15.0,20.84,1.78,11900.0,0.0
2019-02-28,27.22,14.44,20.83,0.0,11600.0,0.0
2019-03-01,28.33,16.67,22.5,3.56,11300.0,0.0
2019-03-02,28.33,16.67,22.5,22.86,11200.0,0.0
2019-03-03,30.0,18.89,24.44,1.78,11200.0,0.0
2019-03-04,22.22,11.11,16.66,9.91,11400.0,1.0
2019-03-05,15.0,7.22,11.11,0.51,11600.0,1.0
2019-03-06,16.11,3.33,9.72,0.0,11800.0,1.0
2019-03-07,22.22,0.56,11.39,0.0,12000.0,1.0
2019-03-08,26.67,7.78,17.23,0.0,12200.0,1.0
2019-03-09,29.44,10.56,20.0,0.0,12300.0,1.0
2019-03-10,31.11,16.11,23.61,0.0,12500.0,1.0
2019-03-11,30.56,16.67,23.62,0.0,12500.0,0.0
2019-03-12,26.67,15.56,21.12,0.0,12500.0,0.0
2019-03-13,27.78,15.0,21.39,0.0,12400.0,0.0
2019-03-14,29.44,16.11,22.78,0.0,12300.0,0.0
2019-03-15,31.11,16.11,23.61,0.0,12200.0,0.0
2019-03-16,22.78,14.44,18.61,0.0,12100.0,0.0
2019-03-17,18.89,13.33,16.11,0.0,12000.0,0.0
2019-03-18,23.33,11.11,17.22,0.0,11900.0,0.0
2019-03-19,22.22,12.22,17.22,0.0,11700.0,0.0
2019-03-20,23.89,11.67,17.78,0.0,11600.0,0.0
2019-03-21,24.44,6.67,15.56,0.0,11400.0,0.0
2019-03-22,26.11,6.67,16.39,0.0,11200.0,0.0
2019-03-23,27.22,6.11,16.66,0.0,10900.0,0.0
2019-03-24,28.33,8.89,18.61,0.0,10600.0,0.0
2019-03-25,28.89,12.78,20.84,0.0,10300.0,0.0
2019-03-26,28.89,16.11,22.5,0.76,9950.0,0.0
2019-03-27,22.22,13.89,18.06,1.52,9700.0,0.0
2019-03-28,25.56,12.22,18.89,0.0,9380.0,0.0
2019-03-29,27.22,9.44,18.33,0.0,9120.0,0.0
2019-03-30,28.89,13.33,21.11,0.0,8890.0,0.0
2019-03-31,29.44,13.89,21.66,6.6,8680.0,0.0
2019-04-01,17.22,12.22,14.72,5.08,8490.0,0.0
2019-04-02,22.78,11.67,17.23,8.38,8290.0,0.0
2019-04-03,24.44,7.22,15.83,0.0,8080.0,0.0
2019-04-04,28.33,10.56,19.44,0.0,7880.0,0.0
2019-04-05,27.22,18.33,22.78,1.27,7720.0,0.0
2019-04-06,32.22,16.67,24.44,0.0,7560.0,0.0
2019-04-07,32.22,16.67,24.44,0.0,7390.0,0.0
2019-04-08,31.67,20.56,26.12,3.81,7230.0,0.0
2019-04-09,30.0,19.44,24.72,2.54,7080.0,0.0
2019-04-10,29.44,16.67,23.06,0.0,6920.0,0.0
2019-04-11,31.11,16.11,23.61,0.0,6750.0,0.0
2019-04-12,33.33,18.89,26.11,0.0,6590.0,0.0
2019-04-13,32.78,21.67,27.22,0.0,6430.0,0.0
2019-04-14,32.78,22.22,27.5,3.81,6290.0,0.0
2019-04-15,26.11,10.56,18.34,0.0,6180.0,0.0
2019-04-16,28.89,7.22,18.06,0.0,6020.0,0.0
2019-04-17,30.56,12.78,21.67,0.0,5890.0,0.0
2019-04-18,31.67,16.11,23.89,0.0,5770.0,0.0
2019-04-19,27.78,16.11,21.94,24.89,5720.0,0.0
2019-04-20,22.78,11.67,17.23,0.76,5680.0,0.0
2019-04-21,26.11,7.78,16.94,0.0,5570.0,0.0
2019-04-22,29.44,9.44,19.44,0.0,5460.0,0.0
2019-04-23,30.56,11.11,20.84,0.0,5380.0,0.0
2019-04-24,31.11,13.33,22.22,0.0,5300.0,0.0
2019-04-25,31.11,15.56,23.34,0.0,5220.0,0.0
2019-04-26,30.56,17.78,24.17,10.92,5180.0,0.0
2019-04-27,29.44,10.0,19.72,0.0,5110.0,0.0
2019-04-28,31.11,12.78,21.94,0.0,5040.0,0.0
2019-04-29,32.22,15.0,23.61,0.0,4970.0,0.0
2019-04-30,32.78,17.22,25.0,0.0,4910.0,0.0
2019-05-01,32.22,18.89,25.56,0.0,4830.0,0.0
2019-05-02,31.67,20.56,26.12,0.0,4760.0,0.0
2019-05-03,29.44,21.67,25.56,5.59,4700.0,0.0
2019-05-04,32.78,22.78,27.78,0.0,4650.0,0.0
2019-05-05,29.44,21.67,25.56,54.1,4650.0,0.0
2019-05-06,32.78,21.11,26.94,0.0,4620.0,0.0
2019-05-07,33.89,19.44,26.66,0.0,4620.0,0.0
2019-05-08,32.22,19.44,25.83,0.0,4610.0,0.0
2019-05-09,31.67,19.44,25.56,0.0,4580.0,0.0
2019-05-10,32.78,20.56,26.67,0.0,4510.0,0.0
2019-05-11,33.89,20.0,26.94,0.0,4440.0,0.0
2019-05-12,33.33,21.67,27.5,0.0,4380.0,0.0
2019-05-13,30.56,21.11,25.84,0.0,4350.0,0.0
2019-05-14,30.56,20.0,25.28,0.0,4300.0,0.0
2019-05-15,31.11,15.0,23.06,0.0,4220.0,0.0
2019-05-16,32.22,16.11,24.16,0.0,4160.0,0.0
2019-05-17,33.33,17.78,25.56,0.0,4100.0,0.0
2019-05-18,33.89,18.33,26.11,0.0,4040.0,0.0
2019-05-19,33.33,14.44,23.88,0.0,3970.0,0.0
2019-05-20,34.44,20.56,27.5,0.0,3910.0,0.0
2019-05-21,36.11,23.33,29.72,0.0,3840.0,0.0
2019-05-22,36.11,22.78,29.44,0.0,3780.0,0.0
2019-05-23,35.0,20.0,27.5,0.0,3710.0,0.0
2019-05-24,36.11,17.22,26.66,0.0,3650.0,0.0
2019-05-25,37.22,20.56,28.89,0.0,3580.0,0.0
2019-05-26,37.78,20.56,29.17,0.0,3530.0,0.0
2019-05-27,38.89,23.33,31.11,0.0,3480.0,0.0
2019-05-28,38.33,23.89,31.11,0.76,3440.0,0.0
2019-05-29,37.22,22.22,29.72,0.0,3420.0,0.0
2019-05-30,37.22,21.11,29.16,0.0,3380.0,0.0
2019-05-31,35.0,22.22,28.61,6.86,3350.0,0.0
2019-06-01,37.22,25.56,31.39,0.0,3320.0,0.0
2019-06-02,35.56,25.0,30.28,0.0,3280.0,0.0
2019-06-03,37.78,26.11,31.94,0.0,3250.0,0.0
2019-06-04,38.33,24.44,31.38,0.76,3210.0,0.0
2019-06-05,36.11,22.22,29.16,1.27,3170.0,0.0
2019-06-06,33.33,24.44,28.88,0.0,3150.0,0.0
2019-06-07,32.78,24.44,28.61,4.57,3160.0,1.0
2019-06-08,33.89,24.44,29.16,12.19,3170.0,1.0
2019-06-09,26.11,22.78,24.44,21.59,3250.0,1.0
2019-06-10,33.89,21.67,27.78,2.29,3260.0,1.0
2019-06-11,33.89,22.78,28.34,4.83,3210.0,0.0
2019-06-12,30.0,22.78,26.39,41.4,3280.0,1.0
2019-06-13,29.44,22.78,26.11,41.15,3380.0,1.0
2019-06-14,32.22,21.67,26.94,0.0,3380.0,0.0
2019-06-15,33.33,21.11,27.22,1.27,3380.0,0.0
2019-06-16,35.0,22.78,28.89,0.0,3410.0,1.0
2019-06-17,33.89,22.78,28.34,36.58,3460.0,1.0
2019-06-18,32.22,24.44,28.33,9.14,3540.0,1.0
2019-06-19,30.56,23.89,27.22,59.18,3650.0,1.0
2019-06-20,32.78,22.22,27.5,7.87,3740.0,1.0
2019-06-21,34.44,25.56,30.0,0.0,3720.0,0.0
2019-06-22,33.89,24.44,29.16,0.0,3670.0,0.0
2019-06-23,33.89,22.78,28.34,0.0,3600.0,0.0
2019-06-24,34.44,22.78,28.61,0.0,3530.0,0.0
2019-06-25,35.0,23.89,29.44,0.0,3450.0,0.0
2019-06-26,35.0,22.78,28.89,0.0,3370.0,0.0
2019-06-27,33.89,20.0,26.94,0.0,3310.0,0.0
2019-06-28,33.89,21.11,27.5,0.0,3260.0,0.0
2019-06-29,32.22,21.67,26.94,0.0,3240.0,0.0
2019-06-30,32.78,21.67,27.22,0.0,3280.0,1.0
2019-07-01,34.44,22.78,28.61,0.0,3260.0,0.0
2019-07-02,35.56,23.89,29.72,14.73,3260.0,0.0
2019-07-03,35.56,23.33,29.44,12.95,3260.0,0.0
2019-07-04,35.0,22.78,28.89,1.78,3270.0,1.0
2019-07-05,31.11,22.22,26.66,11.18,3330.0,1.0
2019-07-06,30.56,22.22,26.39,0.0,3330.0,0.0
2019-07-07,31.11,22.78,26.94,0.25,3410.0,1.0
2019-07-08,33.89,22.22,28.06,0.76,3580.0,1.0
2019-07-09,33.89,23.33,28.61,2.54,3780.0,1.0
2019-07-10,32.22,23.89,28.06,0.0,3870.0,1.0
2019-07-11,33.89,22.78,28.34,7.62,3870.0,0.0
2019-07-12,33.33,22.22,27.78,1.02,3870.0,0.0
2019-07-13,33.33,21.67,27.5,0.0,3920.0,1.0
2019-07-14,34.44,22.78,28.61,0.0,3950.0,1.0
2019-07-15,34.44,22.78,28.61,0.0,4040.0,1.0
2019-07-16,33.89,22.22,28.06,0.0,4100.0,1.0
2019-07-17,33.33,21.67,27.5,1.78,4090.0,0.0
2019-07-18,32.78,20.0,26.39,0.0,4020.0,0.0
2019-07-19,33.33,21.67,27.5,6.35,3920.0,0.0
2019-07-20,33.33,20.56,26.94,0.76,3860.0,0.0
2019-07-21,32.78,20.56,26.67,0.76,3860.0,0.0
2019-07-22,32.22,20.0,26.11,0.76,3870.0,1.0
2019-07-23,30.56,21.67,26.12,0.0,3850.0,0.0
2019-07-24,28.33,21.11,24.72,35.05,3880.0,1.0
2019-07-25,27.78,20.56,24.17,1.52,3940.0,1.0
2019-07-26,27.78,20.56,24.17,5.59,3990.0,1.0
2019-07-27,31.11,21.11,26.11,1.52,4120.0,1.0
2019-07-28,31.11,22.22,26.66,1.02,4200.0,1.0
2019-07-29,32.22,21.67,26.94,0.51,4210.0,1.0
2019-07-30,33.33,20.0,26.66,0.0,4180.0,0.0
2019-07-31,33.89,22.22,28.06,0.0,4160.0,0.0
2019-08-01,33.89,20.56,27.22,0.0,4140.0,0.0
2019-08-02,30.0,22.78,26.39,0.0,4090.0,0.0
2019-08-03,32.22,21.11,26.66,0.0,4020.0,0.0
2019-08-04,33.33,22.78,28.06,0.0,3990.0,0.0
2019-08-05,33.33,22.78,28.06,0.51,3940.0,0.0
2019-08-06,31.67,23.33,27.5,12.95,3880.0,0.0
2019-08-07,29.44,23.33,26.38,3.56,3820.0,0.0
2019-08-08,32.78,23.33,28.06,14.99,3770.0,0.0
2019-08-09,34.44,23.33,28.88,0.0,3700.0,0.0
2019-08-10,35.0,25.0,30.0,0.0,3610.0,0.0
2019-08-11,35.0,23.33,29.16,30.99,3530.0,0.0
2019-08-12,33.89,22.78,28.34,15.75,3480.0,0.0
2019-08-13,34.44,22.78,28.61,0.0,3440.0,0.0
2019-08-14,33.33,23.33,28.33,1.78,3420.0,0.0
2019-08-15,30.56,23.89,27.22,7.87,3460.0,1.0
2019-08-16,25.0,23.33,24.16,21.34,3480.0,1.0
2019-08-17,24.44,21.67,23.06,40.64,3620.0,1.0
2019-08-18,27.22,22.78,25.0,3.56,3810.0,1.0
2019-08-19,30.0,22.78,26.39,8.13,4000.0,1.0
2019-08-20,32.22,21.67,26.94,1.02,4320.0,1.0
2019-08-21,33.33,21.11,27.22,2.29,4710.0,1.0
2019-08-22,32.78,22.22,27.5,0.0,5170.0,1.0
2019-08-23,33.89,21.67,27.78,0.0,5480.0,1.0
2019-08-24,34.44,22.22,28.33,0.0,5490.0,1.0
2019-08-25,32.22,22.78,27.5,0.25,5330.0,0.0
2019-08-26,33.89,22.22,28.06,56.9,5160.0,0.0
2019-08-27,31.67,21.67,26.67,22.86,5060.0,0.0
2019-08-28,33.33,22.78,28.06,9.65,5000.0,0.0
2019-08-29,33.89,22.22,28.06,0.0,4930.0,0.0
2019-08-30,31.11,22.78,26.94,0.25,4860.0,0.0
2019-08-31,32.78,23.33,28.06,0.25,4760.0,0.0
2019-09-01,31.67,24.44,28.06,9.91,4670.0,0.0
2019-09-02,31.67,24.44,28.06,3.81,4540.0,0.0
2019-09-03,32.78,23.89,28.34,4.06,4430.0,0.0
2019-09-04,30.56,23.33,26.94,3.81,4330.0,0.0
2019-09-05,34.44,23.89,29.16,0.0,4250.0,0.0
2019-09-06,34.44,22.22,28.33,0.0,4150.0,0.0
2019-09-07,35.0,20.0,27.5,0.0,4030.0,0.0
2019-09-08,34.44,20.56,27.5,0.0,3910.0,0.0
2019-09-09,35.0,20.56,27.78,0.0,3810.0,0.0
2019-09-10,33.89,21.11,27.5,0.0,3700.0,0.0
2019-09-11,33.33,20.56,26.94,0.0,3600.0,0.0
2019-09-12,32.78,21.67,27.22,0.0,3510.0,0.0
2019-09-13,31.67,22.78,27.22,0.0,3430.0,0.0
2019-09-14,32.78,22.78,27.78,0.0,3330.0,0.0
2019-09-15,32.22,23.89,28.06,1.52,3250.0,0.0
2019-09-16,34.44,21.67,28.06,0.0,3190.0,0.0
2019-09-17,35.0,20.0,27.5,0.0,3130.0,0.0
2019-09-18,32.78,19.44,26.11,0.0,3070.0,0.0
2019-09-19,30.56,21.11,25.84,0.0,3030.0,0.0
2019-09-20,31.11,20.0,25.56,0.51,2950.0,0.0
2019-09-21,30.56,19.44,25.0,0.0,2900.0,0.0
2019-09-22,31.11,18.33,24.72,0.0,2870.0,0.0
2019-09-23,31.11,18.33,24.72,0.0,2840.0,0.0
2019-09-24,33.33,16.11,24.72,0.0,2810.0,0.0
2019-09-25,34.44,18.89,26.66,0.0,2790.0,0.0
2019-09-26,35.0,21.67,28.34,0.0,2760.0,0.0
2019-09-27,33.89,20.56,27.22,0.0,2730.0,0.0
2019-09-28,32.22,18.33,25.28,0.0,2690.0,0.0
2019-09-29,33.33,17.78,25.56,0.0,2660.0,0.0
2019-09-30,33.89,21.67,27.78,0.0,2630.0,0.0
2019-10-01,33.33,21.67,27.5,1.27,2600.0,0.0
2019-10-02,32.22,20.56,26.39,0.0,2590.0,0.0
2019-10-03,33.33,17.78,25.56,0.0,2570.0,0.0
2019-10-04,32.78,15.56,24.17,0.0,2560.0,0.0
2019-10-05,32.22,18.33,25.28,0.0,2530.0,0.0
2019-10-06,30.0,22.22,26.11,0.0,2500.0,0.0
2019-10-07,27.22,21.11,24.16,45.72,2490.0,0.0
2019-10-08,29.44,21.67,25.56,0.25,2480.0,0.0
2019-10-09,28.33,20.0,24.16,0.0,2460.0,0.0
2019-10-10,30.56,18.89,24.72,0.0,2440.0,0.0
2019-10-11,30.0,17.22,23.61,0.0,2420.0,0.0
2019-10-12,30.0,14.44,22.22,0.0,2410.0,0.0
2019-10-13,30.0,17.22,23.61,0.0,2400.0,0.0
2019-10-14,31.11,17.22,24.16,0.0,2400.0,0.0
2019-10-15,31.11,20.56,25.84,0.0,2400.0,0.0
2019-10-16,31.11,21.67,26.39,0.76,2430.0,1.0
2019-10-17,23.89,14.44,19.16,0.0,2430.0,0.0
2019-10-18,22.22,14.44,18.33,3.05,2400.0,0.0
2019-10-19,26.67,19.44,23.06,15.75,2400.0,0.0
2019-10-20,28.89,17.78,23.34,0.0,2450.0,1.0
2019-10-21,26.67,16.11,21.39,14.73,2400.0,0.0
2019-10-22,31.67,20.56,26.12,6.86,2400.0,0.0
2019-10-23,25.0,12.78,18.89,0.0,2380.0,0.0
2019-10-24,28.89,15.56,22.22,0.0,2320.0,0.0
2019-10-25,31.11,20.56,25.84,0.0,2320.0,0.0
2019-10-26,31.67,21.11,26.39,0.76,2320.0,0.0
2019-10-27,27.78,21.11,24.44,2.03,2360.0,1.0
2019-10-28,30.56,20.0,25.28,0.0,2350.0,0.0
2019-10-29,31.67,22.78,27.22,0.0,2330.0,0.0
2019-10-30,31.67,22.22,26.94,0.0,2350.0,1.0
2019-10-31,31.67,17.78,24.72,0.0,2360.0,1.0
2019-11-01,19.44,11.11,15.28,0.0,2360.0,0.0
2019-11-02,20.0,12.22,16.11,0.0,2320.0,0.0
2019-11-03,24.44,8.33,16.39,0.0,2310.0,0.0
2019-11-04,27.78,13.89,20.84,0.0,2290.0,0.0
2019-11-05,26.67,18.89,22.78,0.0,2290.0,0.0
2019-11-06,28.33,20.0,24.16,0.0,2280.0,0.0
2019-11-07,30.0,19.44,24.72,0.0,2270.0,0.0
2019-11-08,21.11,13.89,17.5,1.78,2270.0,0.0
2019-11-09,21.67,10.0,15.84,3.3,2260.0,0.0
2019-11-10,23.33,7.22,15.27,0.0,2240.0,0.0
2019-11-11,26.67,8.33,17.5,0.0,2250.0,1.0
2019-11-12,27.78,8.89,18.34,0.25,2260.0,1.0
2019-11-13,16.67,3.89,10.28,0.0,2260.0,0.0
2019-11-14,18.89,7.78,13.34,1.02,2240.0,0.0
2019-11-15,14.44,11.11,12.77,31.75,2430.0,1.0
2019-11-16,11.67,8.89,10.28,0.25,2380.0,0.0
2019-11-17,12.78,7.78,10.28,0.0,2380.0,0.0
2019-11-18,22.22,7.78,15.0,0.0,2420.0,1.0
2019-11-19,20.0,6.11,13.06,0.0,2430.0,1.0
2019-11-20,22.78,5.0,13.89,0.0,2410.0,0.0
2019-11-21,23.89,5.0,14.44,0.0,2370.0,0.0
2019-11-22,25.0,9.44,17.22,0.0,2360.0,0.0
2019-11-23,26.11,8.89,17.5,7.62,2350.0,0.0
2019-11-24,19.44,6.11,12.78,0.51,2360.0,1.0
2019-11-25,18.89,3.33,11.11,0.0,2340.0,0.0
2019-11-26,21.11,3.33,12.22,0.0,2320.0,0.0
2019-11-27,26.67,7.22,16.94,0.0,2310.0,0.0
2019-11-28,26.67,10.56,18.62,0.0,2290.0,0.0
2019-11-29,25.0,7.22,16.11,0.0,2270.0,0.0
2019-11-30,26.11,8.89,17.5,0.0,2250.0,0.0
2019-12-01,26.67,17.78,22.22,0.0,2240.0,0.0
2019-12-02,21.11,3.33,12.22,0.0,2240.0,0.0
2019-12-03,13.89,-1.11,6.39,0.0,2230.0,0.0
2019-12-04,18.33,2.22,10.27,0.0,2210.0,0.0
2019-12-05,21.67,2.22,11.94,0.0,2210.0,0.0
2019-12-06,23.33,2.22,12.77,0.0,2210.0,0.0
2019-12-07,22.22,5.56,13.89,0.0,2210.0,0.0
2019-12-08,24.44,12.78,18.61,0.0,2190.0,0.0
2019-12-09,27.22,13.89,20.56,0.0,2180.0,0.0
2019-12-10,28.33,11.67,20.0,0.0,2190.0,1.0
2019-12-11,22.22,13.33,17.77,0.0,2160.0,0.0
2019-12-12,20.56,14.44,17.5,0.51,2120.0,0.0
2019-12-13,22.22,16.11,19.16,16.51,2130.0,1.0
2019-12-14,21.11,8.89,15.0,35.56,2170.0,1.0
2019-12-15,22.78,5.0,13.89,0.0,2180.0,1.0
2019-12-16,26.67,8.33,17.5,0.0,2150.0,0.0
2019-12-17,27.22,15.0,21.11,5.33,2180.0,1.0
2019-12-18,17.22,4.44,10.83,0.0,2190.0,1.0
2019-12-19,17.78,1.11,9.44,0.0,2170.0,0.0
2019-12-20,19.44,7.22,13.33,0.0,2170.0,0.0
2019-12-21,24.44,13.33,18.89,0.0,2180.0,1.0
2019-12-22,20.0,15.56,17.78,50.04,2210.0,1.0
2019-12-23,20.56,11.67,16.11,39.12,2340.0,1.0
2019-12-24,17.22,11.67,14.44,0.25,2360.0,1.0
2019-12-25,22.78,12.78,17.78,0.0,2430.0,1.0
2019-12-26,23.89,14.44,19.16,0.0,2590.0,1.0
2019-12-27,26.11,13.89,20.0,0.0,2730.0,1.0
2019-12-28,25.56,19.44,22.5,1.78,2830.0,1.0
2019-12-29,27.22,19.44,23.33,3.81,2920.0,1.0
2019-12-30,25.0,11.67,18.34,0.51,3010.0,1.0
2019-12-31,18.89,5.56,12.22,0.0,3060.0,1.0
2020-01-01,18.89,3.89,11.39,0.0,3100.0,1.0
2020-01-02,25.56,7.22,16.39,0.0,3150.0,1.0
2020-01-03,28.89,16.67,22.78,0.0,3230.0,1.0
2020-01-04,22.78,11.67,17.23,17.27,3330.0,1.0
2020-01-05,16.67,3.33,10.0,0.0,3380.0,1.0
2020-01-06,20.0,1.11,10.56,0.0,3440.0,1.0
2020-01-07,22.22,2.22,12.22,0.0,3550.0,1.0
2020-01-08,18.89,0.0,9.44,0.0,3640.0,1.0
2020-01-09,24.44,0.56,12.5,0.0,3690.0,1.0
2020-01-10,26.67,10.56,18.62,0.0,3750.0,1.0
2020-01-11,28.33,17.22,22.78,0.0,3800.0,1.0
2020-01-12,29.44,17.78,23.61,0.0,3850.0,1.0
2020-01-13,27.78,17.78,22.78,0.0,3870.0,1.0
2020-01-14,27.78,13.33,20.56,0.0,3930.0,1.0
2020-01-15,27.78,14.44,21.11,0.0,4030.0,1.0
2020-01-16,26.11,13.89,20.0,0.0,4110.0,1.0
2020-01-17,21.67,12.22,16.94,0.0,4140.0,1.0
2020-01-18,25.0,7.78,16.39,0.0,4150.0,1.0
2020-01-19,25.0,9.44,17.22,2.03,4220.0,1.0
2020-01-20,13.89,2.22,8.06,0.0,4250.0,1.0
2020-01-21,10.0,-0.56,4.72,0.0,4240.0,0.0
2020-01-22,13.89,-0.56,6.66,0.0,4240.0,0.0
2020-01-23,18.89,10.0,14.44,0.0,4220.0,0.0
2020-01-24,23.33,10.0,16.66,0.0,4210.0,0.0
2020-01-25,18.89,6.67,12.78,0.0,4160.0,0.0
2020-01-26,19.44,2.78,11.11,0.0,4070.0,0.0
2020-01-27,17.78,10.56,14.17,0.0,3990.0,0.0
2020-01-28,19.44,4.44,11.94,0.0,3930.0,0.0
2020-01-29,15.0,1.67,8.34,0.0,3870.0,0.0
2020-01-30,17.22,11.11,14.16,0.0,3800.0,0.0
2020-01-31,21.11,10.56,15.84,0.0,3730.0,0.0
2020-02-01,16.11,8.33,12.22,0.0,3650.0,0.0
2020-02-02,17.78,5.0,11.39,0.0,3580.0,0.0
2020-02-03,23.89,2.78,13.34,0.0,3510.0,0.0
2020-02-04,22.78,4.44,13.61,0.0,3440.0,0.0
2020-02-05,27.22,10.0,18.61,0.0,3370.0,0.0
2020-02-06,29.44,16.67,23.06,23.62,3370.0,0.0
2020-02-07,17.22,2.22,9.72,0.0,3510.0,1.0
2020-02-08,20.56,0.56,10.56,0.0,3450.0,0.0
2020-02-09,23.33,3.33,13.33,0.0,3510.0,1.0
2020-02-10,27.22,8.33,17.77,0.0,3650.0,1.0
2020-02-11,28.33,15.56,21.94,0.0,3820.0,1.0
2020-02-12,28.89,17.22,23.06,0.0,3950.0,1.0
2020-02-13,29.44,15.56,22.5,0.51,4080.0,1.0
2020-02-14,19.44,8.33,13.89,0.76,4230.0,1.0
2020-02-15,22.22,6.11,14.16,0.0,4330.0,1.0
2020-02-16,25.56,8.89,17.23,1.02,4490.0,1.0
2020-02-17,21.67,13.33,17.5,0.0,4700.0,1.0
2020-02-18,29.44,15.56,22.5,0.0,4900.0,1.0
2020-02-19,27.22,16.67,21.94,0.0,5180.0,1.0
2020-02-20,23.33,9.44,16.38,1.02,5440.0,1.0
2020-02-21,9.44,2.78,6.11,0.76,5680.0,1.0
2020-02-22,17.22,0.56,8.89,0.0,5850.0,1.0
2020-02-23,22.78,3.89,13.34,0.0,6020.0,1.0
2020-02-24,25.56,9.44,17.5,0.0,6160.0,1.0
2020-02-25,20.56,16.11,18.34,16.76,6360.0,1.0
2020-02-26,22.22,11.67,16.94,17.53,6510.0,1.0
2020-02-27,13.89,2.22,8.06,0.0,6660.0,1.0
2020-02-28,16.11,-0.56,7.78,0.0,6870.0,1.0
2020-02-29,18.33,3.33,10.83,0.0,7100.0,1.0
2020-03-01,21.11,-0.56,10.28,0.0,7330.0,1.0
2020-03-02,25.0,6.11,15.56,0.0,7530.0,1.0
2020-03-03,26.67,15.0,20.84,0.0,7790.0,1.0
2020-03-04,28.89,15.0,21.94,0.0,8060.0,1.0
2020-03-05,28.33,18.89,23.61,1.27,8360.0,1.0
2020-03-06,21.67,9.44,15.56,0.0,8630.0,1.0
2020-03-07,17.22,2.78,10.0,0.0,8870.0,1.0
2020-03-08,21.67,0.56,11.12,0.0,9110.0,1.0
2020-03-09,24.44,8.89,16.66,0.0,9360.0,1.0
2020-03-10,25.56,12.22,18.89,0.0,9610.0,1.0
2020-03-11,27.78,11.11,19.44,0.0,9870.0,1.0
2020-03-12,27.22,10.0,18.61,0.0,10200.0,1.0
2020-03-13,29.44,10.0,19.72,0.0,10600.0,1.0
2020-03-14,30.0,12.22,21.11,0.0,11100.0,1.0
2020-03-15,31.67,13.33,22.5,0.0,11800.0,1.0
2020-03-16,28.33,17.78,23.06,0.0,12600.0,1.0
2020-03-17,28.33,16.11,22.22,0.0,13200.0,1.0
2020-03-18,30.56,15.56,23.06,0.0,13500.0,1.0
2020-03-19,30.56,14.44,22.5,0.0,13400.0,0.0
2020-03-20,29.44,16.67,23.06,0.0,13100.0,0.0
2020-03-21,30.56,13.89,22.22,0.0,12800.0,0.0
2020-03-22,30.0,14.44,22.22,0.0,12300.0,0.0
2020-03-23,30.56,17.22,23.89,0.0,11800.0,0.0
2020-03-24,29.44,13.89,21.66,0.0,11200.0,0.0
2020-03-25,29.44,20.0,24.72,0.0,10700.0,0.0
2020-03-26,30.56,17.22,23.89,0.0,10100.0,0.0
2020-03-27,31.67,14.44,23.06,0.0,9580.0,0.0
2020-03-28,33.89,13.89,23.89,0.0,9070.0,0.0
2020-03-29,32.22,16.11,24.16,0.0,8600.0,0.0
2020-03-30,31.67,16.11,23.89,0.0,8180.0,0.0
2020-03-31,29.44,16.67,23.06,14.99,7810.0,0.0
2020-04-01,21.67,8.33,15.0,0.0,7500.0,0.0
2020-04-02,23.89,5.56,14.72,0.0,7170.0,0.0
2020-04-03,27.22,6.11,16.66,0.0,6930.0,0.0
2020-04-04,28.89,9.44,19.16,0.0,6700.0,0.0
2020-04-05,21.67,15.56,18.62,1.52,6470.0,0.0
2020-04-06,27.78,12.22,20.0,0.0,6240.0,0.0
2020-04-07,30.0,13.33,21.66,0.0,6010.0,0.0
2020-04-08,30.0,16.11,23.06,0.0,5810.0,0.0
2020-04-09,32.22,21.67,26.94,0.0,5640.0,0.0
2020-04-10,25.56,10.0,17.78,0.0,5450.0,0.0
2020-04-11,27.22,6.67,16.94,0.0,5260.0,0.0
2020-04-12,33.33,18.33,25.83,0.51,5080.0,0.0
2020-04-13,30.0,24.44,27.22,0.25,5000.0,0.0
2020-04-14,26.11,20.0,23.06,43.69,4970.0,0.0
2020-04-15,27.78,13.89,20.84,33.02,4990.0,1.0
2020-04-16,22.78,11.67,17.23,2.79,5020.0,1.0
2020-04-17,27.78,10.56,19.17,0.0,5190.0,1.0
2020-04-18,24.44,18.89,21.66,6.1,5540.0,1.0
2020-04-19,31.67,19.44,25.56,0.0,5860.0,1.0
2020-04-20,29.44,17.22,23.33,5.08,6150.0,1.0
2020-04-21,28.89,15.0,21.94,0.0,6330.0,1.0
2020-04-22,27.78,11.11,19.44,0.0,6400.0,1.0
2020-04-23,32.22,16.11,24.16,29.21,6350.0,0.0
2020-04-24,23.89,18.33,21.11,13.21,6390.0,1.0
2020-04-25,30.0,17.78,23.89,0.0,6470.0,1.0
2020-04-26,27.78,15.0,21.39,0.0,6970.0,1.0
2020-04-27,24.44,10.56,17.5,0.0,7700.0,1.0
2020-04-28,27.78,8.89,18.34,0.0,8470.0,1.0
2020-04-29,29.44,14.44,21.94,0.0,9200.0,1.0
2020-04-30,26.11,15.0,20.56,12.95,9930.0,1.0
2020-05-01,26.11,9.44,17.77,0.0,10400.0,1.0
2020-05-02,28.89,10.0,19.44,0.0,10700.0,1.0
2020-05-03,30.0,13.33,21.66,0.0,10900.0,1.0
2020-05-04,29.44,14.44,21.94,0.0,10900.0,0.0
2020-05-05,30.56,16.11,23.34,0.0,10800.0,0.0
2020-05-06,29.44,15.0,22.22,0.0,10600.0,0.0
2020-05-07,22.78,10.0,16.39,0.0,10300.0,0.0
2020-05-08,26.67,6.67,16.67,0.0,9930.0,0.0
2020-05-09,27.22,15.0,21.11,0.0,9590.0,0.0
2020-05-10,23.33,15.0,19.16,17.02,9210.0,0.0
2020-05-11,28.33,12.78,20.56,0.0,8790.0,0.0
2020-05-12,27.78,10.56,19.17,0.0,8340.0,0.0
2020-05-13,28.89,11.67,20.28,0.0,7900.0,0.0
2020-05-14,28.89,15.0,21.94,0.0,7490.0,0.0
2020-05-15,30.0,14.44,22.22,0.0,7130.0,0.0
2020-05-16,30.0,18.33,24.16,0.0,6780.0,0.0
2020-05-17,31.67,20.0,25.84,0.0,6450.0,0.0
2020-05-18,31.11,19.44,25.28,0.0,6140.0,0.0
2020-05-19,30.56,19.44,25.0,0.51,5880.0,0.0
2020-05-20,31.67,18.89,25.28,0.0,5600.0,0.0
2020-05-21,33.33,18.33,25.83,0.0,5350.0,0.0
2020-05-22,34.44,17.78,26.11,0.0,5110.0,0.0
2020-05-23,34.44,18.89,26.66,0.0,4910.0,0.0
2020-05-24,32.22,19.44,25.83,0.0,4790.0,0.0
2020-05-25,27.22,21.11,24.16,9.4,4620.0,0.0
2020-05-26,27.78,21.11,24.44,1.52,4510.0,0.0
2020-05-27,30.0,21.11,25.56,27.18,4440.0,0.0
2020-05-28,31.11,20.56,25.84,28.7,4370.0,0.0
2020-05-29,29.44,20.56,25.0,21.34,4290.0,0.0
2020-05-30,32.22,20.56,26.39,31.75,4220.0,0.0
2020-05-31,33.89,20.0,26.94,0.0,4170.0,0.0
2020-06-01,30.56,21.67,26.12,0.0,4120.0,0.0
2020-06-02,30.0,20.0,25.0,0.0,4080.0,0.0
2020-06-03,28.89,18.89,23.89,1.52,4030.0,0.0
2020-06-04,28.33,20.0,24.16,15.75,3980.0,0.0
2020-06-05,27.78,21.67,24.72,0.0,3940.0,0.0
2020-06-06,26.67,22.22,24.44,25.4,3890.0,0.0
2020-06-07,27.78,22.22,25.0,66.55,4100.0,1.0
2020-06-08,30.56,22.78,26.67,5.59,4830.0,1.0
2020-06-09,30.0,22.78,26.39,0.25,6410.0,1.0
2020-06-10,33.33,21.67,27.5,1.27,8120.0,1.0
2020-06-11,31.11,21.11,26.11,2.79,9350.0,1.0
2020-06-12,31.67,20.56,26.12,79.5,10200.0,1.0
2020-06-13,30.0,20.0,25.0,0.0,10800.0,1.0
2020-06-14,31.11,20.56,25.84,0.0,11300.0,1.0
2020-06-15,31.11,18.33,24.72,0.0,11800.0,1.0
2020-06-16,29.44,17.78,23.61,0.0,12200.0,1.0
2020-06-17,28.89,16.67,22.78,0.0,12600.0,1.0
2020-06-18,32.22,18.33,25.28,0.0,12900.0,1.0
2020-06-19,33.33,18.89,26.11,14.73,13200.0,1.0
2020-06-20,33.33,20.0,26.66,0.0,13300.0,1.0
2020-06-21,32.78,20.0,26.39,0.0,13300.0,0.0
2020-06-22,33.33,18.33,25.83,0.0,13300.0,0.0
2020-06-23,32.78,22.22,27.5,1.27,13100.0,0.0
2020-06-24,34.44,23.33,28.88,0.0,12900.0,0.0
2020-06-25,33.89,21.67,27.78,0.0,12600.0,0.0
2020-06-26,33.89,22.78,28.34,0.0,12300.0,0.0
2020-06-27,33.89,23.33,28.61,0.0,12000.0,0.0
2020-06-28,34.44,21.11,27.78,0.0,11600.0,0.0
2020-06-29,34.44,22.78,28.61,0.0,11200.0,0.0
2020-06-30,33.33,23.33,28.33,0.51,10800.0,0.0
2020-07-01,30.56,21.11,25.84,0.0,10300.0,0.0
2020-07-02,32.78,20.56,26.67,8.38,9910.0,0.0
2020-07-03,32.22,21.67,26.94,0.0,9530.0,0.0
2020-07-04,32.22,21.67,26.94,1.27,9240.0,0.0
2020-07-05,30.56,22.22,26.39,0.76,8960.0,0.0
2020-07-06,28.89,22.22,25.56,5.08,8740.0,0.0
2020-07-07,30.56,22.22,26.39,13.97,8590.0,0.0
2020-07-08,31.11,23.89,27.5,8.89,8530.0,0.0
2020-07-09,32.78,23.89,28.34,0.0,8610.0,1.0
2020-07-10,35.0,24.44,29.72,41.91,8790.0,1.0
2020-07-11,35.0,23.33,29.16,0.76,9020.0,1.0
2020-07-12,34.44,21.67,28.06,0.0,9240.0,1.0
2020-07-13,32.78,22.22,27.5,0.0,9400.0,1.0
2020-07-14,34.44,24.44,29.44,0.0,9420.0,1.0
2020-07-15,33.89,22.22,28.06,27.43,9250.0,0.0
2020-07-16,33.89,21.11,27.5,0.0,8990.0,0.0
2020-07-17,33.89,21.67,27.78,4.06,8640.0,0.0
2020-07-18,33.33,21.67,27.5,0.25,8340.0,0.0
2020-07-19,33.89,21.67,27.78,0.0,8070.0,0.0
2020-07-20,33.33,21.67,27.5,0.0,7800.0,0.0
2020-07-21,33.89,22.78,28.34,20.57,7540.0,0.0
2020-07-22,32.78,22.22,27.5,0.76,7290.0,0.0
2020-07-23,31.67,22.78,27.22,0.0,7080.0,0.0
2020-07-24,33.89,21.67,27.78,0.0,6870.0,0.0
2020-07-25,32.78,22.78,27.78,0.0,6640.0,0.0
2020-07-26,33.89,21.67,27.78,0.51,6420.0,0.0
2020-07-27,32.22,21.67,26.94,0.0,6250.0,0.0
2020-07-28,31.67,22.78,27.22,0.0,6100.0,0.0
2020-07-29,31.11,22.22,26.66,24.13,5970.0,0.0
2020-07-30,31.67,22.22,26.94,0.25,5880.0,0.0
2020-07-31,33.89,22.22,28.06,0.0,5770.0,0.0
2020-08-01,34.44,22.78,28.61,0.0,5650.0,0.0
2020-08-02,32.78,20.56,26.67,10.16,5590.0,0.0
2020-08-03,33.89,23.89,28.89,0.0,5530.0,0.0
2020-08-04,34.44,23.89,29.16,0.0,5480.0,0.0
2020-08-05,33.89,22.22,28.06,0.0,5420.0,0.0
2020-08-06,32.78,22.78,27.78,3.3,5360.0,0.0
2020-08-07,32.78,21.67,27.22,11.68,5320.0,0.0
2020-08-08,32.78,20.56,26.67,0.0,5210.0,0.0
2020-08-09,35.0,22.22,28.61,9.91,5110.0,0.0
2020-08-10,35.0,21.11,28.06,0.0,5010.0,0.0
2020-08-11,32.78,22.78,27.78,4.57,4930.0,0.0
2020-08-12,33.33,21.67,27.5,0.0,4880.0,0.0
2020-08-13,33.89,22.22,28.06,0.0,4850.0,0.0
2020-08-14,32.78,22.22,27.5,1.02,4820.0,0.0
2020-08-15,31.11,22.22,26.66,3.05,4780.0,0.0
2020-08-16,33.33,22.78,28.06,1.02,4750.0,0.0
2020-08-17,32.22,22.22,27.22,0.0,4710.0,0.0
2020-08-18,33.33,20.56,26.94,17.02,4690.0,0.0
2020-08-19,30.56,20.56,25.56,6.6,4690.0,0.0
2020-08-20,31.11,21.67,26.39,15.24,4730.0,1.0
2020-08-21,30.0,21.11,25.56,2.03,4780.0,1.0
2020-08-22,30.0,21.67,25.84,10.67,4830.0,1.0
2020-08-23,33.33,22.22,27.78,2.29,4850.0,1.0
2020-08-24,33.89,25.0,29.44,0.51,4890.0,1.0
2020-08-25,34.44,24.44,29.44,2.79,4940.0,1.0
2020-08-26,35.0,23.33,29.16,0.0,4990.0,1.0
2020-08-27,33.89,23.89,28.89,5.59,5070.0,1.0
2020-08-28,31.67,22.78,27.22,19.3,5230.0,1.0
2020-08-29,31.67,23.33,27.5,6.6,5440.0,1.0
2020-08-30,31.67,23.33,27.5,11.94,5660.0,1.0
2020-08-31,28.89,23.33,26.11,32.51,5770.0,1.0
2020-09-01,30.0,23.33,26.66,26.16,5860.0,1.0
2020-09-02,33.89,23.33,28.61,2.29,5850.0,0.0
2020-09-03,33.89,23.33,28.61,0.0,5780.0,0.0
2020-09-04,34.44,24.44,29.44,0.0,5670.0,0.0
2020-09-05,36.11,23.33,29.72,0.0,5530.0,0.0
2020-09-06,34.44,22.78,28.61,0.0,5380.0,0.0
2020-09-07,31.67,22.22,26.94,7.62,5260.0,0.0
2020-09-08,31.67,21.67,26.67,2.79,5090.0,0.0
2020-09-09,32.78,22.78,27.78,49.28,4940.0,0.0
2020-09-10,32.78,22.78,27.78,18.8,4830.0,0.0
2020-09-11,31.67,23.89,27.78,8.64,4740.0,0.0
2020-09-12,31.11,23.33,27.22,10.67,4680.0,0.0
2020-09-13,31.11,23.33,27.22,2.29,4670.0,0.0
2020-09-14,31.11,23.33,27.22,29.46,4690.0,1.0
2020-09-15,28.89,23.33,26.11,0.0,4720.0,1.0
2020-09-16,31.11,23.33,27.22,4.06,4760.0,1.0
2020-09-17,28.89,24.44,26.66,22.61,4870.0,1.0
2020-09-18,31.11,22.22,26.66,0.0,4940.0,1.0
2020-09-19,25.0,21.67,23.34,2.03,5030.0,1.0
2020-09-20,23.33,18.89,21.11,0.0,5170.0,1.0
2020-09-21,28.33,19.44,23.88,0.0,5370.0,1.0
2020-09-22,27.78,18.33,23.06,0.0,5630.0,1.0
2020-09-23,29.44,17.22,23.33,0.0,5920.0,1.0
2020-09-24,31.11,19.44,25.28,0.0,6190.0,1.0
2020-09-25,32.78,21.11,26.94,0.0,6420.0,1.0
2020-09-26,32.22,21.67,26.94,0.0,6590.0,1.0
2020-09-27,28.89,21.67,25.28,1.78,6700.0,1.0
2020-09-28,29.44,22.22,25.83,0.0,6780.0,1.0
2020-09-29,29.44,16.11,22.78,4.57,6830.0,1.0
2020-09-30,26.11,12.78,19.44,0.0,6830.0,0.0
2020-10-01,28.33,10.56,19.44,0.0,6790.0,0.0
2020-10-02,26.67,13.89,20.28,0.0,6780.0,0.0
2020-10-03,25.56,15.56,20.56,0.0,6760.0,0.0
2020-10-04,20.56,17.22,18.89,5.84,6710.0,0.0
2020-10-05,22.78,19.44,21.11,1.78,6660.0,0.0
2020-10-06,32.22,22.22,27.22,0.0,6570.0,0.0
2020-10-07,31.67,22.78,27.22,0.0,6470.0,0.0
2020-10-08,31.67,21.67,26.67,0.0,6380.0,0.0
2020-10-09,30.56,22.78,26.67,10.41,6270.0,0.0
2020-10-10,31.11,21.11,26.11,0.76,6150.0,0.0
2020-10-11,31.11,22.22,26.66,3.05,6070.0,0.0
2020-10-12,29.44,20.0,24.72,0.0,5950.0,0.0
2020-10-13,31.11,18.89,25.0,0.0,5810.0,0.0
2020-10-14,31.67,18.89,25.28,0.0,5680.0,0.0
2020-10-15,30.56,18.33,24.44,0.0,5560.0,0.0
2020-10-16,31.11,18.89,25.0,0.0,5440.0,0.0
2020-10-17,27.78,15.0,21.39,0.0,5310.0,0.0
2020-10-18,30.0,17.22,23.61,0.0,5170.0,0.0
2020-10-19,30.0,20.0,25.0,6.86,5040.0,0.0
2020-10-20,29.44,22.22,25.83,1.27,4930.0,0.0
2020-10-21,29.44,21.11,25.28,10.16,4830.0,0.0
2020-10-22,28.33,21.11,24.72,0.51,4730.0,0.0
2020-10-23,29.44,20.0,24.72,1.52,4630.0,0.0
2020-10-24,29.44,18.89,24.16,0.25,4560.0,0.0
2020-10-25,31.11,18.33,24.72,0.0,4520.0,0.0
2020-10-26,30.0,18.89,24.44,0.0,4450.0,0.0
2020-10-27,31.11,22.22,26.66,0.0,4420.0,0.0
2020-10-28,31.11,20.56,25.84,0.0,4410.0,0.0
2020-10-29,31.11,19.44,25.28,1.78,4390.0,0.0
2020-10-30,22.78,11.11,16.94,0.0,4380.0,0.0
2020-10-31,28.89,11.11,20.0,0.0,4320.0,0.0
2020-11-01,28.33,16.11,22.22,6.6,4300.0,0.0
2020-11-02,18.89,5.0,11.94,0.0,4310.0,1.0
2020-11-03,22.22,5.0,13.61,0.0,4330.0,1.0
2020-11-04,26.11,7.22,16.66,0.0,4420.0,1.0
2020-11-05,27.22,15.56,21.39,0.0,4550.0,1.0
2020-11-06,27.78,19.44,23.61,0.0,4670.0,1.0
2020-11-07,29.44,19.44,24.44,0.0,4740.0,1.0
2020-11-08,27.78,20.0,23.89,0.76,4710.0,0.0
2020-11-09,26.67,22.22,24.44,15.75,4590.0,0.0
2020-11-10,28.89,22.22,25.56,3.81,4470.0,0.0
2020-11-11,27.22,22.78,25.0,4.83,4370.0,0.0
2020-11-12,26.11,19.44,22.78,12.19,4300.0,0.0
2020-11-13,22.78,14.44,18.61,0.0,4210.0,0.0
2020-11-14,26.11,13.89,20.0,0.0,4120.0,0.0
2020-11-15,28.89,15.56,22.22,1.27,4060.0,0.0
2020-11-16,25.56,11.67,18.61,0.0,4000.0,0.0
2020-11-17,22.78,8.33,15.56,0.0,3930.0,0.0
2020-11-18,21.11,7.78,14.44,0.0,3840.0,0.0
2020-11-19,21.67,8.33,15.0,0.0,3770.0,0.0
2020-11-20,23.33,13.89,18.61,0.0,3720.0,0.0
2020-11-21,25.56,16.67,21.12,2.03,3680.0,0.0
2020-11-22,24.44,16.11,20.27,1.02,3630.0,0.0
2020-11-23,24.44,10.56,17.5,0.0,3580.0,0.0
2020-11-24,25.0,8.89,16.94,0.0,3530.0,0.0
2020-11-25,26.67,12.78,19.73,0.0,3480.0,0.0
2020-11-26,27.22,14.44,20.83,0.0,3450.0,0.0
2020-11-27,27.78,13.89,20.84,0.0,3420.0,0.0
2020-11-28,25.56,16.67,21.12,0.0,3390.0,0.0
2020-11-29,23.33,16.67,20.0,0.0,3360.0,0.0
2020-11-30,21.67,7.22,14.44,12.95,3360.0,0.0
2020-12-01,11.11,-1.67,4.72,0.0,3340.0,0.0
2020-12-02,15.0,-3.33,5.84,0.0,3330.0,0.0
2020-12-03,22.22,-1.11,10.56,0.0,3350.0,1.0
2020-12-04,23.33,12.22,17.77,0.0,3380.0,1.0
2020-12-05,18.33,5.0,11.66,2.29,3430.0,1.0
2020-12-06,17.22,4.44,10.83,4.83,3440.0,1.0
2020-12-07,17.78,5.56,11.67,2.54,3460.0,1.0
2020-12-08,12.78,0.56,6.67,0.0,3440.0,0.0
2020-12-09,16.67,-1.11,7.78,0.0,3410.0,0.0
2020-12-10,21.11,2.78,11.94,0.0,3400.0,0.0
2020-12-11,21.11,3.33,12.22,0.0,3400.0,0.0
2020-12-12,20.0,6.67,13.34,0.0,3400.0,0.0
2020-12-13,25.0,12.22,18.61,0.0,3390.0,0.0
2020-12-14,25.56,12.22,18.89,0.76,3380.0,0.0
2020-12-15,22.78,10.0,16.39,0.0,3340.0,0.0
2020-12-16,19.44,11.11,15.28,21.08,3370.0,1.0
2020-12-17,18.89,3.33,11.11,0.0,3370.0,0.0
2020-12-18,13.33,-2.22,5.56,0.0,3330.0,0.0
2020-12-19,19.44,3.33,11.39,0.0,3340.0,1.0
2020-12-20,21.67,7.22,14.44,1.78,3370.0,1.0
2020-12-21,19.44,5.56,12.5,0.0,3400.0,1.0
2020-12-22,21.11,4.44,12.78,0.0,3390.0,0.0
2020-12-23,22.78,1.67,12.23,0.0,3410.0,1.0
2020-12-24,25.56,5.56,15.56,14.73,3460.0,1.0
2020-12-25,10.56,-2.78,3.89,0.0,3580.0,1.0
2020-12-26,10.0,-4.44,2.78,0.0,3620.0,1.0
2020-12-27,17.78,-4.44,6.67,0.0,3730.0,1.0
2020-12-28,22.22,2.78,12.5,0.0,3880.0,1.0
2020-12-29,22.22,3.89,13.06,0.0,4010.0,1.0
2020-12-30,25.0,7.78,16.39,0.0,4140.0,1.0
2020-12-31,26.67,14.44,20.56,0.0,4300.0,1.0
2021-01-01,28.33,17.78,23.06,0.0,4470.0,1.0
2021-01-02,25.56,16.67,21.12,0.0,4670.0,1.0
2021-01-03,21.11,5.56,13.34,3.3,4900.0,1.0
2021-01-04,17.78,3.33,10.56,0.0,5220.0,1.0
2021-01-05,20.56,2.22,11.39,0.0,5780.0,1.0
2021-01-06,18.33,0.56,9.44,0.0,6470.0,1.0
2021-01-07,21.11,4.44,12.78,0.0,7170.0,1.0
2021-01-08,15.0,8.33,11.66,0.0,7860.0,1.0
2021-01-09,8.33,2.22,5.28,0.0,8570.0,1.0
2021-01-10,12.78,3.89,8.33,0.0,9360.0,1.0
2021-01-11,22.22,5.56,13.89,0.0,10100.0,1.0
2021-01-12,17.78,9.44,13.61,0.0,10600.0,1.0
2021-01-13,11.11,6.11,8.61,0.0,10800.0,1.0
2021-01-14,16.11,0.0,8.06,0.0,10800.0,0.0
2021-01-15,22.22,2.78,12.5,1.27,10600.0,0.0
2021-01-16,15.0,1.67,8.34,0.0,10300.0,0.0
2021-01-17,14.44,-1.67,6.38,0.0,9960.0,0.0
2021-01-18,17.22,0.56,8.89,0.0,9600.0,0.0
2021-01-19,18.89,-0.56,9.17,0.0,9270.0,0.0
2021-01-20,21.67,0.0,10.84,0.0,8980.0,0.0
2021-01-21,23.89,7.78,15.84,0.0,8720.0,0.0
2021-01-22,21.67,15.56,18.62,0.0,8490.0,0.0
2021-01-23,18.33,12.78,15.56,1.27,8280.0,0.0
2021-01-24,20.56,12.78,16.67,0.51,8110.0,0.0
2021-01-25,26.67,15.56,21.12,0.0,8010.0,0.0
2021-01-26,26.11,13.89,20.0,0.0,7930.0,0.0
2021-01-27,22.78,13.89,18.34,4.57,7840.0,0.0
2021-01-28,18.33,1.67,10.0,0.0,7770.0,0.0
2021-01-29,17.22,0.0,8.61,0.0,7770.0,0.0
2021-01-30,20.0,0.0,10.0,0.0,7880.0,1.0
2021-01-31,23.89,9.44,16.66,0.25,8050.0,1.0
2021-02-01,19.44,5.56,12.5,6.86,8320.0,1.0
2021-02-02,11.67,2.22,6.94,0.0,8500.0,1.0
2021-02-03,13.89,-1.11,6.39,0.0,8670.0,1.0
2021-02-04,18.89,-3.33,7.78,0.0,8820.0,1.0
2021-02-05,18.33,6.11,12.22,8.38,8980.0,1.0
2021-02-06,15.0,8.33,11.66,46.99,9140.0,1.0
2021-02-07,20.0,7.78,13.89,25.91,9300.0,1.0
2021-02-08,22.22,7.78,15.0,0.0,9320.0,1.0
2021-02-09,21.67,15.0,18.34,0.0,9350.0,1.0
2021-02-10,27.78,13.33,20.56,0.0,9350.0,0.0
2021-02-11,28.33,15.56,21.94,0.0,9400.0,1.0
2021-02-12,28.33,15.56,21.94,0.76,9520.0,1.0
2021-02-13,25.0,15.0,20.0,6.86,9680.0,1.0
2021-02-14,21.11,14.44,17.77,17.02,9880.0,1.0
2021-02-15,25.0,13.33,19.16,21.34,10100.0,1.0
2021-02-16,20.0,9.44,14.72,1.02,10500.0,1.0
2021-02-17,16.11,6.67,11.39,0.0,11000.0,1.0
2021-02-18,30.56,13.89,22.22,0.0,11700.0,1.0
2021-02-19,23.33,8.33,15.83,14.73,12600.0,1.0
2021-02-20,17.78,4.44,11.11,0.0,13600.0,1.0
2021-02-21,21.67,2.78,12.23,0.0,14800.0,1.0
2021-02-22,26.11,9.44,17.77,2.79,16100.0,1.0
2021-02-23,22.78,7.78,15.28,0.0,17300.0,1.0
2021-02-24,25.56,5.56,15.56,0.0,18400.0,1.0
2021-02-25,26.67,5.56,16.12,0.0,19400.0,1.0
2021-02-26,28.33,10.56,19.44,0.0,20300.0,1.0
2021-02-27,30.0,13.33,21.66,0.0,21000.0,1.0
2021-02-28,30.56,17.78,24.17,0.0,21600.0,1.0
2021-03-01,29.44,16.67,23.06,3.56,21900.0,1.0
2021-03-02,18.33,13.89,16.11,13.21,22000.0,1.0
2021-03-03,17.22,8.89,13.06,18.8,21900.0,0.0
2021-03-04,23.33,7.22,15.27,0.0,21400.0,0.0
2021-03-05,23.89,5.0,14.44,0.0,20900.0,0.0
2021-03-06,14.44,9.44,11.94,1.52,20500.0,0.0
2021-03-07,19.44,4.44,11.94,0.0,20200.0,0.0
2021-03-08,19.44,2.22,10.83,0.0,20000.0,0.0
2021-03-09,23.33,3.33,13.33,0.0,19900.0,0.0
2021-03-10,25.0,6.11,15.56,0.0,20000.0,1.0
2021-03-11,26.67,7.22,16.94,0.0,20200.0,1.0
2021-03-12,26.67,8.89,17.78,0.0,20300.0,1.0
2021-03-13,28.33,9.44,18.88,0.0,20400.0,1.0
2021-03-14,29.44,11.11,20.27,0.0,20300.0,0.0
2021-03-15,30.0,11.67,20.84,0.0,20100.0,0.0
2021-03-16,29.44,17.78,23.61,0.0,19600.0,0.0
2021-03-17,31.11,15.56,23.34,0.0,19100.0,0.0
2021-03-18,26.11,15.56,20.84,6.6,18500.0,0.0
2021-03-19,20.56,10.0,15.28,0.0,17900.0,0.0
2021-03-20,16.67,10.56,13.62,0.0,17100.0,0.0
2021-03-21,14.44,8.89,11.66,0.0,16400.0,0.0
2021-03-22,22.78,12.78,17.78,0.0,15800.0,0.0
2021-03-23,26.11,12.22,19.16,0.0,15200.0,0.0
2021-03-24,27.22,11.67,19.44,0.0,14700.0,0.0
2021-03-25,32.78,12.22,22.5,0.0,14200.0,0.0
2021-03-26,31.67,16.67,24.17,0.0,13800.0,0.0
2021-03-27,32.22,17.22,24.72,0.0,13400.0,0.0
2021-03-28,30.0,14.44,22.22,0.0,13000.0,0.0
2021-03-29,23.89,16.11,20.0,0.0,12600.0,0.0
2021-03-30,30.0,15.56,22.78,38.61,12300.0,0.0
2021-03-31,30.56,18.33,24.44,0.0,11900.0,0.0
2021-04-01,19.44,9.44,14.44,0.0,11500.0,0.0
2021-04-02,17.22,2.22,9.72,0.0,11200.0,0.0
2021-04-03,20.56,1.67,11.11,0.0,10800.0,0.0
2021-04-04,23.33,4.44,13.88,0.0,10500.0,0.0
2021-04-05,25.56,6.67,16.11,0.0,10300.0,0.0
2021-04-06,26.67,8.33,17.5,0.0,9980.0,0.0
2021-04-07,27.78,8.89,18.34,0.0,9690.0,0.0
2021-04-08,27.22,10.0,18.61,0.0,9390.0,0.0
2021-04-09,28.33,12.22,20.27,0.0,9110.0,0.0
2021-04-10,29.44,12.78,21.11,6.86,8830.0,0.0
2021-04-11,19.44,11.67,15.56,38.35,8690.0,0.0
2021-04-12,28.33,15.0,21.66,0.0,8480.0,0.0
2021-04-13,31.67,12.78,22.22,0.0,8240.0,0.0
2021-04-14,30.56,15.0,22.78,0.0,8010.0,0.0
2021-04-15,26.11,16.11,21.11,0.0,7820.0,0.0
2021-04-16,23.89,16.67,20.28,12.7,7680.0,0.0
2021-04-17,26.67,16.11,21.39,14.48,7570.0,0.0
2021-04-18,25.0,18.33,21.66,27.94,7500.0,0.0
2021-04-19,25.56,13.33,19.44,0.0,7440.0,0.0
2021-04-20,25.0,12.78,18.89,0.0,7410.0,0.0
2021-04-21,28.89,15.0,21.94,0.0,7440.0,1.0
2021-04-22,23.89,10.0,16.94,0.0,7380.0,0.0
2021-04-23,26.11,8.33,17.22,0.0,7250.0,0.0
2021-04-24,30.56,16.11,23.34,0.0,7090.0,0.0
2021-04-25,28.33,16.11,22.22,4.06,7040.0,0.0
2021-04-26,28.33,12.22,20.27,0.0,7190.0,1.0
2021-04-27,27.78,15.0,21.39,0.0,7770.0,1.0
2021-04-28,28.89,15.0,21.94,0.0,8360.0,1.0
2021-04-29,31.11,15.0,23.06,0.0,8800.0,1.0
2021-04-30,31.11,17.22,24.16,0.0,9190.0,1.0
2021-05-01,30.0,15.0,22.5,0.0,9680.0,1.0
2021-05-02,30.0,17.22,23.61,11.43,10400.0,1.0
2021-05-03,33.33,17.22,25.28,0.0,11100.0,1.0
2021-05-04,33.89,18.89,26.39,0.0,11800.0,1.0
2021-05-05,33.33,17.78,25.56,0.25,12200.0,1.0
2021-05-06,27.22,20.0,23.61,7.11,12400.0,1.0
2021-05-07,26.67,12.22,19.44,0.0,12300.0,0.0
2021-05-08,27.22,8.33,17.77,0.0,11800.0,0.0
2021-05-09,31.67,11.67,21.67,0.0,11200.0,0.0
2021-05-10,31.11,17.78,24.44,0.0,10500.0,0.0
2021-05-11,28.33,18.89,23.61,7.87,9850.0,0.0
2021-05-12,33.33,19.44,26.38,0.0,9260.0,0.0
2021-05-13,21.67,15.56,18.62,1.27,8750.0,0.0
2021-05-14,26.67,13.89,20.28,0.0,8300.0,0.0
2021-05-15,26.67,8.33,17.5,0.0,7920.0,0.0
2021-05-16,27.78,9.44,18.61,0.0,7580.0,0.0
2021-05-17,29.44,12.78,21.11,0.0,7270.0,0.0
2021-05-18,30.56,15.56,23.06,0.0,6960.0,0.0
2021-05-19,28.33,16.67,22.5,0.0,6660.0,0.0
2021-05-20,28.89,17.22,23.06,0.0,6380.0,0.0
2021-05-21,29.44,14.44,21.94,0.0,6140.0,0.0
2021-05-22,30.56,14.44,22.5,0.0,5910.0,0.0
2021-05-23,31.67,12.78,22.22,0.0,5720.0,0.0
2021-05-24,32.78,15.0,23.89,0.0,5550.0,0.0
2021-05-25,33.33,15.56,24.44,0.0,5380.0,0.0
2021-05-26,33.33,16.67,25.0,0.0,5210.0,0.0
2021-05-27,34.44,17.22,25.83,0.0,5060.0,0.0
2021-05-28,33.33,18.33,25.83,0.0,4910.0,0.0
2021-05-29,32.78,17.78,25.28,0.0,4770.0,0.0
2021-05-30,31.67,20.0,25.84,0.0,4650.0,0.0
2021-05-31,31.11,18.33,24.72,0.0,4500.0,0.0
2021-06-01,32.22,16.11,24.16,0.0,4380.0,0.0
2021-06-02,31.67,17.78,24.72,0.0,4270.0,0.0
2021-06-03,32.22,21.67,26.94,13.72,4190.0,0.0
2021-06-04,31.67,20.0,25.84,18.54,4120.0,0.0
2021-06-05,32.22,21.11,26.66,0.0,4030.0,0.0
2021-06-06,33.89,22.22,28.06,30.99,3960.0,0.0
2021-06-07,30.0,22.78,26.39,0.25,3920.0,0.0
2021-06-08,33.33,22.22,27.78,0.0,3870.0,0.0
2021-06-09,33.33,22.22,27.78,0.0,3800.0,0.0
2021-06-10,33.33,21.67,27.5,0.0,3740.0,0.0
2021-06-11,34.44,21.11,27.78,0.0,3680.0,0.0
2021-06-12,31.67,22.78,27.22,11.43,3630.0,0.0
2021-06-13,32.78,22.22,27.5,16.0,3620.0,0.0
2021-06-14,28.89,20.56,24.72,12.7,3580.0,0.0
2021-06-15,33.89,20.0,26.94,27.94,3550.0,0.0
2021-06-16,31.67,20.56,26.12,0.0,3550.0,0.0
2021-06-17,31.11,21.67,26.39,2.54,3540.0,0.0
2021-06-18,32.78,22.78,27.78,0.25,3540.0,0.0
2021-06-19,32.78,23.33,28.06,0.0,3490.0,0.0
2021-06-20,29.44,23.33,26.38,16.76,3520.0,1.0
2021-06-21,30.56,22.22,26.39,23.88,3550.0,1.0
2021-06-22,29.44,22.22,25.83,23.37,3650.0,1.0
2021-06-23,31.11,22.78,26.94,0.0,3690.0,1.0
2021-06-24,29.44,20.0,24.72,43.69,3730.0,1.0
2021-06-25,30.0,21.11,25.56,17.78,3920.0,1.0
2021-06-26,31.67,21.11,26.39,4.32,4360.0,1.0
2021-06-27,32.22,21.67,26.94,0.0,4880.0,1.0
2021-06-28,31.11,22.22,26.66,0.0,5270.0,1.0
2021-06-29,31.67,21.67,26.67,23.11,5640.0,1.0
2021-06-30,28.89,21.67,25.28,1.78,6010.0,1.0
2021-07-01,30.0,22.78,26.39,0.0,6260.0,1.0
2021-07-02,29.44,21.67,25.56,8.38,6380.0,1.0
2021-07-03,27.22,22.78,25.0,22.86,6440.0,1.0
2021-07-04,28.33,22.78,25.56,33.78,6510.0,1.0
2021-07-05,29.44,22.78,26.11,0.0,6590.0,1.0
2021-07-06,30.0,22.78,26.39,13.21,6660.0,1.0
2021-07-07,25.56,23.33,24.44,118.62,6910.0,1.0
2021-07-08,32.22,23.89,28.06,0.0,7500.0,1.0
2021-07-09,31.11,23.89,27.5,4.83,8790.0,1.0
2021-07-10,31.67,21.67,26.67,0.0,10500.0,1.0
2021-07-11,32.22,22.22,27.22,1.52,12000.0,1.0
2021-07-12,32.22,21.67,26.94,0.0,13100.0,1.0
2021-07-13,32.22,21.11,26.66,22.86,13800.0,1.0
2021-07-14,33.33,21.67,27.5,1.78,14200.0,1.0
2021-07-15,32.78,22.78,27.78,0.0,14300.0,1.0
2021-07-16,33.33,21.67,27.5,0.0,14300.0,0.0
2021-07-17,33.89,22.78,28.34,0.0,14200.0,0.0
2021-07-18,33.33,22.78,28.06,0.0,14000.0,0.0
2021-07-19,32.22,22.78,27.5,28.45,13800.0,0.0
2021-07-20,31.11,22.22,26.66,1.27,13600.0,0.0
2021-07-21,32.22,22.22,27.22,17.78,13300.0,0.0
2021-07-22,33.33,22.78,28.06,0.25,13000.0,0.0
2021-07-23,33.89,22.78,28.34,21.08,12800.0,0.0
2021-07-24,32.22,22.78,27.5,0.0,12700.0,0.0
2021-07-25,32.78,21.67,27.22,0.0,12600.0,0.0
2021-07-26,32.78,23.89,28.34,12.95,12600.0,0.0
2021-07-27,32.78,23.89,28.34,7.11,12700.0,1.0
2021-07-28,33.33,23.33,28.33,28.19,12800.0,1.0
2021-07-29,32.78,22.78,27.78,0.0,12900.0,1.0
2021-07-30,32.78,23.89,28.34,7.87,13100.0,1.0
2021-07-31,32.78,23.89,28.34,2.54,13200.0,1.0
2021-08-01,30.56,22.22,26.39,8.13,13300.0,1.0
2021-08-02,32.78,22.22,27.5,28.7,13200.0,0.0
2021-08-03,26.67,23.33,25.0,21.59,13100.0,0.0
2021-08-04,29.44,23.33,26.38,18.8,13100.0,0.0
2021-08-05,27.22,23.33,25.28,8.38,13700.0,1.0
2021-08-06,30.56,22.78,26.67,10.16,14300.0,1.0
2021-08-07,31.11,22.22,26.66,0.0,14900.0,1.0
2021-08-08,33.89,22.78,28.34,0.76,15500.0,1.0
2021-08-09,33.89,22.78,28.34,0.51,16200.0,1.0
2021-08-10,33.89,23.89,28.89,20.57,16800.0,1.0
2021-08-11,34.44,22.22,28.33,0.0,17300.0,1.0
2021-08-12,33.89,22.78,28.34,0.0,17800.0,1.0
2021-08-13,32.78,22.22,27.5,0.0,18000.0,1.0
2021-08-14,31.11,23.33,27.22,13.72,18100.0,1.0
2021-08-15,32.22,23.33,27.78,0.0,18200.0,1.0
2021-08-16,30.0,24.44,27.22,0.0,18300.0,1.0
2021-08-17,32.22,24.44,28.33,1.27,18400.0,1.0
2021-08-18,34.44,23.89,29.16,0.0,18400.0,0.0
2021-08-19,34.44,23.89,29.16,18.54,18400.0,0.0
2021-08-20,35.0,23.33,29.16,0.0,18400.0,0.0
2021-08-21,33.33,23.33,28.33,0.0,18400.0,0.0
2021-08-22,33.33,24.44,28.88,0.0,18300.0,0.0
2021-08-23,32.78,24.44,28.61,1.78,18200.0,0.0
2021-08-24,31.11,21.11,26.11,23.88,18100.0,0.0
2021-08-25,32.22,22.22,27.22,9.91,18000.0,0.0
2021-08-26,31.11,22.22,26.66,0.25,17800.0,0.0
2021-08-27,31.11,22.78,26.94,17.02,17700.0,0.0
2021-08-28,32.22,23.89,28.06,4.32,17500.0,0.0
2021-08-29,33.89,25.0,29.44,0.0,17300.0,0.0
2021-08-30,33.33,23.89,28.61,0.0,17000.0,0.0
2021-08-31,32.78,23.33,28.06,0.25,16800.0,0.0
2021-09-01,25.56,22.78,24.17,43.18,16700.0,0.0
2021-09-02,31.11,22.22,26.66,1.78,16400.0,0.0
2021-09-03,31.67,22.22,26.94,0.0,16000.0,0.0
2021-09-04,31.67,20.0,25.84,0.0,15600.0,0.0
2021-09-05,32.22,19.44,25.83,0.0,15300.0,0.0
2021-09-06,31.67,21.67,26.67,0.25,15100.0,0.0
2021-09-07,30.56,22.78,26.67,2.03,14900.0,0.0
2021-09-08,31.11,22.22,26.66,6.35,14700.0,0.0
2021-09-09,30.0,22.78,26.39,3.81,14500.0,0.0
2021-09-10,31.11,22.78,26.94,0.0,14200.0,0.0
2021-09-11,30.0,22.78,26.39,0.0,13900.0,0.0
2021-09-12,31.67,21.67,26.67,0.0,13700.0,0.0
2021-09-13,32.22,20.56,26.39,0.0,13700.0,0.0
2021-09-14,32.78,21.11,26.94,39.12,13700.0,0.0
2021-09-15,32.22,21.67,26.94,13.46,13800.0,1.0
2021-09-16,31.67,22.78,27.22,18.29,13800.0,0.0
2021-09-17,30.56,22.22,26.39,0.0,13700.0,0.0
2021-09-18,32.22,22.22,27.22,29.97,13400.0,0.0
2021-09-19,30.56,22.22,26.39,50.04,13100.0,0.0
2021-09-20,28.89,23.33,26.11,1.78,13100.0,0.0
2021-09-21,31.67,22.22,26.94,10.16,13500.0,1.0
2021-09-22,31.11,21.67,26.39,0.0,14000.0,1.0
2021-09-23,29.44,17.22,23.33,0.0,14400.0,1.0
2021-09-24,30.56,16.11,23.34,0.0,14900.0,1.0
2021-09-25,31.11,18.89,25.0,0.0,15400.0,1.0
2021-09-26,30.56,18.89,24.72,0.0,15700.0,1.0
2021-09-27,30.56,16.11,23.34,0.0,15900.0,1.0
2021-09-28,30.56,17.22,23.89,0.0,15900.0,0.0
2021-09-29,31.11,17.78,24.44,0.0,15800.0,0.0
2021-09-30,31.11,17.22,24.16,0.0,15400.0,0.0
2021-10-01,31.67,18.89,25.28,0.0,14900.0,0.0
2021-10-02,31.11,18.89,25.0,0.25,14300.0,0.0
2021-10-03,30.0,18.33,24.16,0.0,13600.0,0.0
2021-10-04,31.67,18.33,25.0,0.0,13000.0,0.0
2021-10-05,30.0,20.0,25.0,2.03,12400.0,0.0
2021-10-06,28.89,21.67,25.28,1.52,11900.0,0.0
2021-10-07,31.11,20.56,25.84,0.0,11400.0,0.0
2021-10-08,31.67,21.11,26.39,0.0,11000.0,0.0
2021-10-09,30.56,18.89,24.72,0.0,10600.0,0.0
2021-10-10,28.89,18.89,23.89,0.0,10200.0,0.0
2021-10-11,31.11,17.22,24.16,0.0,9930.0,0.0
2021-10-12,30.56,20.56,25.56,0.0,9700.0,0.0
2021-10-13,31.67,18.89,25.28,0.0,9510.0,0.0
2021-10-14,32.22,18.89,25.56,0.0,9370.0,0.0
2021-10-15,31.11,17.78,24.44,0.0,9290.0,0.0
2021-10-16,31.67,17.78,24.72,1.78,9250.0,0.0
2021-10-17,26.11,11.67,18.89,0.0,9230.0,0.0
2021-10-18,26.11,9.44,17.77,0.0,9180.0,0.0
2021-10-19,27.78,11.67,19.73,0.0,9070.0,0.0
2021-10-20,28.89,12.22,20.56,0.0,8900.0,0.0
2021-10-21,28.89,15.56,22.22,0.0,8680.0,0.0
2021-10-22,30.0,16.67,23.34,0.0,8450.0,0.0
2021-10-23,30.0,15.56,22.78,0.0,8190.0,0.0
2021-10-24,29.44,15.0,22.22,0.0,7920.0,0.0
2021-10-25,29.44,22.22,25.83,1.27,7700.0,0.0
2021-10-26,29.44,13.89,21.66,0.0,7460.0,0.0
2021-10-27,27.22,11.11,19.16,0.0,7220.0,0.0
2021-10-28,25.56,12.78,19.17,39.62,7150.0,0.0
2021-10-29,20.56,13.89,17.23,0.25,7040.0,0.0
2021-10-30,21.67,10.0,15.84,0.0,6980.0,0.0
2021-10-31,17.78,8.89,13.34,0.0,6980.0,0.0
2021-11-01,23.33,7.78,15.56,0.0,6930.0,0.0
2021-11-02,26.67,12.78,19.73,0.0,6900.0,0.0
2021-11-03,26.11,11.67,18.89,0.0,6910.0,1.0
2021-11-04,22.78,13.89,18.34,0.0,6920.0,1.0
2021-11-05,15.56,10.0,12.78,25.4,6920.0,0.0
2021-11-06,11.67,8.89,10.28,57.66,7000.0,1.0
2021-11-07,20.0,8.89,14.44,0.0,7040.0,1.0
2021-11-08,22.22,5.56,13.89,0.0,7300.0,1.0
2021-11-09,25.0,5.0,15.0,0.0,7610.0,1.0
2021-11-10,24.44,9.44,16.94,0.0,7860.0,1.0
2021-11-11,25.56,15.56,20.56,0.0,8030.0,1.0
2021-11-12,23.89,15.0,19.44,0.0,8130.0,1.0
2021-11-13,22.22,11.11,16.66,1.02,8170.0,1.0
2021-11-14,18.33,6.11,12.22,0.0,8160.0,0.0
2021-11-15,22.22,5.56,13.89,0.0,8100.0,0.0
2021-11-16,23.89,5.0,14.44,0.0,8000.0,0.0
2021-11-17,26.67,8.33,17.5,0.0,7880.0,0.0
2021-11-18,26.67,15.0,20.84,0.0,7750.0,0.0
2021-11-19,25.0,12.78,18.89,0.0,7610.0,0.0
2021-11-20,24.44,12.22,18.33,0.0,7430.0,0.0
2021-11-21,26.11,15.56,20.84,0.0,7260.0,0.0
2021-11-22,23.33,13.33,18.33,1.27,7110.0,0.0
2021-11-23,16.67,2.22,9.44,0.0,6960.0,0.0
2021-11-24,20.56,5.0,12.78,0.0,6790.0,0.0
2021-11-25,23.89,7.22,15.56,0.0,6640.0,0.0
2021-11-26,22.22,5.56,13.89,0.0,6510.0,0.0
2021-11-27,18.89,1.11,10.0,0.0,6380.0,0.0
2021-11-28,19.44,3.33,11.39,0.0,6240.0,0.0
2021-11-29,20.0,2.22,11.11,0.0,6100.0,0.0
2021-11-30,20.56,1.11,10.84,0.0,5970.0,0.0
2021-12-01,23.33,3.89,13.61,0.0,5840.0,0.0
2021-12-02,23.89,5.0,14.44,0.0,5720.0,0.0
2021-12-03,25.0,6.67,15.84,0.0,5620.0,0.0
2021-12-04,22.22,8.89,15.56,0.0,5520.0,0.0
2021-12-05,24.44,8.33,16.39,0.0,5420.0,0.0
2021-12-06,27.22,10.0,18.61,0.0,5320.0,0.0
2021-12-07,25.56,15.56,20.56,0.0,5240.0,0.0
2021-12-08,26.67,16.11,21.39,3.05,5170.0,0.0
2021-12-09,20.56,13.89,17.23,0.0,5130.0,0.0
2021-12-10,27.78,13.33,20.56,0.0,5060.0,0.0
2021-12-11,28.89,14.44,21.66,0.0,5040.0,0.0
2021-12-12,22.22,16.11,19.16,0.0,5030.0,0.0
2021-12-13,23.89,15.56,19.73,0.0,4960.0,0.0
2021-12-14,23.89,13.89,18.89,0.0,4890.0,0.0
2021-12-15,26.11,15.56,20.84,1.52,4830.0,0.0
2021-12-16,27.22,17.78,22.5,0.25,4790.0,0.0
2021-12-17,27.22,15.0,21.11,0.0,4750.0,0.0
2021-12-18,28.33,12.78,20.56,1.78,4710.0,0.0
2021-12-19,27.22,17.22,22.22,28.7,4720.0,1.0
2021-12-20,17.78,10.56,14.17,1.02,4700.0,0.0
2021-12-21,16.11,8.33,12.22,36.83,4700.0,0.0
2021-12-22,17.22,6.11,11.66,0.0,4750.0,1.0
2021-12-23,20.0,1.67,10.84,0.0,4840.0,1.0
2021-12-24,23.33,6.11,14.72,0.0,4970.0,1.0
2021-12-25,24.44,6.67,15.56,0.0,5140.0,1.0
2021-12-26,26.11,11.11,18.61,0.0,5300.0,1.0
2021-12-27,25.56,12.22,18.89,0.0,5420.0,1.0
2021-12-28,26.67,11.67,19.17,0.0,5490.0,1.0
2021-12-29,27.78,11.67,19.73,0.0,5530.0,1.0
2021-12-30,26.67,17.22,21.94,0.0,5510.0,0.0
2021-12-31,26.11,18.33,22.22,0.0,5460.0,0.0
2022-01-01,28.33,17.22,22.78,0.0,5370.0,0.0
2022-01-02,28.89,20.0,24.44,0.0,5320.0,0.0
2022-01-03,23.89,5.0,14.44,2.79,5440.0,1.0
2022-01-04,21.67,3.89,12.78,0.0,5630.0,1.0
2022-01-05,20.0,6.67,13.34,0.0,5810.0,1.0
2022-01-06,21.11,5.0,13.06,0.0,5980.0,1.0
2022-01-07,19.44,5.56,12.5,0.0,6090.0,1.0
2022-01-08,23.89,3.89,13.89,0.0,6200.0,1.0
2022-01-09,27.22,10.0,18.61,0.0,6360.0,1.0
2022-01-10,22.22,10.56,16.39,0.0,6590.0,1.0
2022-01-11,17.78,4.44,11.11,0.0,6840.0,1.0
2022-01-12,22.22,7.22,14.72,0.0,7160.0,1.0
2022-01-13,20.0,7.78,13.89,0.0,7540.0,1.0
2022-01-14,18.89,5.0,11.94,0.0,7880.0,1.0
2022-01-15,21.11,1.67,11.39,0.0,8060.0,1.0
2022-01-16,17.22,7.22,12.22,15.75,8230.0,1.0
2022-01-17,15.0,3.33,9.16,0.0,8350.0,1.0
2022-01-18,17.22,0.0,8.61,0.0,8470.0,1.0
2022-01-19,21.11,0.56,10.84,0.0,8600.0,1.0
2022-01-20,25.0,5.56,15.28,0.0,8770.0,1.0
2022-01-21,17.22,7.78,12.5,1.52,8970.0,1.0
2022-01-22,7.78,3.33,5.56,0.25,9210.0,1.0
2022-01-23,11.11,0.0,5.56,0.0,9470.0,1.0
2022-01-24,15.56,-2.78,6.39,0.0,9750.0,1.0
2022-01-25,15.0,7.22,11.11,1.52,9980.0,1.0
2022-01-26,15.56,9.44,12.5,0.51,10200.0,1.0
2022-01-27,17.22,9.44,13.33,0.0,10200.0,0.0
2022-01-28,16.67,8.33,12.5,0.0,10300.0,1.0
2022-01-29,8.33,-3.33,2.5,0.0,10200.0,0.0
2022-01-30,14.44,-5.56,4.44,0.0,10100.0,0.0
2022-01-31,21.11,0.56,10.84,0.0,9840.0,0.0
2022-02-01,21.67,1.67,11.67,0.0,9580.0,0.0
2022-02-02,26.11,5.0,15.56,0.0,9290.0,0.0
2022-02-03,27.78,9.44,18.61,0.0,8990.0,0.0
2022-02-04,28.33,12.78,20.56,0.76,8700.0,0.0
2022-02-05,16.67,8.89,12.78,6.1,8440.0,0.0
2022-02-06,10.56,7.78,9.17,3.81,8200.0,0.0
2022-02-07,11.67,6.67,9.17,0.76,8030.0,0.0
2022-02-08,10.56,7.78,9.17,14.73,7940.0,0.0
2022-02-09,18.33,2.22,10.27,0.0,7850.0,0.0
2022-02-10,20.56,0.0,10.28,0.0,7810.0,0.0
2022-02-11,23.33,3.89,13.61,0.0,7840.0,1.0
2022-02-12,24.44,8.89,16.66,1.27,7900.0,1.0
2022-02-13,21.67,7.78,14.73,2.54,7970.0,1.0
2022-02-14,17.22,1.67,9.44,0.0,7980.0,1.0
2022-02-15,20.0,0.0,10.0,0.0,7930.0,0.0
2022-02-16,25.0,6.11,15.56,0.0,7840.0,0.0
2022-02-17,29.44,12.78,21.11,0.0,7700.0,0.0
2022-02-18,27.22,18.89,23.06,2.29,7610.0,0.0
2022-02-19,20.56,4.44,12.5,0.0,7450.0,0.0
2022-02-20,24.44,1.11,12.78,0.0,7270.0,0.0
2022-02-21,27.22,8.89,18.06,0.0,7100.0,0.0
2022-02-22,28.89,12.78,20.84,0.0,6970.0,0.0
2022-02-23,30.0,14.44,22.22,0.0,6830.0,0.0
2022-02-24,29.44,13.89,21.66,0.0,6700.0,0.0
2022-02-25,30.56,14.44,22.5,0.0,6580.0,0.0
2022-02-26,30.0,12.78,21.39,0.0,6450.0,0.0
2022-02-27,30.0,16.11,23.06,0.0,6340.0,0.0
2022-02-28,18.33,10.0,14.16,7.37,6240.0,0.0
2022-03-01,23.89,7.78,15.84,0.0,6120.0,0.0
2022-03-02,26.11,3.89,15.0,0.0,5980.0,0.0
2022-03-03,28.33,5.0,16.66,0.0,5840.0,0.0
2022-03-04,29.44,7.78,18.61,0.0,5700.0,0.0
2022-03-05,28.89,14.44,21.66,0.0,5570.0,0.0
2022-03-06,30.56,13.89,22.22,0.0,5450.0,0.0
2022-03-07,30.56,15.56,23.06,0.0,5330.0,0.0
2022-03-08,30.56,17.22,23.89,1.52,5230.0,0.0
2022-03-09,29.44,18.33,23.88,21.59,5160.0,0.0
2022-03-10,21.67,16.67,19.17,31.24,5220.0,1.0
2022-03-11,20.56,15.56,18.06,99.06,5270.0,1.0
2022-03-12,22.78,4.44,13.61,29.46,5710.0,1.0
2022-03-13,15.56,0.56,8.06,0.0,6270.0,1.0
2022-03-14,23.89,6.67,15.28,0.0,7120.0,1.0
2022-03-15,21.11,13.89,17.5,35.31,7760.0,1.0
2022-03-16,26.11,16.11,21.11,0.76,8170.0,1.0
2022-03-17,26.67,12.22,19.44,0.0,8410.0,1.0
2022-03-18,30.56,12.22,21.39,0.0,8590.0,1.0
2022-03-19,29.44,16.11,22.78,1.02,8720.0,1.0
2022-03-20,23.89,8.33,16.11,4.32,8890.0,1.0
2022-03-21,26.11,5.56,15.84,0.0,9160.0,1.0
2022-03-22,28.33,11.11,19.72,0.0,9490.0,1.0
2022-03-23,26.67,19.44,23.06,7.11,9880.0,1.0
2022-03-24,21.11,15.0,18.06,49.28,10400.0,1.0
2022-03-25,23.89,10.56,17.23,0.76,10900.0,1.0
2022-03-26,24.44,8.89,16.66,0.0,11500.0,1.0
2022-03-27,25.56,8.89,17.23,0.0,12100.0,1.0
2022-03-28,28.33,12.78,20.56,0.0,12700.0,1.0
2022-03-29,29.44,13.89,21.66,0.0,13100.0,1.0
2022-03-30,30.56,14.44,22.5,0.0,13300.0,1.0
2022-03-31,25.56,18.33,21.94,38.35,13400.0,1.0
2022-04-01,28.33,15.0,21.66,0.0,13300.0,0.0
2022-04-02,19.44,13.33,16.39,25.4,13200.0,0.0
2022-04-03,26.11,12.22,19.16,0.0,13000.0,0.0
2022-04-04,28.33,10.0,19.16,0.0,12800.0,0.0
2022-04-05,31.11,17.22,24.16,0.0,12700.0,0.0
2022-04-06,28.89,22.78,25.84,0.0,12700.0,0.0
2022-04-07,28.33,16.67,22.5,10.92,12700.0,0.0
2022-04-08,22.22,10.56,16.39,0.0,12800.0,1.0
2022-04-09,18.89,5.56,12.22,0.0,12900.0,1.0
2022-04-10,23.89,3.89,13.89,0.0,13000.0,1.0
2022-04-11,27.78,6.67,17.23,0.0,13200.0,1.0
2022-04-12,28.89,14.44,21.66,0.0,13400.0,1.0
2022-04-13,28.89,13.89,21.39,0.0,13500.0,1.0
2022-04-14,28.33,17.22,22.78,0.0,13500.0,0.0
2022-04-15,28.89,17.78,23.34,0.0,13500.0,0.0
2022-04-16,31.11,16.11,23.61,0.0,13400.0,0.0
2022-04-17,31.11,19.44,25.28,4.57,13200.0,0.0
2022-04-18,29.44,17.78,23.61,0.0,12800.0,0.0
2022-04-19,23.89,10.0,16.94,0.0,12300.0,0.0
2022-04-20,25.56,7.22,16.39,0.0,11900.0,0.0
2022-04-21,26.67,13.33,20.0,0.0,11600.0,0.0
2022-04-22,27.22,15.56,21.39,0.0,11200.0,0.0
2022-04-23,27.78,13.33,20.56,0.0,10900.0,0.0
2022-04-24,29.44,14.44,21.94,0.0,10500.0,0.0
2022-04-25,30.0,15.0,22.5,0.0,10100.0,0.0
2022-04-26,30.56,16.11,23.34,0.0,9750.0,0.0
2022-04-27,30.56,17.78,24.17,0.0,9360.0,0.0
2022-04-28,28.33,15.0,21.66,0.0,8980.0,0.0
2022-04-29,28.33,13.33,20.83,0.0,8620.0,0.0
2022-04-30,29.44,16.11,22.78,0.0,8250.0,0.0
2022-05-01,30.56,15.0,22.78,6.35,7930.0,0.0
2022-05-02,30.56,16.67,23.62,4.32,7630.0,0.0
2022-05-03,30.56,19.44,25.0,0.25,7360.0,0.0
2022-05-04,32.22,17.22,24.72,0.0,7130.0,0.0
2022-05-05,33.33,17.78,25.56,0.0,6890.0,0.0
2022-05-06,32.78,17.22,25.0,2.79,6670.0,0.0
2022-05-07,30.56,19.44,25.0,0.0,6500.0,0.0
2022-05-08,30.56,16.11,23.34,0.0,6330.0,0.0
2022-05-09,27.22,14.44,20.83,0.0,6160.0,0.0
2022-05-10,27.78,10.56,19.17,0.0,5970.0,0.0
2022-05-11,29.44,10.56,20.0,0.0,5790.0,0.0
2022-05-12,28.33,13.33,20.83,0.0,5620.0,0.0
2022-05-13,28.89,16.11,22.5,48.77,5490.0,0.0
2022-05-14,31.11,14.44,22.78,0.0,5380.0,0.0
2022-05-15,31.67,18.89,25.28,3.05,5260.0,0.0
2022-05-16,30.56,17.22,23.89,4.83,5160.0,0.0
2022-05-17,32.78,20.0,26.39,0.0,5060.0,0.0
2022-05-18,33.89,21.11,27.5,0.0,4940.0,0.0
2022-05-19,32.78,18.89,25.84,0.0,4830.0,0.0
2022-05-20,31.67,19.44,25.56,0.51,4720.0,0.0
2022-05-21,31.67,20.56,26.12,9.14,4630.0,0.0
2022-05-22,32.22,19.44,25.83,0.76,4570.0,0.0
2022-05-23,32.22,21.67,26.94,0.0,4510.0,0.0
2022-05-24,32.22,21.11,26.66,2.79,4450.0,0.0
2022-05-25,31.67,20.56,26.12,0.0,4440.0,0.0
2022-05-26,31.67,21.67,26.67,0.0,4420.0,0.0
2022-05-27,27.78,20.0,23.89,5.33,4430.0,1.0
2022-05-28,31.67,17.22,24.44,0.0,4390.0,0.0
2022-05-29,33.33,17.22,25.28,6.86,4350.0,0.0
2022-05-30,32.78,18.89,25.84,0.0,4370.0,1.0
2022-05-31,31.67,18.89,25.28,0.0,4360.0,0.0
2022-06-01,32.22,17.78,25.0,0.0,4310.0,0.0
2022-06-02,33.33,17.22,25.28,0.0,4260.0,0.0
2022-06-03,33.89,20.0,26.94,0.0,4220.0,0.0
2022-06-04,33.33,20.56,26.94,0.0,4170.0,0.0
2022-06-05,33.89,20.56,27.22,0.0,4140.0,0.0
2022-06-06,33.33,20.0,26.66,27.18,4150.0,1.0
2022-06-07,33.89,19.44,26.66,0.0,4100.0,0.0
2022-06-08,35.0,21.67,28.34,12.45,4090.0,0.0
2022-06-09,33.89,22.78,28.34,0.51,4120.0,1.0
2022-06-10,32.22,22.78,27.5,1.52,4100.0,0.0
2022-06-11,32.78,23.33,28.06,1.02,4050.0,0.0
2022-06-12,30.0,22.78,26.39,11.94,4000.0,0.0
2022-06-13,32.78,22.22,27.5,4.57,3970.0,0.0
2022-06-14,34.44,22.78,28.61,12.7,3930.0,0.0
2022-06-15,35.0,21.67,28.34,0.0,3910.0,0.0
2022-06-16,36.67,23.89,30.28,0.0,3850.0,0.0
2022-06-17,35.56,21.67,28.62,0.0,3780.0,0.0
2022-06-18,34.44,23.33,28.88,0.0,3710.0,0.0
2022-06-19,34.44,23.33,28.88,5.33,3660.0,0.0
2022-06-20,33.89,22.22,28.06,0.0,3620.0,0.0
2022-06-21,32.78,18.33,25.56,0.0,3580.0,0.0
2022-06-22,34.44,22.22,28.33,0.0,3520.0,0.0
2022-06-23,37.22,23.89,30.56,0.0,3460.0,0.0
2022-06-24,36.67,22.22,29.44,4.83,3440.0,0.0
2022-06-25,33.33,21.67,27.5,1.52,3410.0,0.0
2022-06-26,33.33,18.89,26.11,0.0,3330.0,0.0
2022-06-27,32.22,18.33,25.28,0.0,3290.0,0.0
2022-06-28,35.0,22.22,28.61,0.0,3250.0,0.0
2022-06-29,35.56,22.78,29.17,0.0,3240.0,0.0
2022-06-30,35.0,20.56,27.78,0.0,3270.0,1.0
2022-07-01,32.22,21.11,26.66,13.72,3240.0,0.0
2022-07-02,32.22,21.67,26.94,2.79,3360.0,1.0
2022-07-03,31.67,22.22,26.94,30.73,3430.0,1.0
2022-07-04,35.0,22.22,28.61,20.32,3410.0,0.0
2022-07-05,33.89,23.33,28.61,41.4,3360.0,0.0
2022-07-06,35.0,22.78,28.89,0.0,3310.0,0.0
2022-07-07,35.0,23.89,29.44,0.0,3250.0,0.0
2022-07-08,32.78,23.33,28.06,0.0,3230.0,0.0
2022-07-09,33.89,23.33,28.61,0.0,3200.0,0.0
2022-07-10,32.22,24.44,28.33,1.27,3230.0,1.0
2022-07-11,33.33,23.33,28.33,24.13,3320.0,1.0
2022-07-12,33.89,22.78,28.34,0.0,3420.0,1.0
2022-07-13,33.33,22.78,28.06,0.0,3520.0,1.0
2022-07-14,34.44,22.22,28.33,12.7,3650.0,1.0
2022-07-15,33.33,21.11,27.22,2.03,3820.0,1.0
2022-07-16,30.56,21.67,26.12,37.59,4050.0,1.0
2022-07-17,32.78,21.67,27.22,0.0,4320.0,1.0
2022-07-18,31.11,23.33,27.22,11.43,4650.0,1.0
2022-07-19,32.22,23.33,27.78,36.58,4950.0,1.0
2022-07-20,32.22,22.78,27.5,9.14,5290.0,1.0
2022-07-21,33.89,22.22,28.06,0.0,5630.0,1.0
2022-07-22,34.44,23.33,28.88,0.0,5930.0,1.0
2022-07-23,34.44,22.22,28.33,0.0,6160.0,1.0
2022-07-24,32.22,22.22,27.22,3.56,6340.0,1.0
2022-07-25,34.44,21.67,28.06,0.0,6460.0,1.0
2022-07-26,34.44,22.22,28.33,8.89,6560.0,1.0
2022-07-27,32.78,21.67,27.22,0.0,6690.0,1.0
2022-07-28,33.89,21.67,27.78,0.0,6740.0,1.0
2022-07-29,35.0,23.33,29.16,0.0,6710.0,0.0
2022-07-30,35.56,22.22,28.89,0.0,6620.0,0.0
2022-07-31,35.56,23.33,29.44,0.0,6500.0,0.0
2022-08-01,35.56,24.44,30.0,0.0,6350.0,0.0
2022-08-02,35.0,22.78,28.89,0.0,6170.0,0.0
2022-08-03,33.89,22.22,28.06,70.61,5950.0,0.0
2022-08-04,34.44,21.67,28.06,2.03,5690.0,0.0
2022-08-05,33.89,22.78,28.34,0.25,5450.0,0.0
2022-08-06,31.67,23.89,27.78,0.25,5200.0,0.0
2022-08-07,33.33,22.22,27.78,0.51,5020.0,0.0
2022-08-08,33.33,22.22,27.78,3.05,4920.0,0.0
2022-08-09,33.33,22.22,27.78,0.25,4870.0,0.0
2022-08-10,33.89,23.89,28.89,0.0,4810.0,0.0
2022-08-11,29.44,23.33,26.38,0.51,4810.0,0.0
2022-08-12,33.33,22.22,27.78,0.0,4850.0,1.0
2022-08-13,30.56,22.78,26.67,0.0,4940.0,1.0
2022-08-14,32.78,21.11,26.94,0.0,4980.0,1.0
2022-08-15,33.33,18.89,26.11,0.0,4930.0,0.0
2022-08-16,33.33,21.11,27.22,4.06,4910.0,0.0
2022-08-17,34.44,22.78,28.61,0.0,4870.0,0.0
2022-08-18,32.78,21.67,27.22,0.51,4810.0,0.0
2022-08-19,33.89,21.67,27.78,8.64,4710.0,0.0
2022-08-20,35.0,22.78,28.89,19.3,4590.0,0.0
2022-08-21,35.0,22.22,28.61,0.51,4510.0,0.0
2022-08-22,32.22,22.78,27.5,32.0,4460.0,0.0
2022-08-23,33.89,22.22,28.06,65.53,4420.0,0.0
2022-08-24,33.89,21.67,27.78,4.06,4430.0,1.0
2022-08-25,32.78,22.78,27.78,21.59,4510.0,1.0
2022-08-26,33.33,22.78,28.06,4.06,4560.0,1.0
2022-08-27,32.22,22.22,27.22,1.27,4540.0,0.0
2022-08-28,32.78,22.22,27.5,58.17,4700.0,1.0
2022-08-29,31.67,23.33,27.5,0.51,5090.0,1.0
2022-08-30,32.78,23.89,28.34,0.0,5650.0,1.0
2022-08-31,32.22,23.89,28.06,0.25,6240.0,1.0
2022-09-01,32.22,22.78,27.5,0.0,6870.0,1.0
2022-09-02,30.56,22.22,26.39,0.0,7460.0,1.0
2022-09-03,33.33,23.33,28.33,4.06,7990.0,1.0
2022-09-04,32.78,23.33,28.06,0.0,8330.0,1.0
2022-09-05,35.0,23.33,29.16,0.0,8520.0,1.0
2022-09-06,34.44,22.78,28.61,0.0,8670.0,1.0
2022-09-07,33.89,22.78,28.34,0.0,8830.0,1.0
2022-09-08,26.67,21.67,24.17,17.53,8980.0,1.0
2022-09-09,29.44,22.22,25.83,29.72,9080.0,1.0
2022-09-10,30.56,22.78,26.67,13.72,9160.0,1.0
2022-09-11,32.22,22.22,27.22,2.29,9170.0,1.0
2022-09-12,31.11,22.78,26.94,0.0,9210.0,1.0
2022-09-13,29.44,22.78,26.11,1.27,9330.0,1.0
2022-09-14,30.56,22.22,26.39,0.0,9520.0,1.0
2022-09-15,31.67,21.67,26.67,0.0,9680.0,1.0
2022-09-16,30.56,22.22,26.39,0.76,9770.0,1.0
2022-09-17,30.56,21.11,25.84,4.57,9780.0,1.0
2022-09-18,28.33,21.11,24.72,6.86,9710.0,0.0
2022-09-19,31.67,22.78,27.22,2.03,9580.0,0.0
2022-09-20,32.78,21.11,26.94,0.0,9390.0,0.0
2022-09-21,32.78,20.0,26.39,0.0,9170.0,0.0
2022-09-22,33.33,20.0,26.66,0.0,8910.0,0.0
2022-09-23,29.44,20.0,24.72,0.0,8630.0,0.0
2022-09-24,31.11,18.89,25.0,0.0,8310.0,0.0
2022-09-25,31.67,17.22,24.44,0.0,7990.0,0.0
2022-09-26,33.33,18.33,25.83,0.0,7690.0,0.0
2022-09-27,29.44,21.67,25.56,0.0,7390.0,0.0
2022-09-28,22.22,15.0,18.61,10.41,7060.0,0.0
2022-09-29,20.56,15.56,18.06,2.29,6700.0,0.0
2022-09-30,25.56,15.0,20.28,0.0,6430.0,0.0
2022-10-01,29.44,13.33,21.38,0.0,6190.0,0.0
2022-10-02,29.44,15.56,22.5,0.0,5950.0,0.0
2022-10-03,26.67,14.44,20.56,0.0,5710.0,0.0
2022-10-04,25.0,11.11,18.06,0.0,5480.0,0.0
2022-10-05,27.22,8.89,18.06,0.0,5290.0,0.0
2022-10-06,28.89,11.67,20.28,0.0,5110.0,0.0
2022-10-07,30.0,12.78,21.39,0.0,4950.0,0.0
2022-10-08,31.67,12.22,21.94,0.0,4790.0,0.0
2022-10-09,30.56,13.33,21.94,0.0,4630.0,0.0
2022-10-10,30.56,16.11,23.34,0.0,4490.0,0.0
2022-10-11,31.11,16.11,23.61,0.0,4370.0,0.0
2022-10-12,29.44,21.67,25.56,0.51,4260.0,0.0
2022-10-13,30.0,19.44,24.72,2.54,4180.0,0.0
2022-10-14,29.44,16.11,22.78,0.0,4090.0,0.0
2022-10-15,30.0,13.33,21.66,0.0,3990.0,0.0
2022-10-16,30.56,13.33,21.94,0.0,3900.0,0.0
2022-10-17,30.0,17.78,23.89,1.02,3840.0,0.0
2022-10-18,24.44,11.11,17.77,0.0,3770.0,0.0
2022-10-19,18.89,3.33,11.11,0.0,3670.0,0.0
2022-10-20,22.22,2.78,12.5,0.0,3600.0,0.0
2022-10-21,23.33,3.89,13.61,0.0,3540.0,0.0
2022-10-22,25.0,5.56,15.28,0.0,3500.0,0.0
2022-10-23,28.33,9.44,18.88,0.0,3450.0,0.0
2022-10-24,28.89,10.56,19.73,0.0,3420.0,0.0
2022-10-25,28.89,11.67,20.28,0.0,3380.0,0.0
2022-10-26,30.0,14.44,22.22,0.0,3360.0,0.0
2022-10-27,30.0,15.56,22.78,0.0,3320.0,0.0
2022-10-28,25.56,18.89,22.22,0.0,3260.0,0.0
2022-10-29,23.33,18.89,21.11,0.0,3210.0,0.0
2022-10-30,28.33,18.89,23.61,0.0,3170.0,0.0
2022-10-31,30.56,17.78,24.17,0.0,3140.0,0.0
2022-11-01,31.11,16.11,23.61,0.0,3110.0,0.0
2022-11-02,30.56,17.22,23.89,17.27,3060.0,0.0
2022-11-03,28.33,16.67,22.5,0.0,3030.0,0.0
2022-11-04,28.89,15.56,22.22,0.0,3000.0,0.0
2022-11-05,30.0,18.33,24.16,3.3,2980.0,0.0
2022-11-06,30.56,18.89,24.72,0.25,2970.0,0.0
2022-11-07,28.89,18.33,23.61,0.25,2950.0,0.0
2022-11-08,28.89,17.78,23.34,0.0,2900.0,0.0
2022-11-09,20.0,16.67,18.34,0.0,2840.0,0.0
2022-11-10,23.33,17.78,20.56,63.75,2850.0,1.0
2022-11-11,26.67,17.78,22.22,0.76,3020.0,1.0
2022-11-12,27.78,18.89,23.34,0.0,3030.0,1.0
2022-11-13,20.56,9.44,15.0,0.0,3010.0,0.0
2022-11-14,23.33,8.89,16.11,0.0,3010.0,0.0
2022-11-15,24.44,17.22,20.83,0.25,3010.0,0.0
2022-11-16,22.22,11.11,16.66,0.0,3010.0,0.0
2022-11-17,16.67,8.89,12.78,0.0,2960.0,0.0
2022-11-18,16.67,4.44,10.56,0.0,2920.0,0.0
2022-11-19,17.22,3.89,10.56,0.0,2910.0,0.0
2022-11-20,12.22,8.33,10.28,1.52,2900.0,0.0
2022-11-21,23.33,8.33,15.83,0.0,2880.0,0.0
2022-11-22,20.0,14.44,17.22,0.0,2860.0,0.0
2022-11-23,25.0,15.56,20.28,0.0,2850.0,0.0
2022-11-24,26.11,17.22,21.66,0.0,2850.0,0.0
2022-11-25,27.78,19.44,23.61,0.0,2840.0,0.0
2022-11-26,25.0,18.89,21.94,0.0,2830.0,0.0
2022-11-27,27.78,13.89,20.84,7.37,2820.0,0.0
2022-11-28,25.56,8.89,17.23,0.0,2810.0,0.0
2022-11-29,26.11,10.0,18.06,0.0,2790.0,0.0
2022-11-30,27.78,15.0,21.39,5.59,2800.0,1.0
2022-12-01,22.22,7.78,15.0,0.0,2790.0,0.0
2022-12-02,25.56,9.44,17.5,0.0,2750.0,0.0
2022-12-03,26.67,10.56,18.62,0.0,2750.0,0.0
2022-12-04,25.56,11.67,18.61,0.0,2760.0,1.0
2022-12-05,25.0,16.11,20.56,0.0,2760.0,0.0
2022-12-06,27.22,15.0,21.11,0.0,2760.0,0.0
2022-12-07,27.78,12.78,20.28,0.0,2750.0,0.0
2022-12-08,27.78,12.78,20.28,0.0,2730.0,0.0
2022-12-09,26.67,12.22,19.44,0.0,2720.0,0.0
2022-12-10,26.11,12.22,19.16,0.0,2720.0,0.0
2022-12-11,18.33,13.89,16.11,0.0,2700.0,0.0
2022-12-12,22.22,12.22,17.22,0.0,2690.0,0.0
2022-12-13,22.22,12.22,17.22,0.0,2680.0,0.0
2022-12-14,26.67,12.22,19.44,0.0,2660.0,0.0
2022-12-15,24.44,11.11,17.77,35.05,2710.0,1.0
2022-12-16,18.89,5.0,11.94,0.0,2710.0,0.0
2022-12-17,18.89,2.78,10.84,0.25,2660.0,0.0
2022-12-18,16.11,2.78,9.44,0.0,2640.0,0.0
2022-12-19,20.0,1.67,10.84,0.0,2620.0,0.0
2022-12-20,18.33,10.0,14.16,3.3,2620.0,0.0
2022-12-21,13.89,10.56,12.23,1.52,2650.0,1.0
2022-12-22,16.67,10.0,13.34,0.0,2650.0,0.0
2022-12-23,18.33,-0.56,8.88,0.0,2650.0,0.0
2022-12-24,5.56,-4.44,0.56,0.0,2630.0,0.0
2022-12-25,8.89,-5.0,1.95,0.0,2620.0,0.0
2022-12-26,11.67,-3.33,4.17,0.0,2620.0,0.0
2022-12-27,16.11,-2.78,6.66,0.0,2620.0,0.0
2022-12-28,21.11,-1.11,10.0,0.0,2620.0,0.0
2022-12-29,25.0,5.0,15.0,0.0,2610.0,0.0
2022-12-30,25.56,7.22,16.39,0.0,2600.0,0.0
2022-12-31,22.22,14.44,18.33,1.52,2610.0,1.0
2023-01-01,24.44,14.44,19.44,0.0,2610.0,0.0
2023-01-02,26.11,11.67,18.89,0.0,2590.0,0.0
2023-01-03,27.22,13.89,20.56,0.0,2580.0,0.0
2023-01-04,26.67,16.11,21.39,11.43,2610.0,1.0
2023-01-05,23.33,11.11,17.22,0.0,2640.0,1.0
2023-01-06,18.89,3.89,11.39,0.0,2610.0,0.0
2023-01-07,20.56,1.67,11.11,0.0,2620.0,1.0
2023-01-08,23.33,3.33,13.33,0.0,2670.0,1.0
2023-01-09,23.33,8.33,15.83,0.0,2710.0,1.0
2023-01-10,19.44,6.11,12.78,0.0,2720.0,1.0
2023-01-11,23.89,2.78,13.34,0.0,2720.0,0.0
2023-01-12,25.56,7.22,16.39,0.0,2720.0,0.0
2023-01-13,17.22,5.56,11.39,13.21,2750.0,1.0
2023-01-14,10.56,0.0,5.28,0.0,2730.0,0.0
2023-01-15,15.0,-2.78,6.11,0.0,2730.0,0.0
2023-01-16,18.89,-1.11,8.89,0.0,2750.0,1.0
2023-01-17,23.33,0.56,11.94,0.0,2790.0,1.0
2023-01-18,24.44,10.0,17.22,0.0,2840.0,1.0
2023-01-19,26.11,8.89,17.5,0.0,2860.0,1.0
2023-01-20,24.44,9.44,16.94,0.0,2880.0,1.0
2023-01-21,13.89,10.56,12.23,7.11,2870.0,0.0
2023-01-22,25.56,12.22,18.89,1.78,2880.0,1.0
2023-01-23,18.33,8.89,13.61,0.0,2900.0,1.0
2023-01-24,21.11,4.44,12.78,0.0,2870.0,0.0
2023-01-25,27.22,16.11,21.66,8.38,2940.0,1.0
2023-01-26,16.11,5.0,10.56,0.0,3200.0,1.0
2023-01-27,16.11,1.67,8.89,0.0,3440.0,1.0
2023-01-28,17.78,0.0,8.89,0.0,3760.0,1.0
2023-01-29,26.67,12.22,19.44,0.0,4100.0,1.0
2023-01-30,29.44,13.89,21.66,0.0,4450.0,1.0
2023-01-31,28.89,16.11,22.5,0.0,4770.0,1.0
2023-02-01,25.56,12.78,19.17,0.0,5080.0,1.0
2023-02-02,26.67,13.0,19.84,0.0,5360.0,1.0
2023-02-03,21.11,5.56,13.34,14.22,5640.0,1.0
2023-02-04,19.44,4.44,11.94,0.0,5830.0,1.0
2023-02-05,25.0,10.56,17.78,0.0,6020.0,1.0
2023-02-06,23.33,7.78,15.56,0.0,6230.0,1.0
2023-02-07,24.44,5.56,15.0,0.0,6400.0,1.0
2023-02-08,26.11,10.0,18.06,0.0,6500.0,1.0
2023-02-09,27.78,11.0,19.39,0.0,6580.0,1.0
2023-02-10,28.33,17.78,23.06,0.25,6690.0,1.0
2023-02-11,21.11,15.56,18.34,44.96,6870.0,1.0
2023-02-12,15.56,9.44,12.5,1.52,7060.0,1.0
2023-02-13,21.11,5.56,13.34,0.0,7400.0,1.0
2023-02-14,24.44,3.89,14.16,0.0,8020.0,1.0
2023-02-15,27.22,8.33,17.77,0.0,8860.0,1.0
2023-02-16,28.33,13.33,20.83,0.0,9750.0,1.0
2023-02-17,28.89,12.22,20.56,1.52,10600.0,1.0
2023-02-18,17.22,4.44,10.83,0.0,11200.0,1.0
2023-02-19,26.67,6.11,16.39,0.0,11800.0,1.0
2023-02-20,26.11,9.44,17.77,0.0,12300.0,1.0
2023-02-21,28.33,17.22,22.78,0.0,12600.0,1.0
2023-02-22,30.0,17.22,23.61,0.0,12800.0,1.0
2023-02-23,30.0,13.89,21.94,0.0,12900.0,1.0
2023-02-24,30.0,20.0,25.0,0.0,12700.0,0.0
2023-02-25,30.0,15.56,22.78,0.0,12500.0,0.0
2023-02-26,29.44,15.56,22.5,0.0,12100.0,0.0
2023-02-27,27.22,16.67,21.94,0.0,11800.0,0.0
2023-02-28,29.44,21.67,25.56,0.0,11400.0,0.0
2023-03-01,28.33,18.33,23.33,0.0,11000.0,0.0
2023-03-02,28.89,14.44,21.66,0.0,10600.0,0.0
2023-03-03,28.89,12.22,20.56,0.0,10200.0,0.0
2023-03-04,27.78,21.67,24.72,18.29,9860.0,0.0
2023-03-05,29.44,14.0,21.72,0.0,9460.0,0.0
2023-03-06,29.44,15.0,22.22,0.0,9090.0,0.0
2023-03-07,31.0,15.0,23.0,0.0,8760.0,0.0
2023-03-08,24.44,12.22,18.33,0.0,8440.0,0.0
2023-03-09,25.0,8.89,16.94,0.0,8130.0,0.0
2023-03-10,27.78,12.78,20.28,7.62,7860.0,0.0
2023-03-11,25.56,8.89,17.23,0.0,7640.0,0.0
2023-03-12,27.78,7.22,17.5,0.25,7430.0,0.0
2023-03-13,22.22,13.89,18.06,60.45,7490.0,1.0
2023-03-14,20.0,7.78,13.89,0.0,7310.0,0.0
2023-03-15,18.89,6.67,12.78,0.0,7300.0,0.0
2023-03-16,23.33,1.67,12.5,0.0,7330.0,1.0
2023-03-17,27.78,10.0,18.89,0.0,7320.0,0.0
2023-03-18,23.0,9.44,16.22,30.48,7320.0,0.0
2023-03-19,17.22,7.78,12.5,1.52,7300.0,0.0
2023-03-20,16.67,3.89,10.28,0.0,7310.0,1.0
2023-03-21,21.67,2.78,12.23,0.0,7350.0,1.0
2023-03-22,27.22,15.56,21.39,0.0,7370.0,1.0
2023-03-23,29.44,12.78,21.11,0.0,7360.0,0.0
2023-03-24,30.0,13.33,21.66,0.0,7340.0,0.0
2023-03-25,30.0,15.56,22.78,0.0,7300.0,0.0
2023-03-26,31.11,20.56,25.84,0.0,7230.0,0.0
2023-03-27,30.0,18.33,24.16,0.0,7080.0,0.0
2023-03-28,28.89,18.33,23.61,0.25,6920.0,0.0
2023-03-29,23.33,15.0,19.16,0.0,6790.0,0.0
2023-03-30,25.56,10.56,18.06,0.0,6750.0,0.0
2023-03-31,28.89,11.67,20.28,0.0,6830.0,1.0
2023-04-01,29.44,15.56,22.5,0.0,6940.0,1.0
2023-04-02,30.0,18.89,24.44,0.0,6970.0,1.0
2023-04-03,31.0,15.0,23.0,0.0,6910.0,0.0
2023-04-04,32.0,15.56,23.78,0.0,6790.0,0.0
2023-04-05,32.22,19.44,25.83,0.0,6640.0,0.0
2023-04-06,31.67,19.0,25.34,0.0,6510.0,0.0
2023-04-07,31.11,18.0,24.56,10.16,6370.0,0.0
2023-04-08,26.67,20.0,23.34,9.4,6240.0,0.0
2023-04-09,19.44,11.11,15.28,0.0,6120.0,0.0
2023-04-10,21.11,15.0,18.06,0.0,6000.0,0.0
2023-04-11,24.44,15.0,19.72,0.0,5930.0,0.0
2023-04-12,24.44,15.56,20.0,0.0,5860.0,0.0
2023-04-13,29.44,19.44,24.44,0.0,5790.0,0.0
2023-04-14,30.56,17.78,24.17,0.0,5690.0,0.0
2023-04-15,29.44,13.89,21.66,0.0,5540.0,0.0
2023-04-16,30.0,18.33,24.16,0.0,5410.0,0.0
2023-04-17,26.11,11.11,18.61,1.78,5260.0,0.0
2023-04-18,27.78,7.22,17.5,0.0,5140.0,0.0
2023-04-19,27.22,8.89,18.06,0.0,5050.0,0.0
2023-04-20,28.89,11.67,20.28,0.0,4970.0,0.0
2023-04-21,30.0,11.11,20.56,0.0,4860.0,0.0
2023-04-22,30.0,16.11,23.06,0.0,4740.0,0.0
2023-04-23,27.78,16.11,21.94,0.0,4580.0,0.0
2023-04-24,25.0,13.89,19.44,0.25,4420.0,0.0
2023-04-25,28.89,16.67,22.78,6.1,4270.0,0.0
2023-04-26,30.0,16.11,23.06,0.51,4160.0,0.0
2023-04-27,28.89,17.78,23.34,72.14,4050.0,0.0
2023-04-28,29.44,17.22,23.33,0.0,4030.0,0.0
2023-04-29,28.33,19.44,23.88,12.95,3960.0,0.0
2023-04-30,25.56,18.33,21.94,3.56,4000.0,1.0
2023-05-01,27.78,13.33,20.56,0.0,3970.0,0.0
2023-05-02,28.33,16.67,22.5,0.0,3940.0,0.0
2023-05-03,27.22,16.67,21.94,0.0,3920.0,0.0
2023-05-04,28.89,12.22,20.56,0.0,3900.0,0.0
2023-05-05,27.78,11.67,19.73,0.0,3870.0,0.0
2023-05-06,26.67,17.22,21.94,0.0,3830.0,0.0
2023-05-07,27.78,14.44,21.11,0.0,3770.0,0.0
2023-05-08,,,,0.0,3700.0,0.0
2023-05-09,30.56,18.33,24.44,0.0,3620.0,0.0
2023-05-10,33.33,21.11,27.22,2.29,3540.0,0.0
2023-05-11,31.11,21.11,26.11,2.29,3460.0,0.0
2023-05-12,32.22,19.44,25.83,28.19,3370.0,0.0
2023-05-13,30.0,18.89,24.44,2.79,3320.0,0.0
2023-05-14,31.11,18.89,25.0,0.0,3280.0,0.0
2023-05-15,30.56,18.33,24.44,0.0,3280.0,0.0
2023-05-16,31.11,18.33,24.72,9.91,3270.0,0.0
2023-05-17,31.11,20.0,25.56,0.25,3250.0,0.0
2023-05-18,29.44,18.89,24.16,0.0,3250.0,0.0
2023-05-19,31.67,20.56,26.12,0.0,3250.0,0.0
2023-05-20,32.22,19.44,25.83,0.0,3270.0,1.0
2023-05-21,31.67,19.44,25.56,41.15,3340.0,1.0
2023-05-22,29.44,21.11,25.28,4.06,3420.0,1.0
2023-05-23,28.33,20.56,24.44,13.46,3450.0,1.0
2023-05-24,27.22,19.44,23.33,0.0,3510.0,1.0
2023-05-25,28.89,17.78,23.34,0.0,3620.0,1.0
2023-05-26,24.0,18.33,21.16,0.0,3750.0,1.0
2023-05-27,27.22,14.44,20.83,0.0,3800.0,1.0
2023-05-28,28.0,11.67,19.84,0.0,3840.0,1.0
2023-05-29,28.89,15.0,21.94,0.0,3870.0,1.0
2023-05-30,30.56,17.78,24.17,0.0,3870.0,0.0
2023-05-31,30.0,20.56,25.28,0.0,3810.0,0.0
2023-06-01,29.44,21.11,25.28,0.76,3720.0,0.0
2023-06-02,29.44,20.0,24.72,0.0,3620.0,0.0
2023-06-03,31.67,18.89,25.28,0.0,3540.0,0.0
2023-06-04,30.0,20.0,25.0,0.0,3470.0,0.0
2023-06-05,30.56,20.0,25.28,0.0,3400.0,0.0
2023-06-06,32.22,16.11,24.16,0.0,3320.0,0.0
2023-06-07,31.11,20.0,25.56,0.0,3260.0,0.0
2023-06-08,32.78,20.0,26.39,0.0,3210.0,0.0
2023-06-09,32.78,20.0,26.39,6.6,3160.0,0.0
2023-06-10,30.56,19.44,25.0,31.75,3090.0,0.0
2023-06-11,32.78,20.56,26.67,0.0,3020.0,0.0
2023-06-12,32.78,20.0,26.39,0.0,2960.0,0.0
2023-06-13,33.89,23.33,28.61,0.0,2910.0,0.0
2023-06-14,33.33,20.0,26.66,32.51,2850.0,0.0
2023-06-15,31.11,19.44,25.28,36.58,2890.0,1.0
2023-06-16,31.11,20.56,25.84,3.3,3040.0,1.0
2023-06-17,31.67,21.67,26.67,10.41,3370.0,1.0
2023-06-18,33.33,21.0,27.16,0.0,4180.0,1.0
2023-06-19,32.22,22.22,27.22,0.0,4860.0,1.0
2023-06-20,30.56,21.11,25.84,59.94,5380.0,1.0
2023-06-21,27.78,20.56,24.17,14.73,5660.0,1.0
2023-06-22,26.11,20.0,23.06,47.24,6010.0,1.0
2023-06-23,30.56,21.11,25.84,51.31,6400.0,1.0
2023-06-24,31.67,21.67,26.67,4.32,6980.0,1.0
2023-06-25,33.89,22.22,28.06,0.0,7760.0,1.0
2023-06-26,33.33,23.33,28.33,0.0,8560.0,1.0
2023-06-27,34.44,24.0,29.22,0.0,9220.0,1.0
2023-06-28,34.44,26.11,30.28,0.0,9660.0,1.0
2023-06-29,35.0,22.78,28.89,0.0,9840.0,1.0
2023-06-30,34.44,21.67,28.06,0.0,9870.0,1.0
2023-07-01,33.89,21.67,27.78,0.0,9820.0,0.0
2023-07-02,35.56,22.78,29.17,0.0,9740.0,0.0
2023-07-03,36.11,23.33,29.72,0.0,9640.0,0.0
2023-07-04,35.0,23.89,29.44,0.0,9470.0,0.0
2023-07-05,34.44,24.44,29.44,0.0,9240.0,0.0
2023-07-06,34.44,24.44,29.44,0.0,8950.0,0.0
2023-07-07,33.33,22.78,28.06,5.08,8640.0,0.0
2023-07-08,33.89,23.33,28.61,0.0,8340.0,0.0
2023-07-09,33.33,25.56,29.44,2.54,7960.0,0.0
2023-07-10,31.0,23.89,27.44,10.41,7600.0,0.0
2023-07-11,31.11,24.44,27.78,1.78,7270.0,0.0
2023-07-12,34.44,23.33,28.88,0.25,6950.0,0.0
2023-07-13,33.89,22.78,28.34,0.0,6690.0,0.0
2023-07-14,32.22,23.33,27.78,5.84,6470.0,0.0
2023-07-15,31.11,23.89,27.5,12.45,6290.0,0.0
2023-07-16,32.78,24.44,28.61,0.76,6150.0,0.0
2023-07-17,33.33,23.89,28.61,13.72,6040.0,0.0
2023-07-18,34.44,22.78,28.61,0.0,5940.0,0.0
2023-07-19,33.89,22.78,28.34,2.79,5810.0,0.0
2023-07-20,35.0,23.33,29.16,0.0,5660.0,0.0
2023-07-21,35.0,24.44,29.72,0.0,5520.0,0.0
2023-07-22,35.0,23.33,29.16,8.64,5430.0,0.0
2023-07-23,30.56,22.78,26.67,4.57,5390.0,0.0
2023-07-24,32.22,23.33,27.78,1.52,5370.0,0.0
2023-07-25,31.11,22.22,26.66,0.76,5360.0,0.0
2023-07-26,34.44,20.56,27.5,1.02,5390.0,1.0
2023-07-27,32.22,22.78,27.5,0.0,5380.0,0.0
2023-07-28,32.22,23.89,28.06,22.61,5320.0,0.0
2023-07-29,32.78,22.78,27.78,0.0,5250.0,0.0
2023-07-30,35.56,22.22,28.89,18.8,5180.0,0.0
2023-07-31,33.0,22.22,27.61,2.54,5170.0,0.0
2023-08-01,33.89,22.22,28.06,17.53,5240.0,1.0
2023-08-02,32.78,22.22,27.5,0.0,5390.0,1.0
2023-08-03,34.44,23.33,28.88,0.0,5470.0,1.0
2023-08-04,33.89,23.89,28.89,4.57,5580.0,1.0
2023-08-05,32.22,23.89,28.06,0.25,5760.0,1.0
2023-08-06,34.44,24.0,29.22,0.0,5860.0,1.0
2023-08-07,35.0,25.0,30.0,0.0,5970.0,1.0
2023-08-08,35.56,25.0,30.28,0.0,6120.0,1.0
2023-08-09,34.44,25.56,30.0,0.0,6200.0,1.0
2023-08-10,35.0,25.56,30.28,0.25,6190.0,0.0
2023-08-11,36.11,24.44,30.28,0.0,6120.0,0.0
2023-08-12,36.67,25.56,31.12,0.0,5960.0,0.0
2023-08-13,36.67,24.44,30.56,0.0,5760.0,0.0
2023-08-14,36.11,24.44,30.28,19.56,5580.0,0.0
2023-08-15,32.78,23.33,28.06,27.69,5420.0,0.0
2023-08-16,31.67,23.89,27.78,4.83,5290.0,0.0
2023-08-17,32.22,22.78,27.5,0.25,5240.0,0.0
2023-08-18,32.78,23.33,28.06,9.91,5300.0,1.0
2023-08-19,35.0,22.78,28.89,0.0,5320.0,1.0
2023-08-20,32.22,24.44,28.33,6.86,5320.0,0.0
2023-08-21,33.89,23.89,28.89,0.0,5280.0,0.0
2023-08-22,,,,0.0,5220.0,0.0
2023-08-23,34.44,23.33,28.88,0.0,5120.0,0.0
2023-08-24,33.33,23.89,28.61,0.0,4980.0,0.0
2023-08-25,33.89,21.11,27.5,0.0,4810.0,0.0
2023-08-26,35.0,24.44,29.72,0.0,4660.0,0.0
2023-08-27,33.89,21.67,27.78,0.0,4540.0,0.0
2023-08-28,33.33,23.89,28.61,5.59,4480.0,0.0
2023-08-29,33.33,24.44,28.88,3.05,4450.0,0.0
2023-08-30,30.0,24.44,27.22,32.77,4490.0,1.0
2023-08-31,32.22,22.22,27.22,22.86,4470.0,0.0
2023-09-01,32.22,23.33,27.78,77.98,4850.0,1.0
2023-09-02,30.0,22.78,26.39,0.0,5580.0,1.0
2023-09-03,32.22,21.11,26.66,0.0,6360.0,1.0
2023-09-04,32.22,19.44,25.83,0.0,7050.0,1.0
2023-09-05,31.11,18.33,24.72,0.0,7570.0,1.0
2023-09-06,33.89,20.56,27.22,0.0,7880.0,1.0
2023-09-07,33.33,21.11,27.22,0.0,8010.0,1.0
2023-09-08,27.22,21.67,24.44,0.25,8010.0,0.0
2023-09-09,30.0,19.44,24.72,0.0,7970.0,0.0
2023-09-10,32.78,20.56,26.67,0.0,7950.0,0.0
2023-09-11,33.89,22.22,28.06,2.79,7910.0,0.0
2023-09-12,33.89,20.0,26.94,0.0,7780.0,0.0
2023-09-13,33.33,22.22,27.78,0.0,7630.0,0.0
2023-09-14,35.0,22.78,28.89,0.0,7410.0,0.0
2023-09-15,32.22,21.67,26.94,1.02,7150.0,0.0
2023-09-16,30.56,22.78,26.67,0.0,6880.0,0.0
2023-09-17,33.33,22.22,27.78,0.0,6680.0,0.0
2023-09-18,31.11,18.89,25.0,0.0,6470.0,0.0
2023-09-19,31.11,17.22,24.16,0.0,6280.0,0.0
2023-09-20,31.67,19.44,25.56,0.0,6120.0,0.0
2023-09-21,32.22,21.67,26.94,13.97,5970.0,0.0
2023-09-22,30.56,17.78,24.17,0.0,5810.0,0.0
2023-09-23,30.0,15.56,22.78,0.0,5650.0,0.0
2023-09-24,31.11,15.56,23.34,0.0,5520.0,0.0
2023-09-25,32.78,17.22,25.0,0.0,5390.0,0.0
2023-09-26,32.22,21.67,26.94,0.0,5300.0,0.0
2023-09-27,28.89,22.78,25.84,0.51,5220.0,0.0
2023-09-28,25.56,21.67,23.62,0.0,5160.0,0.0
2023-09-29,30.0,20.56,25.28,0.0,5180.0,1.0
2023-09-30,28.89,22.22,25.56,0.0,5220.0,1.0
2023-10-01,29.44,21.11,25.28,0.0,5210.0,0.0
2023-10-02,30.0,20.56,25.28,0.0,5170.0,0.0
2023-10-03,30.0,18.89,24.44,0.0,5100.0,0.0
2023-10-04,30.56,21.11,25.84,0.0,5030.0,0.0
2023-10-05,31.67,21.11,26.39,0.0,4960.0,0.0
2023-10-06,30.56,20.0,25.28,0.0,4890.0,0.0
2023-10-07,30.0,19.44,24.72,0.0,4820.0,0.0
2023-10-08,24.44,12.78,18.61,0.0,4730.0,0.0
2023-10-09,23.89,10.0,16.94,0.0,4650.0,0.0
2023-10-10,27.78,8.33,18.06,0.0,4580.0,0.0
2023-10-11,26.67,18.33,22.5,15.75,4510.0,0.0
2023-10-12,30.0,21.11,25.56,78.99,4650.0,1.0
2023-10-13,30.56,21.11,25.84,0.0,4620.0,0.0
2023-10-14,26.67,20.56,23.62,0.0,4750.0,1.0
2023-10-15,24.44,16.11,20.27,0.0,5020.0,1.0
2023-10-16,20.56,12.22,16.39,0.0,5220.0,1.0
2023-10-17,21.67,8.89,15.28,0.0,5340.0,1.0
2023-10-18,24.44,6.67,15.56,0.0,5390.0,1.0
2023-10-19,25.56,10.56,18.06,0.0,5400.0,1.0
2023-10-20,27.22,12.22,19.72,0.0,5400.0,0.0
2023-10-21,27.22,12.78,20.0,0.0,5390.0,0.0
2023-10-22,28.89,11.67,20.28,0.0,5350.0,0.0
2023-10-23,28.33,14.44,21.38,0.0,5300.0,0.0
2023-10-24,27.78,17.22,22.5,0.0,5220.0,0.0
2023-10-25,30.0,16.67,23.34,0.0,5140.0,0.0
2023-10-26,27.78,17.78,22.78,0.0,5070.0,0.0
2023-10-27,28.89,16.67,22.78,0.0,4990.0,0.0
2023-10-28,29.44,15.56,22.5,0.0,4900.0,0.0
2023-10-29,30.0,17.22,23.61,0.0,4810.0,0.0
2023-10-30,28.89,15.0,21.94,0.0,4720.0,0.0
2023-10-31,29.44,17.22,23.33,0.0,4630.0,0.0
2023-11-01,20.0,10.0,15.0,0.0,4510.0,0.0
2023-11-02,23.33,5.56,14.44,0.0,4390.0,0.0
2023-11-03,23.89,12.22,18.06,0.0,4290.0,0.0
2023-11-04,25.56,12.78,19.17,0.0,4220.0,0.0
2023-11-05,26.67,8.89,17.78,0.0,4150.0,0.0
2023-11-06,26.67,6.67,16.67,0.0,4080.0,0.0
2023-11-07,27.78,9.44,18.61,0.0,4010.0,0.0
2023-11-08,27.78,8.0,17.89,0.0,3950.0,0.0
2023-11-09,28.33,0.0,14.16,0.0,3890.0,0.0
2023-11-10,30.0,15.56,22.78,0.0,3830.0,0.0
2023-11-11,31.11,18.33,24.72,0.0,3760.0,0.0
2023-11-12,19.44,16.11,17.77,0.0,3690.0,0.0
2023-11-13,18.89,15.0,16.94,0.0,3620.0,0.0
2023-11-14,22.22,16.67,19.44,12.19,3570.0,0.0
2023-11-15,22.22,18.89,20.56,5.33,3570.0,0.0
2023-11-16,21.67,19.44,20.56,11.18,3550.0,0.0
2023-11-17,23.33,19.44,21.38,4.83,3490.0,0.0
2023-11-18,26.67,15.56,21.12,0.0,3450.0,0.0
2023-11-19,26.67,13.89,20.28,0.0,3420.0,0.0
2023-11-20,27.22,13.89,20.56,0.0,3380.0,0.0
2023-11-21,26.67,18.89,22.78,0.0,3360.0,0.0
2023-11-22,25.0,11.67,18.34,0.0,3360.0,0.0
2023-11-23,17.22,7.22,12.22,0.0,3330.0,0.0
2023-11-24,16.67,11.67,14.17,0.51,3300.0,0.0
2023-11-25,21.11,10.0,15.56,0.51,3270.0,0.0
2023-11-26,18.33,15.56,16.94,26.16,3310.0,1.0
2023-11-27,18.89,10.0,14.44,0.0,3390.0,1.0
2023-11-28,15.56,4.44,10.0,0.0,3410.0,1.0
2023-11-29,16.67,2.22,9.44,0.0,3520.0,1.0
2023-11-30,21.11,1.11,11.11,0.0,3620.0,1.0
2023-12-01,27.78,11.67,19.73,0.0,3700.0,1.0
2023-12-02,27.0,18.33,22.66,0.0,3780.0,1.0
2023-12-03,23.89,20.56,22.22,0.51,3960.0,1.0
2023-12-04,23.33,13.89,18.61,0.0,4260.0,1.0
2023-12-05,20.0,10.56,15.28,0.0,4900.0,1.0
2023-12-06,17.78,5.0,11.39,0.0,5460.0,1.0
2023-12-07,19.44,3.33,11.39,0.0,5820.0,1.0
2023-12-08,22.78,8.89,15.84,0.25,6020.0,1.0
2023-12-09,27.22,12.22,19.72,0.0,6100.0,1.0
2023-12-10,26.67,13.33,20.0,14.22,6170.0,1.0
2023-12-11,17.22,5.56,11.39,0.0,6230.0,1.0
2023-12-12,19.44,3.33,11.39,0.0,6300.0,1.0
2023-12-13,19.44,10.56,15.0,0.0,6520.0,1.0
2023-12-14,21.67,11.11,16.39,0.25,6750.0,1.0
2023-12-15,21.67,12.22,16.94,0.25,6910.0,1.0
2023-12-16,19.44,13.33,16.39,48.51,7060.0,1.0
2023-12-17,21.11,15.56,18.34,79.25,7470.0,1.0
2023-12-18,18.89,8.89,13.89,0.0,7870.0,1.0
2023-12-19,12.78,3.33,8.06,0.0,8980.0,1.0
2023-12-20,17.22,3.33,10.27,0.0,10400.0,1.0
2023-12-21,20.56,6.67,13.61,0.0,11600.0,1.0
2023-12-22,22.22,10.56,16.39,0.0,12600.0,1.0
2023-12-23,23.33,11.67,17.5,0.0,13200.0,1.0
2023-12-24,22.78,12.22,17.5,0.0,13600.0,1.0
2023-12-25,22.0,18.33,20.16,5.84,13900.0,1.0
2023-12-26,23.33,17.0,20.16,0.0,14000.0,1.0
2023-12-27,18.33,13.89,16.11,0.0,14100.0,1.0
2023-12-28,15.56,8.89,12.23,0.76,14100.0,0.0
2023-12-29,14.44,2.22,8.33,0.0,14100.0,0.0
2023-12-30,16.11,1.11,8.61,0.0,14000.0,0.0
2023-12-31,17.78,1.67,9.73,0.0,13900.0,0.0
2024-01-01,21.67,2.78,12.23,0.0,13800.0,0.0
2024-01-02,15.56,4.44,10.0,0.0,13600.0,0.0
2024-01-03,18.89,3.33,11.11,0.51,13500.0,0.0
2024-01-04,17.22,5.56,11.39,2.54,13300.0,0.0
2024-01-05,22.22,3.89,13.06,0.0,13100.0,0.0
2024-01-06,25.0,12.78,18.89,19.05,13000.0,0.0
2024-01-07,16.11,8.33,12.22,0.0,12900.0,0.0
2024-01-08,16.11,8.33,12.22,0.51,12900.0,0.0
2024-01-09,24.44,13.89,19.16,40.13,13000.0,1.0
2024-01-10,15.56,5.56,10.56,0.0,13200.0,1.0
2024-01-11,17.78,4.44,11.11,0.0,13300.0,1.0
2024-01-12,24.44,10.0,17.22,1.02,13600.0,1.0
2024-01-13,22.78,6.11,14.44,0.0,13900.0,1.0
2024-01-14,14.44,5.56,10.0,0.0,14200.0,1.0
2024-01-15,21.67,3.89,12.78,0.0,14400.0,1.0
2024-01-16,21.67,6.11,13.89,6.1,14600.0,1.0
2024-01-17,11.67,0.0,5.84,0.0,14800.0,1.0
2024-01-18,16.11,1.67,8.89,0.51,14900.0,1.0
2024-01-19,21.67,7.78,14.73,0.0,15100.0,1.0
2024-01-20,12.22,2.22,7.22,0.0,15200.0,1.0
2024-01-21,10.56,-1.11,4.73,0.0,15100.0,0.0
2024-01-22,20.56,3.33,11.94,0.0,15000.0,0.0
2024-01-23,22.78,15.0,18.89,0.0,14800.0,0.0
2024-01-24,26.67,16.67,21.67,0.0,14600.0,0.0
2024-01-25,27.22,17.22,22.22,8.38,14400.0,0.0
2024-01-26,26.11,17.78,21.94,6.86,14200.0,0.0
2024-01-27,28.33,16.11,22.22,0.76,13900.0,0.0
2024-01-28,20.56,11.11,15.84,1.02,13800.0,0.0
2024-01-29,17.22,6.11,11.66,0.0,13500.0,0.0
2024-01-30,18.89,3.33,11.11,0.0,13300.0,0.0
2024-01-31,20.0,6.67,13.34,0.0,13000.0,0.0
2024-02-01,19.44,2.22,10.83,0.0,12800.0,0.0
2024-02-02,21.67,6.11,13.89,0.0,12500.0,0.0
2024-02-03,22.78,5.0,13.89,0.0,12200.0,0.0
2024-02-04,21.67,12.78,17.23,3.81,11900.0,0.0
2024-02-05,17.22,8.33,12.77,0.0,11600.0,0.0
2024-02-06,18.89,8.89,13.89,0.0,11400.0,0.0
2024-02-07,16.67,5.0,10.84,0.0,11200.0,0.0
2024-02-08,22.78,4.44,13.61,0.0,11000.0,0.0
2024-02-09,23.89,7.78,15.84,0.0,10900.0,0.0
2024-02-10,25.56,10.0,17.78,0.0,10800.0,0.0
2024-02-11,27.78,12.22,20.0,0.0,10800.0,0.0
2024-02-12,26.67,15.56,21.12,8.64,10700.0,0.0
2024-02-13,17.22,7.22,12.22,0.0,10700.0,0.0
2024-02-14,20.56,5.56,13.06,0.0,10600.0,0.0
2024-02-15,21.11,7.78,14.44,0.0,10500.0,0.0
2024-02-16,21.67,9.44,15.56,0.0,10400.0,0.0
2024-02-17,17.22,12.22,14.72,17.53,10300.0,0.0
2024-02-18,15.0,8.89,11.94,23.11,10400.0,1.0
2024-02-19,18.89,4.44,11.66,0.76,10400.0,0.0
2024-02-20,20.56,1.67,11.11,0.0,10500.0,1.0
2024-02-21,20.56,2.78,11.67,0.0,10600.0,1.0
2024-02-22,23.33,2.78,13.06,0.0,10800.0,1.0
2024-02-23,22.78,12.22,17.5,8.38,11100.0,1.0
2024-02-24,22.22,10.56,16.39,0.0,11300.0,1.0
2024-02-25,22.22,5.56,13.89,0.0,11300.0,0.0
2024-02-26,23.89,4.44,14.16,0.0,11300.0,0.0
2024-02-27,25.56,7.22,16.39,0.0,11200.0,0.0
2024-02-28,27.22,12.78,20.0,0.0,11100.0,0.0
2024-02-29,,,,0.0,10900.0,0.0
2024-03-01,27.22,15.0,21.11,2.29,10500.0,0.0
2024-03-02,24.44,18.33,21.38,2.03,10200.0,0.0
2024-03-03,26.11,16.67,21.39,12.95,9830.0,0.0
2024-03-04,25.0,16.67,20.84,0.0,9520.0,0.0
2024-03-05,22.78,16.67,19.73,9.4,9330.0,0.0
2024-03-06,25.0,17.22,21.11,3.05,9290.0,0.0
2024-03-07,26.11,13.89,20.0,0.0,9230.0,0.0
2024-03-08,27.22,15.56,21.39,0.0,9270.0,1.0
2024-03-09,27.78,20.56,24.17,3.81,9360.0,1.0
2024-03-10,21.67,12.78,17.23,0.51,9460.0,1.0
2024-03-11,21.11,5.56,13.34,0.0,9690.0,1.0
2024-03-12,25.0,6.67,15.84,0.0,10100.0,1.0
2024-03-13,25.56,10.56,18.06,0.0,10500.0,1.0
2024-03-14,28.89,7.78,18.34,0.0,10900.0,1.0
2024-03-15,28.89,12.78,20.84,0.0,11300.0,1.0
2024-03-16,28.89,17.78,23.34,0.0,11600.0,1.0
2024-03-17,28.89,18.89,23.89,0.0,11900.0,1.0
2024-03-18,23.33,16.67,20.0,8.89,12100.0,1.0
2024-03-19,17.78,6.11,11.94,0.0,12100.0,0.0
2024-03-20,22.22,2.22,12.22,0.0,12200.0,1.0
2024-03-21,25.56,3.89,14.72,0.0,12200.0,0.0
2024-03-22,21.11,17.0,19.06,28.19,12200.0,0.0
2024-03-23,23.89,14.44,19.16,0.51,12200.0,0.0
2024-03-24,20.0,12.78,16.39,0.0,12100.0,0.0
2024-03-25,24.44,12.22,18.33,0.0,12200.0,1.0
2024-03-26,27.78,15.0,21.39,0.0,12200.0,0.0
2024-03-27,22.22,17.22,19.72,6.86,12400.0,1.0
2024-03-28,25.56,13.89,19.73,2.79,12500.0,1.0
2024-03-29,23.33,8.33,15.83,0.0,12600.0,1.0
2024-03-30,25.56,7.78,16.67,0.0,12900.0,1.0
2024-03-31,25.56,9.44,17.5,0.0,13200.0,1.0
2024-04-01,27.22,13.89,20.56,0.0,13500.0,1.0
2024-04-02,27.78,15.0,21.39,0.0,13900.0,1.0
2024-04-03,24.44,15.0,19.72,52.58,14300.0,1.0
2024-04-04,21.67,10.0,15.84,0.0,14700.0,1.0
2024-04-05,24.44,9.44,16.94,0.0,15000.0,1.0
2024-04-06,22.22,10.0,16.11,0.0,15300.0,1.0
2024-04-07,23.33,5.56,14.44,0.0,15500.0,1.0
2024-04-08,25.0,10.0,17.5,0.0,15600.0,1.0
2024-04-09,26.11,12.22,19.16,0.0,15500.0,0.0
2024-04-10,27.78,16.67,22.22,0.0,15400.0,0.0
2024-04-11,26.11,18.89,22.5,23.11,15400.0,0.0
2024-04-12,25.0,11.11,18.06,0.0,15600.0,1.0
2024-04-13,25.0,10.0,17.5,0.0,16400.0,1.0
2024-04-14,28.33,10.0,19.16,0.0,17600.0,1.0
2024-04-15,28.33,12.22,20.27,0.0,18800.0,1.0
2024-04-16,29.44,12.78,21.11,0.0,20000.0,1.0
2024-04-17,29.44,13.33,21.38,0.0,20900.0,1.0
2024-04-18,30.56,17.22,23.89,0.0,21800.0,1.0
2024-04-19,31.11,17.22,24.16,0.0,22600.0,1.0
2024-04-20,31.11,18.33,24.72,0.0,23300.0,1.0
2024-04-21,28.33,16.11,22.22,3.3,23800.0,1.0
2024-04-22,22.78,11.67,17.23,0.0,24200.0,1.0
2024-04-23,24.44,8.33,16.39,0.0,24300.0,1.0
2024-04-24,26.11,9.44,17.77,0.0,24200.0,0.0
2024-04-25,27.78,11.67,19.73,0.0,23800.0,0.0
2024-04-26,28.33,13.89,21.11,0.0,23200.0,0.0
2024-04-27,27.22,15.56,21.39,0.51,22500.0,0.0
2024-04-28,27.22,15.0,21.11,0.0,21800.0,0.0
2024-04-29,28.89,13.33,21.11,0.0,20900.0,0.0
2024-04-30,28.0,18.33,23.16,0.0,20000.0,0.0
2024-05-01,30.56,16.11,23.34,0.0,19100.0,0.0
2024-05-02,31.67,17.78,24.72,0.0,18300.0,0.0
2024-05-03,31.67,19.44,25.56,0.0,17400.0,0.0
2024-05-04,29.44,18.89,24.16,0.0,16600.0,0.0
2024-05-05,31.67,17.78,24.72,0.51,15900.0,0.0
2024-05-06,30.0,18.89,24.44,0.0,15200.0,0.0
2024-05-07,31.67,19.44,25.56,0.0,14600.0,0.0
2024-05-08,33.89,18.33,26.11,0.0,14100.0,0.0
2024-05-09,32.78,21.11,26.94,0.0,13600.0,0.0
2024-05-10,30.56,20.56,25.56,3.81,13300.0,0.0
2024-05-11,30.0,20.0,25.0,0.51,13000.0,0.0
2024-05-12,26.67,15.0,20.84,0.0,12700.0,0.0
2024-05-13,27.78,18.33,23.06,19.05,12500.0,0.0
2024-05-14,31.11,21.67,26.39,5.33,12500.0,0.0
2024-05-15,28.33,21.11,24.72,5.84,12500.0,0.0
2024-05-16,31.67,20.0,25.84,0.0,12800.0,1.0
2024-05-17,30.0,19.44,24.72,1.02,13200.0,1.0
2024-05-18,31.11,21.67,26.39,4.32,13700.0,1.0
2024-05-19,31.67,21.11,26.39,0.0,14300.0,1.0
2024-05-20,28.89,18.33,23.61,0.0,14900.0,1.0
2024-05-21,30.0,16.11,23.06,0.0,15600.0,1.0
2024-05-22,31.11,18.89,25.0,0.0,16200.0,1.0
2024-05-23,31.11,18.89,25.0,0.0,16800.0,1.0
2024-05-24,32.22,19.44,25.83,0.0,17600.0,1.0
2024-05-25,33.33,20.0,26.66,0.0,18300.0,1.0
2024-05-26,33.33,20.56,26.94,0.0,18900.0,1.0
2024-05-27,33.89,18.89,26.39,0.0,19300.0,1.0
2024-05-28,33.33,23.89,28.61,0.0,19500.0,1.0
2024-05-29,33.33,20.56,26.94,0.0,19500.0,0.0
2024-05-30,33.89,15.56,24.72,0.0,19200.0,0.0
2024-05-31,32.22,16.67,24.44,0.0,18700.0,0.0
2024-06-01,31.11,17.22,24.16,0.0,18200.0,0.0
2024-06-02,29.44,17.78,23.61,0.0,17800.0,0.0
2024-06-03,32.22,18.33,25.28,0.0,17300.0,0.0
2024-06-04,33.33,18.33,25.83,0.0,16900.0,0.0
2024-06-05,33.33,20.0,26.66,13.97,16400.0,0.0
2024-06-06,34.44,21.67,28.06,0.0,15900.0,0.0
2024-06-07,34.44,23.33,28.88,0.0,15200.0,0.0
2024-06-08,35.56,23.33,29.44,0.0,14600.0,0.0
2024-06-09,35.56,23.33,29.44,0.0,14000.0,0.0
2024-06-10,35.0,18.89,26.94,0.0,13400.0,0.0
2024-06-11,34.44,22.22,28.33,101.35,12700.0,0.0
2024-06-12,33.33,22.78,28.06,0.0,12000.0,0.0
2024-06-13,34.44,23.33,28.88,0.0,11300.0,0.0
2024-06-14,33.33,22.22,27.78,0.0,10600.0,0.0
2024-06-15,35.0,21.67,28.34,21.08,9920.0,0.0
2024-06-16,33.89,21.67,27.78,0.0,9360.0,0.0
2024-06-17,32.78,21.67,27.22,0.0,8850.0,0.0
2024-06-18,31.67,20.56,26.12,0.0,8360.0,0.0
2024-06-19,32.22,23.33,27.78,0.0,7930.0,0.0
2024-06-20,32.78,22.78,27.78,0.0,7540.0,0.0
2024-06-21,34.44,21.67,28.06,0.0,7180.0,0.0
2024-06-22,35.56,24.44,30.0,0.0,6860.0,0.0
2024-06-23,33.33,23.89,28.61,0.0,6580.0,0.0
2024-06-24,34.44,22.78,28.61,8.13,6320.0,0.0
2024-06-25,32.78,23.33,28.06,1.02,6080.0,0.0
2024-06-26,32.22,23.33,27.78,0.0,5870.0,0.0
2024-06-27,30.0,23.33,26.66,5.08,5680.0,0.0
2024-06-28,31.11,22.78,26.94,15.75,5530.0,0.0
2024-06-29,31.11,22.78,26.94,0.0,5360.0,0.0
2024-06-30,33.89,22.78,28.34,9.4,5190.0,0.0
2024-07-01,31.11,22.78,26.94,4.83,5070.0,0.0
2024-07-02,32.78,23.33,28.06,2.79,4960.0,0.0
2024-07-03,33.89,23.89,28.89,0.0,4900.0,0.0
2024-07-04,33.33,23.89,28.61,0.0,4950.0,1.0
2024-07-05,33.89,23.33,28.61,5.84,5140.0,1.0
2024-07-06,32.22,23.33,27.78,0.0,5450.0,1.0
2024-07-07,33.89,23.89,28.89,0.0,5720.0,1.0
2024-07-08,34.44,23.89,29.16,7.62,5850.0,1.0
2024-07-09,31.11,22.78,26.94,19.05,5830.0,0.0
2024-07-10,32.78,24.44,28.61,0.0,5800.0,0.0
2024-07-11,32.78,23.89,28.34,0.0,5790.0,0.0
2024-07-12,33.89,21.67,27.78,0.0,5800.0,1.0
2024-07-13,35.0,22.22,28.61,0.0,5880.0,1.0
2024-07-14,33.89,23.89,28.89,0.0,6020.0,1.0
2024-07-15,32.78,22.22,27.5,0.25,6180.0,1.0
2024-07-16,32.78,21.67,27.22,0.0,6280.0,1.0
2024-07-17,32.22,21.67,26.94,0.0,6250.0,0.0
2024-07-18,33.33,22.22,27.78,0.0,6100.0,0.0
2024-07-19,33.33,21.67,27.5,16.0,5870.0,0.0
2024-07-20,33.33,21.67,27.5,0.0,5680.0,0.0
2024-07-21,33.33,22.22,27.78,10.92,5570.0,0.0
2024-07-22,33.33,22.22,27.78,50.29,5460.0,0.0
2024-07-23,33.33,21.67,27.5,49.02,5410.0,0.0
2024-07-24,33.33,22.22,27.78,18.8,5460.0,1.0
2024-07-25,29.44,22.78,26.11,19.05,5500.0,1.0
2024-07-26,32.22,23.0,27.61,7.87,5520.0,1.0
2024-07-27,31.11,22.78,26.94,6.6,5550.0,1.0
2024-07-28,29.44,22.78,26.11,5.33,5640.0,1.0
2024-07-29,31.67,22.22,26.94,0.0,5890.0,1.0
2024-07-30,34.44,22.22,28.33,1.02,6330.0,1.0
2024-07-31,32.22,22.22,27.22,0.0,6700.0,1.0
2024-08-01,32.78,23.33,28.06,0.0,6930.0,1.0
2024-08-02,33.33,22.78,28.06,12.95,7170.0,1.0
2024-08-03,33.33,22.22,27.78,0.76,7400.0,1.0
2024-08-04,30.56,22.78,26.67,35.31,7630.0,1.0
2024-08-05,26.11,22.78,24.44,137.41,8830.0,1.0
2024-08-06,31.67,22.78,27.22,3.3,10200.0,1.0
2024-08-07,32.78,24.44,28.61,0.0,12200.0,1.0
2024-08-08,35.0,26.11,30.56,0.0,14100.0,1.0
2024-08-09,33.33,26.67,30.0,0.0,15900.0,1.0
2024-08-10,30.0,25.0,27.5,7.11,17500.0,1.0
2024-08-11,32.78,24.44,28.61,0.0,18700.0,1.0
2024-08-12,32.22,24.44,28.33,0.0,19500.0,1.0
2024-08-13,34.44,24.44,29.44,0.0,20100.0,1.0
2024-08-14,35.56,23.33,29.44,22.86,20300.0,1.0
2024-08-15,30.56,23.33,26.94,0.25,20300.0,0.0
2024-08-16,31.11,21.11,26.11,0.0,20100.0,0.0
2024-08-17,32.78,18.89,25.84,0.0,19700.0,0.0
2024-08-18,32.78,21.11,26.94,0.0,19300.0,0.0
2024-08-19,32.78,23.89,28.34,0.51,18800.0,0.0
2024-08-20,34.44,24.44,29.44,0.0,18300.0,0.0
2024-08-21,33.33,22.22,27.78,0.0,17800.0,0.0
2024-08-22,31.67,22.22,26.94,1.52,17400.0,0.0
2024-08-23,31.67,21.67,26.67,5.59,17000.0,0.0
2024-08-24,32.22,22.78,27.5,0.0,16600.0,0.0
2024-08-25,31.67,22.22,26.94,0.0,16200.0,0.0
2024-08-26,33.33,22.78,28.06,30.73,15800.0,0.0
2024-08-27,33.33,23.33,28.33,0.0,15500.0,0.0
2024-08-28,33.33,23.33,28.33,16.0,15000.0,0.0
2024-08-29,33.33,22.22,27.78,0.51,14600.0,0.0
2024-08-30,32.78,22.22,27.5,0.0,14200.0,0.0
2024-08-31,32.78,22.78,27.78,0.0,13800.0,0.0
2024-09-01,33.33,22.22,27.78,0.0,13300.0,0.0
2024-09-02,33.33,23.33,28.33,0.0,12900.0,0.0
2024-09-03,31.11,22.22,26.66,3.3,12400.0,0.0
2024-09-04,30.0,23.89,26.94,0.25,11900.0,0.0
2024-09-05,31.67,23.89,27.78,38.61,11500.0,0.0
2024-09-06,31.11,22.78,26.94,31.75,11000.0,0.0
2024-09-07,29.44,22.78,26.11,0.0,10600.0,0.0
2024-09-08,28.89,23.33,26.11,39.12,10200.0,0.0
2024-09-09,30.56,23.89,27.22,0.25,9850.0,0.0
2024-09-10,28.33,23.0,25.66,1.52,9420.0,0.0
2024-09-11,29.44,23.89,26.66,1.27,9060.0,0.0
2024-09-12,26.67,22.22,24.44,0.51,8760.0,0.0
2024-09-13,26.67,21.67,24.17,4.32,8560.0,0.0
2024-09-14,30.0,23.0,26.5,0.0,8400.0,0.0
2024-09-15,28.33,22.78,25.56,0.0,8240.0,0.0
2024-09-16,26.11,21.67,23.89,0.0,8150.0,0.0
2024-09-17,30.56,19.44,25.0,0.0,8130.0,0.0
2024-09-18,31.67,21.11,26.39,6.35,8150.0,1.0
2024-09-19,32.22,21.11,26.66,0.0,8190.0,1.0
2024-09-20,31.11,21.67,26.39,0.0,8270.0,1.0
2024-09-21,31.11,20.0,25.56,0.0,8360.0,1.0
2024-09-22,31.67,18.33,25.0,0.0,8380.0,1.0
2024-09-23,32.22,19.0,25.61,0.0,8320.0,0.0
2024-09-24,32.22,20.0,26.11,0.0,8200.0,0.0
2024-09-25,30.56,21.67,26.12,36.58,8080.0,0.0
2024-09-26,29.44,23.89,26.66,14.73,8000.0,0.0
2024-09-27,30.0,22.78,26.39,6.35,8050.0,1.0
2024-09-28,29.44,22.22,25.83,3.3,7880.0,0.0
2024-09-29,31.67,21.67,26.67,0.0,7990.0,1.0
2024-09-30,29.44,21.67,25.56,5.08,8230.0,1.0
2024-10-01,31.11,22.78,26.94,0.0,8510.0,1.0
2024-10-02,31.11,22.22,26.66,0.0,8970.0,1.0
2024-10-03,32.22,21.11,26.66,0.0,9730.0,1.0
2024-10-04,32.78,22.78,27.78,32.26,10800.0,1.0
2024-10-05,28.89,22.78,25.84,6.1,12000.0,1.0
2024-10-06,25.56,21.11,23.34,24.89,13000.0,1.0
2024-10-07,23.89,21.11,22.5,3.05,13800.0,1.0
2024-10-08,28.89,19.44,24.16,0.0,14500.0,1.0
2024-10-09,23.33,21.11,22.22,50.8,15000.0,1.0
2024-10-10,25.0,18.33,21.66,4.57,15300.0,1.0
2024-10-11,26.11,15.0,20.56,0.0,15400.0,1.0
2024-10-12,27.78,15.56,21.67,0.0,15300.0,0.0
2024-10-13,28.33,16.11,22.22,0.0,15100.0,0.0
2024-10-14,29.44,14.44,21.94,0.0,14800.0,0.0
2024-10-15,27.78,17.22,22.5,0.0,14500.0,0.0
2024-10-16,20.56,11.67,16.11,0.0,14100.0,0.0
2024-10-17,20.56,8.33,14.44,0.0,13600.0,0.0
2024-10-18,23.89,10.56,17.23,0.0,12900.0,0.0
2024-10-19,25.0,15.56,20.28,0.0,12200.0,0.0
2024-10-20,25.56,15.56,20.56,0.0,11500.0,0.0
2024-10-21,26.67,12.78,19.73,0.0,10900.0,0.0
2024-10-22,28.33,18.33,23.33,0.0,10300.0,0.0
2024-10-23,27.78,16.67,22.22,0.0,9780.0,0.0
2024-10-24,28.89,13.89,21.39,0.0,9290.0,0.0
2024-10-25,29.44,14.44,21.94,0.0,8850.0,0.0
2024-10-26,28.89,13.89,21.39,0.0,8440.0,0.0
2024-10-27,28.33,13.89,21.11,0.0,8080.0,0.0
2024-10-28,26.11,17.22,21.66,0.0,7750.0,0.0
2024-10-29,26.67,16.67,21.67,0.0,7440.0,0.0
2024-10-30,28.89,18.89,23.89,0.0,7150.0,0.0
2024-10-31,28.89,15.0,21.94,0.0,6900.0,0.0
2024-11-01,29.44,14.44,21.94,0.0,6680.0,0.0
2024-11-02,28.89,17.22,23.06,0.0,6470.0,0.0
2024-11-03,27.78,18.89,23.34,0.0,6280.0,0.0
2024-11-04,28.33,19.0,23.66,0.0,6100.0,0.0
2024-11-05,30.0,16.67,23.34,0.0,5940.0,0.0
2024-11-06,28.89,23.0,25.94,1.78,5790.0,0.0
2024-11-07,29.44,21.67,25.56,0.0,5680.0,0.0
2024-11-08,28.89,20.56,24.72,0.0,5710.0,1.0
2024-11-09,27.78,19.44,23.61,0.0,6490.0,1.0
2024-11-10,25.56,18.33,21.94,2.29,7500.0,1.0
2024-11-11,28.89,18.33,23.61,0.0,8460.0,1.0
2024-11-12,28.33,20.0,24.16,0.0,9270.0,1.0
2024-11-13,26.67,16.67,21.67,0.0,9880.0,1.0
2024-11-14,27.78,15.56,21.67,0.0,10300.0,1.0
2024-11-15,22.22,8.89,15.56,0.0,10600.0,1.0
2024-11-16,23.89,8.89,16.39,0.0,10500.0,0.0
2024-11-17,25.0,9.44,17.22,0.0,10300.0,0.0
2024-11-18,24.44,10.0,17.22,0.0,9980.0,0.0
2024-11-19,25.56,12.22,18.89,0.0,9680.0,0.0
2024-11-20,27.22,16.67,21.94,0.0,9410.0,0.0
2024-11-21,17.78,7.22,12.5,0.0,9120.0,0.0
2024-11-22,17.78,4.44,11.11,0.0,8870.0,0.0
2024-11-23,18.33,2.22,10.27,0.0,8630.0,0.0
2024-11-24,22.22,2.22,12.22,0.0,8400.0,0.0
2024-11-25,23.33,3.33,13.33,0.0,8200.0,0.0
2024-11-26,25.0,5.0,15.0,0.0,7990.0,0.0
2024-11-27,26.11,13.33,19.72,0.0,7790.0,0.0
2024-11-28,27.22,14.44,20.83,0.0,7610.0,0.0
2024-11-29,19.44,7.22,13.33,0.25,7440.0,0.0
2024-11-30,15.0,1.67,8.34,0.0,7270.0,0.0
2024-12-01,16.67,-2.22,7.22,0.0,7090.0,0.0
2024-12-02,17.78,1.11,9.44,0.0,6930.0,0.0
2024-12-03,15.0,0.0,7.5,0.0,6760.0,0.0
2024-12-04,16.67,-2.22,7.22,0.0,6610.0,0.0
2024-12-05,23.33,1.67,12.5,0.0,6470.0,0.0
2024-12-06,16.67,3.89,10.28,0.76,6340.0,0.0
2024-12-07,16.11,-1.11,7.5,0.0,6200.0,0.0
2024-12-08,20.0,1.11,10.56,0.0,6060.0,0.0
2024-12-09,23.89,10.0,16.94,0.0,5950.0,0.0
2024-12-10,26.67,12.22,19.44,0.0,5850.0,0.0
2024-12-11,21.11,5.56,13.34,11.43,5780.0,0.0
2024-12-12,14.44,0.0,7.22,0.0,5670.0,0.0
2024-12-13,19.44,5.56,12.5,0.0,5550.0,0.0
2024-12-14,23.33,12.22,17.77,0.0,5490.0,0.0
2024-12-15,22.78,13.89,18.34,0.0,5460.0,0.0
2024-12-16,22.22,13.0,17.61,0.51,5440.0,0.0
2024-12-17,26.11,17.78,21.94,0.0,5410.0,0.0
2024-12-18,26.11,15.56,20.84,0.0,5380.0,0.0
2024-12-19,25.56,12.78,19.17,0.0,5340.0,0.0
2024-12-20,18.33,5.56,11.94,0.0,5300.0,0.0
2024-12-21,12.78,1.67,7.22,0.0,5250.0,0.0
2024-12-22,16.67,1.67,9.17,0.0,5200.0,0.0
2024-12-23,15.56,6.67,11.12,0.0,5140.0,0.0
2024-12-24,14.44,6.67,10.56,0.0,5080.0,0.0
2024-12-25,15.56,5.56,10.56,0.0,5020.0,0.0
2024-12-26,18.33,12.78,15.56,0.0,4950.0,0.0
2024-12-27,20.56,12.22,16.39,0.0,4890.0,0.0
2024-12-28,25.0,17.0,21.0,0.25,4830.0,0.0
2024-12-29,22.78,16.67,19.73,16.0,4820.0,0.0
2024-12-30,23.33,13.33,18.33,0.0,4790.0,0.0
2024-12-31,26.11,16.11,21.11,6.1,4790.0,0.0
2025-01-01,18.33,6.11,12.22,0.0,4900.0,1.0
2025-01-02,16.67,2.78,9.73,0.0,5000.0,1.0
2025-01-03,17.22,-0.56,8.33,0.0,5110.0,1.0
2025-01-04,16.11,2.22,9.16,0.0,5190.0,1.0
2025-01-05,20.0,0.56,10.28,0.0,5220.0,1.0
2025-01-06,23.33,5.0,14.16,0.25,5260.0,1.0
2025-01-07,10.0,-2.22,3.89,0.0,5270.0,1.0
2025-01-08,13.89,-2.22,5.84,0.0,5210.0,0.0
2025-01-09,10.56,-1.11,4.73,0.0,5140.0,0.0
2025-01-10,18.89,-1.11,8.89,0.25,5070.0,0.0
2025-01-11,14.44,1.67,8.06,1.52,5050.0,0.0
2025-01-12,13.33,-2.78,5.28,0.0,4960.0,0.0
2025-01-13,10.0,7.22,8.61,8.64,4900.0,0.0
2025-01-14,16.11,3.33,9.72,0.0,4900.0,0.0
2025-01-15,13.33,1.67,7.5,0.0,4960.0,1.0
2025-01-16,16.11,2.78,9.44,0.25,5120.0,1.0
2025-01-17,18.33,0.56,9.44,0.0,5250.0,1.0
2025-01-18,23.89,11.11,17.5,1.78,5370.0,1.0
2025-01-19,21.11,7.78,14.44,21.34,5790.0,1.0
2025-01-20,8.33,0.56,4.44,0.0,5720.0,0.0
2025-01-21,6.67,0.56,3.62,17.53,5790.0,1.0
2025-01-22,3.33,-0.56,1.38,10.41,5970.0,1.0
2025-01-23,10.56,0.0,5.28,0.0,6070.0,1.0
2025-01-24,11.67,-2.78,4.44,0.0,6220.0,1.0
2025-01-25,15.0,-5.0,5.0,0.0,6390.0,1.0
2025-01-26,20.0,0.56,10.28,0.0,6550.0,1.0
2025-01-27,21.67,5.56,13.62,0.0,6700.0,1.0
2025-01-28,21.11,6.67,13.89,0.0,6830.0,1.0
2025-01-29,23.33,4.44,13.88,0.0,6940.0,1.0
2025-01-30,23.89,5.56,14.72,0.0,7000.0,1.0
2025-01-31,25.56,10.56,18.06,0.0,7050.0,1.0
2025-02-01,23.89,8.89,16.39,0.25,7090.0,1.0
2025-02-02,24.44,5.0,14.72,0.0,7060.0,0.0
2025-02-03,24.44,12.22,18.33,0.0,7000.0,0.0
2025-02-04,26.11,14.44,20.27,0.0,6920.0,0.0
2025-02-05,28.0,11.0,19.5,0.0,6820.0,0.0
2025-02-06,28.0,14.44,21.22,0.0,6700.0,0.0
2025-02-07,26.11,15.56,20.84,0.0,6580.0,0.0
2025-02-08,26.67,11.11,18.89,0.0,6460.0,0.0
2025-02-09,27.22,10.56,18.89,0.0,6340.0,0.0
2025-02-10,26.67,12.22,19.44,0.0,6220.0,0.0
2025-02-11,27.78,15.56,21.67,0.0,6110.0,0.0
2025-02-12,30.0,15.56,22.78,0.0,6010.0,0.0
2025-02-13,31.11,17.22,24.16,8.38,5930.0,0.0
2025-02-14,22.22,15.0,18.61,0.0,5820.0,0.0
2025-02-15,28.89,14.44,21.66,0.0,5770.0,0.0
2025-02-16,26.11,12.78,19.44,8.38,5890.0,1.0
2025-02-17,17.78,6.11,11.94,0.0,6030.0,1.0
2025-02-18,22.78,2.78,12.78,0.0,6150.0,1.0
2025-02-19,17.22,12.22,14.72,14.99,6350.0,1.0
2025-02-20,16.67,4.44,10.56,0.0,6520.0,1.0
2025-02-21,13.33,0.56,6.94,0.0,6660.0,1.0
2025-02-22,19.44,3.33,11.39,0.0,6860.0,1.0
2025-02-23,23.33,5.0,14.16,0.0,7090.0,1.0
2025-02-24,14.44,11.67,13.06,14.48,7330.0,1.0
2025-02-25,23.89,13.33,18.61,2.03,7510.0,1.0
2025-02-26,26.67,8.89,17.78,0.0,7650.0,1.0
2025-02-27,26.67,8.89,17.78,0.0,7750.0,1.0
2025-02-28,25.0,11.67,18.34,0.0,7800.0,1.0
2025-03-01,25.56,7.22,16.39,0.0,7780.0,0.0
2025-03-02,22.22,8.89,15.56,0.0,7700.0,0.0
2025-03-03,23.33,5.56,14.44,0.0,7550.0,0.0
2025-03-04,26.67,12.22,19.44,0.0,7350.0,0.0
2025-03-05,25.56,16.11,20.84,4.06,7210.0,0.0
2025-03-06,20.56,8.89,14.72,0.0,7050.0,0.0
2025-03-07,23.89,3.33,13.61,0.0,6870.0,0.0
2025-03-08,20.56,8.89,14.72,6.1,6740.0,0.0
2025-03-09,25.0,15.0,20.0,24.13,6700.0,0.0
2025-03-10,23.33,12.22,17.77,16.51,6980.0,1.0
2025-03-11,25.56,7.78,16.67,0.0,7290.0,1.0
2025-03-12,26.11,6.11,16.11,0.0,8090.0,1.0
2025-03-13,26.11,8.33,17.22,0.0,8890.0,1.0
2025-03-14,27.22,10.0,18.61,0.0,9590.0,1.0
2025-03-15,30.0,15.0,22.5,0.0,10200.0,1.0
2025-03-16,23.89,17.78,20.84,17.78,10700.0,1.0
2025-03-17,21.11,8.33,14.72,0.0,11100.0,1.0
2025-03-18,25.56,3.89,14.72,0.0,11400.0,1.0
2025-03-19,28.33,5.56,16.94,0.0,11800.0,1.0
2025-03-20,26.11,10.56,18.34,0.0,12100.0,1.0
2025-03-21,20.0,4.44,12.22,0.0,12300.0,1.0
2025-03-22,23.89,3.33,13.61,0.0,12400.0,1.0
2025-03-23,26.11,6.11,16.11,0.0,12400.0,0.0
2025-03-24,24.44,13.89,19.16,0.0,12400.0,0.0
2025-03-25,28.89,15.56,22.22,0.0,12300.0,0.0
2025-03-26,30.56,14.44,22.5,0.0,12200.0,0.0
2025-03-27,28.33,8.89,18.61,0.0,12100.0,0.0
2025-03-28,28.33,12.22,20.27,0.0,11900.0,0.0
2025-03-29,28.33,13.89,21.11,0.0,11700.0,0.0
2025-03-30,21.67,17.22,19.44,77.72,11600.0,0.0
2025-03-31,28.89,17.78,23.34,0.0,11400.0,0.0
2025-04-01,30.0,21.11,25.56,0.0,11200.0,0.0
2025-04-02,32.78,17.78,25.28,0.0,11000.0,0.0
2025-04-03,32.22,22.78,27.5,0.0,10800.0,0.0
2025-04-04,32.22,20.0,26.11,0.0,10600.0,0.0
2025-04-05,32.22,18.89,25.56,0.0,10300.0,0.0
2025-04-06,31.11,20.56,25.84,0.0,10100.0,0.0
2025-04-07,31.67,18.89,25.28,2.03,9860.0,0.0
2025-04-08,23.89,13.33,18.61,0.51,9620.0,0.0
2025-04-09,23.89,11.67,17.78,0.0,9380.0,0.0
2025-04-10,27.22,15.0,21.11,0.0,9240.0,0.0
2025-04-11,27.78,12.22,20.0,7.87,9160.0,0.0
2025-04-12,22.78,10.56,16.67,0.0,9100.0,0.0
2025-04-13,25.56,7.78,16.67,0.0,9020.0,0.0
2025-04-14,28.33,9.44,18.88,0.0,8970.0,0.0
2025-04-15,28.33,15.0,21.66,0.0,8950.0,0.0
2025-04-16,26.11,11.11,18.61,0.0,8930.0,0.0
2025-04-17,28.89,7.78,18.34,0.0,8880.0,0.0
2025-04-18,30.56,12.78,21.67,0.0,8800.0,0.0
2025-04-19,31.11,15.0,23.06,0.0,8620.0,0.0
2025-04-20,30.56,13.89,22.22,0.0,8330.0,0.0
2025-04-21,30.0,18.89,24.44,0.0,8010.0,0.0
2025-04-22,30.56,16.11,23.34,0.0,7720.0,0.0
2025-04-23,30.56,16.11,23.34,0.0,7440.0,0.0
2025-04-24,29.44,16.67,23.06,0.0,7190.0,0.0
2025-04-25,30.56,16.11,23.34,0.0,6950.0,0.0
2025-04-26,31.67,17.22,24.44,0.0,6710.0,0.0
2025-04-27,33.33,16.67,25.0,0.0,6480.0,0.0
2025-04-28,32.22,17.78,25.0,4.06,6250.0,0.0
2025-04-29,29.44,17.22,23.33,0.0,6030.0,0.0
2025-04-30,30.56,13.89,22.22,0.0,5810.0,0.0
2025-05-01,30.0,14.44,22.22,0.0,5620.0,0.0
2025-05-02,31.11,15.56,23.34,0.0,5440.0,0.0
2025-05-03,30.56,20.0,25.28,0.0,5290.0,0.0
2025-05-04,30.0,18.33,24.16,8.64,5220.0,0.0
2025-05-05,30.0,17.22,23.61,0.0,5090.0,0.0
2025-05-06,32.22,15.0,23.61,0.0,4960.0,0.0
2025-05-07,32.22,20.56,26.39,0.0,4860.0,0.0
2025-05-08,30.56,21.67,26.12,0.0,4790.0,0.0
2025-05-09,32.22,18.89,25.56,0.25,4720.0,0.0
2025-05-10,30.0,20.56,25.28,11.94,4690.0,0.0
2025-05-11,26.11,20.0,23.06,17.53,4650.0,0.0
2025-05-12,28.33,20.0,24.16,14.48,4660.0,1.0
2025-05-13,29.44,16.67,23.06,1.02,4650.0,0.0
2025-05-14,31.11,17.22,24.16,0.0,4760.0,1.0
2025-05-15,33.89,18.89,26.39,0.0,4900.0,1.0
2025-05-16,33.89,21.11,27.5,0.0,5010.0,1.0
2025-05-17,35.0,21.11,28.06,0.0,5030.0,1.0
2025-05-18,33.89,22.22,28.06,0.0,4990.0,0.0
2025-05-19,33.89,20.0,26.94,0.0,4910.0,0.0
2025-05-20,33.89,21.11,27.5,0.0,4810.0,0.0
2025-05-21,33.89,22.78,28.34,0.0,4720.0,0.0
2025-05-22,30.0,22.78,26.39,0.0,4620.0,0.0
2025-05-23,35.0,16.11,25.56,0.0,4500.0,0.0
2025-05-24,35.56,18.89,27.22,0.0,4410.0,0.0
2025-05-25,35.0,20.56,27.78,0.76,4330.0,0.0
2025-05-26,35.56,20.0,27.78,0.0,4260.0,0.0
2025-05-27,36.67,20.0,28.34,0.0,4170.0,0.0
2025-05-28,33.33,21.11,27.22,0.0,4090.0,0.0
2025-05-29,34.44,21.67,28.06,9.4,4020.0,0.0
2025-05-30,33.33,21.11,27.22,0.0,3960.0,0.0
2025-05-31,30.56,20.0,25.28,8.64,3970.0,1.0
2025-06-01,31.67,16.67,24.17,0.0,3890.0,0.0
2025-06-02,31.67,17.78,24.72,0.0,3870.0,0.0
2025-06-03,31.67,20.56,26.12,10.92,3860.0,0.0
2025-06-04,30.56,22.22,26.39,0.76,3850.0,0.0
2025-06-05,32.22,22.78,27.5,3.05,3860.0,1.0
2025-06-06,33.33,22.22,27.78,0.0,3860.0,0.0
2025-06-07,34.44,23.89,29.16,0.0,3840.0,0.0
2025-06-08,35.0,25.0,30.0,2.29,3830.0,0.0
2025-06-09,35.0,24.44,29.72,0.0,3830.0,0.0
2025-06-10,34.44,22.78,28.61,3.3,3810.0,0.0
2025-06-11,35.0,21.11,28.06,9.91,3780.0,0.0
2025-06-12,35.56,22.78,29.17,19.05,3750.0,0.0
2025-06-13,32.78,23.33,28.06,2.29,3730.0,0.0
2025-06-14,32.22,23.33,27.78,16.26,3730.0,0.0
2025-06-15,32.78,22.78,27.78,67.56,3770.0,1.0
2025-06-16,32.78,22.22,27.5,1.78,3840.0,1.0
2025-06-17,35.0,23.33,29.16,0.0,3860.0,1.0
2025-06-18,34.44,23.89,29.16,0.0,3880.0,1.0
2025-06-19,31.67,23.33,27.5,0.76,3930.0,1.0
2025-06-20,35.0,22.78,28.89,0.0,3970.0,1.0
2025-06-21,33.89,21.11,27.5,0.0,4000.0,1.0
2025-06-22,35.0,22.22,28.61,0.0,4000.0,0.0
2025-06-23,34.44,23.33,28.88,0.0,3960.0,0.0
2025-06-24,35.56,21.11,28.34,0.0,3890.0,0.0
2025-06-25,,,,0.0,3810.0,0.0
2025-06-26,33.89,22.78,28.34,0.0,3780.0,0.0
2025-06-27,32.78,21.11,26.94,2.03,3750.0,0.0
2025-06-28,31.11,21.67,26.39,2.03,3660.0,0.0
2025-06-29,31.11,21.67,26.39,15.49,3630.0,0.0
2025-06-30,29.44,21.67,25.56,0.51,3580.0,0.0
2025-07-01,33.33,22.22,27.78,10.41,3570.0,0.0
2025-07-02,30.56,23.33,26.94,25.15,3530.0,0.0
2025-07-03,32.22,23.89,28.06,1.02,3540.0,1.0
2025-07-04,34.44,22.78,28.61,24.13,3600.0,1.0
2025-07-05,33.89,23.89,28.89,0.0,3640.0,1.0
2025-07-06,30.0,23.89,26.94,5.08,3670.0,1.0
2025-07-07,33.33,22.78,28.06,0.0,3720.0,1.0
2025-07-08,33.33,23.33,28.33,0.0,3750.0,1.0
2025-07-09,31.67,22.0,26.84,16.76,3770.0,1.0
2025-07-10,32.78,22.22,27.5,1.52,3780.0,1.0
2025-07-11,33.33,22.78,28.06,0.0,3790.0,1.0
2025-07-12,33.33,22.78,28.06,2.54,3820.0,1.0
2025-07-13,33.89,24.44,29.16,1.27,3900.0,1.0
2025-07-14,36.11,23.89,30.0,16.76,4010.0,1.0
2025-07-15,31.11,22.78,26.94,16.26,4090.0,1.0
2025-07-16,33.33,22.78,28.06,66.04,4070.0,0.0
2025-07-17,33.89,23.33,28.61,0.0,4010.0,0.0
2025-07-18,34.44,23.89,29.16,0.0,3920.0,0.0
2025-07-19,36.11,24.44,30.28,0.0,3830.0,0.0
2025-07-20,35.56,23.33,29.44,0.0,3750.0,0.0
2025-07-21,33.33,24.44,28.88,14.99,3690.0,0.0
2025-07-22,31.11,23.33,27.22,70.36,3650.0,0.0
2025-07-23,32.22,23.89,28.06,15.75,3620.0,0.0
2025-07-24,33.33,23.89,28.61,0.0,3640.0,1.0
2025-07-25,34.44,23.89,29.16,0.0,3580.0,0.0
2025-07-26,35.0,23.89,29.44,0.0,3550.0,0.0
2025-07-27,37.22,23.89,30.56,0.0,3510.0,0.0
2025-07-28,37.22,24.44,30.83,0.0,3460.0,0.0
2025-07-29,37.78,26.67,32.22,0.0,3400.0,0.0
2025-07-30,36.11,24.44,30.28,0.0,3360.0,0.0
2025-07-31,35.0,25.0,30.0,0.0,3320.0,0.0
2025-08-01,36.11,24.44,30.28,0.0,3270.0,0.0
2025-08-02,33.89,25.0,29.44,0.0,3230.0,0.0
2025-08-03,31.67,24.44,28.06,5.84,3190.0,0.0
2025-08-04,33.89,23.89,28.89,4.32,3190.0,0.0
2025-08-05,33.89,23.33,28.61,16.76,3200.0,1.0
2025-08-06,33.89,23.33,28.61,5.84,3310.0,1.0
2025-08-07,33.33,23.33,28.33,0.0,3420.0,1.0
2025-08-08,31.67,23.33,27.5,0.0,3550.0,1.0
2025-08-09,32.78,23.33,28.06,3.81,3690.0,1.0
2025-08-10,32.22,24.44,28.33,2.03,3800.0,1.0
2025-08-11,33.89,24.44,29.16,54.36,3900.0,1.0
2025-08-12,34.44,25.0,29.72,0.0,3960.0,1.0
2025-08-13,34.0,25.0,29.5,2.54,4000.0,1.0
2025-08-14,34.44,24.44,29.44,5.59,4050.0,1.0
2025-08-15,35.0,24.44,29.72,8.13,4110.0,1.0
2025-08-16,35.0,24.44,29.72,30.23,4180.0,1.0
2025-08-17,32.22,23.89,28.06,0.0,4290.0,1.0
2025-08-18,34.44,24.44,29.44,0.0,4350.0,1.0
2025-08-19,33.33,25.0,29.16,0.0,4460.0,1.0
2025-08-20,33.89,23.89,28.89,0.0,4590.0,1.0
2025-08-21,33.33,23.0,28.16,42.42,4770.0,1.0
2025-08-22,31.0,23.33,27.16,4.06,4940.0,1.0
2025-08-23,30.56,23.89,27.22,4.06,5120.0,1.0
2025-08-24,31.67,23.33,27.5,0.0,5240.0,1.0
2025-08-25,32.78,23.89,28.34,15.49,5340.0,1.0
2025-08-26,33.89,23.89,28.89,0.0,5500.0,1.0
2025-08-27,33.33,21.11,27.22,0.0,5630.0,1.0
2025-08-28,33.33,23.33,28.33,0.25,5750.0,1.0
2025-08-29,31.67,22.78,27.22,0.25,5870.0,1.0
2025-08-30,31.67,23.89,27.78,0.0,5910.0,1.0
2025-08-31,31.11,22.22,26.66,0.0,5910.0,0.0
2025-09-01,29.44,23.33,26.38,0.0,5900.0,0.0
2025-09-02,32.22,21.11,26.66,0.0,5870.0,0.0
2025-09-03,31.67,20.56,26.12,0.0,5860.0,0.0
2025-09-04,33.33,19.44,26.38,0.0,5820.0,0.0
2025-09-05,34.44,20.0,27.22,0.0,5730.0,0.0
2025-09-06,32.22,22.22,27.22,0.0,5610.0,0.0
2025-09-07,34.44,23.0,28.72,0.51,5510.0,0.0
2025-09-08,31.67,23.33,27.5,0.25,5420.0,0.0
2025-09-09,28.33,23.0,25.66,0.0,5330.0,0.0
2025-09-10,32.22,20.56,26.39,0.0,5250.0,0.0
2025-09-11,30.0,20.0,25.0,0.0,5180.0,0.0
2025-09-12,31.11,19.44,25.28,0.0,5090.0,0.0
2025-09-13,30.56,19.44,25.0,0.0,4970.0,0.0
2025-09-14,31.11,18.33,24.72,0.0,4850.0,0.0
2025-09-15,30.0,15.0,22.5,0.0,4720.0,0.0
2025-09-16,32.0,18.0,25.0,0.0,4590.0,0.0
2025-09-17,32.0,17.0,24.5,0.0,4470.0,0.0
2025-09-18,32.78,17.0,24.89,0.0,4350.0,0.0
2025-09-19,33.89,18.33,26.11,1.02,4250.0,0.0
2025-09-20,33.33,20.0,26.66,0.0,4160.0,0.0
2025-09-21,33.33,18.89,26.11,0.0,4050.0,0.0
2025-09-22,33.89,21.11,27.5,0.0,3970.0,0.0
2025-09-23,35.0,21.67,28.34,6.1,3900.0,0.0
2025-09-24,34.44,22.78,28.61,0.0,3840.0,0.0
2025-09-25,32.22,22.22,27.22,8.89,3780.0,0.0
2025-09-26,30.56,21.67,26.12,16.0,3750.0,0.0
2025-09-27,30.56,22.78,26.67,51.56,3710.0,0.0
2025-09-28,32.78,21.11,26.94,0.0,3650.0,0.0
2025-09-29,29.44,23.33,26.38,2.79,3610.0,0.0
2025-09-30,28.33,22.22,25.28,0.0,3560.0,0.0
2025-10-01,29.44,20.56,25.0,0.0,3520.0,0.0
2025-10-02,29.44,21.11,25.28,1.52,3480.0,0.0
2025-10-03,29.44,21.11,25.28,0.25,3450.0,0.0
2025-10-04,28.89,21.67,25.28,0.51,3430.0,0.0
2025-10-05,28.89,22.22,25.56,10.16,3430.0,0.0
2025-10-06,28.89,23.33,26.11,18.29,3430.0,0.0
2025-10-07,30.56,22.78,26.67,0.0,3410.0,0.0
2025-10-08,31.67,21.11,26.39,0.0,3390.0,0.0
2025-10-09,30.0,21.67,25.84,0.25,3350.0,0.0
2025-10-10,23.33,19.44,21.38,0.25,3290.0,0.0
2025-10-11,24.44,18.33,21.38,0.0,3250.0,0.0
2025-10-12,27.78,15.56,21.67,0.0,3250.0,0.0
2025-10-13,29.44,13.89,21.66,0.0,3240.0,0.0
2025-10-14,29.44,14.44,21.94,0.0,3220.0,0.0
2025-10-15,28.33,16.11,22.22,0.0,3190.0,0.0
2025-10-16,28.33,14.44,21.38,0.0,3170.0,0.0
2025-10-17,28.33,15.56,21.94,0.0,3160.0,0.0
2025-10-18,27.78,11.67,19.73,0.0,3140.0,0.0
2025-10-19,28.89,15.56,22.22,28.96,3160.0,1.0
2025-10-20,27.22,17.22,22.22,0.0,3170.0,1.0
2025-10-21,29.44,13.89,21.66,0.0,3130.0,0.0
2025-10-22,28.89,13.89,21.39,0.0,3100.0,0.0
2025-10-23,26.67,12.22,19.44,0.0,3070.0,0.0
2025-10-24,27.78,9.44,18.61,0.0,3030.0,0.0
2025-10-25,27.78,15.0,21.39,0.0,3010.0,0.0
2025-10-26,27.78,17.22,22.5,3.05,3000.0,0.0
2025-10-27,27.22,19.0,23.11,0.25,3000.0,0.0
2025-10-28,21.67,15.56,18.62,0.0,3010.0,1.0
2025-10-29,23.89,14.44,19.16,0.0,2990.0,0.0
2025-10-30,21.67,8.33,15.0,0.0,2980.0,0.0
2025-10-31,21.11,7.22,14.16,0.0,2950.0,0.0
2025-11-01,22.78,5.56,14.17,0.0,2930.0,0.0
2025-11-02,23.89,7.78,15.84,0.0,2920.0,0.0
2025-11-03,23.89,8.89,16.39,0.0,2910.0,0.0
2025-11-04,25.0,7.22,16.11,0.0,2890.0,0.0
2025-11-05,27.22,10.56,18.89,0.0,2880.0,0.0
2025-11-06,27.22,12.78,20.0,0.0,2880.0,0.0
2025-11-07,27.78,13.33,20.56,0.0,2870.0,0.0
2025-11-08,28.89,13.89,21.39,0.0,2870.0,0.0
2025-11-09,28.33,21.67,25.0,0.0,2870.0,0.0
2025-11-10,21.67,5.0,13.34,0.0,2810.0,0.0
2025-11-11,13.33,0.0,6.66,0.0,2770.0,0.0
2025-11-12,21.11,-1.11,10.0,0.0,2770.0,0.0
2025-11-13,25.0,6.67,15.84,0.0,2780.0,1.0
2025-11-14,25.56,8.89,17.23,0.0,2780.0,0.0
2025-11-15,26.67,7.78,17.23,0.0,2780.0,0.0
2025-11-16,26.67,10.56,18.62,0.0,2780.0,0.0
2025-11-17,27.78,12.78,20.28,0.0,2770.0,0.0
2025-11-18,27.22,8.89,18.06,0.0,2760.0,0.0
2025-11-19,28.89,10.0,19.44,0.0,2740.0,0.0
2025-11-20,29.44,12.78,21.11,0.0,2730.0,0.0
2025-11-21,28.89,11.67,20.28,0.0,2720.0,0.0
2025-11-22,28.0,20.56,24.28,0.0,2710.0,0.0
2025-11-23,29.44,17.22,23.33,0.0,2700.0,0.0
2025-11-24,27.78,13.33,20.56,0.0,2690.0,0.0
2025-11-25,28.89,13.0,20.94,0.0,2670.0,0.0
2025-11-26,26.11,13.89,20.0,0.0,2670.0,0.0
2025-11-27,21.11,8.33,14.72,0.0,2650.0,0.0
2025-11-28,16.11,2.22,9.16,0.0,2620.0,0.0
2025-11-29,22.22,3.89,13.06,0.0,2610.0,0.0
2025-11-30,26.11,13.33,19.72,0.0,2620.0,1.0
2025-12-01,24.44,12.78,18.61,0.0,2630.0,1.0
2025-12-02,26.67,15.0,20.84,2.03,2650.0,1.0
2025-12-03,21.11,10.56,15.84,0.0,2690.0,1.0
2025-12-04,18.33,7.22,12.77,0.0,2640.0,0.0
2025-12-05,26.67,19.44,23.06,0.0,2620.0,0.0
2025-12-06,22.22,12.22,17.22,4.32,2640.0,1.0
2025-12-07,18.33,13.33,15.83,36.07,2690.0,1.0
2025-12-08,17.78,9.44,13.61,0.25,2710.0,1.0
2025-12-09,15.56,5.0,10.28,0.0,2670.0,0.0
2025-12-10,16.67,7.78,12.23,0.0,2680.0,1.0
2025-12-11,18.33,5.0,11.66,0.0,2690.0,1.0
2025-12-12,22.22,2.78,12.5,0.0,2700.0,1.0
2025-12-13,24.44,3.89,14.16,0.0,2690.0,0.0
2025-12-14,25.0,7.78,16.39,0.0,2680.0,0.0
2025-12-15,14.44,3.33,8.88,0.0,2660.0,0.0
2025-12-16,20.56,3.89,12.22,0.0,2650.0,0.0
2025-12-17,23.89,8.89,16.39,0.0,2650.0,0.0
2025-12-18,25.0,10.56,17.78,0.76,2660.0,1.0
2025-12-19,25.0,10.56,17.78,0.25,2700.0,1.0
2025-12-20,22.78,2.22,12.5,0.0,2670.0,0.0
2025-12-21,25.0,5.56,15.28,0.0,2640.0,0.0
2025-12-22,23.33,6.67,15.0,0.0,2620.0,0.0
2025-12-23,26.67,11.11,18.89,0.0,2600.0,0.0
2025-12-24,27.78,10.56,19.17,0.0,2580.0,0.0
2025-12-25,26.67,12.78,19.73,0.0,2570.0,0.0
2025-12-26,26.11,11.67,18.89,0.0,2560.0,0.0
2025-12-27,25.0,16.67,20.84,0.0,2540.0,0.0
2025-12-28,25.56,15.56,20.56,0.0,2530.0,0.0
2025-12-29,25.0,10.0,17.5,0.76,2510.0,0.0
2025-12-30,12.78,2.22,7.5,0.0,2480.0,0.0
2025-12-31,13.33,0.0,6.66,0.0,2450.0,0.0
2026-01-01,20.0,-1.11,9.44,0.0,2450.0,0.0
2026-01-02,22.22,2.78,12.5,0.0,2440.0,0.0
2026-01-03,26.11,9.44,17.77,17.02,2460.0,1.0
2026-01-04,15.56,12.78,14.17,0.0,2480.0,1.0
2026-01-05,22.78,11.11,16.94,0.0,2440.0,0.0
2026-01-06,25.56,9.44,17.5,0.0,2420.0,0.0
2026-01-07,27.78,14.44,21.11,0.0,2420.0,0.0
2026-01-08,26.11,13.33,19.72,0.0,2410.0,0.0
2026-01-09,28.33,15.56,21.94,0.0,2390.0,0.0
2026-01-10,28.33,13.33,20.83,0.0,2370.0,0.0
2026-01-11,20.56,8.89,14.72,0.25,2350.0,0.0
2026-01-12,15.56,4.44,10.0,0.0,2330.0,0.0
2026-01-13,20.56,7.22,13.89,0.0,2300.0,0.0
2026-01-14,16.11,10.0,13.06,1.02,2300.0,0.0
2026-01-15,13.33,0.0,6.66,0.51,2300.0,0.0
2026-01-16,15.0,-4.44,5.28,0.0,2290.0,0.0
2026-01-17,22.78,-0.56,11.11,0.0,2270.0,0.0
2026-01-18,14.44,-0.56,6.94,11.94,2290.0,1.0
2026-01-19,13.89,-3.33,5.28,0.0,2280.0,0.0
2026-01-20,17.22,2.78,10.0,0.0,2250.0,0.0
2026-01-21,21.11,0.56,10.84,0.0,2240.0,0.0
2026-01-22,25.0,10.56,17.78,0.0,2240.0,0.0
2026-01-23,26.67,7.22,16.94,0.0,2240.0,0.0
2026-01-24,22.22,10.56,16.39,0.0,2240.0,0.0
2026-01-25,28.33,13.89,21.11,0.0,2220.0,0.0
2026-01-26,22.78,2.78,12.78,0.51,2230.0,1.0
2026-01-27,11.67,-3.89,3.89,0.0,2200.0,0.0
2026-01-28,15.0,-2.78,6.11,0.0,2180.0,0.0
2026-01-29,17.78,-3.89,6.94,0.0,2180.0,0.0
2026-01-30,20.56,-1.67,9.44,0.0,2180.0,0.0
2026-01-31,12.78,-2.78,5.0,0.0,2180.0,0.0
2026-02-01,6.67,-6.67,0.0,0.0,2160.0,0.0
2026-02-02,13.33,-5.56,3.88,0.0,2160.0,0.0
2026-02-03,17.78,-3.89,6.94,0.0,2170.0,1.0
2026-02-04,22.22,-0.56,10.83,0.0,2160.0,0.0
2026-02-05,13.33,1.11,7.22,1.78,2170.0,1.0
2026-02-06,17.22,-2.22,7.5,0.0,2170.0,0.0
2026-02-07,21.11,4.44,12.78,0.0,2160.0,0.0
2026-02-08,21.11,-1.67,9.72,0.0,2150.0,0.0
2026-02-09,23.33,1.67,12.5,0.0,2140.0,0.0
2026-02-10,25.56,2.22,13.89,0.0,2130.0,0.0
2026-02-11,23.33,11.11,17.22,0.0,2120.0,0.0
2026-02-12,25.56,9.44,17.5,0.0,2100.0,0.0
2026-02-13,25.0,4.44,14.72,0.0,2080.0,0.0
2026-02-14,24.44,6.67,15.56,0.0,2060.0,0.0
2026-02-15,26.11,13.33,19.72,12.45,2080.0,1.0
2026-02-16,17.22,10.0,13.61,0.0,2120.0,1.0
2026-02-17,24.44,5.56,15.0,0.0,2070.0,0.0
2026-02-18,27.22,10.56,18.89,0.0,2080.0,1.0
2026-02-19,28.89,13.89,21.39,0.0,2110.0,1.0
2026-02-20,28.89,18.33,23.61,0.0,2110.0,0.0
2026-02-21,30.0,18.33,24.16,0.0,2110.0,0.0
2026-02-22,21.67,5.56,13.62,2.79,2100.0,0.0
2026-02-23,12.78,1.11,6.94,0.0,2050.0,0.0
2026-02-24,15.0,-3.89,5.56,0.0,2040.0,0.0
2026-02-25,21.67,-1.67,10.0,0.0,2040.0,0.0
2026-02-26,26.11,3.89,15.0,0.0,2070.0,1.0
2026-02-27,27.22,11.67,19.44,5.08,2110.0,1.0
2026-02-28,20.0,10.0,15.0,0.0,2130.0,1.0
2026-03-01,25.56,10.0,17.78,0.0,2100.0,0.0
2026-03-02,27.22,8.33,17.77,0.0,2090.0,0.0
2026-03-03,27.22,13.33,20.27,0.0,2100.0,1.0
2026-03-04,29.44,13.89,21.66,0.0,2090.0,0.0
2026-03-05,30.56,14.44,22.5,0.0,2090.0,0.0
2026-03-06,31.11,19.44,25.28,0.0,2080.0,0.0
2026-03-07,31.11,19.44,25.28,0.0,2080.0,0.0
2026-03-08,30.0,18.33,24.16,0.0,2070.0,0.0
2026-03-09,31.67,17.22,24.44,0.0,2050.0,0.0
2026-03-10,32.78,13.89,23.34,0.0,2040.0,0.0
2026-03-11,32.78,15.0,23.89,0.0,2020.0,0.0
2026-03-12,26.67,13.89,20.28,2.29,2020.0,0.0
2026-03-13,27.22,11.11,19.16,0.0,2010.0,0.0
2026-03-14,26.11,11.67,18.89,0.0,1990.0,0.0
2026-03-15,30.0,16.67,23.34,4.83,1980.0,0.0
2026-03-16,27.22,7.22,17.22,7.37,2020.0,1.0
2026-03-17,15.0,1.11,8.06,0.0,2010.0,0.0
2026-03-18,18.89,-1.11,8.89,0.0,1980.0,0.0
2026-03-19,21.67,5.56,13.62,0.0,2000.0,1.0
2026-03-20,25.0,4.44,14.72,0.0,2030.0,1.0
2026-03-21,28.33,6.67,17.5,0.0,2040.0,1.0
2026-03-22,29.44,12.78,21.11,0.0,2050.0,1.0
2026-03-23,30.0,14.44,22.22,0.0,2050.0,0.0
2026-03-24,20.56,14.44,17.5,0.0,2050.0,0.0
2026-03-25,26.67,14.44,20.56,0.0,2040.0,0.0
2026-03-26,30.0,16.67,23.34,0.0,2040.0,0.0
2026-03-27,31.67,13.89,22.78,0.0,2040.0,0.0
2026-03-28,27.22,12.78,20.0,0.0,2040.0,0.0
2026-03-29,23.33,13.33,18.33,0.0,2020.0,0.0
2026-03-30,29.44,11.67,20.56,0.0,2010.0,0.0
2026-03-31,30.0,13.33,21.66,0.0,2010.0,0.0
2026-04-01,30.0,12.78,21.39,0.0,1990.0,0.0
2026-04-02,30.56,13.33,21.94,0.0,1970.0,0.0
2026-04-03,32.22,18.89,25.56,0.0,1960.0,0.0
2026-04-04,31.11,15.56,23.34,0.0,1950.0,0.0
2026-04-05,31.67,15.0,23.34,0.0,1930.0,0.0
2026-04-06,26.67,15.56,21.12,0.0,1920.0,0.0
2026-04-07,20.56,13.89,17.23,1.27,1910.0,0.0
2026-04-08,22.78,15.0,18.89,0.25,1890.0,0.0
2026-04-09,25.0,15.56,20.28,0.0,1860.0,0.0
2026-04-10,27.78,15.0,21.39,0.0,1850.0,0.0
2026-04-11,29.44,12.22,20.83,0.0,1830.0,0.0
2026-04-12,30.0,10.0,20.0,0.0,1820.0,0.0
2026-04-13,30.0,10.56,20.28,0.0,1820.0,0.0
2026-04-14,31.11,11.11,21.11,0.0,1810.0,0.0
2026-04-15,31.67,12.78,22.22,0.0,1800.0,0.0
2026-04-16,31.67,12.78,22.22,0.0,1790.0,0.0
2026-04-17,32.78,13.89,23.34,0.0,1780.0,0.0
2026-04-18,33.33,13.33,23.33,0.0,1760.0,0.0
2026-04-19,31.67,16.11,23.89,0.0,1740.0,0.0
2026-04-20,26.11,10.0,18.06,0.0,1720.0,0.0
2026-04-21,29.44,6.11,17.78,0.0,1690.0,0.0
2026-04-22,27.22,10.0,18.61,0.0,1690.0,0.0
2026-04-23,29.44,11.67,20.56,0.0,1680.0,0.0
2026-04-24,30.56,13.33,21.94,0.0,1680.0,0.0
2026-04-25,32.78,13.33,23.06,0.0,1660.0,0.0
2026-04-26,32.22,15.0,23.61,0.0,1650.0,0.0
2026-04-27,25.56,18.33,21.94,0.0,1630.0,0.0
2026-04-28,32.22,16.11,24.16,0.0,1610.0,0.0
2026-04-29,33.33,16.67,25.0,0.0,1600.0,0.0
2026-04-30,31.11,21.11,26.11,1.02,1600.0,0.0
2026-05-01,32.22,19.44,25.83,0.0,1600.0,0.0
2026-05-02,23.89,14.44,19.16,7.62,1620.0,1.0
2026-05-03,26.67,11.67,19.17,0.0,1640.0,1.0
2026-05-04,28.89,9.44,19.16,0.0,1610.0,0.0
2026-05-05,30.0,12.22,21.11,0.0,1600.0,0.0
2026-05-06,34.44,15.0,24.72,0.0,1600.0,0.0
2026-05-07,34.44,17.22,25.83,0.0,1590.0,0.0
2026-05-08,32.22,21.11,26.66,7.87,1580.0,0.0
2026-05-09,28.33,18.33,23.33,17.78,1570.0,0.0
2026-05-10,32.78,18.89,25.84,0.0,1570.0,0.0
2026-05-11,31.67,21.67,26.67,5.84,1560.0,0.0
2026-05-12,24.44,21.67,23.06,14.73,1590.0,1.0
2026-05-13,30.0,20.0,25.0,0.0,1570.0,0.0
2026-05-14,31.11,17.22,24.16,0.0,1540.0,0.0
2026-05-15,32.22,13.89,23.06,0.0,1530.0,0.0
2026-05-16,34.44,17.78,26.11,0.0,1520.0,0.0
2026-05-17,34.44,21.67,28.06,0.0,1530.0,1.0
2026-05-18,32.78,18.33,25.56,0.0,1600.0,1.0
2026-05-19,33.89,20.0,26.94,0.0,1690.0,1.0
2026-05-20,33.89,17.78,25.84,0.0,1770.0,1.0
2026-05-21,33.89,20.0,26.94,0.25,1830.0,1.0
2026-05-22,33.89,21.67,27.78,0.0,1880.0,1.0
2026-05-23,32.78,21.11,26.94,5.08,1910.0,1.0
2026-05-24,32.22,20.56,26.39,11.94,1920.0,1.0
2026-05-25,34.44,21.11,27.78,0.0,1910.0,0.0
2026-05-26,34.44,21.67,28.06,1.27,1880.0,0.0
2026-05-27,34.44,21.11,27.78,48.77,1870.0,0.0
2026-05-28,30.56,21.67,26.12,4.83,1840.0,0.0
2026-05-29,33.89,22.22,28.06,11.94,1830.0,0.0
2026-05-30,31.11,22.22,26.66,7.87,1850.0,1.0
2026-05-31,33.89,22.22,28.06,0.0,1890.0,1.0
2026-06-01,31.67,22.78,27.22,0.0,1910.0,1.0
2026-06-02,32.78,22.78,27.78,0.0,1930.0,1.0
2026-06-03,28.89,14.44,21.66,0.0,1970.0,1.0
2026-06-04,30.0,12.78,21.39,0.0,2070.0,1.0
2026-06-05,31.67,14.44,23.06,0.0,2210.0,1.0
2026-06-06,32.22,16.11,24.16,0.0,2340.0,1.0
2026-06-07,33.89,18.33,26.11,0.0,2420.0,1.0
2026-06-08,33.89,17.78,25.84,0.0,2470.0,1.0
2026-06-09,31.11,18.89,25.0,0.51,2470.0,0.0
2026-06-10,31.67,20.56,26.12,0.0,2460.0,0.0
2026-06-11,33.89,20.56,27.22,0.0,2430.0,0.0
2026-06-12,35.56,22.78,29.17,0.0,2390.0,0.0
2026-06-13,36.11,23.33,29.72,0.0,2340.0,0.0
2026-06-14,32.22,23.89,28.06,0.51,2320.0,0.0
2026-06-15,33.89,23.89,28.89,12.95,2290.0,0.0
2026-06-16,32.78,23.33,28.06,12.19,2290.0,0.0
2026-06-17,33.33,23.33,28.33,2.29,2300.0,1.0
2026-06-18,35.56,24.44,30.0,0.0,2270.0,0.0
2026-06-19,34.44,21.67,28.06,33.27,2280.0,1.0
2026-06-20,33.89,21.11,27.5,0.0,2310.0,1.0
2026-06-21,32.78,21.11,26.94,2.79,2310.0,0.0
2026-06-22,34.44,21.67,28.06,0.0,2400.0,1.0
2026-06-23,35.0,22.78,28.89,11.43,2470.0,1.0
2026-06-24,34.44,23.89,29.16,0.0,2620.0,1.0
2026-06-25,34.44,20.56,27.5,3.81,2790.0,1.0
2026-06-26,33.33,21.67,27.5,0.0,3000.0,1.0
2026-06-27,34.44,21.67,28.06,0.0,3200.0,1.0
2026-06-28,35.0,22.22,28.61,8.89,3370.0,1.0
2026-06-29,36.11,23.33,29.72,0.0,3520.0,1.0
2026-06-30,34.44,22.78,28.61,4.32,3650.0,1.0
2026-07-01,33.33,22.22,27.78,0.0,3750.0,1.0
2026-07-02,33.89,19.44,26.66,0.0,3800.0,1.0
2026-07-03,35.0,21.67,28.34,0.0,3820.0,1.0
2026-07-04,33.89,23.89,28.89,0.25,3800.0,0.0
2026-07-05,33.33,22.78,28.06,0.76,3770.0,0.0
2026-07-06,33.89,23.33,28.61,4.83,3730.0,0.0
2026-07-07,35.0,22.22,28.61,2.79,3670.0,0.0
2026-07-08,36.11,22.78,29.44,0.0,3570.0,0.0
2026-07-09,36.67,22.78,29.72,0.0,3440.0,0.0
2026-07-10,35.56,22.22,28.89,26.16,3290.0,0.0
2026-07-11,35.0,20.56,27.78,0.0,3140.0,0.0
2026-07-12,31.67,22.22,26.94,15.75,3000.0,0.0
2026-07-13,31.67,22.78,27.22,7.11,2880.0,0.0
2026-07-14,31.11,22.78,26.94,13.46,2770.0,0.0
2026-07-15,33.89,20.56,27.22,0.0,,
2026-07-16,34.44,25.0,29.72,0.0,,
2026-07-17,35.0,22.22,28.61,0.0,2510.0,
2026-07-18,33.89,21.11,27.5,0.0,2460.0,0.0
2026-07-19,33.89,23.33,28.61,0.76,2410.0,0.0
2026-07-20,35.0,23.33,29.16,6.6,2390.0,0.0
2026-07-21,34.44,23.89,29.16,10.41,2360.0,0.0
2026-07-22,35.0,23.33,29.16,0.0,2330.0,0.0
2026-07-23,36.11,23.33,29.72,0.0,2260.0,0.0
2026-07-24,35.56,23.89,29.72,0.0,2200.0,0.0
2026-07-25,36.11,24.44,30.28,1.78,2170.0,0.0
2026-07-26,36.67,23.33,30.0,0.0,2140.0,0.0
2026-07-27,35.0,23.33,29.16,14.48,2120.0,0.0
2026-07-28,35.0,23.33,29.16,0.0,2120.0,0.0
2026-07-29,33.33,24.44,28.88,13.72,2110.0,0.0
2026-07-30,33.89,22.78,28.34,21.84,2110.0,0.0
2026-07-31,33.33,23.33,28.33,0.0,2140.0,1.0
2026-08-01,30.0,25.0,27.5,3.56,2090.0,0.0
2026-08-02,28.33,22.78,25.56,40.89,2170.0,1.0
2026-08-03,27.78,22.78,25.28,28.45,2280.0,1.0
2026-08-04,32.78,22.78,27.78,7.87,2270.0,0.0
2026-08-05,31.11,21.67,26.39,0.0,2290.0,1.0
2026-08-06,33.33,22.22,27.78,15.75,2310.0,1.0
2026-08-07,31.67,21.11,26.39,1.27,2320.0,1.0
2026-08-08,31.67,23.33,27.5,0.0,2300.0,0.0
2026-08-09,34.44,23.33,28.88,0.0,2370.0,1.0
2026-08-10,34.44,23.89,29.16,0.0,2470.0,1.0
2026-08-11,35.0,22.22,28.61,0.0,2540.0,1.0
2026-08-12,35.0,23.33,29.16,0.51,2600.0,1.0
2026-08-13,35.0,22.22,28.61,0.0,2640.0,1.0
2026-08-14,35.56,23.33,29.44,53.85,2640.0,0.0
2026-08-15,34.44,23.33,28.88,0.0,2650.0,1.0
2026-08-16,35.0,23.89,29.44,0.0,2660.0,1.0
2026-08-17,35.56,25.0,30.28,0.0,2670.0,1.0
2026-08-18,36.11,23.33,29.72,12.7,2660.0,0.0
2026-08-19,35.56,23.33,29.44,34.29,2610.0,0.0
2026-08-20,33.89,22.78,28.34,51.05,2570.0,0.0
2026-08-21,32.22,22.22,27.22,0.0,2580.0,1.0
2026-08-22,32.22,22.78,27.5,0.76,2500.0,0.0
2026-08-23,30.56,23.89,27.22,0.0,2460.0,0.0
2026-08-24,34.44,22.78,28.61,0.0,2430.0,0.0
2026-08-25,31.67,23.33,27.5,0.51,2410.0,0.0
2026-08-26,33.33,23.33,28.33,3.3,2400.0,0.0
2026-08-27,32.22,21.67,26.94,0.0,2380.0,0.0
2026-08-28,31.11,22.78,26.94,0.0,2410.0,1.0
2026-08-29,33.33,21.67,27.5,4.57,2430.0,1.0
2026-08-30,33.33,22.78,28.06,1.52,2490.0,1.0
2026-08-31,33.33,23.33,28.33,27.43,2620.0,1.0
2026-09-01,32.22,23.33,27.78,3.3,2710.0,1.0
2026-09-02,32.78,23.33,28.06,0.0,2740.0,1.0
2026-09-03,30.56,24.44,27.5,1.52,2780.0,1.0
2026-09-04,32.78,24.44,28.61,4.06,2820.0,1.0
2026-09-05,32.22,23.89,28.06,4.57,2870.0,1.0
2026-09-06,33.89,23.33,28.61,1.02,2900.0,1.0
2026-09-07,32.22,23.33,27.78,0.0,3020.0,1.0
2026-09-08,32.78,23.33,28.06,0.0,3020.0,0.0
2026-09-09,33.33,23.33,28.33,0.0,3040.0,1.0
2026-09-10,33.89,23.33,28.61,0.0,3110.0,1.0
2026-09-11,32.78,22.22,27.5,0.0,3170.0,1.0
2026-09-12,32.22,22.22,27.22,0.0,3190.0,1.0
2026-09-13,32.78,22.22,27.5,0.0,3150.0,0.0
2026-09-14,34.44,23.33,28.88,4.06,3100.0,0.0
2026-09-15,33.33,22.22,27.78,0.0,3060.0,0.0
2026-09-16,31.67,22.78,27.22,0.25,3010.0,0.0
2026-09-17,31.11,22.22,26.66,0.0,2950.0,0.0
2026-09-18,31.11,21.67,26.39,0.0,2910.0,0.0
2026-09-19,32.78,19.44,26.11,0.0,2850.0,0.0
2026-09-20,30.0,21.67,25.84,3.3,2820.0,0.0
2026-09-21,32.78,21.11,26.94,0.0,2780.0,0.0
2026-09-22,32.78,20.56,26.67,0.0,2730.0,0.0
2026-09-23,32.22,22.22,27.22,1.52,2690.0,0.0
2026-09-24,27.22,20.0,23.61,0.0,2650.0,0.0
2026-09-25,25.0,15.56,20.28,0.0,2620.0,0.0
2026-09-26,27.78,12.22,20.0,0.0,2590.0,0.0
2026-09-27,30.0,12.22,21.11,0.0,2580.0,0.0
2026-09-28,32.78,16.67,24.72,0.0,2560.0,0.0
2026-09-29,,,,,2530.0,0.0
2026-09-30,,,,,2500.0,0.0
2026-10-01,32.40,22.00,27.20,1.90,2470.0,0.0
2026-10-02,31.30,23.10,27.20,12.50,2450.0,0.0
2026-10-03,32.60,23.00,27.80,10.90,2460.0,1.0
2026-10-04,28.70,22.40,25.55,3.80,2430.0,0.0
2026-10-05,27.50,23.10,25.30,11.00,2410.0,0.0
2026-10-06,24.60,21.70,23.15,32.40,2490.0,1.0
2026-10-07,27.10,21.10,24.10,4.90,2530.0,1.0
2026-10-08,27.20,21.60,24.40,10.20,2660.0,1.0
