date,tmax_c,tmin_c,tmean_c,precip_mm,flow_cfs,rising
2016-10-01,22.22,12.78,17.5,0.0,47800.0,
2016-10-02,25.0,16.67,20.84,0.0,36800.0,0.0
2016-10-03,26.11,14.44,20.27,0.0,55800.0,1.0
2016-10-04,28.89,15.0,21.94,0.0,37000.0,0.0
2016-10-05,28.89,18.33,23.61,0.0,25100.0,0.0
2016-10-06,30.56,17.78,24.17,0.0,23400.0,0.0
2016-10-07,30.56,15.56,23.06,0.0,13600.0,0.0
2016-10-08,22.22,12.22,17.22,0.0,14400.0,1.0
2016-10-09,22.78,8.89,15.84,0.0,26700.0,1.0
2016-10-10,23.89,10.56,17.23,0.0,42400.0,1.0
2016-10-11,26.11,12.78,19.44,0.0,41400.0,0.0
2016-10-12,27.22,12.78,20.0,0.0,31900.0,0.0
2016-10-13,21.11,11.67,16.39,0.0,31200.0,0.0
2016-10-14,20.0,9.44,14.72,0.0,22500.0,0.0
2016-10-15,27.78,16.11,21.94,0.0,19500.0,0.0
2016-10-16,28.89,17.78,23.34,0.0,20300.0,1.0
2016-10-17,30.0,20.56,25.28,0.0,25300.0,1.0
2016-10-18,30.56,22.22,26.39,0.0,19800.0,0.0
2016-10-19,30.56,22.22,26.39,0.0,10500.0,0.0
2016-10-20,22.22,12.78,17.5,15.49,61800.0,1.0
2016-10-21,16.67,7.22,11.94,1.02,29700.0,0.0
2016-10-22,17.22,5.56,11.39,0.0,73500.0,1.0
2016-10-23,25.0,6.67,15.84,0.0,121000.0,1.0
2016-10-24,21.11,10.56,15.84,0.0,116000.0,0.0
2016-10-25,20.0,6.67,13.34,0.0,122000.0,1.0
2016-10-26,25.56,8.33,16.94,0.0,83200.0,0.0
2016-10-27,21.67,9.44,15.56,0.0,61400.0,0.0
2016-10-28,22.22,7.78,15.0,0.0,65300.0,1.0
2016-10-29,28.89,12.22,20.56,0.0,53100.0,0.0
2016-10-30,28.33,16.11,22.22,0.0,53500.0,1.0
2016-10-31,22.22,13.33,17.77,0.0,62500.0,1.0
2016-11-01,29.44,16.67,23.06,0.0,51400.0,0.0
2016-11-02,29.44,15.56,22.5,0.0,39000.0,0.0
2016-11-03,22.22,14.44,18.33,2.29,50200.0,1.0
2016-11-04,20.0,8.89,14.44,0.0,48300.0,0.0
2016-11-05,18.33,5.0,11.66,0.0,47400.0,0.0
2016-11-06,21.67,6.67,14.17,0.0,47500.0,1.0
2016-11-07,24.44,6.67,15.56,0.0,46000.0,0.0
2016-11-08,17.78,10.0,13.89,3.81,37700.0,0.0
2016-11-09,14.44,6.67,10.56,0.0,35800.0,0.0
2016-11-10,17.78,2.78,10.28,0.0,47000.0,1.0
2016-11-11,19.44,7.22,13.33,0.0,45200.0,0.0
2016-11-12,13.33,2.78,8.06,0.0,42000.0,0.0
2016-11-13,16.11,-0.56,7.78,0.0,40000.0,0.0
2016-11-14,17.78,0.0,8.89,0.0,43800.0,1.0
2016-11-15,20.0,3.33,11.66,0.0,41100.0,0.0
2016-11-16,20.56,4.44,12.5,0.0,25200.0,0.0
2016-11-17,26.11,6.11,16.11,0.0,36700.0,1.0
2016-11-18,27.22,11.11,19.16,0.25,37000.0,1.0
2016-11-19,12.78,1.67,7.22,4.83,37500.0,1.0
2016-11-20,7.78,-2.78,2.5,0.0,25600.0,0.0
2016-11-21,8.33,-2.22,3.06,0.0,34500.0,1.0
2016-11-22,11.67,-0.56,5.56,0.0,38600.0,1.0
2016-11-23,18.33,5.0,11.66,8.13,36000.0,0.0
2016-11-24,12.78,7.78,10.28,0.0,39000.0,1.0
2016-11-25,7.78,5.0,6.39,0.0,39100.0,1.0
2016-11-26,9.44,1.67,5.56,0.0,36900.0,0.0
2016-11-27,11.11,-1.67,4.72,0.0,26200.0,0.0
2016-11-28,13.33,7.78,10.56,22.61,28700.0,1.0
2016-11-29,19.44,9.44,14.44,0.0,60100.0,1.0
2016-11-30,16.11,6.11,11.11,0.0,45300.0,0.0
2016-12-01,10.0,2.22,6.11,0.0,36300.0,0.0
2016-12-02,9.44,0.0,4.72,0.0,64700.0,1.0
2016-12-03,7.22,5.0,6.11,0.0,96800.0,1.0
2016-12-04,9.44,4.44,6.94,2.03,107000.0,1.0
2016-12-05,7.22,4.44,5.83,0.0,92200.0,0.0
2016-12-06,8.33,3.33,5.83,23.62,75100.0,0.0
2016-12-07,6.67,0.0,3.34,0.0,75000.0,0.0
2016-12-08,2.78,-3.89,-0.56,0.0,71300.0,0.0
2016-12-09,-1.67,-5.0,-3.34,0.0,75800.0,1.0
2016-12-10,1.67,-6.67,-2.5,0.0,95000.0,1.0
2016-12-11,10.0,-1.11,4.44,7.87,93500.0,0.0
2016-12-12,7.78,-0.56,3.61,1.78,83000.0,0.0
2016-12-13,6.11,0.0,3.06,0.0,77400.0,0.0
2016-12-14,1.67,-7.22,-2.78,0.0,80100.0,1.0
2016-12-15,-4.44,-10.56,-7.5,0.0,95600.0,1.0
2016-12-16,5.0,-7.78,-1.39,1.27,99500.0,1.0
2016-12-17,19.44,3.33,11.39,56.39,93200.0,0.0
2016-12-18,3.33,-6.11,-1.39,9.4,153000.0,1.0
2016-12-19,-2.78,-10.56,-6.67,0.0,203000.0,1.0
2016-12-20,5.56,-8.89,-1.67,0.0,242000.0,1.0
2016-12-21,6.11,-4.44,0.84,0.0,276000.0,1.0
2016-12-22,8.33,-1.67,3.33,0.0,285000.0,1.0
2016-12-23,7.78,-1.11,3.34,8.13,247000.0,0.0
2016-12-24,10.0,5.56,7.78,7.87,178000.0,0.0
2016-12-25,13.33,6.67,10.0,0.0,152000.0,0.0
2016-12-26,24.44,13.33,18.89,12.19,138000.0,0.0
2016-12-27,13.89,1.11,7.5,0.0,142000.0,1.0
2016-12-28,12.22,-2.22,5.0,2.29,170000.0,1.0
2016-12-29,8.89,2.78,5.84,0.0,188000.0,1.0
2016-12-30,6.11,0.0,3.06,0.0,205000.0,1.0
2016-12-31,7.22,0.56,3.89,1.78,211000.0,1.0
2017-01-01,9.44,1.67,5.56,0.51,208000.0,0.0
2017-01-02,15.0,7.22,11.11,1.27,185000.0,0.0
2017-01-03,15.56,5.0,10.28,9.65,159000.0,0.0
2017-01-04,5.0,-3.89,0.55,0.0,161000.0,1.0
2017-01-05,-3.33,-7.22,-5.28,1.52,201000.0,1.0
2017-01-06,-6.67,-11.11,-8.89,0.0,252000.0,1.0
2017-01-07,-6.67,-12.78,-9.72,0.0,267000.0,1.0
2017-01-08,-3.33,-12.22,-7.78,0.0,264000.0,0.0
2017-01-09,5.0,-6.67,-0.84,0.0,226000.0,0.0
2017-01-10,13.89,5.0,9.44,11.18,171000.0,0.0
2017-01-11,18.89,2.22,10.56,9.4,133000.0,0.0
2017-01-12,21.11,4.44,12.78,11.18,123000.0,0.0
2017-01-13,4.44,2.22,3.33,5.33,168000.0,1.0
2017-01-14,5.56,3.33,4.44,8.38,216000.0,1.0
2017-01-15,5.56,3.33,4.44,3.3,269000.0,1.0
2017-01-16,13.89,5.0,9.44,4.83,328000.0,1.0
2017-01-17,18.33,7.22,12.77,10.92,370000.0,1.0
2017-01-18,7.22,4.44,5.83,0.0,392000.0,1.0
2017-01-19,12.78,4.44,8.61,22.1,387000.0,0.0
2017-01-20,17.22,10.56,13.89,7.11,377000.0,0.0
2017-01-21,20.0,10.0,15.0,0.0,361000.0,0.0
2017-01-22,17.78,8.33,13.06,0.0,330000.0,0.0
2017-01-23,14.44,5.56,10.0,0.0,294000.0,0.0
2017-01-24,10.0,4.44,7.22,0.0,267000.0,0.0
2017-01-25,17.22,2.78,10.0,0.0,264000.0,0.0
2017-01-26,6.67,0.56,3.62,0.0,297000.0,1.0
2017-01-27,3.89,-0.56,1.66,0.0,334000.0,1.0
2017-01-28,7.78,-2.78,2.5,0.0,332000.0,0.0
2017-01-29,3.33,-1.11,1.11,0.25,297000.0,0.0
2017-01-30,7.78,-6.11,0.84,0.0,260000.0,0.0
2017-01-31,12.22,6.67,9.44,0.0,215000.0,0.0
2017-02-01,11.11,4.44,7.78,0.0,181000.0,0.0
2017-02-02,5.56,-1.67,1.94,0.0,154000.0,0.0
2017-02-03,1.67,-5.56,-1.94,0.0,130000.0,0.0
2017-02-04,5.0,-8.89,-1.95,0.0,114000.0,0.0
2017-02-05,14.44,4.44,9.44,0.0,113000.0,0.0
2017-02-06,16.67,1.11,8.89,0.0,104000.0,0.0
2017-02-07,18.33,12.78,15.56,12.7,95100.0,0.0
2017-02-08,13.33,0.56,6.94,3.05,98600.0,1.0
2017-02-09,0.56,-5.0,-2.22,0.0,128000.0,1.0
2017-02-10,15.0,-5.0,5.0,0.0,173000.0,1.0
2017-02-11,20.0,12.22,16.11,0.0,207000.0,1.0
2017-02-12,20.0,5.0,12.5,0.0,206000.0,0.0
2017-02-13,10.56,-0.56,5.0,0.0,194000.0,0.0
2017-02-14,13.89,5.0,9.44,0.0,192000.0,0.0
2017-02-15,9.44,1.11,5.28,0.0,198000.0,1.0
2017-02-16,12.22,0.0,6.11,0.0,203000.0,1.0
2017-02-17,21.67,8.33,15.0,0.0,186000.0,0.0
2017-02-18,16.67,7.78,12.23,2.29,158000.0,0.0
2017-02-19,15.0,6.67,10.84,0.0,139000.0,0.0
2017-02-20,23.33,5.0,14.16,0.0,122000.0,0.0
2017-02-21,22.22,11.11,16.66,0.0,105000.0,0.0
2017-02-22,22.78,13.89,18.34,0.0,96900.0,0.0
2017-02-23,22.22,16.11,19.16,0.0,93800.0,0.0
2017-02-24,27.22,12.22,19.72,21.84,86600.0,0.0
2017-02-25,12.22,-0.56,5.83,0.0,81500.0,0.0
2017-02-26,10.56,-3.33,3.62,0.0,99500.0,1.0
2017-02-27,15.56,6.67,11.12,1.78,113000.0,1.0
2017-02-28,20.0,8.89,14.44,10.67,122000.0,1.0
2017-03-01,21.67,5.56,13.62,46.48,209000.0,1.0
2017-03-02,10.0,0.56,5.28,0.0,343000.0,1.0
2017-03-03,6.11,-1.11,2.5,0.0,386000.0,1.0
2017-03-04,15.0,-1.11,6.94,0.0,389000.0,1.0
2017-03-05,21.67,1.11,11.39,0.0,362000.0,0.0
2017-03-06,19.44,10.56,15.0,2.29,321000.0,0.0
2017-03-07,19.44,7.78,13.61,12.95,267000.0,0.0
2017-03-08,18.33,7.78,13.06,0.0,220000.0,0.0
2017-03-09,23.89,6.11,15.0,0.0,209000.0,0.0
2017-03-10,12.22,2.78,7.5,0.0,221000.0,1.0
2017-03-11,4.44,-1.11,1.66,0.0,248000.0,1.0
2017-03-12,6.11,-3.89,1.11,0.0,252000.0,1.0
2017-03-13,6.11,-0.56,2.78,1.52,235000.0,0.0
2017-03-14,3.89,-3.89,0.0,0.0,204000.0,0.0
2017-03-15,4.44,-6.11,-0.84,0.0,166000.0,0.0
2017-03-16,8.33,-5.56,1.39,0.0,141000.0,0.0
2017-03-17,11.11,3.33,7.22,1.27,119000.0,0.0
2017-03-18,11.11,3.33,7.22,0.0,113000.0,0.0
2017-03-19,13.33,0.0,6.66,0.0,94600.0,0.0
2017-03-20,23.33,4.44,13.88,0.0,97300.0,1.0
2017-03-21,19.44,9.44,14.44,0.0,131000.0,1.0
2017-03-22,10.56,2.22,6.39,0.0,172000.0,1.0
2017-03-23,18.33,0.56,9.44,0.0,192000.0,1.0
2017-03-24,26.67,14.44,20.56,0.0,174000.0,0.0
2017-03-25,26.67,13.89,20.28,0.25,148000.0,0.0
2017-03-26,22.78,13.33,18.06,10.92,128000.0,0.0
2017-03-27,22.78,10.56,16.67,11.18,125000.0,0.0
2017-03-28,21.11,13.33,17.22,0.0,132000.0,1.0
2017-03-29,20.0,11.67,15.84,0.0,164000.0,1.0
2017-03-30,26.67,12.78,19.73,3.3,194000.0,1.0
2017-03-31,16.11,7.78,11.94,3.3,210000.0,1.0
2017-04-01,12.22,7.22,9.72,0.0,250000.0,1.0
2017-04-02,20.56,8.33,14.44,0.0,296000.0,1.0
2017-04-03,23.89,13.89,18.89,6.1,329000.0,1.0
2017-04-04,23.33,15.0,19.16,0.25,340000.0,1.0
2017-04-05,28.33,11.67,20.0,3.05,336000.0,0.0
2017-04-06,15.0,6.11,10.56,1.27,316000.0,0.0
2017-04-07,15.56,3.89,9.72,0.0,307000.0,0.0
2017-04-08,21.11,2.78,11.94,0.0,310000.0,1.0
2017-04-09,26.67,8.89,17.78,0.0,312000.0,1.0
2017-04-10,28.33,18.89,23.61,0.0,309000.0,0.0
2017-04-11,22.78,13.89,18.34,12.7,297000.0,0.0
2017-04-12,23.33,10.0,16.66,0.0,277000.0,0.0
2017-04-13,28.89,11.11,20.0,0.0,243000.0,0.0
2017-04-14,30.56,12.78,21.67,0.0,209000.0,0.0
2017-04-15,30.0,19.44,24.72,0.0,185000.0,0.0
2017-04-16,27.22,16.67,21.94,35.31,163000.0,0.0
2017-04-17,23.89,15.56,19.73,0.0,152000.0,0.0
2017-04-18,25.0,17.22,21.11,0.0,143000.0,0.0
2017-04-19,29.44,17.22,23.33,0.51,132000.0,0.0
2017-04-20,29.44,20.0,24.72,0.0,132000.0,0.0
2017-04-21,22.22,11.67,16.94,8.38,133000.0,1.0
2017-04-22,13.89,9.44,11.66,6.1,132000.0,0.0
2017-04-23,17.78,8.33,13.06,0.0,133000.0,1.0
2017-04-24,25.0,11.11,18.06,0.0,154000.0,1.0
2017-04-25,25.0,13.33,19.16,0.0,180000.0,1.0
2017-04-26,30.0,15.0,22.5,0.0,204000.0,1.0
2017-04-27,23.33,12.22,17.77,8.38,228000.0,1.0
2017-04-28,26.11,10.56,18.34,0.25,223000.0,0.0
2017-04-29,30.0,18.33,24.16,30.23,262000.0,1.0
2017-04-30,29.44,21.11,25.28,1.02,301000.0,1.0
2017-05-01,21.11,11.11,16.11,6.35,265000.0,0.0
2017-05-02,23.33,11.11,17.22,0.0,231000.0,0.0
2017-05-03,18.89,9.44,14.16,0.0,223000.0,0.0
2017-05-04,18.33,11.67,15.0,24.64,225000.0,1.0
2017-05-05,12.78,8.33,10.56,23.62,250000.0,1.0
2017-05-06,16.67,5.56,11.12,3.05,285000.0,1.0
2017-05-07,20.56,5.0,12.78,0.0,277000.0,0.0
2017-05-08,20.56,7.22,13.89,0.0,266000.0,0.0
2017-05-09,30.0,13.89,21.94,0.0,296000.0,1.0
2017-05-10,30.56,19.44,25.0,0.0,328000.0,1.0
2017-05-11,25.56,17.22,21.39,9.4,318000.0,0.0
2017-05-12,17.22,13.33,15.27,1.52,282000.0,0.0
2017-05-13,25.0,10.56,17.78,0.0,252000.0,0.0
2017-05-14,28.89,13.89,21.39,0.0,241000.0,0.0
2017-05-15,30.0,15.56,22.78,0.0,262000.0,1.0
2017-05-16,30.56,17.78,24.17,0.0,273000.0,1.0
2017-05-17,30.56,20.56,25.56,0.0,248000.0,0.0
2017-05-18,31.11,23.33,27.22,1.52,190000.0,0.0
2017-05-19,30.56,20.56,25.56,0.76,130000.0,0.0
2017-05-20,31.67,20.0,25.84,3.81,109000.0,0.0
2017-05-21,27.78,17.78,22.78,25.65,140000.0,1.0
2017-05-22,22.78,12.78,17.78,0.0,170000.0,1.0
2017-05-23,25.56,13.89,19.73,0.0,162000.0,0.0
2017-05-24,20.56,13.89,17.23,17.53,133000.0,0.0
2017-05-25,21.11,14.44,17.77,2.54,179000.0,1.0
2017-05-26,28.33,13.33,20.83,0.0,201000.0,1.0
2017-05-27,30.56,19.44,25.0,0.0,225000.0,1.0
2017-05-28,25.0,18.33,21.66,0.0,253000.0,1.0
2017-05-29,28.89,18.33,23.61,0.0,261000.0,1.0
2017-05-30,29.44,17.78,23.61,0.0,235000.0,0.0
2017-05-31,28.89,17.22,23.06,0.0,199000.0,0.0
2017-06-01,28.33,16.67,22.5,0.0,192000.0,0.0
2017-06-02,30.56,16.11,23.34,0.0,178000.0,0.0
2017-06-03,32.22,16.67,24.44,0.0,146000.0,0.0
2017-06-04,31.11,17.22,24.16,0.0,119000.0,0.0
2017-06-05,30.0,18.89,24.44,7.37,84500.0,0.0
2017-06-06,27.22,17.78,22.5,0.0,67700.0,0.0
2017-06-07,22.22,16.11,19.16,0.0,102000.0,1.0
2017-06-08,24.44,13.33,18.89,0.0,106000.0,1.0
2017-06-09,28.89,13.89,21.39,0.0,86100.0,0.0
2017-06-10,30.0,17.22,23.61,0.0,38000.0,0.0
2017-06-11,32.22,19.44,25.83,0.0,54600.0,1.0
2017-06-12,33.33,22.78,28.06,1.02,58700.0,1.0
2017-06-13,34.44,22.78,28.61,0.0,54800.0,0.0
2017-06-14,34.44,22.22,28.33,0.0,45100.0,0.0
2017-06-15,28.33,21.11,24.72,10.92,58100.0,1.0
2017-06-16,31.67,21.11,26.39,0.0,79400.0,1.0
2017-06-17,32.78,21.67,27.22,0.0,54200.0,0.0
2017-06-18,31.11,22.22,26.66,8.64,77100.0,1.0
2017-06-19,30.0,20.0,25.0,0.0,72100.0,0.0
2017-06-20,31.67,20.0,25.84,0.0,80300.0,1.0
2017-06-21,33.89,20.0,26.94,0.0,116000.0,1.0
2017-06-22,27.78,22.22,25.0,11.18,130000.0,1.0
2017-06-23,30.0,21.67,25.84,28.7,129000.0,0.0
2017-06-24,27.78,16.67,22.22,0.0,203000.0,1.0
2017-06-25,28.89,15.56,22.22,0.0,257000.0,1.0
2017-06-26,27.22,15.56,21.39,0.0,280000.0,1.0
2017-06-27,26.11,15.56,20.84,3.05,267000.0,0.0
2017-06-28,29.44,15.0,22.22,0.0,206000.0,0.0
2017-06-29,32.78,20.56,26.67,0.25,145000.0,0.0
2017-06-30,31.11,22.22,26.66,11.68,92100.0,0.0
2017-07-01,31.11,21.11,26.11,0.0,71100.0,0.0
2017-07-02,32.22,22.22,27.22,0.0,82500.0,1.0
2017-07-03,31.67,20.0,25.84,0.0,93000.0,1.0
2017-07-04,27.78,23.33,25.56,1.02,91800.0,0.0
2017-07-05,28.33,22.22,25.28,0.0,95800.0,1.0
2017-07-06,27.22,21.67,24.44,24.13,77200.0,0.0
2017-07-07,32.78,20.0,26.39,14.99,78100.0,1.0
2017-07-08,31.11,19.44,25.28,0.0,114000.0,1.0
2017-07-09,31.11,19.44,25.28,0.0,136000.0,1.0
2017-07-10,32.22,23.33,27.78,0.0,125000.0,0.0
2017-07-11,30.56,25.0,27.78,0.0,88200.0,0.0
2017-07-12,33.33,22.78,28.06,0.0,84400.0,0.0
2017-07-13,34.44,26.11,30.28,0.0,107000.0,1.0
2017-07-14,32.22,24.44,28.33,0.0,127000.0,1.0
2017-07-15,30.56,20.56,25.56,0.0,113000.0,0.0
2017-07-16,32.22,18.89,25.56,0.0,131000.0,1.0
2017-07-17,32.78,21.11,26.94,0.0,142000.0,1.0
2017-07-18,33.33,23.33,28.33,0.25,138000.0,0.0
2017-07-19,35.0,22.22,28.61,0.0,96800.0,0.0
2017-07-20,35.0,23.89,29.44,0.0,62700.0,0.0
2017-07-21,36.11,26.67,31.39,0.0,47900.0,0.0
2017-07-22,36.11,27.22,31.66,0.0,43100.0,0.0
2017-07-23,31.67,22.22,26.94,28.7,87900.0,1.0
2017-07-24,33.33,23.89,28.61,0.0,117000.0,1.0
2017-07-25,31.11,21.11,26.11,0.0,127000.0,1.0
2017-07-26,33.33,20.56,26.94,0.0,149000.0,1.0
2017-07-27,31.67,25.56,28.62,0.0,136000.0,0.0
2017-07-28,30.56,22.78,26.67,1.78,91600.0,0.0
2017-07-29,28.33,18.33,23.33,0.0,106000.0,1.0
2017-07-30,30.56,16.67,23.62,0.0,106000.0,0.0
2017-07-31,32.22,20.0,26.11,0.0,151000.0,1.0
2017-08-01,32.22,21.67,26.94,2.29,178000.0,1.0
2017-08-02,30.0,21.11,25.56,2.54,176000.0,0.0
2017-08-03,32.22,19.44,25.83,0.0,99600.0,0.0
2017-08-04,27.78,17.22,22.5,0.0,62600.0,0.0
2017-08-05,27.78,14.44,21.11,0.0,41100.0,0.0
2017-08-06,23.89,18.33,21.11,19.56,55500.0,1.0
2017-08-07,26.67,18.89,22.78,0.51,53100.0,0.0
2017-08-08,29.44,18.33,23.88,0.0,51000.0,0.0
2017-08-09,29.44,17.22,23.33,0.0,53800.0,1.0
2017-08-10,31.67,19.44,25.56,0.0,51700.0,0.0
2017-08-11,31.11,20.0,25.56,0.0,49800.0,0.0
2017-08-12,30.56,21.67,26.12,0.0,52100.0,1.0
2017-08-13,30.56,17.22,23.89,0.0,26400.0,0.0
2017-08-14,30.56,21.11,25.84,0.0,60600.0,1.0
2017-08-15,33.33,23.33,28.33,0.0,20000.0,0.0
2017-08-16,33.89,23.33,28.61,0.0,39700.0,1.0
2017-08-17,35.56,23.33,29.44,65.02,48700.0,1.0
2017-08-18,31.11,23.33,27.22,0.0,39300.0,0.0
2017-08-19,32.22,21.67,26.94,0.0,58700.0,1.0
2017-08-20,33.89,21.67,27.78,0.0,78200.0,1.0
2017-08-21,33.89,22.78,28.34,0.0,28700.0,0.0
2017-08-22,32.78,22.22,27.5,9.91,33600.0,1.0
2017-08-23,28.33,18.89,23.61,0.0,35300.0,1.0
2017-08-24,28.33,16.11,22.22,0.0,52900.0,1.0
2017-08-25,26.67,16.11,21.39,0.0,55700.0,1.0
2017-08-26,27.78,15.0,21.39,0.0,36900.0,0.0
2017-08-27,30.56,16.11,23.34,0.0,33100.0,0.0
2017-08-28,27.78,20.0,23.89,0.0,19000.0,0.0
2017-08-29,27.78,20.0,23.89,2.29,21800.0,1.0
2017-08-30,28.89,18.89,23.89,0.0,47100.0,1.0
2017-08-31,31.11,20.56,25.84,4.57,28100.0,0.0
2017-09-01,23.33,12.78,18.06,89.15,21300.0,0.0
2017-09-02,18.89,12.78,15.84,11.18,77100.0,1.0
2017-09-03,28.33,12.78,20.56,0.0,46400.0,0.0
2017-09-04,31.11,21.11,26.11,0.0,35700.0,0.0
2017-09-05,25.0,13.89,19.44,5.84,38600.0,1.0
2017-09-06,22.78,11.67,17.23,0.0,47200.0,1.0
2017-09-07,22.22,10.56,16.39,0.0,50500.0,1.0
2017-09-08,26.11,11.67,18.89,0.0,44400.0,0.0
2017-09-09,26.11,13.89,20.0,0.0,38700.0,0.0
2017-09-10,25.56,11.11,18.34,0.0,45800.0,1.0
2017-09-11,22.22,12.22,17.22,0.0,12300.0,0.0
2017-09-12,24.44,15.56,20.0,7.62,26800.0,1.0
2017-09-13,18.89,16.11,17.5,5.84,36500.0,1.0
2017-09-14,25.0,16.67,20.84,0.76,39800.0,1.0
2017-09-15,28.89,16.11,22.5,0.0,15700.0,0.0
2017-09-16,31.11,17.78,24.44,0.0,21900.0,1.0
2017-09-17,31.11,18.89,25.0,0.0,31100.0,1.0
2017-09-18,30.0,20.0,25.0,0.0,30200.0,0.0
2017-09-19,25.0,20.0,22.5,18.54,36000.0,1.0
2017-09-20,32.22,18.89,25.56,0.0,18100.0,0.0
2017-09-21,33.89,21.11,27.5,0.0,15100.0,0.0
2017-09-22,32.78,22.22,27.5,0.0,31400.0,1.0
2017-09-23,32.22,20.0,26.11,0.0,18500.0,0.0
2017-09-24,32.78,20.0,26.39,0.0,16400.0,0.0
2017-09-25,32.22,19.44,25.83,0.0,39300.0,1.0
2017-09-26,32.78,20.56,26.67,0.0,6760.0,0.0
2017-09-27,33.33,19.44,26.38,0.0,11100.0,1.0
2017-09-28,24.44,15.56,20.0,0.0,16500.0,1.0
2017-09-29,27.22,13.33,20.27,0.0,11400.0,0.0
2017-09-30,23.33,11.67,17.5,0.0,24800.0,1.0
2017-10-01,25.56,11.67,18.61,0.0,23400.0,0.0
2017-10-02,26.67,13.33,20.0,0.0,8040.0,0.0
2017-10-03,28.33,16.11,22.22,0.0,11900.0,1.0
2017-10-04,28.89,16.67,22.78,0.0,22100.0,1.0
2017-10-05,26.67,17.22,21.94,0.0,23100.0,1.0
2017-10-06,28.89,16.67,22.78,0.0,18500.0,0.0
2017-10-07,28.33,18.33,23.33,17.27,19600.0,1.0
2017-10-08,22.22,17.22,19.72,32.26,25300.0,1.0
2017-10-09,26.11,20.56,23.34,0.51,53300.0,1.0
2017-10-10,24.44,19.44,21.94,23.88,56800.0,1.0
2017-10-11,23.89,15.0,19.44,0.0,63000.0,1.0
2017-10-12,19.44,15.0,17.22,0.0,79300.0,1.0
2017-10-13,23.89,12.22,18.06,0.0,62300.0,0.0
2017-10-14,29.44,13.33,21.38,0.0,54700.0,0.0
2017-10-15,26.67,12.78,19.73,0.25,46400.0,0.0
2017-10-16,18.33,9.44,13.88,0.0,38600.0,0.0
2017-10-17,19.44,6.11,12.78,0.0,24000.0,0.0
2017-10-18,22.22,6.67,14.44,0.0,26800.0,1.0
2017-10-19,23.89,8.89,16.39,0.0,39700.0,1.0
2017-10-20,25.56,10.0,17.78,0.0,35700.0,0.0
2017-10-21,25.56,11.67,18.61,0.0,29500.0,0.0
2017-10-22,25.56,13.89,19.73,0.0,24200.0,0.0
2017-10-23,21.11,10.0,15.56,18.29,22600.0,0.0
2017-10-24,16.11,7.78,11.94,1.52,24800.0,1.0
2017-10-25,12.22,6.11,9.17,0.0,31600.0,1.0
2017-10-26,19.44,3.89,11.66,0.0,85900.0,1.0
2017-10-27,18.89,4.44,11.66,24.38,108000.0,1.0
2017-10-28,6.11,2.22,4.16,5.84,80600.0,0.0
2017-10-29,5.0,-0.56,2.22,0.0,58100.0,0.0
2017-10-30,14.44,-0.56,6.94,0.0,54400.0,0.0
2017-10-31,10.56,2.22,6.39,0.0,78400.0,1.0
2017-11-01,17.22,5.0,11.11,4.32,91900.0,1.0
2017-11-02,22.78,15.56,19.17,0.0,107000.0,1.0
2017-11-03,21.67,12.22,16.94,21.59,104000.0,0.0
2017-11-04,21.11,11.67,16.39,0.0,86800.0,0.0
2017-11-05,25.56,17.78,21.67,0.25,98200.0,1.0
2017-11-06,22.78,10.56,16.67,4.32,205000.0,1.0
2017-11-07,11.11,8.33,9.72,6.35,239000.0,1.0
2017-11-08,12.78,5.0,8.89,0.0,259000.0,1.0
2017-11-09,15.56,2.22,8.89,0.0,280000.0,1.0
2017-11-10,6.67,0.0,3.34,0.0,283000.0,1.0
2017-11-11,9.44,-2.22,3.61,0.0,253000.0,0.0
2017-11-12,12.78,5.0,8.89,1.78,200000.0,0.0
2017-11-13,8.89,5.0,6.94,0.0,161000.0,0.0
2017-11-14,12.22,5.0,8.61,0.0,132000.0,0.0
2017-11-15,11.67,2.78,7.22,8.38,113000.0,0.0
2017-11-16,10.0,1.67,5.84,0.0,102000.0,0.0
2017-11-17,15.0,1.11,8.06,0.0,89600.0,0.0
2017-11-18,19.44,5.56,12.5,4.57,76500.0,0.0
2017-11-19,6.11,-0.56,2.78,0.0,99400.0,1.0
2017-11-20,10.56,-3.33,3.62,0.0,134000.0,1.0
2017-11-21,15.0,5.0,10.0,0.0,180000.0,1.0
2017-11-22,7.78,-1.11,3.34,0.0,207000.0,1.0
2017-11-23,9.44,-2.22,3.61,0.0,207000.0,0.0
2017-11-24,16.11,-0.56,7.78,0.0,182000.0,0.0
2017-11-25,17.22,6.67,11.94,0.0,155000.0,0.0
2017-11-26,13.89,1.67,7.78,0.0,140000.0,0.0
2017-11-27,18.89,1.11,10.0,0.0,123000.0,0.0
2017-11-28,18.89,5.56,12.22,0.0,105000.0,0.0
2017-11-29,17.22,7.22,12.22,0.0,96200.0,0.0
2017-11-30,13.89,5.0,9.44,0.76,92600.0,0.0
2017-12-01,13.89,0.56,7.22,0.0,86000.0,0.0
2017-12-02,15.56,2.22,8.89,0.0,64100.0,0.0
2017-12-03,16.67,0.56,8.62,0.0,56000.0,0.0
2017-12-04,20.56,5.0,12.78,1.02,50400.0,0.0
2017-12-05,17.22,0.56,8.89,23.62,45600.0,0.0
2017-12-06,9.44,-1.67,3.88,0.0,60500.0,1.0
2017-12-07,3.89,-3.89,0.0,0.0,61100.0,1.0
2017-12-08,1.67,-5.56,-1.94,0.0,56500.0,0.0
2017-12-09,1.11,-6.11,-2.5,0.0,64600.0,1.0
2017-12-10,6.67,-4.44,1.11,0.0,63300.0,0.0
2017-12-11,12.78,-2.78,5.0,0.0,55400.0,0.0
2017-12-12,7.78,-5.56,1.11,0.0,40900.0,0.0
2017-12-13,10.0,-6.11,1.94,0.0,50700.0,1.0
2017-12-14,6.67,-2.78,1.94,0.0,41300.0,0.0
2017-12-15,3.89,-2.22,0.84,0.0,43800.0,1.0
2017-12-16,11.67,1.11,6.39,0.0,42000.0,0.0
2017-12-17,8.33,3.89,6.11,0.25,42800.0,1.0
2017-12-18,10.56,6.67,8.62,0.25,40400.0,0.0
2017-12-19,12.78,7.22,10.0,0.0,35600.0,0.0
2017-12-20,13.33,3.33,8.33,0.0,31300.0,0.0
2017-12-21,15.0,0.56,7.78,0.0,33600.0,1.0
2017-12-22,15.0,12.78,13.89,17.53,41400.0,1.0
2017-12-23,14.44,3.33,8.88,26.16,75200.0,1.0
2017-12-24,3.89,-5.0,-0.55,0.51,131000.0,1.0
2017-12-25,0.0,-5.0,-2.5,0.0,172000.0,1.0
2017-12-26,-0.56,-6.11,-3.34,0.0,198000.0,1.0
2017-12-27,-6.11,-13.33,-9.72,0.0,191000.0,0.0
2017-12-28,-3.33,-11.67,-7.5,0.0,167000.0,0.0
2017-12-29,-0.56,-5.56,-3.06,0.0,131000.0,0.0
2017-12-30,-1.67,-11.11,-6.39,0.0,94700.0,0.0
2017-12-31,-6.11,-12.78,-9.44,0.0,77000.0,0.0
2018-01-01,-7.78,-16.11,-11.94,0.0,61300.0,0.0
2018-01-02,-5.56,-17.78,-11.67,0.0,42300.0,0.0
2018-01-03,-0.56,-13.89,-7.22,0.0,30200.0,0.0
2018-01-04,-4.44,-13.89,-9.17,0.0,23900.0,0.0
2018-01-05,-6.11,-12.78,-9.44,0.0,22600.0,0.0
2018-01-06,-5.0,-15.56,-10.28,0.0,22300.0,0.0
2018-01-07,6.67,-11.67,-2.5,0.0,22300.0,0.0
2018-01-08,5.0,1.67,3.34,4.83,22300.0,0.0
2018-01-09,6.67,2.78,4.72,0.25,22100.0,0.0
2018-01-10,17.22,5.56,11.39,0.0,22500.0,1.0
2018-01-11,,,,6.35,31800.0,1.0
2018-01-12,15.0,-3.89,5.56,14.73,63900.0,1.0
2018-01-13,-3.89,-10.0,-6.94,0.0,151000.0,1.0
2018-01-14,-5.0,-12.78,-8.89,0.0,245000.0,1.0
2018-01-15,0.56,-8.33,-3.88,2.03,315000.0,1.0
2018-01-16,-8.33,-14.44,-11.38,0.76,353000.0,1.0
2018-01-17,-6.67,-13.33,-10.0,0.0,358000.0,1.0
2018-01-18,0.56,-11.11,-5.28,0.0,308000.0,0.0
2018-01-19,6.67,-5.56,0.56,0.0,231000.0,0.0
2018-01-20,12.22,4.44,8.33,0.0,171000.0,0.0
2018-01-21,15.0,9.44,12.22,0.25,148000.0,0.0
2018-01-22,16.11,10.0,13.06,3.56,162000.0,1.0
2018-01-23,10.56,1.11,5.84,0.0,186000.0,1.0
2018-01-24,3.89,-2.22,0.84,0.0,210000.0,1.0
2018-01-25,11.11,-4.44,3.33,0.0,226000.0,1.0
2018-01-26,16.11,1.67,8.89,0.0,232000.0,1.0
2018-01-27,15.0,9.44,12.22,11.68,228000.0,0.0
2018-01-28,12.78,2.22,7.5,0.0,214000.0,0.0
2018-01-29,4.44,-1.11,1.66,0.0,205000.0,0.0
2018-01-30,3.33,-3.89,-0.28,0.0,219000.0,1.0
2018-01-31,14.44,-2.22,6.11,0.0,227000.0,1.0
2018-02-01,10.0,-5.0,2.5,3.05,219000.0,0.0
2018-02-02,-2.22,-10.0,-6.11,0.0,190000.0,0.0
2018-02-03,6.11,-8.33,-1.11,0.0,164000.0,0.0
2018-02-04,6.67,-4.44,1.11,4.32,149000.0,0.0
2018-02-05,0.0,-6.67,-3.34,0.0,142000.0,0.0
2018-02-06,3.33,-0.56,1.38,1.78,131000.0,0.0
2018-02-07,1.11,-3.89,-1.39,17.78,150000.0,1.0
2018-02-08,2.78,-7.22,-2.22,0.0,206000.0,1.0
2018-02-09,15.56,-2.22,6.67,0.0,259000.0,1.0
2018-02-10,9.44,3.33,6.38,2.79,294000.0,1.0
2018-02-11,5.56,-1.11,2.22,14.48,291000.0,0.0
2018-02-12,7.22,-4.44,1.39,0.0,287000.0,0.0
2018-02-13,9.44,-2.22,3.61,0.0,326000.0,1.0
2018-02-14,17.22,6.11,11.66,11.18,409000.0,1.0
2018-02-15,23.33,16.67,20.0,1.02,465000.0,1.0
2018-02-16,21.67,3.33,12.5,20.83,479000.0,1.0
2018-02-17,5.0,0.56,2.78,7.87,501000.0,1.0
2018-02-18,11.11,-1.11,5.0,0.0,515000.0,1.0
2018-02-19,25.56,8.89,17.23,0.0,559000.0,1.0
2018-02-20,27.78,18.89,23.34,0.0,597000.0,1.0
2018-02-21,22.22,7.22,14.72,21.84,616000.0,1.0
2018-02-22,10.56,6.11,8.34,38.35,621000.0,1.0
2018-02-23,20.0,9.44,14.72,42.16,656000.0,1.0
2018-02-24,17.78,10.56,14.17,75.69,667000.0,1.0
2018-02-25,17.22,6.67,11.94,2.79,703000.0,1.0
2018-02-26,15.56,2.78,9.17,0.0,712000.0,1.0
2018-02-27,18.89,3.33,11.11,0.0,693000.0,0.0
2018-02-28,16.67,11.67,14.17,1.78,670000.0,0.0
2018-03-01,15.56,6.11,10.84,3.05,641000.0,0.0
2018-03-02,11.11,1.67,6.39,0.0,603000.0,0.0
2018-03-03,12.78,0.0,6.39,0.0,561000.0,0.0
2018-03-04,12.78,0.56,6.67,0.0,498000.0,0.0
2018-03-05,11.67,2.78,7.22,0.0,438000.0,0.0
2018-03-06,16.67,2.22,9.44,0.51,395000.0,0.0
2018-03-07,6.11,0.56,3.34,0.25,349000.0,0.0
2018-03-08,3.89,-1.11,1.39,0.0,293000.0,0.0
2018-03-09,8.89,-2.78,3.06,2.79,254000.0,0.0
2018-03-10,10.0,2.22,6.11,11.94,223000.0,0.0
2018-03-11,10.0,0.56,5.28,6.35,203000.0,0.0
2018-03-12,7.22,0.0,3.61,0.0,181000.0,0.0
2018-03-13,8.33,-1.11,3.61,0.51,161000.0,0.0
2018-03-14,7.22,-3.89,1.66,0.0,148000.0,0.0
2018-03-15,18.89,3.33,11.11,0.0,140000.0,0.0
2018-03-16,11.67,1.11,6.39,0.0,145000.0,1.0
2018-03-17,17.78,5.56,11.67,0.25,128000.0,0.0
2018-03-18,16.67,3.33,10.0,0.0,123000.0,0.0
2018-03-19,16.67,5.0,10.84,6.35,123000.0,0.0
2018-03-20,9.44,0.56,5.0,14.48,121000.0,0.0
2018-03-21,4.44,-1.11,1.66,11.43,125000.0,1.0
2018-03-22,8.89,-3.89,2.5,0.0,143000.0,1.0
2018-03-23,12.22,0.56,6.39,0.0,171000.0,1.0
2018-03-24,8.33,2.22,5.28,30.99,184000.0,1.0
2018-03-25,11.67,1.67,6.67,0.0,174000.0,0.0
2018-03-26,17.78,6.67,12.23,1.78,173000.0,0.0
2018-03-27,20.56,10.0,15.28,0.0,184000.0,1.0
2018-03-28,16.67,13.89,15.28,10.92,221000.0,1.0
2018-03-29,17.22,8.89,13.06,19.3,230000.0,1.0
2018-03-30,14.44,6.67,10.56,2.54,285000.0,1.0
2018-03-31,19.44,2.22,10.83,4.83,402000.0,1.0
2018-04-01,11.67,3.33,7.5,20.32,453000.0,1.0
2018-04-02,11.11,3.33,7.22,0.0,464000.0,1.0
2018-04-03,26.67,8.89,17.78,10.41,479000.0,1.0
2018-04-04,8.89,1.11,5.0,0.0,535000.0,1.0
2018-04-05,13.33,-1.11,6.11,0.0,547000.0,1.0
2018-04-06,18.33,1.67,10.0,0.0,545000.0,0.0
2018-04-07,7.78,-1.11,3.34,1.27,554000.0,1.0
2018-04-08,8.33,-0.56,3.88,0.0,548000.0,0.0
2018-04-09,14.44,1.67,8.06,1.27,522000.0,0.0
2018-04-10,9.44,2.78,6.11,0.0,462000.0,0.0
2018-04-11,20.0,0.56,10.28,0.0,364000.0,0.0
2018-04-12,28.33,15.0,21.66,0.0,281000.0,0.0
2018-04-13,28.33,19.44,23.88,0.0,239000.0,0.0
2018-04-14,23.33,16.67,20.0,16.26,198000.0,0.0
2018-04-15,16.67,5.56,11.12,13.97,181000.0,0.0
2018-04-16,5.56,0.56,3.06,1.02,224000.0,1.0
2018-04-17,16.67,0.0,8.34,0.0,254000.0,1.0
2018-04-18,26.67,5.0,15.84,1.27,333000.0,1.0
2018-04-19,12.78,3.89,8.33,0.0,404000.0,1.0
2018-04-20,17.78,2.22,10.0,0.0,442000.0,1.0
2018-04-21,21.67,7.22,14.44,0.0,445000.0,1.0
2018-04-22,23.33,11.67,17.5,0.0,404000.0,0.0
2018-04-23,17.78,11.11,14.44,15.75,339000.0,0.0
2018-04-24,15.0,12.22,13.61,4.83,283000.0,0.0
2018-04-25,21.11,12.22,16.66,0.0,251000.0,0.0
2018-04-26,22.22,8.89,15.56,0.0,235000.0,0.0
2018-04-27,24.44,7.78,16.11,0.0,246000.0,1.0
2018-04-28,18.33,8.89,13.61,0.0,255000.0,1.0
2018-04-29,18.33,2.78,10.56,0.0,240000.0,0.0
2018-04-30,24.44,4.44,14.44,0.0,201000.0,0.0
2018-05-01,28.89,9.44,19.16,0.0,165000.0,0.0
2018-05-02,31.11,20.0,25.56,0.0,139000.0,0.0
2018-05-03,27.22,22.22,24.72,0.0,134000.0,0.0
2018-05-04,27.78,20.56,24.17,0.0,122000.0,0.0
2018-05-05,21.11,16.11,18.61,80.01,112000.0,0.0
2018-05-06,27.78,15.0,21.39,1.27,111000.0,0.0
2018-05-07,24.44,13.89,19.16,0.0,144000.0,1.0
2018-05-08,26.67,11.67,19.17,0.0,210000.0,1.0
2018-05-09,30.0,13.33,21.66,0.0,257000.0,1.0
2018-05-10,30.56,20.56,25.56,2.29,263000.0,1.0
2018-05-11,31.11,18.89,25.0,0.0,209000.0,0.0
2018-05-12,31.67,21.67,26.67,0.0,145000.0,0.0
2018-05-13,31.67,20.56,26.12,0.0,118000.0,0.0
2018-05-14,33.33,22.22,27.78,0.0,114000.0,0.0
2018-05-15,32.78,22.78,27.78,0.0,114000.0,0.0
2018-05-16,27.78,21.11,24.44,1.78,138000.0,1.0
2018-05-17,28.33,19.44,23.88,5.08,162000.0,1.0
2018-05-18,25.56,20.56,23.06,0.76,179000.0,1.0
2018-05-19,28.33,20.56,24.44,0.0,197000.0,1.0
2018-05-20,32.78,19.44,26.11,0.0,194000.0,0.0
2018-05-21,31.11,21.11,26.11,2.29,191000.0,0.0
2018-05-22,28.89,21.11,25.0,6.1,194000.0,1.0
2018-05-23,30.0,20.0,25.0,0.0,233000.0,1.0
2018-05-24,30.56,18.33,24.44,0.0,238000.0,1.0
2018-05-25,31.67,17.78,24.72,0.0,238000.0,0.0
2018-05-26,30.56,21.67,26.12,0.0,230000.0,0.0
2018-05-27,31.67,21.11,26.39,6.6,195000.0,0.0
2018-05-28,32.22,21.67,26.94,8.64,147000.0,0.0
2018-05-29,30.56,21.67,26.12,2.54,134000.0,0.0
2018-05-30,30.0,23.89,26.94,2.03,137000.0,1.0
2018-05-31,28.89,21.11,25.0,7.11,125000.0,0.0
2018-06-01,30.56,19.44,25.0,30.99,116000.0,0.0
2018-06-02,32.78,21.11,26.94,0.0,122000.0,1.0
2018-06-03,28.89,20.0,24.44,0.0,98000.0,0.0
2018-06-04,26.67,15.56,21.12,0.0,121000.0,1.0
2018-06-05,29.44,16.11,22.78,0.0,120000.0,0.0
2018-06-06,28.33,18.89,23.61,0.0,121000.0,1.0
2018-06-07,31.11,17.78,24.44,0.0,119000.0,0.0
2018-06-08,32.78,22.22,27.5,0.0,103000.0,0.0
2018-06-09,33.89,21.67,27.78,6.6,82500.0,0.0
2018-06-10,30.56,20.56,25.56,9.65,77600.0,0.0
2018-06-11,27.22,20.56,23.89,27.43,77200.0,0.0
2018-06-12,31.11,21.11,26.11,1.27,96200.0,1.0
2018-06-13,30.0,22.22,26.11,0.0,141000.0,1.0
2018-06-14,31.11,20.56,25.84,0.0,135000.0,0.0
2018-06-15,33.33,20.56,26.94,0.0,136000.0,1.0
2018-06-16,34.44,22.78,28.61,0.0,137000.0,1.0
2018-06-17,35.0,24.44,29.72,0.0,104000.0,0.0
2018-06-18,34.44,25.56,30.0,0.0,71300.0,0.0
2018-06-19,33.89,25.56,29.72,0.0,68300.0,0.0
2018-06-20,32.78,24.44,28.61,10.16,63900.0,0.0
2018-06-21,28.33,22.78,25.56,2.03,65500.0,1.0
2018-06-22,25.56,20.0,22.78,8.13,125000.0,1.0
2018-06-23,27.78,20.0,23.89,0.0,172000.0,1.0
2018-06-24,31.67,22.22,26.94,0.0,207000.0,1.0
2018-06-25,27.22,21.67,24.44,25.65,220000.0,1.0
2018-06-26,30.56,21.67,26.12,39.12,201000.0,0.0
2018-06-27,30.56,21.11,25.84,1.02,186000.0,0.0
2018-06-28,32.78,23.33,28.06,0.0,175000.0,0.0
2018-06-29,33.33,23.89,28.61,0.0,180000.0,1.0
2018-06-30,34.44,23.89,29.16,0.0,190000.0,1.0
2018-07-01,34.44,25.56,30.0,0.0,164000.0,0.0
2018-07-02,34.44,23.89,29.16,19.05,119000.0,0.0
2018-07-03,32.78,23.89,28.34,3.56,94000.0,0.0
2018-07-04,36.11,24.44,30.28,0.0,95200.0,1.0
2018-07-05,36.67,26.67,31.67,0.0,98300.0,1.0
2018-07-06,31.67,23.33,27.5,0.0,76400.0,0.0
2018-07-07,30.0,17.78,23.89,0.0,87000.0,1.0
2018-07-08,32.78,20.0,26.39,0.0,99000.0,1.0
2018-07-09,33.33,23.33,28.33,0.0,82300.0,0.0
2018-07-10,34.44,24.44,29.44,0.0,73800.0,0.0
2018-07-11,33.33,25.0,29.16,0.0,30900.0,0.0
2018-07-12,31.67,20.56,26.12,0.0,31500.0,1.0
2018-07-13,33.89,20.0,26.94,0.0,44400.0,1.0
2018-07-14,35.0,22.22,28.61,0.0,17000.0,0.0
2018-07-15,28.89,22.78,25.84,9.4,34300.0,1.0
2018-07-16,31.11,23.33,27.22,6.35,33900.0,0.0
2018-07-17,32.22,23.89,28.06,0.0,17500.0,0.0
2018-07-18,31.11,20.0,25.56,0.0,29400.0,1.0
2018-07-19,32.22,18.89,25.56,0.0,48800.0,1.0
2018-07-20,32.78,20.56,26.67,59.69,36600.0,0.0
2018-07-21,28.89,18.89,23.89,1.02,56600.0,1.0
2018-07-22,28.33,19.44,23.88,5.59,56700.0,1.0
2018-07-23,27.78,18.33,23.06,0.0,75400.0,1.0
2018-07-24,30.0,20.56,25.28,0.0,78600.0,1.0
2018-07-25,32.22,20.56,26.39,0.0,74800.0,0.0
2018-07-26,31.11,21.11,26.11,0.0,65900.0,0.0
2018-07-27,28.89,20.0,24.44,0.0,49400.0,0.0
2018-07-28,28.33,18.33,23.33,0.0,54700.0,1.0
2018-07-29,30.0,18.89,24.44,0.0,48200.0,0.0
2018-07-30,28.89,21.67,25.28,9.14,36500.0,0.0
2018-07-31,27.78,20.56,24.17,16.51,44600.0,1.0
2018-08-01,27.78,21.11,24.44,23.88,87800.0,1.0
2018-08-02,28.89,21.11,25.0,0.0,99600.0,1.0
2018-08-03,31.67,20.56,26.12,0.0,112000.0,1.0
2018-08-04,32.78,22.22,27.5,0.0,102000.0,0.0
2018-08-05,33.89,22.78,28.34,0.0,91600.0,0.0
2018-08-06,33.33,23.33,28.33,0.0,109000.0,1.0
2018-08-07,31.11,24.44,27.78,0.0,85300.0,0.0
2018-08-08,30.56,23.33,26.94,14.22,53200.0,0.0
2018-08-09,31.11,23.33,27.22,0.0,61100.0,1.0
2018-08-10,30.0,21.67,25.84,0.0,63900.0,1.0
2018-08-11,31.67,21.67,26.67,0.0,60300.0,0.0
2018-08-12,31.67,21.67,26.67,0.0,68200.0,1.0
2018-08-13,31.67,20.56,26.12,0.0,81300.0,1.0
2018-08-14,32.22,20.56,26.39,0.0,49300.0,0.0
2018-08-15,27.22,20.56,23.89,11.18,36100.0,0.0
2018-08-16,30.0,21.11,25.56,80.77,75700.0,1.0
2018-08-17,30.56,24.44,27.5,0.0,122000.0,1.0
2018-08-18,30.56,23.33,26.94,9.4,66100.0,0.0
2018-08-19,32.22,21.67,26.94,0.0,102000.0,1.0
2018-08-20,30.56,22.78,26.67,4.57,106000.0,1.0
2018-08-21,28.33,21.67,25.0,4.06,81000.0,0.0
2018-08-22,26.67,18.33,22.5,0.76,77300.0,0.0
2018-08-23,27.78,15.56,21.67,0.0,77800.0,1.0
2018-08-24,25.56,16.11,20.84,0.0,86400.0,1.0
2018-08-25,31.11,22.22,26.66,0.76,83400.0,0.0
2018-08-26,32.22,25.0,28.61,0.0,63000.0,0.0
2018-08-27,33.33,25.56,29.44,0.0,48400.0,0.0
2018-08-28,33.89,25.0,29.44,0.0,55000.0,1.0
2018-08-29,33.33,24.44,28.88,3.3,39700.0,0.0
2018-08-30,31.11,22.78,26.94,0.0,33600.0,0.0
2018-08-31,31.67,22.22,26.94,30.73,30400.0,0.0
2018-09-01,31.67,22.22,26.94,0.0,41400.0,1.0
2018-09-02,33.89,22.22,28.06,0.0,40300.0,0.0
2018-09-03,33.89,23.33,28.61,0.0,29400.0,0.0
2018-09-04,34.44,24.44,29.44,0.0,38100.0,1.0
2018-09-05,32.22,24.44,28.33,0.0,38900.0,1.0
2018-09-06,30.56,22.78,26.67,17.27,24500.0,0.0
2018-09-07,31.11,23.33,27.22,0.51,34900.0,1.0
2018-09-08,24.44,18.89,21.66,97.54,52100.0,1.0
2018-09-09,19.44,16.67,18.06,2.03,242000.0,1.0
2018-09-10,20.0,15.0,17.5,1.02,343000.0,1.0
2018-09-11,22.22,14.44,18.33,0.0,375000.0,1.0
2018-09-12,27.22,16.67,21.94,0.0,401000.0,1.0
2018-09-13,31.67,18.33,25.0,0.0,423000.0,1.0
2018-09-14,32.78,21.11,26.94,0.0,424000.0,1.0
2018-09-15,33.33,21.67,27.5,0.0,381000.0,0.0
2018-09-16,29.44,22.22,25.83,0.0,271000.0,0.0
2018-09-17,29.44,22.22,25.83,3.3,171000.0,0.0
2018-09-18,33.89,22.22,28.06,0.0,158000.0,0.0
2018-09-19,33.89,22.78,28.34,0.0,192000.0,1.0
2018-09-20,34.44,23.33,28.88,0.0,219000.0,1.0
2018-09-21,32.78,23.33,28.06,1.27,230000.0,1.0
2018-09-22,23.33,16.67,20.0,14.48,210000.0,0.0
2018-09-23,20.0,16.11,18.06,43.18,153000.0,0.0
2018-09-24,23.33,18.33,20.83,63.25,173000.0,1.0
2018-09-25,28.33,21.67,25.0,18.03,249000.0,1.0
2018-09-26,25.0,16.11,20.56,14.22,274000.0,1.0
2018-09-27,17.22,13.33,15.27,1.02,294000.0,1.0
2018-09-28,22.22,11.67,16.94,0.0,305000.0,1.0
2018-09-29,25.0,13.33,19.16,0.0,313000.0,1.0
2018-09-30,27.78,14.44,21.11,0.0,348000.0,1.0
2018-10-01,30.56,17.22,23.89,0.0,361000.0,1.0
2018-10-02,30.56,22.78,26.67,0.0,326000.0,0.0
2018-10-03,31.11,21.11,26.11,0.0,248000.0,0.0
2018-10-04,30.56,21.67,26.12,0.0,164000.0,0.0
2018-10-05,33.33,21.11,27.22,6.6,132000.0,0.0
2018-10-06,32.22,22.22,27.22,0.0,146000.0,1.0
2018-10-07,32.22,21.11,26.66,0.0,159000.0,1.0
2018-10-08,31.67,22.22,26.94,0.0,158000.0,0.0
2018-10-09,31.11,22.22,26.66,0.0,139000.0,0.0
2018-10-10,28.33,21.67,25.0,3.3,128000.0,0.0
2018-10-11,23.33,9.44,16.38,0.0,111000.0,0.0
2018-10-12,15.56,5.56,10.56,4.06,107000.0,0.0
2018-10-13,11.11,5.0,8.06,0.0,120000.0,1.0
2018-10-14,15.56,8.89,12.23,7.62,158000.0,1.0
2018-10-15,16.11,7.78,11.94,4.83,176000.0,1.0
2018-10-16,12.22,6.11,9.17,0.0,171000.0,0.0
2018-10-17,18.33,6.11,12.22,0.0,158000.0,0.0
2018-10-18,15.56,5.0,10.28,0.0,154000.0,0.0
2018-10-19,18.33,3.33,10.83,4.83,141000.0,0.0
2018-10-20,18.89,5.0,11.94,0.0,113000.0,0.0
2018-10-21,12.78,1.11,6.94,0.0,101000.0,0.0
2018-10-22,19.44,2.22,10.83,0.0,89800.0,0.0
2018-10-23,21.67,6.11,13.89,0.0,82100.0,0.0
2018-10-24,16.11,3.33,9.72,0.0,77500.0,0.0
2018-10-25,13.89,6.67,10.28,0.0,76700.0,0.0
2018-10-26,12.78,8.89,10.84,10.41,74500.0,0.0
2018-10-27,13.33,8.33,10.83,0.0,70900.0,0.0
2018-10-28,20.56,6.11,13.34,0.25,70000.0,0.0
2018-10-29,18.33,5.56,11.94,0.0,78500.0,1.0
2018-10-30,22.78,6.11,14.44,0.0,109000.0,1.0
2018-10-31,20.56,16.11,18.34,28.96,134000.0,1.0
2018-11-01,19.44,9.44,14.44,34.29,171000.0,1.0
2018-11-02,11.11,5.56,8.33,0.25,263000.0,1.0
2018-11-03,15.56,3.89,9.72,0.0,274000.0,1.0
2018-11-04,17.78,8.33,13.06,2.79,254000.0,0.0
2018-11-05,17.78,11.67,14.73,31.5,245000.0,0.0
2018-11-06,17.78,10.0,13.89,1.27,268000.0,1.0
2018-11-07,15.56,6.11,10.84,0.0,344000.0,1.0
2018-11-08,8.33,2.22,5.28,0.0,335000.0,0.0
2018-11-09,8.89,1.11,5.0,4.06,317000.0,0.0
2018-11-10,4.44,-5.0,-0.28,0.0,299000.0,0.0
2018-11-11,10.0,-5.56,2.22,0.0,286000.0,0.0
2018-11-12,7.22,2.22,4.72,1.78,291000.0,1.0
2018-11-13,3.89,-1.11,1.39,1.02,287000.0,0.0
2018-11-14,1.67,-2.78,-0.55,19.05,262000.0,0.0
2018-11-15,2.78,0.0,1.39,9.4,233000.0,0.0
2018-11-16,6.11,0.0,3.06,0.0,257000.0,1.0
2018-11-17,10.0,-1.67,4.16,0.0,321000.0,1.0
2018-11-18,16.67,1.67,9.17,0.0,384000.0,1.0
2018-11-19,9.44,5.56,7.5,1.27,404000.0,1.0
2018-11-20,5.56,0.56,3.06,0.0,374000.0,0.0
2018-11-21,11.11,-1.11,5.0,0.0,306000.0,0.0
2018-11-22,13.33,0.0,6.66,0.0,265000.0,0.0
2018-11-23,13.33,1.67,7.5,5.08,249000.0,0.0
2018-11-24,15.56,6.67,11.12,3.3,228000.0,0.0
2018-11-25,17.22,2.78,10.0,2.79,217000.0,0.0
2018-11-26,11.67,-1.11,5.28,0.25,217000.0,0.0
2018-11-27,-1.11,-5.0,-3.06,0.0,224000.0,1.0
2018-11-28,1.11,-5.0,-1.94,0.0,231000.0,1.0
2018-11-29,10.0,-1.11,4.44,1.27,226000.0,0.0
2018-11-30,13.33,9.44,11.38,1.52,225000.0,0.0
2018-12-01,17.22,11.11,14.16,41.15,233000.0,1.0
2018-12-02,19.44,7.78,13.61,0.0,313000.0,1.0
2018-12-03,7.78,3.89,5.84,0.51,347000.0,1.0
2018-12-04,4.44,1.11,2.78,0.0,351000.0,1.0
2018-12-05,2.22,-2.22,0.0,0.0,341000.0,0.0
2018-12-06,8.33,-2.78,2.78,0.0,301000.0,0.0
2018-12-07,6.11,-2.78,1.67,0.0,261000.0,0.0
2018-12-08,0.0,-2.78,-1.39,0.0,218000.0,0.0
2018-12-09,7.22,-2.22,2.5,0.0,189000.0,0.0
2018-12-10,6.67,-5.56,0.56,0.0,158000.0,0.0
2018-12-11,9.44,-6.11,1.66,0.0,132000.0,0.0
2018-12-12,12.78,2.22,7.5,0.0,118000.0,0.0
2018-12-13,15.56,8.89,12.23,0.0,118000.0,0.0
2018-12-14,11.11,8.89,10.0,5.08,115000.0,0.0
2018-12-15,11.11,7.22,9.16,38.35,112000.0,0.0
2018-12-16,11.67,4.44,8.06,0.0,171000.0,1.0
2018-12-17,12.78,1.11,6.94,0.0,238000.0,1.0
2018-12-18,10.0,-0.56,4.72,0.0,317000.0,1.0
2018-12-19,15.0,0.0,7.5,0.0,391000.0,1.0
2018-12-20,11.11,7.78,9.44,13.72,397000.0,1.0
2018-12-21,8.33,2.78,5.56,1.02,361000.0,0.0
2018-12-22,7.78,1.11,4.44,0.0,361000.0,0.0
2018-12-23,6.11,0.56,3.34,0.0,397000.0,1.0
2018-12-24,10.56,-1.11,4.73,0.0,454000.0,1.0
2018-12-25,10.0,1.11,5.56,0.0,499000.0,1.0
2018-12-26,11.67,-1.67,5.0,0.0,505000.0,1.0
2018-12-27,15.56,5.0,10.28,10.67,473000.0,0.0
2018-12-28,16.11,2.22,9.16,1.78,392000.0,0.0
2018-12-29,4.44,1.67,3.06,0.0,301000.0,0.0
2018-12-30,10.0,0.56,5.28,0.0,249000.0,0.0
2018-12-31,18.33,6.67,12.5,31.5,245000.0,0.0
2019-01-01,12.22,5.56,8.89,0.0,338000.0,1.0
2019-01-02,7.22,4.44,5.83,0.0,397000.0,1.0
2019-01-03,7.22,2.78,5.0,0.0,406000.0,1.0
2019-01-04,8.33,2.78,5.56,17.27,393000.0,0.0
2019-01-05,13.89,2.22,8.06,0.0,371000.0,0.0
2019-01-06,15.0,2.22,8.61,0.0,372000.0,1.0
2019-01-07,18.33,8.89,13.61,0.0,341000.0,0.0
2019-01-08,19.44,6.67,13.06,0.0,301000.0,0.0
2019-01-09,6.67,-3.33,1.67,0.0,266000.0,0.0
2019-01-10,1.11,-4.44,-1.66,0.0,227000.0,0.0
2019-01-11,2.78,-5.0,-1.11,0.76,193000.0,0.0
2019-01-12,4.44,-0.56,1.94,8.13,173000.0,0.0
2019-01-13,3.89,0.56,2.22,3.81,169000.0,0.0
2019-01-14,2.78,-2.22,0.28,0.0,157000.0,0.0
2019-01-15,2.22,-2.22,0.0,0.0,149000.0,0.0
2019-01-16,5.0,2.22,3.61,0.0,144000.0,0.0
2019-01-17,7.78,4.39,6.08,3.56,132000.0,0.0
2019-01-18,5.56,3.33,4.44,0.0,126000.0,0.0
2019-01-19,8.89,-3.89,2.5,22.35,137000.0,1.0
2019-01-20,-3.33,-9.44,-6.38,1.78,208000.0,1.0
2019-01-21,-4.44,-11.67,-8.06,0.0,270000.0,1.0
2019-01-22,9.44,-6.67,1.38,0.0,346000.0,1.0
2019-01-23,12.22,-0.56,5.83,21.84,399000.0,1.0
2019-01-24,2.22,-3.89,-0.84,0.0,432000.0,1.0
2019-01-25,-2.22,-10.0,-6.11,0.0,433000.0,1.0
2019-01-26,5.56,-3.89,0.83,0.0,446000.0,1.0
2019-01-27,6.11,-2.22,1.94,0.0,478000.0,1.0
2019-01-28,11.67,-3.33,4.17,1.02,485000.0,1.0
2019-01-29,-3.33,-9.44,-6.38,0.76,457000.0,0.0
2019-01-30,-5.56,-16.11,-10.84,0.51,388000.0,0.0
2019-01-31,-3.89,-15.0,-9.44,0.0,297000.0,0.0
2019-02-01,4.44,-3.89,0.28,0.51,232000.0,0.0
2019-02-02,15.0,-1.67,6.66,0.0,184000.0,0.0
2019-02-03,21.11,4.44,12.78,0.0,150000.0,0.0
2019-02-04,16.11,7.78,11.94,1.78,130000.0,0.0
2019-02-05,16.11,8.89,12.5,1.78,129000.0,0.0
2019-02-06,18.33,10.56,14.44,11.43,168000.0,1.0
2019-02-07,21.11,2.22,11.66,35.81,288000.0,1.0
2019-02-08,2.22,-6.67,-2.22,0.0,428000.0,1.0
2019-02-09,2.22,-7.78,-2.78,0.0,510000.0,1.0
2019-02-10,6.11,-3.33,1.39,6.6,535000.0,1.0
2019-02-11,10.56,5.56,8.06,39.12,555000.0,1.0
2019-02-12,14.44,1.67,8.06,31.24,618000.0,1.0
2019-02-13,6.67,-1.67,2.5,0.0,675000.0,1.0
2019-02-14,16.11,2.78,9.44,0.0,683000.0,1.0
2019-02-15,13.33,-0.56,6.38,0.25,663000.0,0.0
2019-02-16,6.11,-2.22,1.94,0.0,643000.0,0.0
2019-02-17,5.0,0.0,2.5,0.0,605000.0,0.0
2019-02-18,3.33,-1.11,1.11,0.0,538000.0,0.0
2019-02-19,3.89,-2.22,0.84,1.02,450000.0,0.0
2019-02-20,12.22,1.11,6.66,51.31,401000.0,0.0
2019-02-21,8.89,1.67,5.28,0.0,478000.0,1.0
2019-02-22,8.33,5.0,6.66,0.0,534000.0,1.0
2019-02-23,16.67,5.56,11.12,28.19,563000.0,1.0
2019-02-24,17.22,2.22,9.72,0.51,590000.0,1.0
2019-02-25,8.33,-3.33,2.5,0.0,610000.0,1.0
2019-02-26,14.44,-1.67,6.38,0.0,630000.0,1.0
2019-02-27,20.56,0.56,10.56,0.0,645000.0,1.0
2019-02-28,5.56,1.11,3.34,3.3,641000.0,0.0
2019-03-01,3.89,1.11,2.5,0.0,597000.0,0.0
2019-03-02,6.67,3.33,5.0,0.0,491000.0,0.0
2019-03-03,4.44,-1.67,1.39,3.56,358000.0,0.0
2019-03-04,-1.67,-9.44,-5.56,0.0,279000.0,0.0
2019-03-05,0.0,-11.11,-5.56,0.0,244000.0,0.0
2019-03-06,1.67,-8.89,-3.61,0.0,233000.0,0.0
2019-03-07,3.33,-2.22,0.55,0.25,234000.0,1.0
2019-03-08,6.67,0.0,3.34,3.81,204000.0,0.0
2019-03-09,17.78,3.33,10.56,27.43,187000.0,0.0
2019-03-10,16.67,6.67,11.67,0.0,232000.0,1.0
2019-03-11,13.33,4.44,8.88,0.0,288000.0,1.0
2019-03-12,12.22,1.11,6.66,0.0,317000.0,1.0
2019-03-13,22.22,6.67,14.44,0.0,326000.0,1.0
2019-03-14,25.56,13.89,19.73,16.51,307000.0,0.0
2019-03-15,15.0,2.78,8.89,0.0,310000.0,1.0
2019-03-16,11.67,0.0,5.84,0.0,266000.0,0.0
2019-03-17,15.0,-0.56,7.22,0.0,223000.0,0.0
2019-03-18,12.22,-0.56,5.83,0.0,216000.0,0.0
2019-03-19,12.78,0.56,6.67,0.0,210000.0,0.0
2019-03-20,17.78,4.44,11.11,0.0,177000.0,0.0
2019-03-21,10.56,5.56,8.06,1.52,156000.0,0.0
2019-03-22,15.56,3.89,9.72,0.0,139000.0,0.0
2019-03-23,16.67,0.0,8.34,0.0,129000.0,0.0
2019-03-24,16.67,7.22,11.94,1.78,120000.0,0.0
2019-03-25,13.33,5.0,9.16,8.13,110000.0,0.0
2019-03-26,12.22,0.56,6.39,0.0,124000.0,1.0
2019-03-27,18.89,0.0,9.44,0.0,120000.0,0.0
2019-03-28,23.89,5.0,14.44,0.0,109000.0,0.0
2019-03-29,20.56,13.33,16.94,1.27,110000.0,1.0
2019-03-30,21.11,3.89,12.5,30.73,99200.0,0.0
2019-03-31,8.33,0.56,4.44,0.0,182000.0,1.0
2019-04-01,10.56,-1.67,4.44,0.0,191000.0,1.0
2019-04-02,16.67,3.89,10.28,0.0,171000.0,0.0
2019-04-03,20.56,7.78,14.17,0.0,183000.0,1.0
2019-04-04,24.44,11.11,17.77,1.27,181000.0,0.0
2019-04-05,17.22,11.67,14.44,4.83,157000.0,0.0
2019-04-06,22.22,13.89,18.06,0.0,135000.0,0.0
2019-04-07,21.11,13.33,17.22,14.22,124000.0,0.0
2019-04-08,22.78,16.11,19.44,0.25,105000.0,0.0
2019-04-09,23.33,13.89,18.61,0.0,100000.0,0.0
2019-04-10,25.0,9.44,17.22,0.0,99400.0,0.0
2019-04-11,28.89,13.89,21.39,0.0,89700.0,0.0
2019-04-12,25.0,13.33,19.16,1.52,98900.0,1.0
2019-04-13,22.22,8.33,15.27,2.03,99500.0,1.0
2019-04-14,26.11,5.0,15.56,32.77,98300.0,0.0
2019-04-15,15.0,3.33,9.16,0.0,137000.0,1.0
2019-04-16,26.67,6.11,16.39,0.0,170000.0,1.0
2019-04-17,26.67,16.11,21.39,0.0,202000.0,1.0
2019-04-18,25.56,13.33,19.44,6.1,227000.0,1.0
2019-04-19,13.33,7.22,10.28,45.72,243000.0,1.0
2019-04-20,8.33,5.0,6.66,27.18,305000.0,1.0
2019-04-21,22.78,3.89,13.34,0.0,342000.0,1.0
2019-04-22,27.22,8.33,17.77,0.0,281000.0,0.0
2019-04-23,28.89,16.11,22.5,0.0,271000.0,0.0
2019-04-24,26.11,13.33,19.72,9.65,279000.0,1.0
2019-04-25,25.0,16.67,20.84,17.27,276000.0,0.0
2019-04-26,20.0,12.78,16.39,4.57,277000.0,1.0
2019-04-27,18.89,9.44,14.16,0.76,284000.0,1.0
2019-04-28,18.89,9.44,14.16,0.0,270000.0,0.0
2019-04-29,28.33,7.22,17.77,0.0,288000.0,1.0
2019-04-30,29.44,16.11,22.78,0.0,289000.0,1.0
2019-05-01,29.44,19.44,24.44,3.3,260000.0,0.0
2019-05-02,26.67,16.67,21.67,8.13,227000.0,0.0
2019-05-03,25.0,17.78,21.39,30.23,217000.0,0.0
2019-05-04,21.67,14.44,18.06,8.64,237000.0,1.0
2019-05-05,23.33,12.78,18.06,0.25,233000.0,0.0
2019-05-06,26.67,11.11,18.89,0.0,227000.0,0.0
2019-05-07,27.78,15.0,21.39,0.0,247000.0,1.0
2019-05-08,30.0,16.11,23.06,0.0,262000.0,1.0
2019-05-09,25.56,19.44,22.5,0.0,239000.0,0.0
2019-05-10,20.0,12.78,16.39,0.0,207000.0,0.0
2019-05-11,21.67,11.11,16.39,7.62,160000.0,0.0
2019-05-12,16.11,10.56,13.34,1.27,137000.0,0.0
2019-05-13,15.56,9.44,12.5,0.0,146000.0,1.0
2019-05-14,22.78,8.33,15.56,0.0,163000.0,1.0
2019-05-15,21.67,11.11,16.39,0.0,197000.0,1.0
2019-05-16,28.33,12.22,20.27,0.25,209000.0,1.0
2019-05-17,32.22,18.33,25.28,0.0,210000.0,1.0
2019-05-18,32.22,19.44,25.83,0.0,202000.0,0.0
2019-05-19,26.11,18.33,22.22,9.4,211000.0,1.0
2019-05-20,25.0,15.0,20.0,0.0,215000.0,1.0
2019-05-21,25.56,12.78,19.17,0.0,191000.0,0.0
2019-05-22,28.89,19.44,24.16,2.54,154000.0,0.0
2019-05-23,32.78,22.78,27.78,1.78,132000.0,0.0
2019-05-24,32.78,22.22,27.5,0.0,100000.0,0.0
2019-05-25,32.22,23.89,28.06,0.0,80300.0,0.0
2019-05-26,31.11,21.67,26.39,10.41,75900.0,0.0
2019-05-27,31.67,20.0,25.84,0.0,78100.0,1.0
2019-05-28,32.22,23.89,28.06,0.0,78600.0,1.0
2019-05-29,27.22,20.56,23.89,27.43,96600.0,1.0
2019-05-30,25.56,20.56,23.06,5.84,117000.0,1.0
2019-05-31,26.67,19.44,23.06,0.0,142000.0,1.0
2019-06-01,28.33,17.78,23.06,0.0,172000.0,1.0
2019-06-02,30.0,19.44,24.72,0.0,187000.0,1.0
2019-06-03,26.11,15.0,20.56,0.0,186000.0,0.0
2019-06-04,28.89,15.56,22.22,0.0,159000.0,0.0
2019-06-05,32.22,20.0,26.11,18.03,153000.0,0.0
2019-06-06,28.89,20.56,24.72,0.76,158000.0,1.0
2019-06-07,25.0,20.56,22.78,7.62,139000.0,0.0
2019-06-08,28.89,21.11,25.0,12.95,125000.0,0.0
2019-06-09,27.78,21.67,24.72,28.96,150000.0,1.0
2019-06-10,26.67,18.33,22.5,0.0,188000.0,1.0
2019-06-11,25.0,13.33,19.16,0.0,152000.0,0.0
2019-06-12,25.56,15.0,20.28,0.0,136000.0,0.0
2019-06-13,23.33,15.0,19.16,0.0,137000.0,1.0
2019-06-14,26.11,10.56,18.34,0.0,134000.0,0.0
2019-06-15,29.44,20.56,25.0,0.0,110000.0,0.0
2019-06-16,32.78,20.0,26.39,48.01,137000.0,1.0
2019-06-17,30.0,20.56,25.28,17.53,235000.0,1.0
2019-06-18,28.89,21.67,25.28,3.81,308000.0,1.0
2019-06-19,31.11,21.11,26.11,3.3,389000.0,1.0
2019-06-20,26.11,19.44,22.78,0.0,402000.0,1.0
2019-06-21,28.33,17.22,22.78,9.91,405000.0,1.0
2019-06-22,27.78,19.44,23.61,11.18,387000.0,0.0
2019-06-23,31.11,20.0,25.56,12.7,370000.0,0.0
2019-06-24,26.67,21.67,24.17,18.03,347000.0,0.0
2019-06-25,30.0,20.0,25.0,0.0,330000.0,0.0
2019-06-26,32.78,20.56,26.67,0.0,285000.0,0.0
2019-06-27,32.78,22.22,27.5,0.0,242000.0,0.0
2019-06-28,33.89,21.11,27.5,0.0,222000.0,0.0
2019-06-29,34.44,23.89,29.16,0.0,198000.0,0.0
2019-06-30,34.44,22.22,28.33,5.84,174000.0,0.0
2019-07-01,32.78,21.11,26.94,1.52,150000.0,0.0
2019-07-02,33.89,23.89,28.89,0.0,134000.0,0.0
2019-07-03,32.22,22.78,27.5,13.97,129000.0,0.0
2019-07-04,32.78,21.67,27.22,0.0,123000.0,0.0
2019-07-05,33.33,23.33,28.33,0.0,117000.0,0.0
2019-07-06,31.67,24.44,28.06,0.0,127000.0,1.0
2019-07-07,33.89,24.44,29.16,0.76,110000.0,0.0
2019-07-08,32.22,23.33,27.78,0.0,121000.0,1.0
2019-07-09,33.89,22.78,28.34,0.0,147000.0,1.0
2019-07-10,33.89,24.44,29.16,0.0,148000.0,1.0
2019-07-11,33.33,24.44,28.88,0.0,128000.0,0.0
2019-07-12,32.22,22.22,27.22,0.0,111000.0,0.0
2019-07-13,33.89,19.44,26.66,0.0,111000.0,0.0
2019-07-14,33.33,23.33,28.33,0.0,134000.0,1.0
2019-07-15,31.67,23.89,27.78,0.0,125000.0,0.0
2019-07-16,33.33,23.89,28.61,0.51,91800.0,0.0
2019-07-17,33.33,23.89,28.61,1.52,75900.0,0.0
2019-07-18,35.0,24.44,29.72,2.29,71800.0,0.0
2019-07-19,35.56,25.56,30.56,0.0,70900.0,0.0
2019-07-20,35.56,26.67,31.12,0.0,84600.0,1.0
2019-07-21,33.89,23.33,28.61,4.32,80200.0,0.0
2019-07-22,28.33,20.56,24.44,0.25,75600.0,0.0
2019-07-23,28.89,17.22,23.06,0.0,104000.0,1.0
2019-07-24,28.89,17.78,23.34,0.0,115000.0,1.0
2019-07-25,30.0,17.78,23.89,0.0,134000.0,1.0
2019-07-26,31.11,19.44,25.28,0.0,131000.0,0.0
2019-07-27,33.89,20.0,26.94,0.0,104000.0,0.0
2019-07-28,33.89,21.11,27.5,0.0,73400.0,0.0
2019-07-29,34.44,22.78,28.61,6.86,52400.0,0.0
2019-07-30,31.67,22.78,27.22,1.27,54900.0,1.0
2019-07-31,32.22,21.11,26.66,0.0,48600.0,0.0
2019-08-01,32.78,20.56,26.67,0.0,48600.0,0.0
2019-08-02,32.78,21.67,27.22,0.0,50400.0,1.0
2019-08-03,33.33,21.67,27.5,0.0,40800.0,0.0
2019-08-04,33.89,22.22,28.06,0.0,43000.0,1.0
2019-08-05,34.44,21.11,27.78,0.0,50400.0,1.0
2019-08-06,33.89,22.22,28.06,0.0,44200.0,0.0
2019-08-07,32.78,21.67,27.22,0.0,22900.0,0.0
2019-08-08,32.78,21.67,27.22,0.0,49800.0,1.0
2019-08-09,35.0,23.89,29.44,0.0,60300.0,1.0
2019-08-10,32.22,20.56,26.39,0.0,54500.0,0.0
2019-08-11,33.89,20.0,26.94,0.0,43500.0,0.0
2019-08-12,31.67,21.67,26.67,0.0,27000.0,0.0
2019-08-13,31.67,22.78,27.22,14.99,25700.0,0.0
2019-08-14,33.89,22.78,28.34,0.0,43000.0,1.0
2019-08-15,30.56,20.56,25.56,0.0,45700.0,1.0
2019-08-16,32.78,20.0,26.39,0.0,40500.0,0.0
2019-08-17,34.44,22.22,28.33,0.0,43900.0,1.0
2019-08-18,35.56,24.44,30.0,0.0,30200.0,0.0
2019-08-19,36.67,23.33,30.0,0.25,23800.0,0.0
2019-08-20,36.67,22.78,29.72,0.51,17500.0,0.0
2019-08-21,34.44,21.67,28.06,0.0,39600.0,1.0
2019-08-22,30.56,22.22,26.39,12.7,44400.0,1.0
2019-08-23,24.44,19.44,21.94,11.43,41100.0,0.0
2019-08-24,28.33,15.56,21.94,0.0,36100.0,0.0
2019-08-25,29.44,16.67,23.06,1.52,53100.0,1.0
2019-08-26,23.89,21.11,22.5,26.67,34900.0,0.0
2019-08-27,29.44,21.67,25.56,0.0,40300.0,1.0
2019-08-28,28.89,16.11,22.5,0.0,35500.0,0.0
2019-08-29,30.0,15.56,22.78,0.0,43100.0,1.0
2019-08-30,32.22,20.0,26.11,0.0,39200.0,0.0
2019-08-31,31.67,22.22,26.94,0.0,53700.0,1.0
2019-09-01,32.78,21.67,27.22,0.0,28200.0,0.0
2019-09-02,31.67,22.22,26.94,0.0,30300.0,1.0
2019-09-03,32.78,20.56,26.67,0.0,58800.0,1.0
2019-09-04,33.89,21.67,27.78,0.0,51300.0,0.0
2019-09-05,28.33,17.22,22.78,0.0,40100.0,0.0
2019-09-06,32.78,17.22,25.0,0.0,23100.0,0.0
2019-09-07,26.67,17.22,21.94,0.0,26000.0,1.0
2019-09-08,28.33,15.56,21.94,0.0,32800.0,1.0
2019-09-09,33.89,19.44,26.66,0.0,22000.0,0.0
2019-09-10,37.22,21.11,29.16,0.0,26000.0,1.0
2019-09-11,36.11,25.0,30.56,0.0,36500.0,1.0
2019-09-12,36.11,23.89,30.0,0.0,13100.0,0.0
2019-09-13,36.11,22.78,29.44,0.0,22800.0,1.0
2019-09-14,30.56,21.11,25.84,0.0,24400.0,1.0
2019-09-15,34.44,17.22,25.83,0.0,27400.0,1.0
2019-09-16,36.67,20.56,28.62,0.0,30800.0,1.0
2019-09-17,33.33,22.22,27.78,0.0,34000.0,1.0
2019-09-18,32.78,18.89,25.84,0.0,18200.0,0.0
2019-09-19,33.89,20.56,27.22,0.0,26400.0,1.0
2019-09-20,32.78,22.22,27.5,0.0,30200.0,1.0
2019-09-21,33.89,22.22,28.06,0.0,10500.0,0.0
2019-09-22,33.33,18.89,26.11,0.0,30600.0,1.0
2019-09-23,31.11,19.44,25.28,1.02,19800.0,0.0
2019-09-24,27.78,15.0,21.39,0.0,13200.0,0.0
2019-09-25,32.22,13.89,23.06,0.0,27000.0,1.0
2019-09-26,28.89,17.78,23.34,0.0,11800.0,0.0
2019-09-27,35.0,15.0,25.0,0.0,10700.0,0.0
2019-09-28,35.0,25.0,30.0,0.0,20500.0,1.0
2019-09-29,35.56,22.22,28.89,0.0,27700.0,1.0
2019-09-30,36.67,22.78,29.72,0.0,18300.0,0.0
2019-10-01,36.11,22.22,29.16,0.0,19200.0,1.0
2019-10-02,36.11,21.67,28.89,0.0,31900.0,1.0
2019-10-03,35.56,20.56,28.06,0.0,11200.0,0.0
2019-10-04,25.0,16.11,20.56,0.0,22100.0,1.0
2019-10-05,29.44,12.22,20.83,0.0,14700.0,0.0
2019-10-06,26.11,14.44,20.27,32.0,18600.0,1.0
2019-10-07,19.44,12.78,16.11,4.06,26200.0,1.0
2019-10-08,23.89,10.0,16.94,0.0,53600.0,1.0
2019-10-09,18.33,11.11,14.72,0.0,51700.0,0.0
2019-10-10,28.89,13.33,21.11,0.0,10800.0,0.0
2019-10-11,23.89,8.33,16.11,7.87,39500.0,1.0
2019-10-12,15.0,3.89,9.44,0.0,13100.0,0.0
2019-10-13,21.11,3.89,12.5,0.0,22100.0,1.0
2019-10-14,22.78,8.33,15.56,0.0,31300.0,1.0
2019-10-15,25.56,7.22,16.39,14.99,7830.0,0.0
2019-10-16,18.89,7.22,13.06,2.79,16200.0,1.0
2019-10-17,17.22,5.0,11.11,0.0,42000.0,1.0
2019-10-18,18.89,4.44,11.66,0.0,38800.0,0.0
2019-10-19,23.89,6.67,15.28,0.0,26900.0,0.0
2019-10-20,24.44,15.56,20.0,0.0,32600.0,1.0
2019-10-21,24.44,14.44,19.44,0.76,40200.0,1.0
2019-10-22,18.89,11.11,15.0,0.0,29900.0,0.0
2019-10-23,20.0,5.56,12.78,0.0,40300.0,1.0
2019-10-24,22.78,7.78,15.28,0.0,48200.0,1.0
2019-10-25,16.11,11.11,13.61,0.51,44400.0,0.0
2019-10-26,20.0,12.22,16.11,32.77,43200.0,0.0
2019-10-27,20.56,10.56,15.56,0.0,43400.0,1.0
2019-10-28,21.11,7.78,14.44,0.0,53500.0,1.0
2019-10-29,16.67,11.11,13.89,0.0,57500.0,1.0
2019-10-30,16.11,12.78,14.44,26.42,66100.0,1.0
2019-10-31,15.0,1.67,8.34,20.57,76200.0,1.0
2019-11-01,10.0,-1.11,4.44,0.0,110000.0,1.0
2019-11-02,13.89,-0.56,6.66,0.0,152000.0,1.0
2019-11-03,13.89,0.0,6.94,0.0,164000.0,1.0
2019-11-04,17.78,2.22,10.0,0.0,160000.0,0.0
2019-11-05,13.33,4.44,8.88,1.02,125000.0,0.0
2019-11-06,14.44,1.67,8.06,0.51,92800.0,0.0
2019-11-07,11.11,0.56,5.84,15.49,81900.0,0.0
2019-11-08,3.89,-3.89,0.0,0.0,77400.0,0.0
2019-11-09,10.56,-2.78,3.89,0.0,82600.0,1.0
2019-11-10,19.44,5.56,12.5,0.0,80300.0,0.0
2019-11-11,17.22,-0.56,8.33,5.84,73300.0,0.0
2019-11-12,-0.56,-7.78,-4.17,0.25,60600.0,0.0
2019-11-13,2.78,-8.89,-3.06,0.0,60400.0,0.0
2019-11-14,9.44,-2.78,3.33,0.0,68100.0,1.0
2019-11-15,6.67,-2.22,2.22,0.0,61600.0,0.0
2019-11-16,10.0,-1.67,4.16,0.0,60300.0,0.0
2019-11-17,9.44,-1.67,3.88,0.0,56900.0,0.0
2019-11-18,7.78,2.78,5.28,0.0,44500.0,0.0
2019-11-19,8.33,3.33,5.83,3.05,36700.0,0.0
2019-11-20,9.44,5.0,7.22,0.0,49300.0,1.0
2019-11-21,16.11,5.56,10.84,0.25,41800.0,0.0
2019-11-22,14.44,3.89,9.16,12.7,39000.0,0.0
2019-11-23,6.67,3.33,5.0,5.33,54100.0,1.0
2019-11-24,11.11,1.67,6.39,0.0,55300.0,1.0
2019-11-25,17.78,2.78,10.28,0.0,63900.0,1.0
2019-11-26,15.0,6.11,10.56,12.7,86900.0,1.0
2019-11-27,17.22,4.44,10.83,9.4,81300.0,0.0
2019-11-28,5.56,1.67,3.62,0.0,93600.0,1.0
2019-11-29,7.78,4.44,6.11,0.25,109000.0,1.0
2019-11-30,15.56,4.44,10.0,76.45,104000.0,0.0
2019-12-01,17.22,3.33,10.27,0.25,150000.0,1.0
2019-12-02,3.33,1.67,2.5,0.76,192000.0,1.0
2019-12-03,6.67,0.56,3.62,0.0,211000.0,1.0
2019-12-04,12.78,3.33,8.06,0.0,212000.0,1.0
2019-12-05,14.44,0.0,7.22,0.0,177000.0,0.0
2019-12-06,13.33,5.0,9.16,1.78,132000.0,0.0
2019-12-07,10.0,-1.67,4.16,0.0,109000.0,0.0
2019-12-08,16.11,0.56,8.33,0.0,93900.0,0.0
2019-12-09,16.67,11.11,13.89,4.06,77000.0,0.0
2019-12-10,12.78,-3.89,4.44,0.0,78500.0,1.0
2019-12-11,6.11,-5.56,0.28,0.0,112000.0,1.0
2019-12-12,10.56,-2.78,3.89,0.0,164000.0,1.0
2019-12-13,9.44,3.33,6.38,7.87,205000.0,1.0
2019-12-14,8.33,3.89,6.11,4.83,213000.0,1.0
2019-12-15,3.89,0.56,2.22,3.3,208000.0,0.0
2019-12-16,4.44,2.22,3.33,28.45,216000.0,1.0
2019-12-17,5.0,-1.67,1.66,0.76,279000.0,1.0
2019-12-18,-1.11,-5.0,-3.06,0.0,404000.0,1.0
2019-12-19,6.11,-6.11,0.0,0.0,479000.0,1.0
2019-12-20,9.44,-2.78,3.33,0.0,510000.0,1.0
2019-12-21,12.78,0.56,6.67,0.0,489000.0,0.0
2019-12-22,12.22,0.0,6.11,0.0,349000.0,0.0
2019-12-23,17.78,1.11,9.44,0.0,221000.0,0.0
2019-12-24,18.33,0.56,9.44,0.0,145000.0,0.0
2019-12-25,20.56,0.56,10.56,0.0,115000.0,0.0
2019-12-26,18.33,8.33,13.33,0.0,101000.0,0.0
2019-12-27,17.22,12.22,14.72,0.0,93000.0,0.0
2019-12-28,17.22,11.11,14.16,0.25,82100.0,0.0
2019-12-29,18.33,13.33,15.83,36.58,85300.0,1.0
2019-12-30,13.89,3.89,8.89,3.3,138000.0,1.0
2019-12-31,4.44,3.33,3.88,0.0,249000.0,1.0
2020-01-01,10.0,2.22,6.11,0.0,294000.0,1.0
2020-01-02,12.78,7.22,10.0,5.84,292000.0,0.0
2020-01-03,13.33,10.0,11.66,17.78,237000.0,0.0
2020-01-04,10.0,2.78,6.39,1.52,206000.0,0.0
2020-01-05,11.11,-1.11,5.0,0.0,236000.0,1.0
2020-01-06,10.0,0.56,5.28,0.0,266000.0,1.0
2020-01-07,10.56,1.67,6.12,0.0,280000.0,1.0
2020-01-08,10.0,2.22,6.11,0.0,264000.0,0.0
2020-01-09,16.11,0.56,8.33,0.0,225000.0,0.0
2020-01-10,19.44,14.44,16.94,18.29,189000.0,0.0
2020-01-11,21.11,6.67,13.89,29.72,187000.0,0.0
2020-01-12,7.22,4.44,5.83,0.0,211000.0,1.0
2020-01-13,9.44,3.89,6.66,0.0,238000.0,1.0
2020-01-14,13.89,6.67,10.28,0.0,261000.0,1.0
2020-01-15,19.44,5.0,12.22,0.25,274000.0,1.0
2020-01-16,9.44,-1.11,4.16,0.0,268000.0,0.0
2020-01-17,3.89,-2.78,0.56,0.0,239000.0,0.0
2020-01-18,13.33,0.0,6.66,9.14,204000.0,0.0
2020-01-19,0.0,-8.28,-4.14,0.0,205000.0,1.0
2020-01-20,-4.39,-8.28,-6.33,0.0,216000.0,1.0
2020-01-21,1.11,-3.89,-1.39,0.0,230000.0,1.0
2020-01-22,6.11,-6.72,-0.3,0.0,231000.0,1.0
2020-01-23,10.0,1.11,5.56,4.57,205000.0,0.0
2020-01-24,9.44,4.44,6.94,11.43,172000.0,0.0
2020-01-25,4.44,1.67,3.06,0.25,178000.0,1.0
2020-01-26,7.78,0.0,3.89,0.0,208000.0,1.0
2020-01-27,8.33,2.22,5.28,0.0,257000.0,1.0
2020-01-28,3.33,1.67,2.5,0.0,283000.0,1.0
2020-01-29,5.56,1.67,3.62,0.25,287000.0,1.0
2020-01-30,6.67,-0.61,3.03,0.0,262000.0,0.0
2020-01-31,6.11,2.78,4.44,3.81,216000.0,0.0
2020-02-01,8.0,3.33,5.66,0.0,177000.0,0.0
2020-02-02,18.33,1.11,9.72,0.0,149000.0,0.0
2020-02-03,22.22,8.33,15.27,0.0,130000.0,0.0
2020-02-04,18.33,4.44,11.38,9.14,131000.0,1.0
2020-02-05,4.44,2.22,3.33,3.3,119000.0,0.0
2020-02-06,3.33,0.56,1.94,0.0,146000.0,1.0
2020-02-07,3.33,-1.72,0.8,2.79,205000.0,1.0
2020-02-08,5.0,-1.72,1.64,0.51,269000.0,1.0
2020-02-09,14.44,-3.28,5.58,1.78,346000.0,1.0
2020-02-10,11.67,3.89,7.78,5.08,406000.0,1.0
2020-02-11,7.22,2.22,4.72,5.84,427000.0,1.0
2020-02-12,4.44,2.22,3.33,28.7,451000.0,1.0
2020-02-13,4.44,-6.11,-0.84,1.78,522000.0,1.0
2020-02-14,-2.22,-8.89,-5.56,0.0,586000.0,1.0
2020-02-15,10.0,-7.78,1.11,0.0,622000.0,1.0
2020-02-16,13.33,4.44,8.88,0.0,638000.0,1.0
2020-02-17,15.0,1.11,8.06,0.0,627000.0,0.0
2020-02-18,14.44,2.78,8.61,6.6,559000.0,0.0
2020-02-19,8.89,-1.11,3.89,0.0,452000.0,0.0
2020-02-20,5.0,-3.89,0.55,0.0,333000.0,0.0
2020-02-21,4.44,-6.11,-0.84,0.0,270000.0,0.0
2020-02-22,11.67,-5.61,3.03,0.0,240000.0,0.0
2020-02-23,14.44,-0.61,6.92,0.0,211000.0,0.0
2020-02-24,8.89,6.67,7.78,14.73,178000.0,0.0
2020-02-25,11.67,8.33,10.0,5.84,153000.0,0.0
2020-02-26,7.78,0.0,3.89,1.52,164000.0,1.0
2020-02-27,5.56,-1.72,1.92,0.25,178000.0,1.0
2020-02-28,6.11,0.56,3.34,0.0,179000.0,1.0
2020-02-29,6.11,-3.89,1.11,0.0,196000.0,1.0
2020-03-01,20.56,-2.78,8.89,0.76,216000.0,1.0
2020-03-02,16.11,10.0,13.06,12.45,217000.0,1.0
2020-03-03,16.11,9.44,12.77,6.86,203000.0,0.0
2020-03-04,19.44,3.33,11.39,0.0,209000.0,1.0
2020-03-05,17.22,5.0,11.11,0.0,239000.0,1.0
2020-03-06,10.0,1.11,5.56,0.0,260000.0,1.0
2020-03-07,11.67,-1.72,4.97,0.0,273000.0,1.0
2020-03-08,19.44,0.0,9.72,0.0,264000.0,0.0
2020-03-09,18.89,11.67,15.28,0.0,229000.0,0.0
2020-03-10,17.22,8.33,12.77,8.13,196000.0,0.0
2020-03-11,15.0,7.78,11.39,0.0,166000.0,0.0
2020-03-12,18.33,6.67,12.5,25.15,157000.0,0.0
2020-03-13,17.78,8.33,13.06,0.0,179000.0,1.0
2020-03-14,8.89,3.89,6.39,14.73,227000.0,1.0
2020-03-15,6.67,2.78,4.72,0.0,264000.0,1.0
2020-03-16,8.89,6.0,7.44,0.25,282000.0,1.0
2020-03-17,14.44,7.22,10.83,1.02,268000.0,0.0
2020-03-18,18.89,6.67,12.78,16.26,246000.0,0.0
2020-03-19,22.78,16.11,19.44,14.73,269000.0,1.0
2020-03-20,23.89,7.22,15.56,1.78,359000.0,1.0
2020-03-21,6.67,1.67,4.17,0.0,424000.0,1.0
2020-03-22,9.44,0.56,5.0,0.25,455000.0,1.0
2020-03-23,16.11,7.22,11.66,0.25,472000.0,1.0
2020-03-24,13.89,6.67,10.28,10.16,487000.0,1.0
2020-03-25,18.33,5.56,11.94,0.0,470000.0,0.0
2020-03-26,25.56,7.78,16.67,0.0,402000.0,0.0
2020-03-27,27.22,15.0,21.11,0.0,349000.0,0.0
2020-03-28,27.78,18.89,23.34,6.1,342000.0,0.0
2020-03-29,21.67,15.56,18.62,0.25,338000.0,0.0
2020-03-30,18.33,10.0,14.16,0.0,332000.0,0.0
2020-03-31,12.22,6.67,9.44,0.0,335000.0,1.0
2020-04-01,13.33,6.67,10.0,0.0,349000.0,1.0
2020-04-02,18.89,3.89,11.39,0.0,352000.0,1.0
2020-04-03,22.22,8.33,15.27,0.0,319000.0,0.0
2020-04-04,24.44,11.11,17.77,0.0,277000.0,0.0
2020-04-05,20.56,10.0,15.28,0.51,243000.0,0.0
2020-04-06,24.44,11.67,18.06,0.0,206000.0,0.0
2020-04-07,27.22,14.44,20.83,0.0,177000.0,0.0
2020-04-08,28.89,16.11,22.5,9.14,154000.0,0.0
2020-04-09,16.67,8.33,12.5,0.0,148000.0,0.0
2020-04-10,12.78,2.78,7.78,0.0,194000.0,1.0
2020-04-11,18.89,3.89,11.39,0.0,257000.0,1.0
2020-04-12,16.67,12.22,14.44,17.78,276000.0,1.0
2020-04-13,14.44,6.11,10.28,25.4,261000.0,0.0
2020-04-14,9.44,5.0,7.22,0.0,265000.0,1.0
2020-04-15,13.89,-1.11,6.39,0.0,303000.0,1.0
2020-04-16,12.78,0.0,6.39,0.0,351000.0,1.0
2020-04-17,15.0,7.22,11.11,7.87,359000.0,1.0
2020-04-18,14.44,3.33,8.88,0.0,329000.0,0.0
2020-04-19,16.11,5.56,10.84,0.0,293000.0,0.0
2020-04-20,21.11,6.67,13.89,0.0,267000.0,0.0
2020-04-21,17.78,10.0,13.89,0.0,253000.0,0.0
2020-04-22,22.78,5.0,13.89,0.0,235000.0,0.0
2020-04-23,17.22,12.0,14.61,22.35,210000.0,0.0
2020-04-24,20.56,12.78,16.67,0.0,201000.0,0.0
2020-04-25,18.33,11.11,14.72,6.86,203000.0,1.0
2020-04-26,17.22,7.78,12.5,9.65,223000.0,1.0
2020-04-27,21.11,4.44,12.78,0.0,243000.0,1.0
2020-04-28,24.44,16.11,20.27,0.0,281000.0,1.0
2020-04-29,21.11,12.78,16.94,3.3,335000.0,1.0
2020-04-30,12.22,10.0,11.11,0.76,372000.0,1.0
2020-05-01,22.78,7.78,15.28,0.0,377000.0,1.0
2020-05-02,28.89,12.78,20.84,0.0,371000.0,0.0
2020-05-03,25.56,16.67,21.12,1.52,375000.0,1.0
2020-05-04,24.44,10.56,17.5,0.0,391000.0,1.0
2020-05-05,17.78,8.89,13.34,7.11,377000.0,0.0
2020-05-06,17.22,6.11,11.66,0.0,359000.0,0.0
2020-05-07,21.11,7.22,14.16,0.0,344000.0,0.0
2020-05-08,15.0,6.11,10.56,23.11,321000.0,0.0
2020-05-09,15.56,1.11,8.34,0.0,287000.0,0.0
2020-05-10,21.11,6.67,13.89,0.0,255000.0,0.0
2020-05-11,13.33,3.33,8.33,0.0,239000.0,0.0
2020-05-12,17.22,6.11,11.66,0.0,220000.0,0.0
2020-05-13,13.89,10.0,11.94,4.06,193000.0,0.0
2020-05-14,28.89,13.33,21.11,5.08,159000.0,0.0
2020-05-15,26.67,20.0,23.34,15.75,136000.0,0.0
2020-05-16,28.33,18.89,23.61,28.7,113000.0,0.0
2020-05-17,26.67,19.44,23.06,0.0,124000.0,1.0
2020-05-18,23.33,17.0,20.16,13.72,129000.0,1.0
2020-05-19,22.22,15.0,18.61,0.0,204000.0,1.0
2020-05-20,17.78,13.89,15.84,0.76,359000.0,1.0
2020-05-21,21.11,13.33,17.22,0.0,442000.0,1.0
2020-05-22,26.67,15.0,20.84,0.0,475000.0,1.0
2020-05-23,31.11,18.89,25.0,40.64,511000.0,1.0
2020-05-24,30.0,18.33,24.16,0.0,528000.0,1.0
2020-05-25,31.67,20.56,26.12,5.33,527000.0,0.0
2020-05-26,30.0,21.11,25.56,0.51,469000.0,0.0
2020-05-27,25.0,21.67,23.34,0.76,368000.0,0.0
2020-05-28,28.33,18.89,23.61,1.27,295000.0,0.0
2020-05-29,26.67,19.44,23.06,2.29,246000.0,0.0
2020-05-30,24.44,15.56,20.0,0.0,228000.0,0.0
2020-05-31,23.89,13.89,18.89,0.0,235000.0,1.0
2020-06-01,26.67,13.33,20.0,0.0,229000.0,0.0
2020-06-02,31.11,18.33,24.72,0.0,195000.0,0.0
2020-06-03,31.11,22.22,26.66,0.0,152000.0,0.0
2020-06-04,30.0,19.44,24.72,54.36,122000.0,0.0
2020-06-05,31.11,20.0,25.56,0.0,100000.0,0.0
2020-06-06,33.89,22.78,28.34,0.0,107000.0,1.0
2020-06-07,31.11,20.56,25.84,0.0,133000.0,1.0
2020-06-08,31.67,20.0,25.84,0.0,141000.0,1.0
2020-06-09,29.44,24.44,26.94,1.52,123000.0,0.0
2020-06-10,33.33,23.33,28.33,0.0,97100.0,0.0
2020-06-11,28.33,17.78,23.06,0.0,76900.0,0.0
2020-06-12,30.56,16.11,23.34,0.0,58800.0,0.0
2020-06-13,30.56,17.78,24.17,0.0,61500.0,1.0
2020-06-14,25.0,16.67,20.84,1.52,58600.0,0.0
2020-06-15,26.67,14.44,20.56,0.0,52200.0,0.0
2020-06-16,26.67,16.67,21.67,0.0,52800.0,1.0
2020-06-17,29.44,17.78,23.61,0.0,65300.0,1.0
2020-06-18,29.44,18.89,24.16,0.0,72500.0,1.0
2020-06-19,31.11,20.56,25.84,0.51,75600.0,1.0
2020-06-20,33.33,21.67,27.5,0.0,84200.0,1.0
2020-06-21,28.89,20.56,24.72,11.18,95000.0,1.0
2020-06-22,31.11,21.11,26.11,24.89,109000.0,1.0
2020-06-23,27.78,22.0,24.89,6.6,109000.0,0.0
2020-06-24,28.89,20.56,24.72,0.0,90400.0,0.0
2020-06-25,29.44,17.78,23.61,0.0,79800.0,0.0
2020-06-26,32.22,20.56,26.39,0.0,69900.0,0.0
2020-06-27,28.33,21.11,24.72,39.62,65500.0,0.0
2020-06-28,29.44,21.67,25.56,0.51,53400.0,0.0
2020-06-29,33.89,22.78,28.34,23.37,75900.0,1.0
2020-06-30,30.0,21.67,25.84,1.52,95500.0,1.0
2020-07-01,30.56,24.44,27.5,0.76,94600.0,0.0
2020-07-02,33.33,23.33,28.33,0.0,87600.0,0.0
2020-07-03,33.33,22.78,28.06,0.0,76200.0,0.0
2020-07-04,34.44,23.33,28.88,0.0,59100.0,0.0
2020-07-05,33.33,24.44,28.88,5.59,40900.0,0.0
2020-07-06,34.44,22.78,28.61,0.0,35400.0,0.0
2020-07-07,33.89,23.33,28.61,2.29,36900.0,1.0
2020-07-08,33.89,23.89,28.89,0.0,44900.0,1.0
2020-07-09,33.89,23.89,28.89,0.0,18400.0,0.0
2020-07-10,31.67,25.0,28.34,0.0,48700.0,1.0
2020-07-11,32.22,19.44,25.83,7.62,43500.0,0.0
2020-07-12,28.33,18.89,23.61,5.84,35700.0,0.0
2020-07-13,30.0,20.56,25.28,0.0,40100.0,1.0
2020-07-14,32.22,20.0,26.11,0.0,40200.0,1.0
2020-07-15,33.33,21.67,27.5,0.0,41200.0,1.0
2020-07-16,31.67,25.0,28.34,0.25,28400.0,0.0
2020-07-17,30.0,22.78,26.39,5.08,20400.0,0.0
2020-07-18,34.44,24.44,29.44,0.0,34500.0,1.0
2020-07-19,34.44,26.11,30.28,0.0,23900.0,0.0
2020-07-20,33.33,23.89,28.61,14.73,33700.0,1.0
2020-07-21,33.33,23.33,28.33,0.0,25900.0,0.0
2020-07-22,32.22,23.33,27.78,0.0,37100.0,1.0
2020-07-23,30.0,23.89,26.94,17.02,36500.0,0.0
2020-07-24,33.33,22.22,27.78,0.0,34500.0,0.0
2020-07-25,34.44,22.78,28.61,1.02,46700.0,1.0
2020-07-26,33.33,24.44,28.88,0.0,46600.0,0.0
2020-07-27,33.89,24.44,29.16,0.0,34400.0,0.0
2020-07-28,32.78,24.44,28.61,0.0,37200.0,1.0
2020-07-29,33.33,23.89,28.61,0.0,27600.0,0.0
2020-07-30,28.89,22.78,25.84,59.69,34900.0,1.0
2020-07-31,27.78,21.67,24.72,7.87,88800.0,1.0
2020-08-01,28.89,22.78,25.84,17.78,67800.0,0.0
2020-08-02,27.78,18.89,23.34,2.79,89800.0,1.0
2020-08-03,28.33,21.11,24.72,0.51,103000.0,1.0
2020-08-04,27.22,19.44,23.33,0.0,80500.0,0.0
2020-08-05,26.67,16.11,21.39,0.0,46200.0,0.0
2020-08-06,28.33,18.33,23.33,0.0,58100.0,1.0
2020-08-07,29.44,18.89,24.16,0.0,41200.0,0.0
2020-08-08,31.11,18.33,24.72,0.0,39200.0,0.0
2020-08-09,31.11,20.0,25.56,0.0,50600.0,1.0
2020-08-10,31.11,22.0,26.56,0.0,33300.0,0.0
2020-08-11,31.67,21.67,26.67,0.0,28700.0,0.0
2020-08-12,30.0,24.44,27.22,0.0,29700.0,1.0
2020-08-13,31.11,23.33,27.22,35.81,19400.0,0.0
2020-08-14,27.78,21.11,24.44,25.65,38100.0,1.0
2020-08-15,31.67,22.22,26.94,0.0,26100.0,0.0
2020-08-16,30.0,22.78,26.39,0.0,46700.0,1.0
2020-08-17,31.67,20.0,25.84,0.0,64900.0,1.0
2020-08-18,31.11,20.0,25.56,0.0,45500.0,0.0
2020-08-19,27.22,19.44,23.33,0.0,64500.0,1.0
2020-08-20,28.89,16.67,22.78,0.0,30800.0,0.0
2020-08-21,28.33,20.56,24.44,10.67,29400.0,0.0
2020-08-22,29.44,20.56,25.0,32.51,34300.0,1.0
2020-08-23,31.11,20.56,25.84,0.0,36500.0,1.0
2020-08-24,31.67,21.67,26.67,0.0,27700.0,0.0
2020-08-25,32.78,23.33,28.06,0.0,31400.0,1.0
2020-08-26,31.67,23.89,27.78,0.0,33000.0,1.0
2020-08-27,31.11,25.0,28.06,0.0,42100.0,1.0
2020-08-28,30.56,23.33,26.94,12.95,28600.0,0.0
2020-08-29,30.56,22.78,26.67,0.0,57900.0,1.0
2020-08-30,27.22,20.0,23.61,0.0,70800.0,1.0
2020-08-31,28.89,20.56,24.72,2.54,79900.0,1.0
2020-09-01,29.44,23.33,26.38,0.0,71500.0,0.0
2020-09-02,29.44,22.78,26.11,13.97,73200.0,1.0
2020-09-03,30.0,23.0,26.5,58.93,101000.0,1.0
2020-09-04,27.22,18.89,23.06,0.0,128000.0,1.0
2020-09-05,28.33,15.56,21.94,0.0,130000.0,1.0
2020-09-06,29.44,16.67,23.06,0.0,115000.0,0.0
2020-09-07,30.56,18.89,24.72,0.0,94600.0,0.0
2020-09-08,31.11,20.56,25.84,0.0,55100.0,0.0
2020-09-09,32.22,21.11,26.66,0.0,62500.0,1.0
2020-09-10,31.67,21.67,26.67,0.0,61200.0,0.0
2020-09-11,25.0,21.0,23.0,0.0,49300.0,0.0
2020-09-12,29.44,20.0,24.72,0.76,46400.0,0.0
2020-09-13,28.33,22.22,25.28,0.0,32200.0,0.0
2020-09-14,28.33,18.33,23.33,0.0,48300.0,1.0
2020-09-15,24.44,15.56,20.0,0.0,73300.0,1.0
2020-09-16,27.78,15.0,21.39,0.0,65900.0,0.0
2020-09-17,28.33,16.11,22.22,0.0,46800.0,0.0
2020-09-18,22.22,14.44,18.33,0.0,36200.0,0.0
2020-09-19,21.67,9.44,15.56,0.0,31800.0,0.0
2020-09-20,24.44,9.44,16.94,0.0,36700.0,1.0
2020-09-21,25.0,12.22,18.61,0.0,36700.0,0.0
2020-09-22,23.33,12.22,17.77,0.0,26400.0,0.0
2020-09-23,22.78,14.44,18.61,0.0,24300.0,0.0
2020-09-24,24.44,17.22,20.83,0.76,23500.0,0.0
2020-09-25,27.78,16.67,22.22,0.0,11100.0,0.0
2020-09-26,25.56,17.78,21.67,0.0,17500.0,1.0
2020-09-27,27.22,16.67,21.94,0.0,38400.0,1.0
2020-09-28,20.56,13.89,17.23,6.1,18600.0,0.0
2020-09-29,17.78,10.0,13.89,0.25,36700.0,1.0
2020-09-30,26.11,10.0,18.06,0.0,25600.0,0.0
2020-10-01,22.78,11.67,17.23,0.0,13100.0,0.0
2020-10-02,17.78,8.33,13.06,0.0,28300.0,1.0
2020-10-03,19.44,7.78,13.61,0.25,47300.0,1.0
2020-10-04,18.33,8.89,13.61,0.25,35200.0,0.0
2020-10-05,18.89,6.11,12.5,0.0,10800.0,0.0
2020-10-06,23.33,6.67,15.0,0.0,12800.0,1.0
2020-10-07,28.89,14.44,21.66,0.0,17300.0,1.0
2020-10-08,27.22,14.44,20.83,0.0,30100.0,1.0
2020-10-09,27.78,14.44,21.11,0.0,26600.0,0.0
2020-10-10,23.89,19.44,21.66,0.0,19800.0,0.0
2020-10-11,26.67,19.44,23.06,0.0,19800.0,0.0
2020-10-12,27.22,14.44,20.83,0.51,22200.0,1.0
2020-10-13,22.22,9.44,15.83,0.0,36200.0,1.0
2020-10-14,27.22,9.44,18.33,0.0,26400.0,0.0
2020-10-15,21.67,10.56,16.12,0.76,35100.0,1.0
2020-10-16,15.56,4.44,10.0,0.0,19200.0,0.0
2020-10-17,18.33,3.33,10.83,0.0,20600.0,1.0
2020-10-18,16.11,9.44,12.77,0.76,38800.0,1.0
2020-10-19,18.33,13.33,15.83,34.04,36300.0,0.0
2020-10-20,19.0,12.22,15.61,18.03,32300.0,0.0
2020-10-21,27.78,16.11,21.94,0.0,34600.0,1.0
2020-10-22,28.33,16.11,22.22,0.0,29000.0,0.0
2020-10-23,26.11,11.67,18.89,10.92,44200.0,1.0
2020-10-24,13.89,8.89,11.39,0.0,45000.0,1.0
2020-10-25,11.11,8.89,10.0,0.25,20900.0,0.0
2020-10-26,12.22,10.56,11.39,0.0,43000.0,1.0
2020-10-27,13.33,9.44,11.38,0.25,52400.0,1.0
2020-10-28,14.44,10.56,12.5,8.13,40800.0,0.0
2020-10-29,15.0,7.78,11.39,58.17,72900.0,1.0
2020-10-30,12.22,6.67,9.44,0.0,158000.0,1.0
2020-10-31,16.67,3.33,10.0,0.0,167000.0,1.0
2020-11-01,13.89,3.89,8.89,0.0,168000.0,1.0
2020-11-02,11.11,-1.11,5.0,0.0,143000.0,0.0
2020-11-03,19.44,3.33,11.39,0.0,103000.0,0.0
2020-11-04,22.78,6.67,14.73,0.0,92800.0,0.0
2020-11-05,20.56,9.44,15.0,0.0,78000.0,0.0
2020-11-06,22.22,7.22,14.72,0.0,73300.0,0.0
2020-11-07,24.44,7.78,16.11,0.0,67800.0,0.0
2020-11-08,27.22,11.11,19.16,0.0,53900.0,0.0
2020-11-09,27.22,12.78,20.0,0.0,36400.0,0.0
2020-11-10,26.67,17.22,21.94,3.05,36000.0,0.0
2020-11-11,21.11,6.67,13.89,4.06,45300.0,1.0
2020-11-12,14.44,2.78,8.61,0.0,60700.0,1.0
2020-11-13,16.11,5.0,10.56,0.0,84600.0,1.0
2020-11-14,18.33,3.89,11.11,0.0,106000.0,1.0
2020-11-15,19.44,8.33,13.89,18.03,123000.0,1.0
2020-11-16,15.0,3.89,9.44,0.0,111000.0,0.0
2020-11-17,10.0,3.33,6.66,0.0,87000.0,0.0
2020-11-18,11.11,0.0,5.56,0.0,81300.0,0.0
2020-11-19,20.0,5.56,12.78,0.0,75400.0,0.0
2020-11-20,18.89,12.78,15.84,0.0,68900.0,0.0
2020-11-21,16.67,8.89,12.78,1.78,62600.0,0.0
2020-11-22,13.89,3.89,8.89,2.79,53500.0,0.0
2020-11-23,10.56,3.33,6.94,0.0,58200.0,1.0
2020-11-24,13.33,6.11,9.72,0.0,61700.0,1.0
2020-11-25,17.78,9.44,13.61,18.54,77900.0,1.0
2020-11-26,12.78,10.56,11.67,0.0,113000.0,1.0
2020-11-27,16.11,7.78,11.94,0.0,103000.0,0.0
2020-11-28,10.56,1.67,6.12,0.0,95200.0,0.0
2020-11-29,11.11,1.11,6.11,3.81,90700.0,0.0
2020-11-30,6.11,-0.61,2.75,15.75,80600.0,0.0
2020-12-01,3.33,-2.22,0.55,0.0,98700.0,1.0
2020-12-02,8.33,-3.28,2.53,0.0,109000.0,1.0
2020-12-03,7.22,-1.72,2.75,0.0,122000.0,1.0
2020-12-04,8.0,4.44,6.22,0.25,126000.0,1.0
2020-12-05,10.0,0.56,5.28,0.0,116000.0,0.0
2020-12-06,7.78,-1.72,3.03,0.0,108000.0,0.0
2020-12-07,2.78,1.11,1.94,0.0,120000.0,1.0
2020-12-08,3.89,1.67,2.78,0.0,140000.0,1.0
2020-12-09,15.0,2.78,8.89,0.0,135000.0,0.0
2020-12-10,18.33,2.22,10.27,0.0,116000.0,0.0
2020-12-11,19.44,6.67,13.06,0.0,100000.0,0.0
2020-12-12,18.33,6.67,12.5,2.54,83700.0,0.0
2020-12-13,8.89,5.56,7.22,2.03,71600.0,0.0
2020-12-14,5.56,-1.72,1.92,1.02,67600.0,0.0
2020-12-15,3.89,-3.28,0.31,0.0,64300.0,0.0
2020-12-16,4.44,1.11,2.78,8.13,89600.0,1.0
2020-12-17,1.67,0.56,1.12,0.0,111000.0,1.0
2020-12-18,5.0,-3.28,0.86,0.0,123000.0,1.0
2020-12-19,8.33,0.56,4.44,3.3,131000.0,1.0
2020-12-20,8.33,3.33,5.83,3.05,128000.0,0.0
2020-12-21,12.22,3.89,8.06,0.0,116000.0,0.0
2020-12-22,9.44,1.67,5.56,0.0,116000.0,0.0
2020-12-23,15.56,1.67,8.62,2.54,123000.0,1.0
2020-12-24,10.0,-5.61,2.19,6.35,118000.0,0.0
2020-12-25,-5.61,-9.39,-7.5,0.0,125000.0,1.0
2020-12-26,5.56,-9.39,-1.92,0.0,158000.0,1.0
2020-12-27,14.44,-1.72,6.36,0.0,201000.0,1.0
2020-12-28,12.22,0.0,6.11,0.0,224000.0,1.0
2020-12-29,5.0,-0.61,2.19,0.0,216000.0,0.0
2020-12-30,15.0,2.22,8.61,26.16,190000.0,0.0
2020-12-31,2.78,0.56,1.67,8.64,200000.0,1.0
2021-01-01,14.44,1.67,8.06,24.13,230000.0,1.0
2021-01-02,8.33,3.33,5.83,0.0,319000.0,1.0
2021-01-03,5.0,1.11,3.06,0.0,355000.0,1.0
2021-01-04,10.56,-2.22,4.17,0.0,360000.0,1.0
2021-01-05,6.11,1.11,3.61,0.25,349000.0,0.0
2021-01-06,4.44,1.11,2.78,0.0,325000.0,0.0
2021-01-07,5.56,-0.61,2.47,1.27,296000.0,0.0
2021-01-08,1.67,0.0,0.84,1.78,254000.0,0.0
2021-01-09,0.0,-1.72,-0.86,0.0,202000.0,0.0
2021-01-10,1.11,-5.0,-1.94,0.0,159000.0,0.0
2021-01-11,0.0,-2.22,-1.11,0.0,129000.0,0.0
2021-01-12,4.44,-3.28,0.58,0.0,107000.0,0.0
2021-01-13,9.44,-0.61,4.42,0.0,93100.0,0.0
2021-01-14,12.22,0.56,6.39,0.0,84000.0,0.0
2021-01-15,8.33,1.11,4.72,1.52,79800.0,0.0
2021-01-16,3.33,0.56,1.94,1.02,71600.0,0.0
2021-01-17,2.78,0.0,1.39,2.54,74600.0,1.0
2021-01-18,5.0,-1.11,1.94,0.25,70000.0,0.0
2021-01-19,9.44,2.22,5.83,0.0,67500.0,0.0
2021-01-20,5.0,-2.78,1.11,0.0,67900.0,1.0
2021-01-21,10.56,3.89,7.22,0.0,67800.0,0.0
2021-01-22,6.67,-2.22,2.22,0.0,65700.0,0.0
2021-01-23,3.89,-6.72,-1.41,0.0,62400.0,0.0
2021-01-24,4.0,0.56,2.28,3.05,57800.0,0.0
2021-01-25,4.44,2.22,3.33,43.43,62800.0,1.0
2021-01-26,11.11,2.78,6.94,0.0,91500.0,1.0
2021-01-27,2.78,-2.22,0.28,4.83,164000.0,1.0
2021-01-28,0.0,-6.72,-3.36,0.0,228000.0,1.0
2021-01-29,3.33,-6.11,-1.39,0.0,243000.0,1.0
2021-01-30,5.56,-2.78,1.39,8.64,197000.0,0.0
2021-01-31,9.44,1.11,5.28,5.59,158000.0,0.0
2021-02-01,1.11,-1.11,0.0,1.78,189000.0,1.0
2021-02-02,2.78,-3.89,-0.56,0.0,224000.0,1.0
2021-02-03,5.56,-2.22,1.67,0.0,235000.0,1.0
2021-02-04,6.67,-1.11,2.78,9.65,209000.0,0.0
2021-02-05,6.11,-1.11,2.5,0.0,157000.0,0.0
2021-02-06,6.11,-2.78,1.67,0.25,136000.0,0.0
2021-02-07,-1.11,-6.11,-3.61,0.76,119000.0,0.0
2021-02-08,3.89,-7.22,-1.66,0.0,115000.0,0.0
2021-02-09,2.22,-1.11,0.56,0.76,106000.0,0.0
2021-02-10,-0.61,-3.28,-1.94,21.59,91200.0,0.0
2021-02-11,-2.22,-5.0,-3.61,1.27,88800.0,0.0
2021-02-12,-1.11,-5.61,-3.36,0.0,96600.0,1.0
2021-02-13,-0.61,-3.28,-1.94,0.0,118000.0,1.0
2021-02-14,1.67,-8.28,-3.3,0.0,127000.0,1.0
2021-02-15,-5.0,-8.28,-6.64,11.68,121000.0,0.0
2021-02-16,-7.78,-11.72,-9.75,0.76,122000.0,1.0
2021-02-17,-3.28,-11.72,-7.5,1.52,135000.0,1.0
2021-02-18,-0.61,-5.0,-2.8,2.79,148000.0,1.0
2021-02-19,0.0,-9.39,-4.7,0.0,156000.0,1.0
2021-02-20,1.67,-11.11,-4.72,0.0,148000.0,0.0
2021-02-21,10.0,-6.11,1.94,0.0,143000.0,0.0
2021-02-22,9.44,4.44,6.94,0.76,143000.0,0.0
2021-02-23,16.11,5.0,10.56,0.0,144000.0,1.0
2021-02-24,19.44,5.56,12.5,0.0,201000.0,1.0
2021-02-25,11.11,1.11,6.11,0.0,261000.0,1.0
2021-02-26,6.67,3.33,5.0,1.27,295000.0,1.0
2021-02-27,13.89,6.67,10.28,3.81,297000.0,1.0
2021-02-28,19.44,12.22,15.83,89.92,335000.0,1.0
2021-03-01,13.33,2.22,7.78,0.0,489000.0,1.0
2021-03-02,10.0,-1.11,4.44,0.0,570000.0,1.0
2021-03-03,18.33,-1.11,8.61,0.0,633000.0,1.0
2021-03-04,14.44,3.33,8.88,0.0,688000.0,1.0
2021-03-05,8.89,-1.11,3.89,0.0,720000.0,1.0
2021-03-06,11.67,0.0,5.84,0.0,716000.0,0.0
2021-03-07,13.89,1.11,7.5,0.0,664000.0,0.0
2021-03-08,19.44,0.0,9.72,0.0,548000.0,0.0
2021-03-09,21.11,4.44,12.78,0.0,349000.0,0.0
2021-03-10,22.78,13.33,18.06,0.0,241000.0,0.0
2021-03-11,21.67,15.56,18.62,29.46,195000.0,0.0
2021-03-12,17.22,9.44,13.33,13.72,201000.0,1.0
2021-03-13,14.44,8.33,11.38,0.0,193000.0,0.0
2021-03-14,10.0,3.89,6.94,0.51,177000.0,0.0
2021-03-15,10.0,3.89,6.94,9.14,169000.0,0.0
2021-03-16,22.22,5.0,13.61,0.0,155000.0,0.0
2021-03-17,17.78,5.56,11.67,3.81,135000.0,0.0
2021-03-18,20.0,6.11,13.06,16.51,128000.0,0.0
2021-03-19,13.33,2.78,8.06,0.0,162000.0,1.0
2021-03-20,17.78,0.56,9.17,0.0,212000.0,1.0
2021-03-21,20.56,2.78,11.67,0.0,258000.0,1.0
2021-03-22,21.67,7.78,14.73,0.0,275000.0,1.0
2021-03-23,20.56,11.11,15.84,0.51,245000.0,0.0
2021-03-24,24.44,16.11,20.27,0.0,185000.0,0.0
2021-03-25,20.56,12.22,16.39,14.99,148000.0,0.0
2021-03-26,17.78,11.11,14.44,0.0,138000.0,0.0
2021-03-27,24.44,7.22,15.83,0.0,127000.0,0.0
2021-03-28,18.89,6.11,12.5,0.51,124000.0,0.0
2021-03-29,16.67,2.22,9.44,0.0,145000.0,1.0
2021-03-30,24.44,6.67,15.56,14.73,175000.0,1.0
2021-03-31,15.56,5.56,10.56,17.02,238000.0,1.0
2021-04-01,7.78,0.0,3.89,0.0,267000.0,1.0
2021-04-02,10.56,-2.22,4.17,0.0,269000.0,1.0
2021-04-03,18.89,0.56,9.72,0.0,239000.0,0.0
2021-04-04,24.44,7.22,15.83,0.0,206000.0,0.0
2021-04-05,25.56,9.44,17.5,0.0,183000.0,0.0
2021-04-06,26.67,12.78,19.73,0.0,153000.0,0.0
2021-04-07,27.78,15.56,21.67,9.4,128000.0,0.0
2021-04-08,23.33,16.67,20.0,1.27,119000.0,0.0
2021-04-09,28.33,13.33,20.83,0.0,109000.0,0.0
2021-04-10,21.67,15.56,18.62,22.86,103000.0,0.0
2021-04-11,15.0,10.56,12.78,2.79,116000.0,1.0
2021-04-12,21.67,8.33,15.0,0.0,126000.0,1.0
2021-04-13,20.56,11.67,16.11,0.0,121000.0,0.0
2021-04-14,15.56,10.0,12.78,3.56,132000.0,1.0
2021-04-15,15.56,6.11,10.84,0.0,132000.0,0.0
2021-04-16,18.33,5.56,11.94,0.0,124000.0,0.0
2021-04-17,14.44,10.0,12.22,0.0,104000.0,0.0
2021-04-18,17.78,5.56,11.67,0.0,102000.0,0.0
2021-04-19,20.56,8.89,14.72,0.0,96900.0,0.0
2021-04-20,22.22,2.78,12.5,6.86,81400.0,0.0
2021-04-21,9.44,0.56,5.0,3.56,75200.0,0.0
2021-04-22,14.44,2.78,8.61,0.0,77400.0,1.0
2021-04-23,16.67,3.89,10.28,0.0,68200.0,0.0
2021-04-24,12.78,11.11,11.94,8.89,61600.0,0.0
2021-04-25,19.44,9.44,14.44,0.0,69100.0,1.0
2021-04-26,25.56,8.33,16.94,0.0,66100.0,0.0
2021-04-27,28.89,18.89,23.89,0.0,71000.0,1.0
2021-04-28,26.67,20.0,23.34,28.96,74000.0,1.0
2021-04-29,22.22,14.44,18.33,13.46,110000.0,1.0
2021-04-30,24.44,12.78,18.61,0.0,184000.0,1.0
2021-05-01,24.44,6.67,15.56,0.0,177000.0,0.0
2021-05-02,23.33,14.44,18.88,1.27,171000.0,0.0
2021-05-03,25.56,16.67,21.12,13.21,164000.0,0.0
2021-05-04,26.11,15.56,20.84,16.51,159000.0,0.0
2021-05-05,19.44,11.67,15.56,9.65,188000.0,1.0
2021-05-06,20.0,8.33,14.16,0.0,253000.0,1.0
2021-05-07,19.44,6.67,13.06,0.0,266000.0,1.0
2021-05-08,17.22,7.22,12.22,0.25,273000.0,1.0
2021-05-09,20.56,8.89,14.72,8.13,243000.0,0.0
2021-05-10,18.33,6.11,12.22,0.0,209000.0,0.0
2021-05-11,17.78,8.89,13.34,0.0,209000.0,0.0
2021-05-12,18.89,8.89,13.89,0.0,221000.0,1.0
2021-05-13,20.56,7.22,13.89,0.0,245000.0,1.0
2021-05-14,22.22,7.78,15.0,0.0,240000.0,0.0
2021-05-15,23.33,8.89,16.11,0.0,198000.0,0.0
2021-05-16,21.67,15.0,18.34,0.76,165000.0,0.0
2021-05-17,25.56,16.11,20.84,0.0,141000.0,0.0
2021-05-18,27.22,18.89,23.06,0.0,135000.0,0.0
2021-05-19,28.33,20.56,24.44,0.0,110000.0,0.0
2021-05-20,29.44,19.44,24.44,0.0,83600.0,0.0
2021-05-21,30.0,18.33,24.16,0.0,73500.0,0.0
2021-05-22,31.11,17.78,24.44,0.0,60400.0,0.0
2021-05-23,31.67,18.33,25.0,0.0,52000.0,0.0
2021-05-24,31.11,21.11,26.11,0.0,48600.0,0.0
2021-05-25,32.22,20.0,26.11,0.0,45800.0,0.0
2021-05-26,26.67,20.56,23.62,22.1,52200.0,1.0
2021-05-27,28.33,19.44,23.88,0.0,48100.0,0.0
2021-05-28,25.56,14.44,20.0,2.79,42700.0,0.0
2021-05-29,14.44,10.0,12.22,0.25,51300.0,1.0
2021-05-30,21.67,7.78,14.73,0.0,56900.0,1.0
2021-05-31,24.44,10.56,17.5,0.0,67600.0,1.0
2021-06-01,23.89,16.67,20.28,2.79,70800.0,1.0
2021-06-02,20.0,17.22,18.61,19.56,60500.0,0.0
2021-06-03,25.56,18.33,21.94,50.29,54100.0,0.0
2021-06-04,30.0,17.22,23.61,0.0,72200.0,1.0
2021-06-05,30.56,18.33,24.44,0.0,84200.0,1.0
2021-06-06,27.78,21.11,24.44,13.97,60200.0,0.0
2021-06-07,28.33,22.22,25.28,14.22,63400.0,1.0
2021-06-08,28.33,22.22,25.28,4.57,71000.0,1.0
2021-06-09,27.22,21.67,24.44,0.51,52600.0,0.0
2021-06-10,28.89,22.78,25.84,2.54,87200.0,1.0
2021-06-11,31.67,22.0,26.84,2.03,112000.0,1.0
2021-06-12,34.44,22.78,28.61,0.0,135000.0,1.0
2021-06-13,33.89,23.89,28.89,0.0,157000.0,1.0
2021-06-14,33.33,21.11,27.22,0.0,163000.0,1.0
2021-06-15,28.33,18.33,23.33,0.0,155000.0,0.0
2021-06-16,29.44,18.33,23.88,0.0,152000.0,0.0
2021-06-17,30.56,17.78,24.17,0.0,125000.0,0.0
2021-06-18,33.33,21.67,27.5,0.0,88300.0,0.0
2021-06-19,31.11,22.22,26.66,0.0,119000.0,1.0
2021-06-20,32.78,23.33,28.06,0.0,188000.0,1.0
2021-06-21,29.44,18.89,24.16,3.3,96200.0,0.0
2021-06-22,23.89,16.67,20.28,0.0,73000.0,0.0
2021-06-23,27.22,14.44,20.83,0.0,117000.0,1.0
2021-06-24,30.0,17.22,23.61,0.0,141000.0,1.0
2021-06-25,29.44,25.0,27.22,0.0,96500.0,0.0
2021-06-26,31.67,23.89,27.78,0.0,60400.0,0.0
2021-06-27,33.89,23.89,28.89,0.0,37100.0,0.0
2021-06-28,33.89,24.44,29.16,0.0,55300.0,1.0
2021-06-29,35.56,25.56,30.56,0.0,25300.0,0.0
2021-06-30,31.67,23.89,27.78,0.25,27100.0,1.0
2021-07-01,25.56,21.11,23.34,74.17,60800.0,1.0
2021-07-02,27.22,18.33,22.78,0.0,123000.0,1.0
2021-07-03,28.33,16.67,22.5,0.0,158000.0,1.0
2021-07-04,31.67,19.44,25.56,0.0,123000.0,0.0
2021-07-05,32.78,22.78,27.78,0.0,90100.0,0.0
2021-07-06,32.22,24.44,28.33,1.02,76100.0,0.0
2021-07-07,30.56,22.78,26.67,0.0,57600.0,0.0
2021-07-08,32.22,23.33,27.78,1.78,42500.0,0.0
2021-07-09,29.44,21.67,25.56,0.0,57100.0,1.0
2021-07-10,30.56,21.11,25.84,19.81,59000.0,1.0
2021-07-11,28.33,21.0,24.66,6.1,70100.0,1.0
2021-07-12,30.0,23.33,26.66,12.95,77400.0,1.0
2021-07-13,29.44,23.33,26.38,2.03,80100.0,1.0
2021-07-14,30.56,22.78,26.67,0.0,103000.0,1.0
2021-07-15,32.78,22.22,27.5,0.0,106000.0,1.0
2021-07-16,32.22,22.78,27.5,5.59,102000.0,0.0
2021-07-17,30.0,22.78,26.39,7.37,147000.0,1.0
2021-07-18,29.44,22.78,26.11,0.0,154000.0,1.0
2021-07-19,30.56,20.56,25.56,0.0,132000.0,0.0
2021-07-20,31.11,20.56,25.84,0.0,140000.0,1.0
2021-07-21,30.56,21.67,26.12,0.0,138000.0,0.0
2021-07-22,29.44,21.67,25.56,0.0,112000.0,0.0
2021-07-23,31.11,20.56,25.84,0.0,91100.0,0.0
2021-07-24,32.22,20.0,26.11,0.0,80200.0,0.0
2021-07-25,32.78,26.11,29.44,0.0,66100.0,0.0
2021-07-26,34.44,25.0,29.72,0.0,54500.0,0.0
2021-07-27,33.89,22.78,28.34,0.0,54100.0,0.0
2021-07-28,33.89,22.22,28.06,0.0,54400.0,1.0
2021-07-29,33.33,23.89,28.61,0.0,51500.0,0.0
2021-07-30,29.44,24.44,26.94,0.0,50500.0,0.0
2021-07-31,26.67,19.44,23.06,0.25,67400.0,1.0
2021-08-01,28.89,18.33,23.61,0.0,66900.0,0.0
2021-08-02,28.89,16.67,22.78,0.0,64700.0,0.0
2021-08-03,29.44,18.33,23.88,0.0,54400.0,0.0
2021-08-04,30.56,17.78,24.17,0.0,38700.0,0.0
2021-08-05,31.11,19.44,25.28,0.0,29800.0,0.0
2021-08-06,31.11,20.0,25.56,0.0,24700.0,0.0
2021-08-07,32.22,21.11,26.66,0.0,32000.0,1.0
2021-08-08,33.33,22.78,28.06,0.0,35000.0,1.0
2021-08-09,27.22,22.78,25.0,21.84,27200.0,0.0
2021-08-10,35.0,23.89,29.44,0.25,12200.0,0.0
2021-08-11,34.44,27.78,31.11,0.0,45300.0,1.0
2021-08-12,35.0,26.67,30.84,0.0,15300.0,0.0
2021-08-13,33.33,25.56,29.44,0.0,40000.0,1.0
2021-08-14,29.44,23.89,26.66,4.32,49700.0,1.0
2021-08-15,25.0,21.67,23.34,0.0,46700.0,0.0
2021-08-16,28.89,22.22,25.56,1.27,41800.0,0.0
2021-08-17,30.0,22.78,26.39,0.0,53600.0,1.0
2021-08-18,32.22,22.22,27.22,0.51,62000.0,1.0
2021-08-19,30.56,21.67,26.12,7.87,89900.0,1.0
2021-08-20,31.67,22.78,27.22,0.0,150000.0,1.0
2021-08-21,32.22,22.22,27.22,0.0,179000.0,1.0
2021-08-22,34.44,23.33,28.88,0.0,150000.0,0.0
2021-08-23,35.56,23.33,29.44,0.0,107000.0,0.0
2021-08-24,35.56,25.0,30.28,0.0,76400.0,0.0
2021-08-25,34.44,23.89,29.16,7.62,60900.0,0.0
2021-08-26,35.0,22.78,28.89,0.0,53600.0,0.0
2021-08-27,34.44,23.33,28.88,0.25,63500.0,1.0
2021-08-28,34.44,22.78,28.61,0.0,67800.0,1.0
2021-08-29,34.44,24.44,29.44,0.0,54600.0,0.0
2021-08-30,30.56,22.78,26.67,24.13,48500.0,0.0
2021-08-31,23.89,21.67,22.78,14.99,69600.0,1.0
2021-09-01,28.89,21.67,25.28,0.0,84000.0,1.0
2021-09-02,27.78,16.67,22.22,0.0,125000.0,1.0
2021-09-03,28.33,16.67,22.5,0.0,171000.0,1.0
2021-09-04,28.33,17.78,23.06,0.0,204000.0,1.0
2021-09-05,26.67,20.56,23.62,27.94,170000.0,0.0
2021-09-06,30.0,16.11,23.06,0.0,105000.0,0.0
2021-09-07,30.0,17.22,23.61,0.0,93500.0,0.0
2021-09-08,28.89,20.0,24.44,2.79,75900.0,0.0
2021-09-09,26.11,15.56,20.84,0.0,62200.0,0.0
2021-09-10,27.22,15.56,21.39,0.0,51700.0,0.0
2021-09-11,28.33,16.11,22.22,0.0,43800.0,0.0
2021-09-12,30.56,21.11,25.84,0.0,42900.0,0.0
2021-09-13,31.11,21.11,26.11,0.0,50400.0,1.0
2021-09-14,31.11,21.67,26.39,0.0,42100.0,0.0
2021-09-15,28.33,21.67,25.0,0.0,34500.0,0.0
2021-09-16,28.89,20.56,24.72,0.0,41400.0,1.0
2021-09-17,30.56,21.11,25.84,0.0,35100.0,0.0
2021-09-18,31.11,22.78,26.94,0.0,54400.0,1.0
2021-09-19,29.44,22.22,25.83,2.54,38800.0,0.0
2021-09-20,25.0,22.0,23.5,45.21,29500.0,0.0
2021-09-21,25.56,21.11,23.34,7.62,48700.0,1.0
2021-09-22,22.0,13.33,17.66,33.02,39600.0,0.0
2021-09-23,20.56,11.11,15.84,0.0,43800.0,1.0
2021-09-24,23.89,10.0,16.94,0.0,83500.0,1.0
2021-09-25,22.78,13.89,18.34,1.78,99200.0,1.0
2021-09-26,25.0,10.0,17.5,0.0,79400.0,0.0
2021-09-27,28.89,14.44,21.66,0.0,67800.0,0.0
2021-09-28,30.56,20.0,25.28,0.0,50700.0,0.0
2021-09-29,31.67,18.89,25.28,0.0,48700.0,0.0
2021-09-30,29.44,20.56,25.0,0.0,47600.0,0.0
2021-10-01,27.78,16.67,22.22,0.0,34200.0,0.0
2021-10-02,27.78,17.78,22.78,0.25,31800.0,0.0
2021-10-03,23.33,18.89,21.11,25.91,30000.0,0.0
2021-10-04,24.44,17.78,21.11,0.0,51500.0,1.0
2021-10-05,26.11,16.67,21.39,14.73,42800.0,0.0
2021-10-06,25.0,20.56,22.78,3.05,37800.0,0.0
2021-10-07,27.22,17.78,22.5,1.78,48600.0,1.0
2021-10-08,27.22,16.67,21.94,0.0,58600.0,1.0
2021-10-09,28.89,16.67,22.78,0.0,63100.0,1.0
2021-10-10,30.0,20.0,25.0,0.0,67100.0,1.0
2021-10-11,28.33,19.44,23.88,0.0,56600.0,0.0
2021-10-12,25.0,17.78,21.39,0.0,49500.0,0.0
2021-10-13,23.89,15.0,19.44,0.25,39600.0,0.0
2021-10-14,29.44,19.44,24.44,0.0,47400.0,1.0
2021-10-15,25.0,18.33,21.66,13.97,32800.0,0.0
2021-10-16,18.33,10.56,14.44,1.27,41900.0,1.0
2021-10-17,21.11,7.78,14.44,0.0,45400.0,1.0
2021-10-18,22.78,9.44,16.11,0.0,46600.0,1.0
2021-10-19,22.22,8.33,15.27,0.0,56400.0,1.0
2021-10-20,23.89,10.0,16.94,0.0,48800.0,0.0
2021-10-21,23.89,11.11,17.5,0.0,46300.0,0.0
2021-10-22,15.0,10.0,12.5,0.0,39000.0,0.0
2021-10-23,17.78,8.89,13.34,1.52,42100.0,1.0
2021-10-24,26.67,13.89,20.28,4.57,47900.0,1.0
2021-10-25,20.56,11.11,15.84,11.94,49100.0,1.0
2021-10-26,16.11,8.89,12.5,0.0,58700.0,1.0
2021-10-27,16.67,5.0,10.84,0.0,68000.0,1.0
2021-10-28,13.33,9.44,11.38,4.83,78000.0,1.0
2021-10-29,17.22,11.67,14.44,8.89,86600.0,1.0
2021-10-30,16.11,12.78,14.44,9.65,98600.0,1.0
2021-10-31,18.33,10.0,14.16,0.0,144000.0,1.0
2021-11-01,13.89,6.11,10.0,0.0,158000.0,1.0
2021-11-02,11.67,4.44,8.06,0.0,154000.0,0.0
2021-11-03,10.0,1.67,5.84,0.0,143000.0,0.0
2021-11-04,12.22,0.0,6.11,0.0,123000.0,0.0
2021-11-05,13.33,1.11,7.22,0.0,108000.0,0.0
2021-11-06,15.56,0.56,8.06,0.0,97000.0,0.0
2021-11-07,17.78,1.11,9.44,0.0,82900.0,0.0
2021-11-08,22.22,4.44,13.33,0.0,71500.0,0.0
2021-11-09,20.0,6.11,13.06,0.0,71500.0,0.0
2021-11-10,22.22,11.11,16.66,0.0,68000.0,0.0
2021-11-11,18.33,9.44,13.88,10.41,58600.0,0.0
2021-11-12,12.22,4.44,8.33,2.79,62800.0,1.0
2021-11-13,5.56,2.78,4.17,0.0,60000.0,0.0
2021-11-14,8.89,2.78,5.84,1.27,52800.0,0.0
2021-11-15,7.78,0.0,3.89,0.0,65300.0,1.0
2021-11-16,20.0,2.78,11.39,0.0,66600.0,1.0
2021-11-17,21.11,16.11,18.61,0.0,57400.0,0.0
2021-11-18,18.0,2.78,10.39,9.65,64100.0,1.0
2021-11-19,6.67,-1.11,2.78,0.0,62000.0,0.0
2021-11-20,14.44,0.56,7.5,1.02,67800.0,1.0
2021-11-21,10.0,6.67,8.34,7.87,66500.0,0.0
2021-11-22,7.22,-1.72,2.75,0.0,64200.0,0.0
2021-11-23,7.78,-3.28,2.25,0.0,79300.0,1.0
2021-11-24,14.44,-0.61,6.92,0.0,88000.0,1.0
2021-11-25,13.33,2.22,7.78,8.38,78800.0,0.0
2021-11-26,2.78,-3.28,-0.25,0.0,71300.0,0.0
2021-11-27,12.22,-1.11,5.56,0.0,74900.0,1.0
2021-11-28,10.56,1.11,5.84,0.0,65600.0,0.0
2021-11-29,8.89,-2.22,3.34,0.0,55900.0,0.0
2021-11-30,15.0,5.56,10.28,0.0,55800.0,0.0
2021-12-01,16.11,3.33,9.72,0.0,61700.0,1.0
2021-12-02,21.11,10.56,15.84,0.0,61200.0,0.0
2021-12-03,22.22,5.56,13.89,0.0,60400.0,0.0
2021-12-04,14.44,5.56,10.0,0.0,54600.0,0.0
2021-12-05,20.56,4.44,12.5,3.05,52200.0,0.0
2021-12-06,17.22,-1.11,8.06,23.88,67000.0,1.0
2021-12-07,1.67,-1.72,-0.03,0.0,164000.0,1.0
2021-12-08,8.33,-1.72,3.3,0.0,186000.0,1.0
2021-12-09,17.22,-0.61,8.3,0.0,147000.0,0.0
2021-12-10,19.44,10.56,15.0,6.35,128000.0,0.0
2021-12-11,21.0,2.22,11.61,23.37,120000.0,0.0
2021-12-12,10.0,-1.72,4.14,0.0,192000.0,1.0
2021-12-13,13.89,-0.61,6.64,0.0,218000.0,1.0
2021-12-14,15.56,1.67,8.62,0.0,191000.0,0.0
2021-12-15,20.56,10.56,15.56,0.0,168000.0,0.0
2021-12-16,18.33,8.33,13.33,5.84,141000.0,0.0
2021-12-17,10.0,5.56,7.78,13.46,118000.0,0.0
2021-12-18,16.11,3.89,10.0,1.78,116000.0,0.0
2021-12-19,3.33,0.56,1.94,0.0,116000.0,0.0
2021-12-20,7.78,-2.78,2.5,0.0,103000.0,0.0
2021-12-21,10.0,-1.11,4.44,0.0,109000.0,1.0
2021-12-22,5.0,-0.61,2.19,0.0,109000.0,0.0
2021-12-23,13.89,-2.78,5.56,0.0,97400.0,0.0
2021-12-24,18.33,12.22,15.27,0.0,87000.0,0.0
2021-12-25,22.78,11.11,16.94,0.0,86700.0,0.0
2021-12-26,15.0,10.56,12.78,0.0,79400.0,0.0
2021-12-27,22.78,12.22,17.5,0.25,95800.0,1.0
2021-12-28,21.11,6.11,13.61,7.62,127000.0,1.0
2021-12-29,13.33,9.44,11.38,6.1,141000.0,1.0
2021-12-30,12.22,8.89,10.56,0.0,179000.0,1.0
2021-12-31,19.44,9.44,14.44,3.81,210000.0,1.0
2022-01-01,17.78,12.78,15.28,52.83,221000.0,1.0
2022-01-02,13.89,-0.61,6.64,0.25,323000.0,1.0
2022-01-03,2.78,-3.89,-0.56,0.0,437000.0,1.0
2022-01-04,7.78,-4.39,1.7,0.0,498000.0,1.0
2022-01-05,10.0,-1.11,4.44,0.0,534000.0,1.0
2022-01-06,-2.22,-9.39,-5.81,5.33,527000.0,0.0
2022-01-07,-5.61,-12.0,-8.8,0.0,430000.0,0.0
2022-01-08,7.22,-10.0,-1.39,10.67,302000.0,0.0
2022-01-09,8.33,-2.22,3.06,35.56,236000.0,0.0
2022-01-10,2.78,-6.72,-1.97,0.0,249000.0,1.0
2022-01-11,3.33,-7.22,-1.94,0.0,312000.0,1.0
2022-01-12,12.22,2.78,7.5,0.0,361000.0,1.0
2022-01-13,11.11,2.22,6.66,0.0,364000.0,1.0
2022-01-14,3.89,0.0,1.94,0.0,296000.0,0.0
2022-01-15,3.33,-1.11,1.11,0.0,223000.0,0.0
2022-01-16,0.0,-2.22,-1.11,1.02,166000.0,0.0
2022-01-17,0.0,-2.22,-1.11,0.25,138000.0,0.0
2022-01-18,7.78,-3.89,1.94,0.0,117000.0,0.0
2022-01-19,11.11,-1.72,4.69,5.84,100000.0,0.0
2022-01-20,-1.72,-5.0,-3.36,0.0,98700.0,0.0
2022-01-21,-1.72,-7.22,-4.47,0.0,122000.0,1.0
2022-01-22,1.67,-10.0,-4.16,0.0,159000.0,1.0
2022-01-23,5.56,-3.28,1.14,0.0,167000.0,1.0
2022-01-24,10.0,-4.39,2.8,0.0,135000.0,0.0
2022-01-25,2.78,-6.11,-1.67,0.0,111000.0,0.0
2022-01-26,-2.78,-11.11,-6.94,0.0,104000.0,0.0
2022-01-27,5.0,-8.89,-1.95,0.0,95000.0,0.0
2022-01-28,2.0,-8.28,-3.14,2.29,84400.0,0.0
2022-01-29,-1.72,-13.28,-7.5,0.0,72600.0,0.0
2022-01-30,7.78,-5.0,1.39,0.0,71900.0,0.0
2022-01-31,6.67,-3.28,1.7,0.0,76000.0,1.0
2022-02-01,17.78,0.0,8.89,0.0,66300.0,0.0
2022-02-02,12.78,1.67,7.22,19.3,62300.0,0.0
2022-02-03,1.67,-3.28,-0.8,38.35,105000.0,1.0
2022-02-04,-2.22,-5.61,-3.92,1.52,206000.0,1.0
2022-02-05,1.0,-10.0,-4.5,0.0,325000.0,1.0
2022-02-06,9.44,-5.61,1.91,0.0,434000.0,1.0
2022-02-07,5.56,-3.28,1.14,0.0,490000.0,1.0
2022-02-08,12.22,-5.0,3.61,0.0,488000.0,0.0
2022-02-09,13.89,6.11,10.0,0.0,395000.0,0.0
2022-02-10,10.56,2.22,6.39,0.0,290000.0,0.0
2022-02-11,17.78,1.11,9.44,0.0,225000.0,0.0
2022-02-12,7.22,-3.28,1.97,0.0,195000.0,0.0
2022-02-13,1.67,-6.11,-2.22,0.0,195000.0,0.0
2022-02-14,3.89,-6.0,-1.06,0.0,194000.0,0.0
2022-02-15,16.67,-3.89,6.39,0.0,185000.0,0.0
2022-02-16,19.44,10.56,15.0,0.0,171000.0,0.0
2022-02-17,18.33,1.11,9.72,58.67,161000.0,0.0
2022-02-18,2.78,-3.89,-0.56,0.0,310000.0,1.0
2022-02-19,3.89,-1.72,1.08,0.0,394000.0,1.0
2022-02-20,17.22,-4.39,6.41,0.0,431000.0,1.0
2022-02-21,20.56,5.56,13.06,0.0,463000.0,1.0
2022-02-22,17.22,7.78,12.5,26.16,480000.0,1.0
2022-02-23,7.22,-0.61,3.3,0.0,515000.0,1.0
2022-02-24,4.44,-0.61,1.92,25.15,483000.0,0.0
2022-02-25,3.89,-1.11,1.39,2.03,455000.0,0.0
2022-02-26,5.0,-2.22,1.39,0.0,516000.0,1.0
2022-02-27,11.67,-2.22,4.72,0.0,544000.0,1.0
2022-02-28,13.33,-0.61,6.36,0.0,570000.0,1.0
2022-03-01,21.11,6.67,13.89,0.0,568000.0,0.0
2022-03-02,23.33,5.56,14.44,0.0,538000.0,0.0
2022-03-03,18.33,5.0,11.66,0.0,471000.0,0.0
2022-03-04,17.22,1.67,9.44,0.0,367000.0,0.0
2022-03-05,24.44,9.44,16.94,0.0,298000.0,0.0
2022-03-06,23.33,16.11,19.72,9.14,264000.0,0.0
2022-03-07,21.67,3.33,12.5,30.73,257000.0,0.0
2022-03-08,6.67,2.78,4.72,0.0,375000.0,1.0
2022-03-09,12.22,1.67,6.94,2.29,425000.0,1.0
2022-03-10,13.33,1.11,7.22,0.0,417000.0,0.0
2022-03-11,13.33,-1.72,5.8,3.3,403000.0,0.0
2022-03-12,-1.0,-6.72,-3.86,0.0,388000.0,0.0
2022-03-13,12.78,-4.39,4.2,0.0,358000.0,0.0
2022-03-14,20.0,6.67,13.34,0.0,311000.0,0.0
2022-03-15,21.67,11.11,16.39,0.0,271000.0,0.0
2022-03-16,22.22,7.22,14.72,0.0,246000.0,0.0
2022-03-17,23.33,8.89,16.11,0.0,236000.0,0.0
2022-03-18,20.0,12.22,16.11,4.32,233000.0,0.0
2022-03-19,15.56,6.67,11.12,0.25,210000.0,0.0
2022-03-20,20.0,5.0,12.5,0.0,190000.0,0.0
2022-03-21,22.78,6.67,14.73,0.0,163000.0,0.0
2022-03-22,22.78,12.22,17.5,1.02,144000.0,0.0
2022-03-23,21.11,10.0,15.56,0.76,141000.0,0.0
2022-03-24,12.78,7.22,10.0,1.02,144000.0,1.0
2022-03-25,8.89,6.67,7.78,0.25,143000.0,0.0
2022-03-26,10.56,1.67,6.12,0.0,141000.0,0.0
2022-03-27,8.89,-2.22,3.34,0.0,146000.0,1.0
2022-03-28,9.44,-0.61,4.42,0.0,139000.0,0.0
2022-03-29,9.44,3.33,6.38,0.0,128000.0,0.0
2022-03-30,28.33,7.78,18.06,4.57,120000.0,0.0
2022-03-31,16.67,5.0,10.84,2.54,112000.0,0.0
2022-04-01,10.0,2.0,6.0,1.02,99100.0,0.0
2022-04-02,13.89,1.11,7.5,0.0,99100.0,0.0
2022-04-03,17.22,2.78,10.0,0.0,94300.0,0.0
2022-04-04,15.56,8.89,12.23,1.02,96100.0,1.0
2022-04-05,14.44,10.56,12.5,9.65,97500.0,1.0
2022-04-06,13.33,8.89,11.11,25.4,95600.0,0.0
2022-04-07,12.78,8.33,10.56,0.0,123000.0,1.0
2022-04-08,9.44,4.44,6.94,2.03,173000.0,1.0
2022-04-09,10.0,2.78,6.39,0.25,210000.0,1.0
2022-04-10,20.56,0.56,10.56,0.0,225000.0,1.0
2022-04-11,19.44,14.44,16.94,10.92,228000.0,1.0
2022-04-12,23.89,11.67,17.78,1.52,215000.0,0.0
2022-04-13,23.89,16.11,20.0,35.56,198000.0,0.0
2022-04-14,17.78,6.11,11.94,2.29,224000.0,1.0
2022-04-15,22.22,7.22,14.72,4.83,245000.0,1.0
2022-04-16,21.11,10.56,15.84,2.29,226000.0,0.0
2022-04-17,11.11,5.56,8.33,0.0,194000.0,0.0
2022-04-18,10.0,5.0,7.5,8.13,171000.0,0.0
2022-04-19,13.33,2.78,8.06,0.0,161000.0,0.0
2022-04-20,23.33,8.33,15.83,1.02,169000.0,1.0
2022-04-21,20.56,13.89,17.23,5.33,193000.0,1.0
2022-04-22,27.78,13.89,20.84,0.0,197000.0,1.0
2022-04-23,30.56,16.67,23.62,0.0,182000.0,0.0
2022-04-24,28.89,20.56,24.72,0.0,165000.0,0.0
2022-04-25,24.44,14.44,19.44,0.51,150000.0,0.0
2022-04-26,16.67,6.67,11.67,0.0,129000.0,0.0
2022-04-27,21.67,6.11,13.89,0.0,123000.0,0.0
2022-04-28,22.22,10.0,16.11,0.0,114000.0,0.0
2022-04-29,23.33,15.0,19.16,0.0,118000.0,1.0
2022-04-30,27.78,16.11,21.94,1.02,116000.0,0.0
2022-05-01,26.67,17.22,21.94,0.25,97300.0,0.0
2022-05-02,24.44,12.22,18.33,0.0,106000.0,1.0
2022-05-03,27.78,17.78,22.78,8.89,104000.0,0.0
2022-05-04,17.78,13.89,15.84,0.0,117000.0,1.0
2022-05-05,21.11,13.33,17.22,5.33,126000.0,1.0
2022-05-06,23.33,14.44,18.88,4.57,151000.0,1.0
2022-05-07,17.22,12.22,14.72,0.76,215000.0,1.0
2022-05-08,22.22,11.11,16.66,0.0,270000.0,1.0
2022-05-09,27.78,12.78,20.28,0.0,353000.0,1.0
2022-05-10,29.44,17.22,23.33,0.0,431000.0,1.0
2022-05-11,31.67,21.67,26.67,0.0,468000.0,1.0
2022-05-12,31.11,17.22,24.16,0.0,450000.0,0.0
2022-05-13,30.0,18.89,24.44,0.0,368000.0,0.0
2022-05-14,28.89,18.89,23.89,2.54,270000.0,0.0
2022-05-15,30.56,16.67,23.62,1.52,203000.0,0.0
2022-05-16,26.67,16.67,21.67,3.3,153000.0,0.0
2022-05-17,29.44,16.11,22.78,0.0,127000.0,0.0
2022-05-18,26.67,18.89,22.78,11.18,115000.0,0.0
2022-05-19,28.89,17.0,22.94,0.76,97100.0,0.0
2022-05-20,32.22,23.89,28.06,0.0,112000.0,1.0
2022-05-21,32.78,20.0,26.39,6.1,126000.0,1.0
2022-05-22,21.67,17.78,19.73,1.78,103000.0,0.0
2022-05-23,18.33,13.89,16.11,0.0,109000.0,1.0
2022-05-24,23.33,13.33,18.33,0.0,111000.0,1.0
2022-05-25,30.56,18.33,24.44,18.54,94900.0,0.0
2022-05-26,23.33,18.33,20.83,14.22,98100.0,1.0
2022-05-27,22.22,16.11,19.16,2.29,131000.0,1.0
2022-05-28,23.89,13.33,18.61,0.0,163000.0,1.0
2022-05-29,28.89,15.0,21.94,0.0,183000.0,1.0
2022-05-30,31.67,19.44,25.56,0.0,200000.0,1.0
2022-05-31,31.67,21.11,26.39,0.0,189000.0,0.0
2022-06-01,33.33,21.67,27.5,6.35,152000.0,0.0
2022-06-02,26.11,20.56,23.34,12.95,124000.0,0.0
2022-06-03,27.78,16.67,22.22,0.0,113000.0,0.0
2022-06-04,30.0,15.0,22.5,0.0,108000.0,0.0
2022-06-05,29.44,16.67,23.06,0.0,106000.0,0.0
2022-06-06,28.89,20.0,24.44,16.76,77800.0,0.0
2022-06-07,28.33,20.0,24.16,1.52,89400.0,1.0
2022-06-08,30.56,21.11,25.84,0.0,115000.0,1.0
2022-06-09,26.67,17.78,22.22,0.0,112000.0,0.0
2022-06-10,22.78,18.89,20.84,2.54,132000.0,1.0
2022-06-11,28.33,18.33,23.33,0.0,126000.0,0.0
2022-06-12,31.67,21.67,26.67,0.0,114000.0,0.0
2022-06-13,36.11,26.67,31.39,0.0,84900.0,0.0
2022-06-14,35.56,28.33,31.94,0.0,92100.0,1.0
2022-06-15,35.0,26.67,30.84,0.0,131000.0,1.0
2022-06-16,35.56,27.78,31.67,0.0,139000.0,1.0
2022-06-17,31.67,23.89,27.78,0.25,134000.0,0.0
2022-06-18,27.78,20.56,24.17,0.0,112000.0,0.0
2022-06-19,28.33,16.67,22.5,0.0,99000.0,0.0
2022-06-20,32.22,16.67,24.44,0.0,80600.0,0.0
2022-06-21,35.56,18.33,26.94,0.0,65400.0,0.0
2022-06-22,37.22,23.89,30.56,0.0,55600.0,0.0
2022-06-23,32.22,21.67,26.94,0.0,46100.0,0.0
2022-06-24,32.78,20.0,26.39,0.0,58700.0,1.0
2022-06-25,34.44,21.67,28.06,0.0,45500.0,0.0
2022-06-26,31.11,22.78,26.94,29.97,45400.0,0.0
2022-06-27,28.33,18.89,23.61,0.0,51400.0,1.0
2022-06-28,26.67,16.11,21.39,0.0,53700.0,1.0
2022-06-29,31.67,14.44,23.06,0.0,67400.0,1.0
2022-06-30,34.44,19.44,26.94,0.0,52300.0,0.0
2022-07-01,35.0,26.11,30.56,0.0,28400.0,0.0
2022-07-02,33.33,25.0,29.16,0.0,43000.0,1.0
2022-07-03,31.11,21.67,26.39,1.52,37900.0,0.0
2022-07-04,35.0,23.33,29.16,0.0,39200.0,1.0
2022-07-05,38.33,27.22,32.78,0.0,49500.0,1.0
2022-07-06,37.22,25.0,31.11,3.56,40200.0,0.0
2022-07-07,32.22,25.0,28.61,0.0,53900.0,1.0
2022-07-08,27.22,23.33,25.28,10.92,69100.0,1.0
2022-07-09,25.0,22.22,23.61,3.3,87800.0,1.0
2022-07-10,31.67,19.44,25.56,0.0,91900.0,1.0
2022-07-11,33.33,21.11,27.22,0.0,81500.0,0.0
2022-07-12,32.78,24.44,28.61,0.0,69500.0,0.0
2022-07-13,32.22,21.11,26.66,0.0,54800.0,0.0
2022-07-14,32.78,22.22,27.5,0.0,48400.0,0.0
2022-07-15,31.67,21.67,26.67,0.0,50200.0,1.0
2022-07-16,35.56,23.89,29.72,0.0,51000.0,1.0
2022-07-17,28.89,23.89,26.39,10.16,42800.0,0.0
2022-07-18,30.0,22.22,26.11,20.57,42000.0,0.0
2022-07-19,32.78,22.22,27.5,0.0,70500.0,1.0
2022-07-20,35.56,25.56,30.56,0.0,90100.0,1.0
2022-07-21,33.89,24.44,29.16,0.0,74700.0,0.0
2022-07-22,36.11,22.78,29.44,0.0,60700.0,0.0
2022-07-23,36.11,24.44,30.28,0.0,51200.0,0.0
2022-07-24,33.89,27.22,30.56,4.32,51600.0,1.0
2022-07-25,30.56,23.89,27.22,7.37,43300.0,0.0
2022-07-26,26.67,21.67,24.17,31.5,48300.0,1.0
2022-07-27,31.67,24.44,28.06,0.76,56100.0,1.0
2022-07-28,33.33,22.22,27.78,7.11,74300.0,1.0
2022-07-29,29.44,22.78,26.11,0.0,126000.0,1.0
2022-07-30,28.33,20.0,24.16,0.0,156000.0,1.0
2022-07-31,26.67,20.0,23.34,43.94,182000.0,1.0
2022-08-01,31.11,23.89,27.5,5.33,169000.0,0.0
2022-08-02,30.56,23.89,27.22,0.0,167000.0,0.0
2022-08-03,34.44,23.33,28.88,0.0,154000.0,0.0
2022-08-04,31.67,25.0,28.34,0.0,149000.0,0.0
2022-08-05,28.89,23.33,26.11,9.65,119000.0,0.0
2022-08-06,31.67,23.33,27.5,2.79,92600.0,0.0
2022-08-07,31.67,22.22,26.94,0.0,116000.0,1.0
2022-08-08,33.89,23.89,28.89,0.0,127000.0,1.0
2022-08-09,33.33,24.44,28.88,0.0,114000.0,0.0
2022-08-10,28.33,23.89,26.11,45.97,118000.0,1.0
2022-08-11,30.56,21.11,25.84,11.18,92300.0,0.0
2022-08-12,27.78,19.44,23.61,0.0,97700.0,1.0
2022-08-13,29.44,17.22,23.33,0.0,115000.0,1.0
2022-08-14,28.89,21.11,25.0,0.76,99800.0,0.0
2022-08-15,28.89,22.22,25.56,0.0,71600.0,0.0
2022-08-16,29.44,19.44,24.44,0.0,67200.0,0.0
2022-08-17,28.33,18.33,23.33,0.0,62300.0,0.0
2022-08-18,29.44,18.89,24.16,0.0,56400.0,0.0
2022-08-19,31.11,20.0,25.56,0.0,57500.0,1.0
2022-08-20,30.56,21.67,26.12,0.0,51400.0,0.0
2022-08-21,27.78,22.22,25.0,16.51,44700.0,0.0
2022-08-22,28.33,20.0,24.16,0.0,57500.0,1.0
2022-08-23,30.0,19.44,24.72,0.0,84300.0,1.0
2022-08-24,30.0,19.44,24.72,0.0,90800.0,1.0
2022-08-25,31.11,18.89,25.0,0.0,77700.0,0.0
2022-08-26,32.22,21.67,26.94,3.3,55700.0,0.0
2022-08-27,31.67,21.11,26.39,0.0,50000.0,0.0
2022-08-28,34.28,22.22,28.25,0.0,42700.0,0.0
2022-08-29,32.22,22.0,27.11,9.4,34200.0,0.0
2022-08-30,30.56,22.78,26.67,14.22,57900.0,1.0
2022-08-31,28.89,17.78,23.34,0.0,51100.0,0.0
2022-09-01,29.44,19.44,24.44,0.0,53400.0,1.0
2022-09-02,31.11,21.11,26.11,0.0,44900.0,0.0
2022-09-03,31.11,22.22,26.66,22.86,50000.0,1.0
2022-09-04,27.22,21.11,24.16,3.3,63200.0,1.0
2022-09-05,29.44,22.22,25.83,1.27,58200.0,0.0
2022-09-06,28.89,20.56,24.72,14.73,88200.0,1.0
2022-09-07,28.33,19.44,23.88,0.0,81000.0,0.0
2022-09-08,27.78,17.22,22.5,0.0,95500.0,1.0
2022-09-09,29.44,17.22,23.33,0.0,85400.0,0.0
2022-09-10,27.78,21.11,24.44,0.0,70000.0,0.0
2022-09-11,28.0,19.44,23.72,5.59,57200.0,0.0
2022-09-12,23.89,16.11,20.0,0.0,48900.0,0.0
2022-09-13,23.89,14.44,19.16,0.0,57700.0,1.0
2022-09-14,27.22,17.22,22.22,0.0,51300.0,0.0
2022-09-15,28.89,17.78,23.34,0.0,49000.0,0.0
2022-09-16,30.0,17.22,23.61,0.0,45500.0,0.0
2022-09-17,29.44,18.33,23.88,0.0,43200.0,0.0
2022-09-18,30.0,17.22,23.61,0.0,34800.0,0.0
2022-09-19,30.56,20.56,25.56,1.78,28500.0,0.0
2022-09-20,33.89,22.22,28.06,0.0,39300.0,1.0
2022-09-21,35.56,22.78,29.17,0.0,30300.0,0.0
2022-09-22,26.11,16.11,21.11,0.0,13600.0,0.0
2022-09-23,20.56,10.56,15.56,0.0,35600.0,1.0
2022-09-24,26.67,15.0,20.84,1.52,41600.0,1.0
2022-09-25,26.11,17.22,21.66,0.76,27500.0,0.0
2022-09-26,22.22,13.33,17.77,0.0,20200.0,0.0
2022-09-27,21.67,9.44,15.56,0.0,30100.0,1.0
2022-09-28,18.89,8.33,13.61,0.0,39600.0,1.0
2022-09-29,21.11,8.33,14.72,0.0,10700.0,0.0
2022-09-30,23.33,8.89,16.11,0.0,30200.0,1.0
2022-10-01,25.0,9.44,17.22,0.0,57200.0,1.0
2022-10-02,23.89,11.67,17.78,0.0,54600.0,0.0
2022-10-03,23.33,9.44,16.38,0.0,64900.0,1.0
2022-10-04,23.33,8.33,15.83,0.0,75100.0,1.0
2022-10-05,25.56,8.89,17.23,0.0,87400.0,1.0
2022-10-06,26.11,11.11,18.61,0.25,75100.0,0.0
2022-10-07,20.56,10.56,15.56,0.0,51500.0,0.0
2022-10-08,16.11,5.0,10.56,0.0,42000.0,0.0
2022-10-09,18.89,3.33,11.11,0.0,41600.0,0.0
2022-10-10,23.89,6.11,15.0,0.0,38500.0,0.0
2022-10-11,25.0,9.44,17.22,0.0,35800.0,0.0
2022-10-12,26.67,15.0,20.84,0.0,35100.0,0.0
2022-10-13,20.56,10.56,15.56,0.0,19200.0,0.0
2022-10-14,21.67,5.0,13.34,0.0,29300.0,1.0
2022-10-15,20.56,12.22,16.39,0.0,16100.0,0.0
2022-10-16,22.22,7.78,15.0,0.0,36800.0,1.0
2022-10-17,12.78,3.89,8.33,0.0,32600.0,0.0
2022-10-18,8.33,1.67,5.0,1.02,18700.0,0.0
2022-10-19,14.44,2.22,8.33,0.0,32400.0,1.0
2022-10-20,16.11,0.56,8.33,0.0,26700.0,0.0
2022-10-21,23.33,6.67,15.0,0.0,29200.0,1.0
2022-10-22,26.11,12.22,19.16,0.0,40700.0,1.0
2022-10-23,26.11,14.44,20.27,0.0,25300.0,0.0
2022-10-24,26.67,12.22,19.44,0.0,23300.0,0.0
2022-10-25,25.0,15.56,20.28,14.73,32800.0,1.0
2022-10-26,15.56,7.78,11.67,0.0,37000.0,1.0
2022-10-27,16.67,3.33,10.0,0.0,29500.0,0.0
2022-10-28,21.11,6.11,13.61,0.0,35800.0,1.0
2022-10-29,22.22,7.22,14.72,0.0,23300.0,0.0
2022-10-30,17.22,11.67,14.44,18.29,21200.0,0.0
2022-10-31,18.89,15.56,17.23,4.83,28300.0,1.0
2022-11-01,20.0,12.78,16.39,0.0,43400.0,1.0
2022-11-02,19.44,11.67,15.56,0.0,31400.0,0.0
2022-11-03,24.44,8.89,16.66,0.0,25800.0,0.0
2022-11-04,26.11,13.33,19.72,0.0,31100.0,1.0
2022-11-05,22.78,17.22,20.0,0.25,30700.0,0.0
2022-11-06,23.33,11.11,17.22,0.0,40600.0,1.0
2022-11-07,22.22,10.56,16.39,0.0,34600.0,0.0
2022-11-08,20.0,10.56,15.28,0.0,18800.0,0.0
2022-11-09,26.11,8.33,17.22,0.0,48100.0,1.0
2022-11-10,23.33,10.56,16.94,0.0,36500.0,0.0
2022-11-11,20.56,8.33,14.44,16.76,32500.0,0.0
2022-11-12,7.78,-0.61,3.58,4.83,50000.0,1.0
2022-11-13,2.78,0.0,1.39,0.0,107000.0,1.0
2022-11-14,8.89,0.0,4.44,0.0,149000.0,1.0
2022-11-15,6.67,4.44,5.56,0.51,168000.0,1.0
2022-11-16,5.56,-0.61,2.47,0.51,153000.0,0.0
2022-11-17,1.11,-2.22,-0.56,0.0,125000.0,0.0
2022-11-18,3.33,-2.78,0.28,0.0,116000.0,0.0
2022-11-19,3.89,-5.0,-0.55,0.0,119000.0,1.0
2022-11-20,3.33,-5.61,-1.14,0.0,114000.0,0.0
2022-11-21,10.0,-4.39,2.8,0.0,100000.0,0.0
2022-11-22,15.0,-2.22,6.39,0.0,82400.0,0.0
2022-11-23,16.11,-0.61,7.75,0.0,71000.0,0.0
2022-11-24,18.33,1.67,10.0,0.0,63100.0,0.0
2022-11-25,15.56,4.44,10.0,0.0,60800.0,0.0
2022-11-26,13.89,0.56,7.22,2.79,55000.0,0.0
2022-11-27,15.56,7.78,11.67,6.86,47400.0,0.0
2022-11-28,10.0,7.22,8.61,0.0,56100.0,1.0
2022-11-29,17.78,6.67,12.23,7.11,69400.0,1.0
2022-11-30,15.56,-0.61,7.48,4.57,73800.0,1.0
2022-12-01,5.0,-3.28,0.86,0.0,74300.0,1.0
2022-12-02,15.0,-0.61,7.2,3.05,90900.0,1.0
2022-12-03,15.56,0.56,8.06,2.03,106000.0,1.0
2022-12-04,6.11,-1.72,2.2,0.0,111000.0,1.0
2022-12-05,8.33,-1.72,3.3,0.51,102000.0,0.0
2022-12-06,18.33,8.89,13.61,15.75,95800.0,0.0
2022-12-07,17.22,9.44,13.33,0.0,99000.0,1.0
2022-12-08,10.56,8.89,9.73,11.43,112000.0,1.0
2022-12-09,11.0,8.33,9.66,0.0,125000.0,1.0
2022-12-10,10.0,7.22,8.61,0.51,145000.0,1.0
2022-12-11,9.44,6.11,7.78,0.0,141000.0,0.0
2022-12-12,10.0,2.22,6.11,0.0,120000.0,0.0
2022-12-13,10.0,1.11,5.56,0.0,101000.0,0.0
2022-12-14,13.33,8.89,11.11,32.0,96200.0,0.0
2022-12-15,13.89,5.56,9.72,0.0,103000.0,1.0
2022-12-16,6.67,1.67,4.17,0.0,122000.0,1.0
2022-12-17,2.78,-1.72,0.53,0.0,131000.0,1.0
2022-12-18,3.33,-2.78,0.28,0.0,127000.0,0.0
2022-12-19,3.33,-4.39,-0.53,0.0,128000.0,1.0
2022-12-20,9.44,-0.61,4.42,0.0,112000.0,0.0
2022-12-21,8.89,-2.78,3.06,0.0,91600.0,0.0
2022-12-22,9.44,-13.89,-2.23,7.37,77300.0,0.0
2022-12-23,,,,0.25,66500.0,0.0
2022-12-24,-7.78,-15.56,-11.67,0.0,62400.0,0.0
2022-12-25,-5.0,-11.11,-8.06,0.0,70300.0,1.0
2022-12-26,-1.11,-9.39,-5.25,0.76,73300.0,1.0
2022-12-27,1.11,-1.72,-0.3,0.0,62100.0,0.0
2022-12-28,11.67,-3.28,4.2,0.0,52800.0,0.0
2022-12-29,15.0,9.44,12.22,0.25,56200.0,1.0
2022-12-30,20.0,13.33,16.66,1.27,66600.0,1.0
2022-12-31,13.89,6.67,10.28,8.13,67800.0,1.0
2023-01-01,13.89,5.0,9.44,0.0,67500.0,0.0
2023-01-02,18.33,7.78,13.06,2.54,77100.0,1.0
2023-01-03,17.78,15.56,16.67,64.77,130000.0,1.0
2023-01-04,17.22,5.0,11.11,0.0,263000.0,1.0
2023-01-05,11.11,2.22,6.66,0.0,310000.0,1.0
2023-01-06,8.33,1.11,4.72,0.0,339000.0,1.0
2023-01-07,11.11,1.11,6.11,0.0,316000.0,0.0
2023-01-08,6.67,3.33,5.0,0.25,247000.0,0.0
2023-01-09,8.89,0.56,4.73,0.0,175000.0,0.0
2023-01-10,12.78,1.67,7.22,0.0,143000.0,0.0
2023-01-11,16.67,5.56,11.12,0.0,129000.0,0.0
2023-01-12,15.0,4.0,9.5,13.46,124000.0,0.0
2023-01-13,4.44,1.11,2.78,0.76,147000.0,1.0
2023-01-14,3.89,-0.61,1.64,0.0,183000.0,1.0
2023-01-15,8.33,-3.28,2.53,0.0,223000.0,1.0
2023-01-16,13.33,0.0,6.66,5.33,228000.0,1.0
2023-01-17,17.78,8.33,13.06,1.02,210000.0,0.0
2023-01-18,12.78,4.44,8.61,6.35,185000.0,0.0
2023-01-19,17.78,5.56,11.67,8.64,177000.0,0.0
2023-01-20,5.0,2.22,3.61,0.25,197000.0,1.0
2023-01-21,6.11,1.67,3.89,0.0,227000.0,1.0
2023-01-22,3.33,0.56,1.94,11.18,238000.0,1.0
2023-01-23,5.0,-1.11,1.94,0.0,241000.0,1.0
2023-01-24,9.44,-1.72,3.86,1.78,221000.0,0.0
2023-01-25,9.0,3.0,6.0,11.18,195000.0,0.0
2023-01-26,3.0,0.56,1.78,0.25,200000.0,1.0
2023-01-27,11.11,-3.89,3.61,0.0,191000.0,0.0
2023-01-28,15.0,5.0,10.0,0.0,203000.0,1.0
2023-01-29,9.44,4.44,6.94,2.79,197000.0,0.0
2023-01-30,3.89,-1.11,1.39,3.3,203000.0,1.0
2023-01-31,-1.11,-3.89,-2.5,2.29,180000.0,0.0
2023-02-01,1.11,-5.61,-2.25,0.0,174000.0,0.0
2023-02-02,3.33,-2.22,0.55,0.0,179000.0,1.0
2023-02-03,0.0,-5.61,-2.8,0.0,164000.0,0.0
2023-02-04,10.0,-6.72,1.64,0.0,158000.0,0.0
2023-02-05,13.33,6.11,9.72,0.0,149000.0,0.0
2023-02-06,13.33,0.56,6.94,0.0,123000.0,0.0
2023-02-07,18.33,6.11,12.22,1.27,105000.0,0.0
2023-02-08,14.44,7.78,11.11,0.51,98900.0,0.0
2023-02-09,18.89,7.22,13.06,2.03,86700.0,0.0
2023-02-10,7.78,1.67,4.72,0.0,91400.0,1.0
2023-02-11,10.56,-2.22,4.17,0.0,85300.0,0.0
2023-02-12,14.44,-1.11,6.66,0.0,78900.0,0.0
2023-02-13,17.22,-0.61,8.3,0.0,84000.0,1.0
2023-02-14,16.67,3.33,10.0,0.51,85100.0,1.0
2023-02-15,23.33,15.0,19.16,0.0,89600.0,1.0
2023-02-16,17.78,5.0,11.39,49.53,123000.0,1.0
2023-02-17,4.44,-2.22,1.11,0.0,213000.0,1.0
2023-02-18,8.89,-4.39,2.25,0.0,320000.0,1.0
2023-02-19,16.11,5.0,10.56,0.0,418000.0,1.0
2023-02-20,17.22,11.11,14.16,0.0,455000.0,1.0
2023-02-21,15.56,7.78,11.67,0.0,411000.0,0.0
2023-02-22,24.44,8.33,16.39,12.45,298000.0,0.0
2023-02-23,23.33,6.67,15.0,0.0,200000.0,0.0
2023-02-24,7.78,-0.61,3.58,0.0,171000.0,0.0
2023-02-25,13.33,3.33,8.33,0.0,172000.0,1.0
2023-02-26,16.11,2.78,9.44,0.0,178000.0,1.0
2023-02-27,23.89,11.11,17.5,2.29,169000.0,0.0
2023-02-28,17.78,10.0,13.89,0.0,155000.0,0.0
2023-03-01,27.78,8.89,18.34,2.79,148000.0,0.0
2023-03-02,15.0,10.56,12.78,0.25,164000.0,1.0
2023-03-03,20.56,5.0,12.78,70.87,207000.0,1.0
2023-03-04,18.22,5.39,11.8,0.0,339000.0,1.0
2023-03-05,17.22,2.78,10.0,0.0,355000.0,1.0
2023-03-06,25.0,6.67,15.84,0.0,342000.0,0.0
2023-03-07,16.67,6.67,11.67,0.0,328000.0,0.0
2023-03-08,10.56,2.22,6.39,0.0,301000.0,0.0
2023-03-09,16.67,4.44,10.56,4.06,264000.0,0.0
2023-03-10,10.0,3.89,6.94,0.76,226000.0,0.0
2023-03-11,10.0,3.33,6.66,0.0,176000.0,0.0
2023-03-12,5.56,2.78,4.17,2.29,147000.0,0.0
2023-03-13,5.56,0.56,3.06,0.25,128000.0,0.0
2023-03-14,7.22,-0.61,3.3,0.0,111000.0,0.0
2023-03-15,11.67,-2.22,4.72,0.0,100000.0,0.0
2023-03-16,18.33,2.78,10.56,0.25,97900.0,0.0
2023-03-17,13.33,1.11,7.22,5.08,92100.0,0.0
2023-03-18,3.33,-3.28,0.03,0.0,84000.0,0.0
2023-03-19,3.89,-5.0,-0.55,0.0,85500.0,1.0
2023-03-20,11.11,-4.39,3.36,0.0,97200.0,1.0
2023-03-21,14.44,0.56,7.5,0.25,102000.0,1.0
2023-03-22,13.33,7.78,10.56,2.29,105000.0,1.0
2023-03-23,22.22,13.89,18.06,0.0,90100.0,0.0
2023-03-24,20.56,11.67,16.11,55.12,129000.0,1.0
2023-03-25,17.22,9.44,13.33,13.72,269000.0,1.0
2023-03-26,21.11,4.44,12.78,0.0,380000.0,1.0
2023-03-27,15.56,6.67,11.12,0.0,404000.0,1.0
2023-03-28,12.78,3.33,8.06,0.0,405000.0,1.0
2023-03-29,16.11,1.67,8.89,0.0,365000.0,0.0
2023-03-30,19.44,3.89,11.66,0.0,306000.0,0.0
2023-03-31,20.56,11.11,15.84,23.37,253000.0,0.0
2023-04-01,20.56,7.22,13.89,7.11,254000.0,1.0
2023-04-02,17.22,5.56,11.39,0.0,295000.0,1.0
2023-04-03,24.44,10.0,17.22,0.25,337000.0,1.0
2023-04-04,28.33,16.11,22.22,0.0,353000.0,1.0
2023-04-05,28.89,17.78,23.34,6.86,324000.0,0.0
2023-04-06,17.22,7.78,12.5,0.0,318000.0,0.0
2023-04-07,14.44,6.67,10.56,0.0,270000.0,0.0
2023-04-08,16.11,7.22,11.66,0.0,206000.0,0.0
2023-04-09,20.0,3.33,11.66,0.0,181000.0,0.0
2023-04-10,22.78,6.67,14.73,0.0,169000.0,0.0
2023-04-11,25.56,8.33,16.94,0.0,148000.0,0.0
2023-04-12,26.11,11.11,18.61,0.0,117000.0,0.0
2023-04-13,28.33,11.11,19.72,0.0,95200.0,0.0
2023-04-14,27.22,16.67,21.94,0.0,92300.0,0.0
2023-04-15,27.22,16.11,21.66,0.0,86400.0,0.0
2023-04-16,23.33,10.0,16.66,0.76,75400.0,0.0
2023-04-17,17.22,8.33,12.77,0.0,73900.0,0.0
2023-04-18,21.67,5.0,13.34,0.0,72000.0,0.0
2023-04-19,28.89,10.56,19.73,0.0,71100.0,0.0
2023-04-20,30.0,16.11,23.06,0.0,77800.0,1.0
2023-04-21,23.89,10.0,16.94,17.53,73000.0,0.0
2023-04-22,16.67,5.0,10.84,0.0,66000.0,0.0
2023-04-23,10.56,5.0,7.78,0.0,68600.0,1.0
2023-04-24,13.33,2.22,7.78,0.0,76800.0,1.0
2023-04-25,19.44,4.44,11.94,0.0,86400.0,1.0
2023-04-26,21.11,7.22,14.16,0.0,78900.0,0.0
2023-04-27,21.67,9.44,15.56,31.75,71900.0,0.0
2023-04-28,16.67,11.67,14.17,0.25,71200.0,0.0
2023-04-29,18.89,9.44,14.16,0.0,65300.0,0.0
2023-04-30,15.56,8.89,12.23,2.54,80600.0,1.0
2023-05-01,15.0,8.33,11.66,0.0,117000.0,1.0
2023-05-02,16.67,8.89,12.78,0.0,130000.0,1.0
2023-05-03,18.33,7.22,12.77,0.0,128000.0,0.0
2023-05-04,22.78,7.22,15.0,0.0,142000.0,1.0
2023-05-05,25.0,10.56,17.78,0.0,160000.0,1.0
2023-05-06,25.56,16.11,20.84,7.11,181000.0,1.0
2023-05-07,21.67,16.67,19.17,17.53,190000.0,1.0
2023-05-08,24.44,15.0,19.72,3.05,202000.0,1.0
2023-05-09,25.0,16.11,20.56,19.56,186000.0,0.0
2023-05-10,26.67,12.22,19.44,0.0,165000.0,0.0
2023-05-11,26.67,14.44,20.56,0.0,148000.0,0.0
2023-05-12,22.78,20.0,21.39,0.0,147000.0,0.0
2023-05-13,28.33,20.56,24.44,0.0,132000.0,0.0
2023-05-14,28.33,19.44,23.88,10.41,105000.0,0.0
2023-05-15,23.89,17.78,20.84,0.0,101000.0,0.0
2023-05-16,21.11,16.67,18.89,23.11,106000.0,1.0
2023-05-17,25.56,13.33,19.44,0.0,112000.0,1.0
2023-05-18,25.56,11.11,18.34,0.0,97000.0,0.0
2023-05-19,24.44,18.89,21.66,0.0,87600.0,0.0
2023-05-20,22.78,15.56,19.17,22.35,85900.0,0.0
2023-05-21,25.0,11.67,18.34,0.0,85200.0,0.0
2023-05-22,26.67,13.33,20.0,0.0,75800.0,0.0
2023-05-23,28.89,15.0,21.94,0.0,75000.0,0.0
2023-05-24,29.44,16.67,23.06,0.0,55500.0,0.0
2023-05-25,23.89,15.56,19.73,0.0,38900.0,0.0
2023-05-26,25.56,11.67,18.61,0.0,45100.0,1.0
2023-05-27,24.44,12.78,18.61,0.0,40900.0,0.0
2023-05-28,20.56,15.0,17.78,0.0,39100.0,0.0
2023-05-29,29.44,15.0,22.22,0.0,32500.0,0.0
2023-05-30,29.44,19.44,24.44,0.0,38600.0,1.0
2023-05-31,30.56,19.44,25.0,0.0,56700.0,1.0
2023-06-01,31.67,20.0,25.84,0.0,57100.0,1.0
2023-06-02,32.22,20.56,26.39,0.0,51800.0,0.0
2023-06-03,33.33,19.44,26.38,0.0,51100.0,0.0
2023-06-04,31.67,21.11,26.39,0.0,49300.0,0.0
2023-06-05,30.56,17.78,24.17,0.0,42400.0,0.0
2023-06-06,30.0,16.67,23.34,0.0,40600.0,0.0
2023-06-07,25.0,18.33,21.66,28.19,34300.0,0.0
2023-06-08,26.11,14.44,20.27,0.0,16500.0,0.0
2023-06-09,27.22,13.89,20.56,0.0,17300.0,1.0
2023-06-10,27.78,14.44,21.11,0.0,29100.0,1.0
2023-06-11,28.89,17.78,23.34,5.33,23400.0,0.0
2023-06-12,22.22,15.56,18.89,0.0,19800.0,0.0
2023-06-13,26.67,13.89,20.28,0.0,35500.0,1.0
2023-06-14,28.89,18.33,23.61,0.0,42800.0,1.0
2023-06-15,30.0,20.0,25.0,0.0,37700.0,0.0
2023-06-16,26.11,18.33,22.22,0.0,59500.0,1.0
2023-06-17,28.33,16.67,22.5,0.0,58200.0,0.0
2023-06-18,28.89,17.22,23.06,0.0,64900.0,1.0
2023-06-19,26.11,20.56,23.34,25.4,60400.0,0.0
2023-06-20,29.44,21.67,25.56,0.25,34400.0,0.0
2023-06-21,26.67,20.56,23.62,7.11,40700.0,1.0
2023-06-22,22.22,17.78,20.0,0.0,40500.0,0.0
2023-06-23,26.67,20.0,23.34,0.0,40600.0,1.0
2023-06-24,32.22,21.11,26.66,0.0,38400.0,0.0
2023-06-25,31.67,20.56,26.12,55.12,47700.0,1.0
2023-06-26,28.89,20.56,24.72,0.0,53500.0,1.0
2023-06-27,28.33,19.44,23.88,0.0,54200.0,1.0
2023-06-28,29.44,18.89,24.16,0.0,44700.0,0.0
2023-06-29,27.22,21.11,24.16,5.33,39900.0,0.0
2023-06-30,30.56,21.0,25.78,0.0,44700.0,1.0
2023-07-01,30.0,21.67,25.84,13.97,44200.0,0.0
2023-07-02,29.44,21.67,25.56,18.54,66900.0,1.0
2023-07-03,30.56,21.67,26.12,0.0,59300.0,0.0
2023-07-04,31.11,22.78,26.94,0.0,85300.0,1.0
2023-07-05,32.78,22.78,27.78,0.0,85300.0,0.0
2023-07-06,31.11,23.89,27.5,3.3,80100.0,0.0
2023-07-07,32.78,23.33,28.06,0.0,73800.0,0.0
2023-07-08,29.44,21.67,25.56,27.94,55800.0,0.0
2023-07-09,26.11,20.56,23.34,0.0,55300.0,0.0
2023-07-10,30.0,17.78,23.89,0.0,58800.0,1.0
2023-07-11,30.56,19.44,25.0,0.0,55900.0,0.0
2023-07-12,31.67,20.0,25.84,0.0,47700.0,0.0
2023-07-13,32.78,25.0,28.89,2.54,44200.0,0.0
2023-07-14,33.89,23.89,28.89,0.0,40200.0,0.0
2023-07-15,30.0,23.33,26.66,6.1,38900.0,0.0
2023-07-16,30.0,22.78,26.39,0.0,53100.0,1.0
2023-07-17,30.0,22.78,26.39,0.25,60400.0,1.0
2023-07-18,31.67,20.56,26.12,22.35,53300.0,0.0
2023-07-19,27.78,22.22,25.0,0.0,86100.0,1.0
2023-07-20,30.0,24.44,27.22,0.0,99800.0,1.0
2023-07-21,28.33,20.56,24.44,0.0,64800.0,0.0
2023-07-22,29.44,20.0,24.72,0.0,67800.0,1.0
2023-07-23,30.0,20.0,25.0,0.0,67000.0,0.0
2023-07-24,31.67,21.67,26.67,0.76,50300.0,0.0
2023-07-25,32.78,21.11,26.94,0.0,45800.0,0.0
2023-07-26,32.78,25.56,29.17,0.0,47300.0,1.0
2023-07-27,35.56,26.67,31.12,0.0,46400.0,0.0
2023-07-28,35.56,27.78,31.67,0.0,51600.0,1.0
2023-07-29,33.89,24.44,29.16,0.0,66800.0,1.0
2023-07-30,32.78,22.78,27.78,0.0,71200.0,1.0
2023-07-31,30.56,21.67,26.12,0.0,46400.0,0.0
2023-08-01,29.44,17.78,23.61,0.0,51800.0,1.0
2023-08-02,26.67,20.0,23.34,0.0,50300.0,0.0
2023-08-03,29.44,20.56,25.0,11.68,32000.0,0.0
2023-08-04,31.67,21.67,26.67,0.0,34600.0,1.0
2023-08-05,30.0,22.78,26.39,0.0,20300.0,0.0
2023-08-06,31.11,24.44,27.78,0.25,33000.0,1.0
2023-08-07,28.89,20.56,24.72,17.02,29900.0,0.0
2023-08-08,28.33,20.0,24.16,0.0,46100.0,1.0
2023-08-09,28.33,21.67,25.0,3.81,52500.0,1.0
2023-08-10,28.33,21.11,24.72,3.3,42700.0,0.0
2023-08-11,31.11,20.56,25.84,0.0,55400.0,1.0
2023-08-12,32.22,23.89,28.06,14.99,31900.0,0.0
2023-08-13,32.22,24.44,28.33,0.76,49200.0,1.0
2023-08-14,29.44,22.78,26.11,15.24,72300.0,1.0
2023-08-15,25.0,19.44,22.22,0.0,66500.0,0.0
2023-08-16,27.22,19.44,23.33,0.0,68100.0,1.0
2023-08-17,28.33,18.33,23.33,0.51,64800.0,0.0
2023-08-18,27.78,18.33,23.06,0.0,43200.0,0.0
2023-08-19,28.89,16.67,22.78,0.0,43800.0,1.0
2023-08-20,32.78,20.56,26.67,0.0,50800.0,1.0
2023-08-21,33.89,24.44,29.16,0.0,27800.0,0.0
2023-08-22,34.44,26.11,30.28,0.0,21600.0,0.0
2023-08-23,35.0,23.89,29.44,0.0,32300.0,1.0
2023-08-24,35.0,26.11,30.56,0.0,19400.0,0.0
2023-08-25,37.22,24.44,30.83,16.0,40700.0,1.0
2023-08-26,32.22,22.78,27.5,6.35,59200.0,1.0
2023-08-27,27.78,22.78,25.28,0.0,77100.0,1.0
2023-08-28,29.44,18.0,23.72,0.0,82800.0,1.0
2023-08-29,28.33,17.22,22.78,0.0,72400.0,0.0
2023-08-30,27.22,18.33,22.78,0.0,56100.0,0.0
2023-08-31,27.22,14.44,20.83,0.0,46900.0,0.0
2023-09-01,30.56,15.56,23.06,0.0,61200.0,1.0
2023-09-02,32.78,22.22,27.5,0.0,51300.0,0.0
2023-09-03,32.78,21.67,27.22,0.0,26900.0,0.0
2023-09-04,33.33,21.11,27.22,0.0,42300.0,1.0
2023-09-05,31.11,23.89,27.5,0.0,17400.0,0.0
2023-09-06,28.33,22.78,25.56,0.51,16400.0,0.0
2023-09-07,25.0,18.89,21.94,0.0,25600.0,1.0
2023-09-08,27.78,19.44,23.61,0.0,23800.0,0.0
2023-09-09,26.11,17.22,21.66,0.0,19300.0,0.0
2023-09-10,28.89,17.78,23.34,0.0,24800.0,1.0
2023-09-11,30.56,17.78,24.17,0.0,37000.0,1.0
2023-09-12,25.56,19.44,22.5,5.59,23700.0,0.0
2023-09-13,27.22,15.0,21.11,0.0,36900.0,1.0
2023-09-14,27.78,13.33,20.56,0.0,37400.0,1.0
2023-09-15,27.22,15.56,21.39,0.0,26400.0,0.0
2023-09-16,27.78,13.89,20.84,0.0,20800.0,0.0
2023-09-17,25.56,15.0,20.28,0.0,22600.0,1.0
2023-09-18,26.11,13.33,19.72,0.0,30100.0,1.0
2023-09-19,27.22,12.78,20.0,0.0,35900.0,1.0
2023-09-20,29.44,15.56,22.5,0.0,25900.0,0.0
2023-09-21,29.44,18.89,24.16,0.0,31800.0,1.0
2023-09-22,31.11,17.78,24.44,0.0,31400.0,0.0
2023-09-23,27.78,16.67,22.22,0.0,18400.0,0.0
2023-09-24,28.33,14.44,21.38,0.0,24000.0,1.0
2023-09-25,30.0,18.89,24.44,0.0,20600.0,0.0
2023-09-26,31.11,17.22,24.16,0.0,25400.0,1.0
2023-09-27,27.22,17.78,22.5,1.02,24200.0,0.0
2023-09-28,27.22,18.33,22.78,11.68,25100.0,1.0
2023-09-29,28.89,18.33,23.61,0.0,24600.0,0.0
2023-09-30,29.44,16.11,22.78,0.0,16600.0,0.0
2023-10-01,30.0,16.67,23.34,0.0,21300.0,1.0
2023-10-02,30.56,16.67,23.62,0.0,22000.0,1.0
2023-10-03,31.67,17.78,24.72,0.0,15300.0,0.0
2023-10-04,30.0,17.22,23.61,0.0,19100.0,1.0
2023-10-05,25.56,18.89,22.22,7.87,23000.0,1.0
2023-10-06,25.0,12.22,18.61,0.25,14200.0,0.0
2023-10-07,18.89,7.22,13.06,0.0,13900.0,0.0
2023-10-08,17.78,8.33,13.06,0.0,24900.0,1.0
2023-10-09,21.67,10.56,16.12,0.0,15800.0,0.0
2023-10-10,20.56,7.22,13.89,0.0,28800.0,1.0
2023-10-11,21.11,7.22,14.16,0.0,14100.0,0.0
2023-10-12,27.78,12.78,20.28,0.0,19200.0,1.0
2023-10-13,26.11,14.44,20.27,4.06,17200.0,0.0
2023-10-14,19.44,12.78,16.11,0.51,19700.0,1.0
2023-10-15,16.11,11.11,13.61,0.0,17600.0,0.0
2023-10-16,13.33,8.89,11.11,2.29,18100.0,1.0
2023-10-17,13.89,10.56,12.23,0.0,24500.0,1.0
2023-10-18,20.56,6.67,13.61,0.0,27700.0,1.0
2023-10-19,17.78,12.78,15.28,8.38,27400.0,0.0
2023-10-20,18.33,10.0,14.16,6.1,22600.0,0.0
2023-10-21,25.56,8.33,16.94,0.0,20800.0,0.0
2023-10-22,17.22,10.56,13.89,0.0,26900.0,1.0
2023-10-23,22.78,6.11,14.44,0.0,30700.0,1.0
2023-10-24,24.44,12.22,18.33,0.0,32700.0,1.0
2023-10-25,26.67,14.44,20.56,0.0,39000.0,1.0
2023-10-26,26.67,17.22,21.94,0.0,29600.0,0.0
2023-10-27,25.0,18.89,21.94,3.05,24900.0,0.0
2023-10-28,20.56,13.89,17.23,4.06,24800.0,0.0
2023-10-29,16.67,13.0,14.84,15.75,29800.0,1.0
2023-10-30,13.33,3.33,8.33,23.11,26800.0,0.0
2023-10-31,8.33,-1.11,3.61,0.0,29700.0,1.0
2023-11-01,10.0,-1.11,4.44,0.0,40400.0,1.0
2023-11-02,13.89,0.0,6.94,0.0,50700.0,1.0
2023-11-03,17.78,3.89,10.84,0.0,48800.0,0.0
2023-11-04,21.67,11.11,16.39,0.0,42300.0,0.0
2023-11-05,18.89,8.33,13.61,0.0,37800.0,0.0
2023-11-06,25.0,6.67,15.84,0.0,34200.0,0.0
2023-11-07,23.89,17.22,20.56,0.0,29500.0,0.0
2023-11-08,28.33,15.56,21.94,0.0,27000.0,0.0
2023-11-09,23.33,13.33,18.33,0.0,22900.0,0.0
2023-11-10,17.78,8.89,13.34,0.0,28000.0,1.0
2023-11-11,13.89,3.33,8.61,0.0,25500.0,0.0
2023-11-12,16.67,4.44,10.56,0.0,26400.0,1.0
2023-11-13,20.56,3.33,11.94,0.0,27200.0,1.0
2023-11-14,16.67,3.33,10.0,0.0,27200.0,0.0
2023-11-15,22.22,6.11,14.16,0.0,24300.0,0.0
2023-11-16,21.67,7.22,14.44,0.0,22800.0,0.0
2023-11-17,19.44,11.11,15.28,2.03,23600.0,1.0
2023-11-18,13.33,3.89,8.61,0.0,25100.0,1.0
2023-11-19,15.56,1.11,8.34,0.0,31200.0,1.0
2023-11-20,13.33,8.89,11.11,5.84,34700.0,1.0
2023-11-21,14.44,7.22,10.83,23.88,44800.0,1.0
2023-11-22,12.22,3.89,8.06,0.0,53900.0,1.0
2023-11-23,13.33,1.11,7.22,0.0,77700.0,1.0
2023-11-24,10.0,2.22,6.11,0.0,90600.0,1.0
2023-11-25,10.0,0.56,5.28,0.0,94600.0,1.0
2023-11-26,10.0,2.22,6.11,1.78,83100.0,0.0
2023-11-27,3.89,1.0,2.45,0.0,63300.0,0.0
2023-11-28,2.22,-3.89,-0.84,0.0,52900.0,0.0
2023-11-29,11.67,-5.0,3.34,0.0,55400.0,1.0
2023-11-30,16.67,3.33,10.0,0.0,51900.0,0.0
2023-12-01,13.89,6.67,10.28,3.81,46200.0,0.0
2023-12-02,13.89,10.0,11.94,0.0,45500.0,0.0
2023-12-03,12.22,3.33,7.78,0.0,42800.0,0.0
2023-12-04,10.0,2.22,6.11,4.57,40300.0,0.0
2023-12-05,10.0,3.33,6.66,0.25,52600.0,1.0
2023-12-06,7.22,2.22,4.72,0.0,57800.0,1.0
2023-12-07,15.0,0.56,7.78,0.0,57800.0,0.0
2023-12-08,17.22,9.44,13.33,0.0,56600.0,0.0
2023-12-09,17.22,7.78,12.5,14.48,58300.0,1.0
2023-12-10,8.33,2.22,5.28,0.0,64400.0,1.0
2023-12-11,7.22,0.56,3.89,0.0,79000.0,1.0
2023-12-12,12.78,-0.56,6.11,0.0,63500.0,0.0
2023-12-13,10.0,0.56,5.28,0.0,85700.0,1.0
2023-12-14,13.33,-1.11,6.11,0.0,92800.0,1.0
2023-12-15,15.0,0.0,7.5,0.0,84500.0,0.0
2023-12-16,15.56,3.89,9.72,4.57,65500.0,0.0
2023-12-17,11.67,5.56,8.62,2.54,55600.0,0.0
2023-12-18,5.56,-1.67,1.94,0.0,45100.0,0.0
2023-12-19,4.44,-5.56,-0.56,0.0,46600.0,1.0
2023-12-20,11.67,-2.78,4.44,0.0,48300.0,1.0
2023-12-21,12.22,1.67,6.94,0.0,52700.0,1.0
2023-12-22,14.44,0.56,7.5,0.0,57100.0,1.0
2023-12-23,12.22,8.33,10.28,1.78,52700.0,0.0
2023-12-24,19.44,10.0,14.72,0.76,50400.0,0.0
2023-12-25,14.44,11.11,12.77,13.46,46600.0,0.0
2023-12-26,12.0,5.56,8.78,0.0,42300.0,0.0
2023-12-27,12.22,2.22,7.22,0.0,48200.0,1.0
2023-12-28,8.33,1.67,5.0,0.0,73400.0,1.0
2023-12-29,4.44,2.0,3.22,0.25,109000.0,1.0
2023-12-30,5.56,3.33,4.44,0.25,125000.0,1.0
2023-12-31,7.22,0.56,3.89,0.0,125000.0,0.0
2024-01-01,3.89,1.0,2.45,0.0,118000.0,0.0
2024-01-02,3.89,1.11,2.5,0.0,106000.0,0.0
2024-01-03,7.78,-3.33,2.22,0.0,89200.0,0.0
2024-01-04,5.0,-1.67,1.66,0.0,75100.0,0.0
2024-01-05,7.22,-3.89,1.66,0.0,71900.0,0.0
2024-01-06,6.11,2.22,4.16,11.94,64500.0,0.0
2024-01-07,5.0,2.78,3.89,0.76,56800.0,0.0
2024-01-08,7.22,-0.56,3.33,7.87,67300.0,1.0
2024-01-09,10.56,2.22,6.39,36.07,112000.0,1.0
2024-01-10,2.78,0.0,1.39,0.51,195000.0,1.0
2024-01-11,11.11,0.56,5.84,0.0,227000.0,1.0
2024-01-12,11.67,1.11,6.39,30.99,281000.0,1.0
2024-01-13,1.11,-4.0,-1.44,1.02,334000.0,1.0
2024-01-14,-3.33,-12.22,-7.78,1.27,325000.0,0.0
2024-01-15,-8.89,-14.44,-11.66,0.0,275000.0,0.0
2024-01-16,-7.78,-12.22,-10.0,0.0,235000.0,0.0
2024-01-17,-1.67,-13.89,-7.78,0.0,207000.0,0.0
2024-01-18,1.67,-5.0,-1.66,0.0,168000.0,0.0
2024-01-19,-1.11,-12.22,-6.66,4.32,129000.0,0.0
2024-01-20,-7.22,-16.11,-11.66,0.0,108000.0,0.0
2024-01-21,-2.78,-14.44,-8.61,0.0,86000.0,0.0
2024-01-22,8.89,-7.78,0.56,0.0,71100.0,0.0
2024-01-23,10.0,4.44,7.22,9.91,64800.0,0.0
2024-01-24,16.11,10.0,13.06,29.46,72100.0,1.0
2024-01-25,16.67,13.33,15.0,7.37,152000.0,1.0
2024-01-26,15.56,7.22,11.39,0.0,213000.0,1.0
2024-01-27,8.33,6.11,7.22,13.72,272000.0,1.0
2024-01-28,6.67,5.0,5.84,10.16,333000.0,1.0
2024-01-29,4.44,1.11,2.78,0.0,380000.0,1.0
2024-01-30,6.11,0.56,3.34,0.51,388000.0,1.0
2024-01-31,6.67,4.44,5.56,0.0,393000.0,1.0
2024-02-01,15.0,0.0,7.5,0.0,402000.0,1.0
2024-02-02,13.33,5.0,9.16,0.0,396000.0,0.0
2024-02-03,14.44,0.56,7.5,0.0,348000.0,0.0
2024-02-04,15.0,1.11,8.06,0.0,275000.0,0.0
2024-02-05,15.56,0.0,7.78,0.0,222000.0,0.0
2024-02-06,7.78,1.67,4.72,0.0,183000.0,0.0
2024-02-07,17.22,-0.56,8.33,0.0,151000.0,0.0
2024-02-08,18.33,6.67,12.5,0.0,129000.0,0.0
2024-02-09,17.78,11.11,14.44,0.0,110000.0,0.0
2024-02-10,16.67,8.33,12.5,12.45,97100.0,0.0
2024-02-11,11.11,4.44,7.78,0.25,85700.0,0.0
2024-02-12,12.78,2.22,7.5,0.0,92400.0,1.0
2024-02-13,12.78,1.11,6.94,0.0,98300.0,1.0
2024-02-14,15.56,3.89,9.72,0.0,159000.0,1.0
2024-02-15,17.78,4.44,11.11,0.0,220000.0,1.0
2024-02-16,7.22,-0.56,3.33,1.52,241000.0,1.0
2024-02-17,0.0,-7.22,-3.61,0.0,208000.0,0.0
2024-02-18,8.89,-7.22,0.84,0.0,149000.0,0.0
2024-02-19,13.33,-3.33,5.0,0.0,126000.0,0.0
2024-02-20,16.11,-1.11,7.5,0.0,108000.0,0.0
2024-02-21,20.56,2.22,11.39,0.0,90600.0,0.0
2024-02-22,16.67,10.0,13.34,11.94,87400.0,0.0
2024-02-23,15.56,5.0,10.28,0.0,83100.0,0.0
2024-02-24,8.89,-0.56,4.16,0.0,104000.0,1.0
2024-02-25,16.67,-2.22,7.22,0.0,129000.0,1.0
2024-02-26,24.44,8.33,16.39,0.51,155000.0,1.0
2024-02-27,22.78,14.44,18.61,5.84,152000.0,0.0
2024-02-28,22.78,0.0,11.39,8.89,137000.0,0.0
2024-02-29,7.78,-2.78,2.5,0.0,156000.0,1.0
2024-03-01,7.78,1.11,4.44,4.57,206000.0,1.0
2024-03-02,12.22,6.67,9.44,0.0,243000.0,1.0
2024-03-03,22.22,4.0,13.11,0.0,249000.0,1.0
2024-03-04,25.0,13.89,19.44,0.0,226000.0,0.0
2024-03-05,21.11,16.11,18.61,5.08,195000.0,0.0
2024-03-06,16.11,10.56,13.34,14.48,185000.0,0.0
2024-03-07,15.0,9.44,12.22,0.0,216000.0,1.0
2024-03-08,15.56,11.11,13.34,9.91,213000.0,0.0
2024-03-09,15.56,5.56,10.56,1.02,215000.0,1.0
2024-03-10,10.56,1.11,5.84,0.0,236000.0,1.0
2024-03-11,15.56,-0.56,7.5,0.0,256000.0,1.0
2024-03-12,21.11,5.56,13.34,0.0,288000.0,1.0
2024-03-13,23.89,10.0,16.94,0.0,305000.0,1.0
2024-03-14,27.22,13.89,20.56,11.18,290000.0,0.0
2024-03-15,18.33,8.33,13.33,0.51,261000.0,0.0
2024-03-16,17.78,4.44,11.11,0.0,240000.0,0.0
2024-03-17,13.89,3.89,8.89,0.0,231000.0,0.0
2024-03-18,3.33,-0.56,1.38,0.0,220000.0,0.0
2024-03-19,13.33,-1.11,6.11,0.0,204000.0,0.0
2024-03-20,17.78,6.67,12.23,0.0,176000.0,0.0
2024-03-21,11.11,0.0,5.56,0.0,138000.0,0.0
2024-03-22,16.11,4.44,10.28,0.51,114000.0,0.0
2024-03-23,11.11,2.78,6.94,0.0,97800.0,0.0
2024-03-24,15.56,0.56,8.06,0.0,86500.0,0.0
2024-03-25,21.67,9.44,15.56,1.02,79300.0,0.0
2024-03-26,20.0,10.0,15.0,2.79,91800.0,1.0
2024-03-27,12.22,3.89,8.06,0.0,102000.0,1.0
2024-03-28,16.11,2.22,9.16,0.0,117000.0,1.0
2024-03-29,22.78,8.89,15.84,0.0,145000.0,1.0
2024-03-30,26.11,12.78,19.44,7.37,140000.0,0.0
2024-03-31,23.89,14.44,19.16,0.25,121000.0,0.0
2024-04-01,26.67,21.11,23.89,0.0,103000.0,0.0
2024-04-02,25.56,11.11,18.34,21.34,120000.0,1.0
2024-04-03,11.67,6.11,8.89,1.52,211000.0,1.0
2024-04-04,8.33,3.89,6.11,0.76,330000.0,1.0
2024-04-05,10.0,2.78,6.39,0.0,404000.0,1.0
2024-04-06,15.56,2.78,9.17,0.0,449000.0,1.0
2024-04-07,21.11,6.11,13.61,0.25,473000.0,1.0
2024-04-08,25.0,13.89,19.44,0.25,482000.0,1.0
2024-04-09,20.0,15.56,17.78,6.1,465000.0,0.0
2024-04-10,19.44,14.0,16.72,11.68,415000.0,0.0
2024-04-11,18.89,12.22,15.56,29.21,361000.0,0.0
2024-04-12,17.78,8.89,13.34,1.52,377000.0,1.0
2024-04-13,22.78,9.44,16.11,0.0,396000.0,1.0
2024-04-14,28.89,14.44,21.66,0.0,431000.0,1.0
2024-04-15,30.56,18.89,24.72,3.3,469000.0,1.0
2024-04-16,30.0,19.44,24.72,0.0,486000.0,1.0
2024-04-17,29.44,18.33,23.88,9.4,487000.0,1.0
2024-04-18,28.89,15.56,22.22,2.29,468000.0,0.0
2024-04-19,23.89,12.78,18.34,12.7,419000.0,0.0
2024-04-20,16.67,7.78,12.23,0.0,353000.0,0.0
2024-04-21,15.0,5.56,10.28,0.0,292000.0,0.0
2024-04-22,18.33,4.44,11.38,0.0,250000.0,0.0
2024-04-23,22.78,10.0,16.39,3.81,215000.0,0.0
2024-04-24,21.11,11.11,16.11,0.76,187000.0,0.0
2024-04-25,18.33,5.56,11.94,0.0,166000.0,0.0
2024-04-26,22.22,11.11,16.66,0.25,144000.0,0.0
2024-04-27,27.22,18.33,22.78,0.0,130000.0,0.0
2024-04-28,27.78,18.33,23.06,0.0,115000.0,0.0
2024-04-29,26.67,18.89,22.78,17.78,93200.0,0.0
2024-04-30,26.11,17.78,21.94,2.29,81200.0,0.0
2024-05-01,30.0,15.0,22.5,0.0,80200.0,0.0
2024-05-02,30.56,18.89,24.72,0.0,88500.0,1.0
2024-05-03,23.89,18.89,21.39,13.72,75000.0,0.0
2024-05-04,27.78,20.0,23.89,0.0,62900.0,0.0
2024-05-05,27.22,17.78,22.5,4.06,71200.0,1.0
2024-05-06,23.89,18.89,21.39,19.3,81500.0,1.0
2024-05-07,27.78,18.33,23.06,3.3,104000.0,1.0
2024-05-08,26.67,18.89,22.78,27.94,169000.0,1.0
2024-05-09,27.22,18.33,22.78,1.78,195000.0,1.0
2024-05-10,21.11,13.33,17.22,0.0,161000.0,0.0
2024-05-11,23.33,12.78,18.06,0.0,135000.0,0.0
2024-05-12,27.22,12.78,20.0,0.0,128000.0,0.0
2024-05-13,26.67,15.0,20.84,0.0,123000.0,0.0
2024-05-14,23.33,16.67,20.0,11.43,110000.0,0.0
2024-05-15,25.56,17.78,21.67,6.1,115000.0,1.0
2024-05-16,26.67,16.67,21.67,0.0,131000.0,1.0
2024-05-17,22.78,18.89,20.84,6.1,110000.0,0.0
2024-05-18,28.33,16.67,22.5,0.0,114000.0,1.0
2024-05-19,31.11,17.78,24.44,0.0,124000.0,1.0
2024-05-20,31.11,18.89,25.0,0.0,129000.0,1.0
2024-05-21,32.22,20.56,26.39,0.0,129000.0,0.0
2024-05-22,28.89,20.0,24.44,7.62,117000.0,0.0
2024-05-23,25.0,19.44,22.22,30.48,96800.0,0.0
2024-05-24,27.78,16.67,22.22,0.0,83800.0,0.0
2024-05-25,28.33,20.56,24.44,0.76,66900.0,0.0
2024-05-26,25.56,18.89,22.22,19.3,68200.0,1.0
2024-05-27,27.22,17.78,22.5,2.29,74100.0,1.0
2024-05-28,27.22,18.33,22.78,0.0,97300.0,1.0
2024-05-29,22.78,16.11,19.44,0.0,106000.0,1.0
2024-05-30,26.11,14.44,20.27,0.0,85100.0,0.0
2024-05-31,26.11,16.67,21.39,0.0,77300.0,0.0
2024-06-01,23.33,17.78,20.56,3.05,71600.0,0.0
2024-06-02,26.11,18.89,22.5,2.79,63200.0,0.0
2024-06-03,30.56,19.0,24.78,0.0,47700.0,0.0
2024-06-04,30.56,20.0,25.28,5.33,40400.0,0.0
2024-06-05,28.33,21.67,25.0,1.27,42200.0,1.0
2024-06-06,29.44,21.11,25.28,0.0,46500.0,1.0
2024-06-07,28.33,17.22,22.78,0.0,93800.0,1.0
2024-06-08,25.0,17.22,21.11,0.0,105000.0,1.0
2024-06-09,25.56,20.56,23.06,0.0,86600.0,0.0
2024-06-10,22.78,16.11,19.44,0.0,83900.0,0.0
2024-06-11,26.67,12.78,19.73,0.0,58800.0,0.0
2024-06-12,30.0,13.89,21.94,0.0,33500.0,0.0
2024-06-13,31.67,16.67,24.17,0.0,40600.0,1.0
2024-06-14,32.78,21.67,27.22,0.0,37300.0,0.0
2024-06-15,31.67,22.22,26.94,0.0,14800.0,0.0
2024-06-16,34.44,19.44,26.94,0.0,40300.0,1.0
2024-06-17,35.0,25.0,30.0,0.0,19500.0,0.0
2024-06-18,33.33,25.0,29.16,0.0,20800.0,1.0
2024-06-19,31.67,26.11,28.89,0.0,27700.0,1.0
2024-06-20,33.89,24.44,29.16,0.0,39000.0,1.0
2024-06-21,35.0,23.89,29.44,0.0,13800.0,0.0
2024-06-22,35.0,25.56,30.28,0.0,22700.0,1.0
2024-06-23,30.56,25.56,28.06,1.02,19700.0,0.0
2024-06-24,32.78,21.67,27.22,0.0,19500.0,0.0
2024-06-25,34.44,21.11,27.78,1.52,27800.0,1.0
2024-06-26,30.0,22.78,26.39,28.96,33900.0,1.0
2024-06-27,31.11,19.44,25.28,0.0,11900.0,0.0
2024-06-28,33.89,21.67,27.78,0.0,25200.0,1.0
2024-06-29,33.89,28.33,31.11,0.0,37200.0,1.0
2024-06-30,31.11,22.22,26.66,1.27,19800.0,0.0
2024-07-01,26.67,16.67,21.67,0.0,29800.0,1.0
2024-07-02,33.33,17.22,25.28,0.0,27100.0,0.0
2024-07-03,33.33,23.89,28.61,55.12,24100.0,0.0
2024-07-04,31.67,23.89,27.78,13.46,37000.0,1.0
2024-07-05,31.11,23.33,27.22,3.3,35500.0,0.0
2024-07-06,30.0,21.67,25.84,0.0,30500.0,0.0
2024-07-07,32.22,20.56,26.39,0.0,37100.0,1.0
2024-07-08,33.33,22.78,28.06,0.0,34700.0,0.0
2024-07-09,33.89,23.89,28.89,21.08,24500.0,0.0
2024-07-10,29.44,20.56,25.0,0.25,27400.0,1.0
2024-07-11,32.22,21.67,26.94,0.0,34100.0,1.0
2024-07-12,32.22,23.33,27.78,0.0,29600.0,0.0
2024-07-13,32.78,23.33,28.06,1.02,30300.0,1.0
2024-07-14,34.44,22.78,28.61,0.0,15800.0,0.0
2024-07-15,34.44,26.11,30.28,0.0,22800.0,1.0
2024-07-16,31.67,25.56,28.62,0.76,20900.0,0.0
2024-07-17,31.11,22.78,26.94,8.64,18000.0,0.0
2024-07-18,27.78,20.56,24.17,0.0,14900.0,0.0
2024-07-19,28.89,17.22,23.06,0.0,30600.0,1.0
2024-07-20,31.11,20.0,25.56,0.0,16500.0,0.0
2024-07-21,30.56,22.78,26.67,0.0,14500.0,0.0
2024-07-22,30.0,21.67,25.84,6.1,32400.0,1.0
2024-07-23,30.0,21.67,25.84,0.0,12900.0,0.0
2024-07-24,31.11,22.78,26.94,0.25,23100.0,1.0
2024-07-25,31.67,21.67,26.67,0.0,18600.0,0.0
2024-07-26,30.56,22.22,26.39,0.0,28400.0,1.0
2024-07-27,32.22,20.56,26.39,0.0,31200.0,1.0
2024-07-28,26.67,24.0,25.34,8.38,15300.0,0.0
2024-07-29,31.11,23.33,27.22,0.76,18000.0,1.0
2024-07-30,31.67,22.22,26.94,10.16,21300.0,1.0
2024-07-31,32.78,21.67,27.22,20.83,30500.0,1.0
2024-08-01,33.89,22.78,28.34,16.0,38200.0,1.0
2024-08-02,30.0,22.78,26.39,3.3,35600.0,0.0
2024-08-03,31.67,21.67,26.67,0.0,22200.0,0.0
2024-08-04,33.33,22.78,28.06,0.0,37300.0,1.0
2024-08-05,33.89,22.78,28.34,0.0,36000.0,0.0
2024-08-06,33.89,24.44,29.16,0.0,32400.0,0.0
2024-08-07,31.11,25.0,28.06,0.0,30500.0,0.0
2024-08-08,31.11,21.11,26.11,0.0,53000.0,1.0
2024-08-09,30.0,22.22,26.11,0.0,49800.0,0.0
2024-08-10,26.67,17.22,21.94,0.0,30200.0,0.0
2024-08-11,27.22,18.33,22.78,0.0,25800.0,0.0
2024-08-12,27.78,16.67,22.22,0.0,34200.0,1.0
2024-08-13,29.44,20.56,25.0,0.51,44200.0,1.0
2024-08-14,32.22,19.44,25.83,0.0,25500.0,0.0
2024-08-15,32.22,21.67,26.94,0.0,16000.0,0.0
2024-08-16,31.11,24.44,27.78,5.08,20800.0,1.0
2024-08-17,34.44,23.33,28.88,0.0,24300.0,1.0
2024-08-18,30.56,21.67,26.12,0.0,13800.0,0.0
2024-08-19,28.89,21.67,25.28,0.0,19400.0,1.0
2024-08-20,25.0,16.11,20.56,0.0,21200.0,1.0
2024-08-21,25.56,13.89,19.73,0.0,22600.0,1.0
2024-08-22,28.33,13.89,21.11,0.0,21500.0,0.0
2024-08-23,31.67,17.78,24.72,0.0,22500.0,1.0
2024-08-24,33.33,20.56,26.94,0.0,20600.0,0.0
2024-08-25,33.89,21.67,27.78,0.0,16800.0,0.0
2024-08-26,34.44,20.56,27.5,0.0,17000.0,1.0
2024-08-27,36.67,22.78,29.72,0.0,15000.0,0.0
2024-08-28,36.67,25.56,31.12,0.0,11300.0,0.0
2024-08-29,38.33,25.0,31.66,0.0,12800.0,1.0
2024-08-30,36.67,24.44,30.56,0.0,21500.0,1.0
2024-08-31,33.89,23.89,28.89,0.25,26700.0,1.0
2024-09-01,32.78,23.33,28.06,0.0,13200.0,0.0
2024-09-02,28.33,18.33,23.33,0.0,15000.0,1.0
2024-09-03,28.33,16.67,22.5,0.0,21500.0,1.0
2024-09-04,32.22,19.44,25.83,0.0,18000.0,0.0
2024-09-05,33.89,21.11,27.5,0.0,15100.0,0.0
2024-09-06,32.78,20.56,26.67,2.03,15200.0,1.0
2024-09-07,22.78,13.89,18.34,0.0,18800.0,1.0
2024-09-08,22.78,10.56,16.67,0.0,21500.0,1.0
2024-09-09,27.78,11.11,19.44,0.0,15000.0,0.0
2024-09-10,31.67,13.33,22.5,0.0,21900.0,1.0
2024-09-11,32.78,16.11,24.44,0.0,21400.0,0.0
2024-09-12,31.11,18.89,25.0,0.0,11100.0,0.0
2024-09-13,25.56,19.0,22.28,34.54,7350.0,0.0
2024-09-14,32.22,20.56,26.39,0.0,9110.0,1.0
2024-09-15,31.67,20.56,26.12,0.0,18600.0,1.0
2024-09-16,31.11,18.89,25.0,0.0,18600.0,0.0
2024-09-17,27.78,17.22,22.5,0.0,15700.0,0.0
2024-09-18,31.67,21.11,26.39,0.0,12600.0,0.0
2024-09-19,33.33,21.67,27.5,0.0,11800.0,0.0
2024-09-20,33.33,20.56,26.94,0.0,11800.0,0.0
2024-09-21,33.89,23.89,28.89,0.0,17000.0,1.0
2024-09-22,26.67,21.67,24.17,0.76,20400.0,1.0
2024-09-23,25.56,21.11,23.34,3.3,12400.0,0.0
2024-09-24,26.67,21.11,23.89,42.42,12800.0,1.0
2024-09-25,25.0,18.89,21.94,0.0,21500.0,1.0
2024-09-26,26.11,16.67,21.39,3.81,25600.0,1.0
2024-09-27,22.22,19.44,20.83,57.4,40600.0,1.0
2024-09-28,20.0,18.0,19.0,25.91,65900.0,1.0
2024-09-29,25.56,18.89,22.22,0.25,100000.0,1.0
2024-09-30,26.67,20.56,23.62,0.0,115000.0,1.0
2024-10-01,26.67,18.89,22.78,0.0,110000.0,0.0
2024-10-02,23.89,12.22,18.06,0.0,95700.0,0.0
2024-10-03,26.67,12.22,19.44,0.0,68500.0,0.0
2024-10-04,28.33,15.56,21.94,0.0,59400.0,0.0
2024-10-05,29.44,16.67,23.06,0.0,56100.0,0.0
2024-10-06,31.11,17.78,24.44,0.0,45200.0,0.0
2024-10-07,22.22,12.78,17.5,0.0,39900.0,0.0
2024-10-08,22.78,10.56,16.67,0.0,43000.0,1.0
2024-10-09,25.56,10.56,18.06,0.0,37800.0,0.0
2024-10-10,25.0,12.22,18.61,0.0,32600.0,0.0
2024-10-11,25.56,10.56,18.06,0.0,32400.0,0.0
2024-10-12,27.22,12.22,19.72,0.0,26700.0,0.0
2024-10-13,27.22,16.11,21.66,0.0,24800.0,0.0
2024-10-14,14.44,9.44,11.94,0.0,24900.0,1.0
2024-10-15,14.44,6.67,10.56,1.27,27800.0,1.0
2024-10-16,13.33,3.33,8.33,0.0,22400.0,0.0
2024-10-17,17.78,4.44,11.11,0.0,18300.0,0.0
2024-10-18,21.11,6.11,13.61,0.0,16700.0,0.0
2024-10-19,22.78,7.22,15.0,0.0,24700.0,1.0
2024-10-20,23.89,6.67,15.28,0.0,23500.0,0.0
2024-10-21,25.0,7.78,16.39,0.0,11900.0,0.0
2024-10-22,27.22,9.44,18.33,0.0,17900.0,1.0
2024-10-23,26.67,15.56,21.12,0.0,15800.0,0.0
2024-10-24,20.56,8.33,14.44,0.0,17400.0,1.0
2024-10-25,27.22,10.56,18.89,0.0,21900.0,1.0
2024-10-26,20.0,10.56,15.28,0.0,19000.0,0.0
2024-10-27,19.44,6.11,12.78,0.0,15300.0,0.0
2024-10-28,23.33,5.56,14.44,0.0,14400.0,0.0
2024-10-29,27.22,17.78,22.5,0.0,19500.0,1.0
2024-10-30,26.67,17.22,21.94,0.0,13600.0,0.0
2024-10-31,22.78,17.78,20.28,7.87,14000.0,1.0
2024-11-01,18.33,8.89,13.61,0.0,16800.0,1.0
2024-11-02,20.0,5.56,12.78,0.0,16900.0,1.0
2024-11-03,26.11,8.33,17.22,0.0,21000.0,1.0
2024-11-04,26.67,19.44,23.06,0.0,23800.0,1.0
2024-11-05,27.22,19.44,23.33,0.0,19700.0,0.0
2024-11-06,22.78,18.89,20.84,24.38,17400.0,0.0
2024-11-07,17.78,12.22,15.0,3.05,24300.0,1.0
2024-11-08,17.78,7.78,12.78,0.0,25000.0,1.0
2024-11-09,18.33,9.44,13.88,0.25,14300.0,0.0
2024-11-10,19.44,15.0,17.22,47.24,26400.0,1.0
2024-11-11,18.89,10.0,14.44,0.0,37200.0,1.0
2024-11-12,15.0,6.67,10.84,0.0,26000.0,0.0
2024-11-13,16.67,6.11,11.39,55.63,31400.0,1.0
2024-11-14,15.0,10.56,12.78,22.61,50300.0,1.0
2024-11-15,12.22,10.0,11.11,0.0,91900.0,1.0
2024-11-16,15.0,7.78,11.39,0.0,61300.0,0.0
2024-11-17,21.11,4.44,12.78,0.0,46100.0,0.0
2024-11-18,21.11,13.33,17.22,0.0,36400.0,0.0
2024-11-19,21.67,13.33,17.5,18.03,41600.0,1.0
2024-11-20,13.33,7.78,10.56,0.0,49500.0,1.0
2024-11-21,7.22,1.11,4.16,0.51,43400.0,0.0
2024-11-22,9.44,2.22,5.83,0.0,38600.0,0.0
2024-11-23,6.67,4.44,5.56,0.0,41700.0,1.0
2024-11-24,17.78,1.67,9.73,0.0,40900.0,0.0
2024-11-25,18.33,10.0,14.16,2.54,55600.0,1.0
2024-11-26,10.56,2.78,6.67,0.0,56400.0,1.0
2024-11-27,9.44,5.0,7.22,5.08,70400.0,1.0
2024-11-28,8.89,0.56,4.73,2.54,80800.0,1.0
2024-11-29,5.0,-2.78,1.11,0.0,100000.0,1.0
2024-11-30,2.78,-5.0,-1.11,1.02,97600.0,0.0
2024-12-01,3.33,-1.11,1.11,0.25,89400.0,0.0
2024-12-02,1.11,-5.56,-2.22,0.0,83300.0,0.0
2024-12-03,-1.11,-3.33,-2.22,0.0,65000.0,0.0
2024-12-04,11.11,-3.89,3.61,0.0,60100.0,0.0
2024-12-05,8.33,-7.22,0.56,0.0,41100.0,0.0
2024-12-06,1.67,-8.33,-3.33,0.0,47900.0,1.0
2024-12-07,10.0,-4.44,2.78,0.0,42100.0,0.0
2024-12-08,15.0,6.67,10.84,5.84,36800.0,0.0
2024-12-09,14.44,10.56,12.5,4.32,36400.0,0.0
2024-12-10,11.67,1.67,6.67,1.27,36000.0,0.0
2024-12-11,5.0,-0.56,2.22,0.0,53500.0,1.0
2024-12-12,5.56,-2.78,1.39,0.0,72800.0,1.0
2024-12-13,4.44,-3.33,0.56,0.0,95100.0,1.0
2024-12-14,13.89,-1.67,6.11,4.57,120000.0,1.0
2024-12-15,14.44,8.89,11.66,7.62,131000.0,1.0
2024-12-16,16.11,11.67,13.89,17.53,128000.0,0.0
2024-12-17,15.0,5.0,10.0,0.0,168000.0,1.0
2024-12-18,8.33,4.44,6.38,18.29,171000.0,1.0
2024-12-19,7.22,2.22,4.72,0.0,196000.0,1.0
2024-12-20,5.0,1.11,3.06,0.0,206000.0,1.0
2024-12-21,3.89,-2.22,0.84,0.0,202000.0,0.0
2024-12-22,3.33,-4.44,-0.56,0.0,179000.0,0.0
2024-12-23,11.67,-2.78,4.44,0.0,150000.0,0.0
2024-12-24,10.56,7.22,8.89,0.25,125000.0,0.0
2024-12-25,13.89,7.22,10.56,0.0,94500.0,0.0
2024-12-26,12.78,8.33,10.56,1.27,80500.0,0.0
2024-12-27,14.44,8.33,11.38,6.1,72200.0,0.0
2024-12-28,15.56,12.78,14.17,11.68,64000.0,0.0
2024-12-29,17.22,8.89,13.06,16.51,111000.0,1.0
2024-12-30,12.78,8.33,10.56,0.0,151000.0,1.0
2024-12-31,13.89,5.0,9.44,1.27,136000.0,0.0
2025-01-01,5.0,1.11,3.06,0.0,154000.0,1.0
2025-01-02,6.67,-1.11,2.78,0.0,182000.0,1.0
2025-01-03,5.0,-2.22,1.39,0.0,182000.0,0.0
2025-01-04,1.11,-7.22,-3.06,0.0,172000.0,0.0
2025-01-05,0.0,-3.89,-1.94,37.85,153000.0,0.0
2025-01-06,-0.56,-4.0,-2.28,2.29,133000.0,0.0
2025-01-07,-1.67,-3.89,-2.78,0.0,123000.0,0.0
2025-01-08,-2.78,-7.22,-5.0,0.0,128000.0,1.0
2025-01-09,-2.78,-10.56,-6.67,0.0,140000.0,1.0
2025-01-10,-1.67,-6.67,-4.17,6.6,128000.0,0.0
2025-01-11,1.67,-2.0,-0.17,0.0,101000.0,0.0
2025-01-12,5.56,-5.0,0.28,0.0,84000.0,0.0
2025-01-13,3.33,-6.67,-1.67,0.0,75600.0,0.0
2025-01-14,3.33,-8.89,-2.78,0.0,60000.0,0.0
2025-01-15,-1.67,-12.22,-6.94,0.0,65200.0,1.0
2025-01-16,5.56,-6.11,-0.28,0.0,70100.0,1.0
2025-01-17,10.0,-2.22,3.89,0.0,54700.0,0.0
2025-01-18,9.44,0.56,5.0,7.11,66400.0,1.0
2025-01-19,0.56,-12.78,-6.11,0.0,92700.0,1.0
2025-01-20,-7.78,-14.44,-11.11,0.0,108000.0,1.0
2025-01-21,-8.33,-15.0,-11.66,0.0,97800.0,0.0
2025-01-22,-3.33,-15.56,-9.44,0.0,95800.0,0.0
2025-01-23,4.44,-4.44,0.0,0.0,72800.0,0.0
2025-01-24,-1.11,-8.89,-5.0,0.0,68100.0,0.0
2025-01-25,10.56,-6.67,1.95,0.0,60100.0,0.0
2025-01-26,7.78,-0.56,3.61,0.0,58500.0,0.0
2025-01-27,5.56,-4.44,0.56,0.0,61100.0,1.0
2025-01-28,12.22,0.56,6.39,0.0,54600.0,0.0
2025-01-29,13.33,3.33,8.33,0.0,51700.0,0.0
2025-01-30,8.89,-0.56,4.16,23.88,56900.0,1.0
2025-01-31,16.67,7.78,12.23,6.86,94400.0,1.0
2025-02-01,8.89,2.22,5.56,0.25,187000.0,1.0
2025-02-02,18.33,1.11,9.72,0.0,249000.0,1.0
2025-02-03,22.78,8.89,15.84,0.0,311000.0,1.0
2025-02-04,15.56,4.44,10.0,0.0,326000.0,1.0
2025-02-05,5.56,3.0,4.28,25.91,279000.0,0.0
2025-02-06,16.11,3.33,9.72,3.81,222000.0,0.0
2025-02-07,8.33,0.56,4.44,0.51,291000.0,1.0
2025-02-08,17.0,3.33,10.16,14.22,377000.0,1.0
2025-02-09,3.89,1.67,2.78,0.0,411000.0,1.0
2025-02-10,7.22,-2.22,2.5,0.0,429000.0,1.0
2025-02-11,3.89,0.56,2.22,11.43,417000.0,0.0
2025-02-12,5.56,1.11,3.34,5.84,368000.0,0.0
2025-02-13,3.89,-4.44,-0.28,1.52,308000.0,0.0
2025-02-14,3.33,-7.22,-1.94,0.0,290000.0,0.0
2025-02-15,10.0,2.78,6.39,76.2,302000.0,1.0
2025-02-16,9.44,-3.33,3.06,27.18,419000.0,1.0
2025-02-17,-2.22,-7.22,-4.72,0.0,512000.0,1.0
2025-02-18,-3.89,-7.22,-5.56,2.03,549000.0,1.0
2025-02-19,-4.44,-8.89,-6.67,3.05,582000.0,1.0
2025-02-20,-5.56,-11.67,-8.62,0.0,600000.0,1.0
2025-02-21,1.11,-11.11,-5.0,0.0,587000.0,0.0
2025-02-22,3.33,-6.67,-1.67,0.0,529000.0,0.0
2025-02-23,10.0,-3.89,3.06,0.0,389000.0,0.0
2025-02-24,15.0,-1.11,6.94,0.0,257000.0,0.0
2025-02-25,20.56,8.33,14.44,0.0,211000.0,0.0
2025-02-26,22.22,3.89,13.06,0.25,190000.0,0.0
2025-02-27,16.67,8.33,12.5,1.52,172000.0,0.0
2025-02-28,19.44,3.89,11.66,0.0,172000.0,0.0
2025-03-01,13.89,-2.22,5.84,0.0,171000.0,0.0
2025-03-02,5.0,-5.56,-0.28,0.0,182000.0,1.0
2025-03-03,13.89,-2.22,5.84,0.0,192000.0,1.0
2025-03-04,20.56,7.22,13.89,3.81,183000.0,0.0
2025-03-05,16.67,1.11,8.89,8.64,158000.0,0.0
2025-03-06,7.78,0.56,4.17,0.25,140000.0,0.0
2025-03-07,13.33,2.78,8.06,0.76,124000.0,0.0
2025-03-08,12.22,4.44,8.33,0.0,126000.0,1.0
2025-03-09,16.67,1.67,9.17,0.0,134000.0,1.0
2025-03-10,20.0,2.22,11.11,0.0,139000.0,1.0
2025-03-11,26.11,8.89,17.5,0.0,124000.0,0.0
2025-03-12,26.67,12.78,19.73,0.0,116000.0,0.0
2025-03-13,25.56,12.22,18.89,1.52,106000.0,0.0
2025-03-14,27.22,12.22,19.72,0.0,91400.0,0.0
2025-03-15,23.33,14.44,18.88,57.15,97000.0,1.0
2025-03-16,16.11,3.33,9.72,3.56,181000.0,1.0
2025-03-17,12.22,0.56,6.39,0.0,216000.0,1.0
2025-03-18,25.0,5.56,15.28,0.0,178000.0,0.0
2025-03-19,22.22,13.89,18.06,4.57,163000.0,0.0
2025-03-20,13.89,3.33,8.61,0.0,155000.0,0.0
2025-03-21,15.0,0.0,7.5,0.0,142000.0,0.0
2025-03-22,16.11,8.33,12.22,0.0,127000.0,0.0
2025-03-23,16.11,5.0,10.56,8.64,114000.0,0.0
2025-03-24,16.11,5.0,10.56,0.0,137000.0,1.0
2025-03-25,13.33,8.33,10.83,0.25,122000.0,0.0
2025-03-26,15.0,3.89,9.44,0.0,108000.0,0.0
2025-03-27,17.22,7.22,12.22,0.0,107000.0,0.0
2025-03-28,28.33,14.44,21.38,0.0,91400.0,0.0
2025-03-29,27.22,19.44,23.33,0.0,82700.0,0.0
2025-03-30,23.33,12.22,17.77,26.92,80100.0,0.0
2025-03-31,14.44,7.22,10.83,0.0,132000.0,1.0
2025-04-01,14.44,2.78,8.61,0.0,165000.0,1.0
2025-04-02,28.33,10.56,19.44,10.92,174000.0,1.0
2025-04-03,22.78,11.67,17.23,56.64,210000.0,1.0
2025-04-04,15.0,11.67,13.34,56.13,366000.0,1.0
2025-04-05,20.0,10.56,15.28,57.66,507000.0,1.0
2025-04-06,10.56,5.56,8.06,9.65,601000.0,1.0
2025-04-07,16.11,3.89,10.0,0.0,671000.0,1.0
2025-04-08,8.89,-0.56,4.16,0.0,710000.0,1.0
2025-04-09,16.67,1.67,9.17,0.0,712000.0,1.0
2025-04-10,21.11,10.0,15.56,5.84,691000.0,0.0
2025-04-11,11.67,7.22,9.44,2.79,636000.0,0.0
2025-04-12,15.56,2.78,9.17,0.0,552000.0,0.0
2025-04-13,21.67,7.22,14.44,0.0,441000.0,0.0
2025-04-14,26.67,16.67,21.67,0.0,322000.0,0.0
2025-04-15,15.56,11.11,13.34,0.0,258000.0,0.0
2025-04-16,20.0,7.78,13.89,0.0,231000.0,0.0
2025-04-17,21.11,7.78,14.44,0.0,211000.0,0.0
2025-04-18,28.33,16.11,22.22,0.0,185000.0,0.0
2025-04-19,27.22,20.0,23.61,0.0,159000.0,0.0
2025-04-20,29.44,16.11,22.78,0.0,131000.0,0.0
2025-04-21,25.0,16.11,20.56,2.29,117000.0,0.0
2025-04-22,23.89,11.67,17.78,0.0,111000.0,0.0
2025-04-23,27.78,12.22,20.0,0.0,94900.0,0.0
2025-04-24,26.67,17.22,21.94,24.38,96400.0,1.0
2025-04-25,23.89,17.78,20.84,12.45,97700.0,1.0
2025-04-26,18.89,11.11,15.0,0.51,114000.0,1.0
2025-04-27,21.11,9.44,15.27,0.0,119000.0,1.0
2025-04-28,29.44,13.33,21.38,0.0,134000.0,1.0
2025-04-29,29.44,20.56,25.0,0.0,153000.0,1.0
2025-04-30,28.89,18.33,23.61,0.0,163000.0,1.0
2025-05-01,25.56,21.11,23.34,0.25,154000.0,0.0
2025-05-02,26.11,17.22,21.66,5.84,141000.0,0.0
2025-05-03,18.33,13.33,15.83,9.4,148000.0,1.0
2025-05-04,12.78,10.0,11.39,18.8,215000.0,1.0
2025-05-05,14.44,9.0,11.72,4.06,253000.0,1.0
2025-05-06,21.11,11.11,16.11,0.0,246000.0,0.0
2025-05-07,23.33,12.22,17.77,0.0,261000.0,1.0
2025-05-08,23.89,16.67,20.28,1.52,271000.0,1.0
2025-05-09,21.67,11.67,16.67,0.0,272000.0,1.0
2025-05-10,22.78,10.56,16.67,0.0,260000.0,0.0
2025-05-11,28.33,11.67,20.0,0.0,239000.0,0.0
2025-05-12,23.89,17.78,20.84,3.05,217000.0,0.0
2025-05-13,25.0,17.78,21.39,1.78,185000.0,0.0
2025-05-14,27.78,17.22,22.5,0.0,167000.0,0.0
2025-05-15,30.0,20.56,25.28,0.0,157000.0,0.0
2025-05-16,28.33,18.89,23.61,11.68,170000.0,1.0
2025-05-17,25.0,18.33,21.66,0.0,196000.0,1.0
2025-05-18,26.11,15.56,20.84,0.0,206000.0,1.0
2025-05-19,28.33,15.56,21.94,0.0,211000.0,1.0
2025-05-20,27.78,17.78,22.78,12.45,223000.0,1.0
2025-05-21,21.11,16.11,18.61,0.0,207000.0,0.0
2025-05-22,19.44,12.78,16.11,0.0,166000.0,0.0
2025-05-23,21.67,10.0,15.84,0.0,163000.0,0.0
2025-05-24,22.78,11.11,16.94,0.0,161000.0,0.0
2025-05-25,20.56,13.89,17.23,0.76,164000.0,1.0
2025-05-26,23.89,13.33,18.61,0.0,168000.0,1.0
2025-05-27,20.0,15.56,17.78,2.03,154000.0,0.0
2025-05-28,23.89,16.67,20.28,0.51,130000.0,0.0
2025-05-29,26.11,17.22,21.66,0.0,116000.0,0.0
2025-05-30,21.67,15.56,18.62,37.85,130000.0,1.0
2025-05-31,26.11,17.22,21.66,0.0,188000.0,1.0
2025-06-01,23.89,13.89,18.89,0.0,240000.0,1.0
2025-06-02,27.78,11.67,19.73,0.0,277000.0,1.0
2025-06-03,32.22,16.67,24.44,0.0,263000.0,0.0
2025-06-04,30.56,22.22,26.39,0.0,215000.0,0.0
2025-06-05,28.89,22.78,25.84,0.0,142000.0,0.0
2025-06-06,27.22,22.22,24.72,7.62,105000.0,0.0
2025-06-07,25.56,21.11,23.34,4.06,103000.0,0.0
2025-06-08,27.22,21.11,24.16,0.0,127000.0,1.0
2025-06-09,24.44,19.44,21.94,2.03,173000.0,1.0
2025-06-10,27.22,18.33,22.78,0.0,205000.0,1.0
2025-06-11,28.89,16.67,22.78,0.0,213000.0,1.0
2025-06-12,31.11,20.0,25.56,0.0,200000.0,0.0
2025-06-13,26.67,22.0,24.34,23.11,175000.0,0.0
2025-06-14,28.33,21.67,25.0,3.3,138000.0,0.0
2025-06-15,31.11,22.78,26.94,0.0,117000.0,0.0
2025-06-16,31.11,22.78,26.94,4.57,127000.0,1.0
2025-06-17,27.78,22.78,25.28,1.78,154000.0,1.0
2025-06-18,31.67,22.78,27.22,6.35,183000.0,1.0
2025-06-19,29.44,21.11,25.28,0.51,202000.0,1.0
2025-06-20,31.11,20.56,25.84,0.0,220000.0,1.0
2025-06-21,34.44,21.67,28.06,0.0,228000.0,1.0
2025-06-22,33.89,26.11,30.0,0.0,224000.0,0.0
2025-06-23,35.0,26.11,30.56,0.0,201000.0,0.0
2025-06-24,35.56,26.11,30.84,0.0,164000.0,0.0
2025-06-25,35.56,26.67,31.12,0.0,129000.0,0.0
2025-06-26,33.33,23.0,28.16,24.38,90900.0,0.0
2025-06-27,32.22,23.89,28.06,0.0,86500.0,0.0
2025-06-28,32.78,22.78,27.78,0.76,95000.0,1.0
2025-06-29,31.11,22.78,26.94,0.0,86900.0,0.0
2025-06-30,31.67,24.44,28.06,0.25,93500.0,1.0
2025-07-01,31.11,22.78,26.94,0.51,91000.0,0.0
2025-07-02,31.67,22.22,26.94,0.0,107000.0,1.0
2025-07-03,33.33,21.67,27.5,0.0,133000.0,1.0
2025-07-04,34.44,22.78,28.61,0.0,136000.0,1.0
2025-07-05,34.44,23.33,28.88,0.0,95000.0,0.0
2025-07-06,34.44,26.67,30.56,0.0,56100.0,0.0
2025-07-07,33.33,25.0,29.16,0.0,48500.0,0.0
2025-07-08,32.22,24.44,28.33,0.0,36300.0,0.0
2025-07-09,30.0,24.44,27.22,0.0,49300.0,1.0
2025-07-10,33.89,23.89,28.89,0.0,55900.0,1.0
2025-07-11,33.89,23.33,28.61,0.0,51500.0,0.0
2025-07-12,34.44,23.33,28.88,11.94,54700.0,1.0
2025-07-13,33.33,22.78,28.06,13.46,43500.0,0.0
2025-07-14,31.67,23.33,27.5,3.56,41300.0,0.0
2025-07-15,31.11,25.0,28.06,1.02,42000.0,1.0
2025-07-16,33.89,23.33,28.61,10.92,63100.0,1.0
2025-07-17,32.78,23.33,28.06,41.66,62200.0,0.0
2025-07-18,32.22,22.0,27.11,38.86,91400.0,1.0
2025-07-19,28.33,22.22,25.28,12.19,107000.0,1.0
2025-07-20,33.33,22.78,28.06,0.0,77600.0,0.0
2025-07-21,31.11,24.44,27.78,0.0,129000.0,1.0
2025-07-22,31.11,22.78,26.94,0.0,123000.0,0.0
2025-07-23,32.78,23.33,28.06,0.0,106000.0,0.0
2025-07-24,33.89,25.0,29.44,0.0,84000.0,0.0
2025-07-25,33.89,25.56,29.72,0.0,57800.0,0.0
2025-07-26,33.33,27.22,30.28,0.0,48000.0,0.0
2025-07-27,33.33,26.11,29.72,0.0,46900.0,0.0
2025-07-28,34.44,23.33,28.88,16.51,47200.0,1.0
2025-07-29,33.33,22.78,28.06,0.0,72000.0,1.0
2025-07-30,33.89,25.0,29.44,0.0,84500.0,1.0
2025-07-31,29.44,22.78,26.11,0.0,61500.0,0.0
2025-08-01,27.22,19.44,23.33,0.0,49100.0,0.0
2025-08-02,27.22,17.78,22.5,0.0,44400.0,0.0
2025-08-03,28.89,18.89,23.89,0.0,54400.0,1.0
2025-08-04,27.22,22.78,25.0,0.0,43900.0,0.0
2025-08-05,30.0,21.67,25.84,15.75,36400.0,0.0
2025-08-06,31.11,21.11,26.11,0.0,30300.0,0.0
2025-08-07,31.67,21.67,26.67,0.0,29100.0,0.0
2025-08-08,32.22,22.78,27.5,0.0,18200.0,0.0
2025-08-09,32.78,22.78,27.78,0.0,19600.0,1.0
2025-08-10,33.33,23.33,28.33,0.0,26000.0,1.0
2025-08-11,33.89,23.89,28.89,0.0,11200.0,0.0
2025-08-12,32.78,23.33,28.06,17.53,20900.0,1.0
2025-08-13,31.67,22.78,27.22,0.25,25900.0,1.0
2025-08-14,32.22,23.89,28.06,0.0,16100.0,0.0
2025-08-15,33.89,24.44,29.16,0.0,47800.0,1.0
2025-08-16,33.89,23.89,28.89,0.0,9690.0,0.0
2025-08-17,30.56,23.89,27.22,0.0,27700.0,1.0
2025-08-18,33.33,23.89,28.61,0.0,17000.0,0.0
2025-08-19,35.0,23.33,29.16,3.3,28100.0,1.0
2025-08-20,26.11,22.78,24.44,0.0,21200.0,0.0
2025-08-21,26.11,20.56,23.34,0.0,12300.0,0.0
2025-08-22,26.67,19.44,23.06,0.0,23600.0,1.0
2025-08-23,29.0,18.89,23.94,0.0,19600.0,0.0
2025-08-24,27.22,17.78,22.5,0.0,10500.0,0.0
2025-08-25,25.0,15.0,20.0,0.0,19200.0,1.0
2025-08-26,25.0,13.89,19.44,0.0,19300.0,1.0
2025-08-27,24.44,13.89,19.16,0.0,10800.0,0.0
2025-08-28,27.22,13.89,20.56,0.0,24800.0,1.0
2025-08-29,28.89,17.22,23.06,0.0,14000.0,0.0
2025-08-30,26.67,13.89,20.28,0.0,,
2025-08-31,27.22,13.89,20.56,0.0,19300.0,
2025-09-01,29.44,13.89,21.66,0.0,9950.0,0.0
2025-09-02,30.0,18.33,24.16,1.02,19300.0,1.0
2025-09-03,30.0,17.22,23.61,0.0,13500.0,0.0
2025-09-04,24.44,17.78,21.11,18.29,17100.0,1.0
2025-09-05,28.33,15.56,21.94,0.0,12200.0,0.0
2025-09-06,22.78,14.44,18.61,0.0,16600.0,1.0
2025-09-07,23.33,11.67,17.5,0.0,24900.0,1.0
2025-09-08,24.44,10.56,17.5,0.0,15300.0,0.0
2025-09-09,26.67,12.78,19.73,0.0,22100.0,1.0
2025-09-10,26.11,15.0,20.56,0.0,13900.0,0.0
2025-09-11,30.0,17.22,23.61,0.0,17200.0,1.0
2025-09-12,30.56,17.22,23.89,0.0,13400.0,0.0
2025-09-13,30.56,16.11,23.34,0.0,12000.0,0.0
2025-09-14,30.56,20.0,25.28,1.02,19400.0,1.0
2025-09-15,32.22,20.0,26.11,0.0,17700.0,0.0
2025-09-16,32.22,18.89,25.56,0.0,14300.0,0.0
2025-09-17,31.11,18.89,25.0,0.0,14600.0,1.0
2025-09-18,31.67,17.22,24.44,0.0,12400.0,0.0
2025-09-19,31.67,17.22,24.44,0.0,11800.0,0.0
2025-09-20,33.33,18.89,26.11,0.0,11500.0,0.0
2025-09-21,28.33,20.0,24.16,7.87,13100.0,1.0
2025-09-22,23.89,20.0,21.94,15.75,15300.0,1.0
2025-09-23,27.78,19.44,23.61,8.64,21900.0,1.0
2025-09-24,24.44,20.56,22.5,49.78,28600.0,1.0
2025-09-25,23.89,18.33,21.11,3.56,30000.0,1.0
2025-09-26,27.22,15.0,21.11,0.0,55700.0,1.0
2025-09-27,27.78,15.0,21.39,0.0,52100.0,0.0
2025-09-28,30.56,16.11,23.34,0.0,22200.0,0.0
2025-09-29,30.56,17.22,23.89,0.0,13200.0,0.0
2025-09-30,30.56,17.78,24.17,0.0,19300.0,1.0
2025-10-01,29.44,16.67,23.06,0.0,21300.0,1.0
2025-10-02,29.44,16.11,22.78,0.0,15700.0,0.0
2025-10-03,28.33,16.67,22.5,0.0,17000.0,1.0
2025-10-04,28.89,17.22,23.06,0.0,20500.0,1.0
2025-10-05,28.33,15.56,21.94,0.0,19700.0,0.0
2025-10-06,21.67,18.89,20.28,16.76,17500.0,0.0
2025-10-07,22.78,19.44,21.11,107.19,17800.0,1.0
2025-10-08,21.67,12.22,16.94,0.0,43300.0,1.0
2025-10-09,20.0,11.67,15.84,0.0,38200.0,0.0
2025-10-10,20.56,8.33,14.44,0.0,49300.0,1.0
2025-10-11,23.89,10.0,16.94,0.0,25700.0,0.0
2025-10-12,23.33,11.67,17.5,0.0,24400.0,0.0
2025-10-13,23.89,11.67,17.78,0.0,22700.0,0.0
2025-10-14,24.44,12.78,18.61,0.0,21200.0,0.0
2025-10-15,23.89,13.33,18.61,0.0,20400.0,0.0
2025-10-16,22.22,15.56,18.89,0.0,13700.0,0.0
2025-10-17,23.89,11.11,17.5,0.0,20000.0,1.0
2025-10-18,28.89,16.11,22.5,0.0,22600.0,1.0
2025-10-19,24.44,10.56,17.5,15.75,15700.0,0.0
2025-10-20,20.0,7.22,13.61,0.0,24200.0,1.0
2025-10-21,20.56,11.67,16.11,0.0,26800.0,1.0
2025-10-22,16.67,8.33,12.5,0.0,23800.0,0.0
2025-10-23,16.67,6.67,11.67,0.0,23800.0,0.0
2025-10-24,17.22,3.89,10.56,0.0,23700.0,0.0
2025-10-25,15.56,8.33,11.94,0.25,24200.0,1.0
2025-10-26,16.11,10.56,13.34,0.25,22100.0,0.0
2025-10-27,12.78,10.56,11.67,2.54,22400.0,1.0
2025-10-28,13.33,11.0,12.16,3.3,21300.0,0.0
2025-10-29,12.22,9.44,10.83,29.21,21100.0,0.0
2025-10-30,13.89,8.33,11.11,5.84,27600.0,1.0
2025-10-31,14.44,6.67,10.56,0.0,42200.0,1.0
2025-11-01,14.44,6.11,10.28,1.27,60800.0,1.0
2025-11-02,10.0,6.11,8.06,0.51,48200.0,0.0
2025-11-03,16.11,3.33,9.72,0.0,46200.0,0.0
2025-11-04,17.78,3.89,10.84,0.0,39800.0,0.0
2025-11-05,21.67,9.44,15.56,0.0,28200.0,0.0
2025-11-06,16.67,5.0,10.84,0.0,23300.0,0.0
2025-11-07,18.33,8.33,13.33,0.76,27300.0,1.0
2025-11-08,20.0,6.67,13.34,0.0,29000.0,1.0
2025-11-09,11.11,0.0,5.56,3.3,28600.0,0.0
2025-11-10,1.11,-2.22,-0.56,0.0,28800.0,1.0
2025-11-11,7.22,-2.78,2.22,0.0,42000.0,1.0
2025-11-12,17.22,6.11,11.66,0.0,35100.0,0.0
2025-11-13,17.22,3.33,10.27,0.0,30400.0,0.0
2025-11-14,23.33,3.89,13.61,0.0,,
2025-11-15,23.89,16.67,20.28,0.51,34200.0,
2025-11-16,16.67,6.11,11.39,0.0,27700.0,0.0
2025-11-17,13.89,1.11,7.5,0.0,32500.0,1.0
2025-11-18,11.11,6.11,8.61,24.64,29500.0,0.0
2025-11-19,9.44,7.78,8.61,0.0,94700.0,1.0
2025-11-20,10.56,8.33,9.44,1.02,116000.0,1.0
2025-11-21,16.67,10.0,13.34,8.13,95100.0,0.0
2025-11-22,17.0,7.22,12.11,1.02,71600.0,0.0
2025-11-23,13.33,3.89,8.61,0.0,81300.0,1.0
2025-11-24,13.89,5.0,9.44,0.51,103000.0,1.0
2025-11-25,15.0,12.22,13.61,8.64,91300.0,0.0
2025-11-26,13.89,2.22,8.06,0.76,80700.0,0.0
2025-11-27,2.22,-1.67,0.28,0.0,73300.0,0.0
2025-11-28,2.78,-4.44,-0.83,0.0,86600.0,1.0
2025-11-29,7.22,-3.33,1.94,0.0,86000.0,0.0
2025-11-30,6.11,-2.22,1.94,0.51,67800.0,0.0
2025-12-01,3.33,-3.33,0.0,2.03,57400.0,0.0
2025-12-02,0.0,-3.89,-1.94,10.67,50600.0,0.0
2025-12-03,-2.0,-5.0,-3.5,0.0,45200.0,0.0
2025-12-04,0.56,-2.22,-0.83,0.0,48700.0,1.0
2025-12-05,1.67,-1.11,0.28,0.0,50200.0,1.0
2025-12-06,2.78,-1.11,0.83,0.0,52200.0,1.0
2025-12-07,8.33,0.0,4.16,0.0,,
2025-12-08,2.78,-1.67,0.55,1.02,43200.0,
2025-12-09,7.78,-2.78,2.5,0.0,38300.0,0.0
2025-12-10,8.33,0.56,4.44,5.08,31400.0,0.0
2025-12-11,1.11,-1.11,0.0,3.56,42600.0,1.0
2025-12-12,2.78,-1.11,0.83,3.3,51700.0,1.0
2025-12-13,1.11,-7.0,-2.94,1.02,50500.0,0.0
2025-12-14,-7.78,-15.0,-11.39,0.0,49800.0,0.0
2025-12-15,0.56,-13.33,-6.38,0.0,48900.0,0.0
2025-12-16,9.44,-3.89,2.77,0.0,44600.0,0.0
2025-12-17,14.44,7.22,10.83,0.0,34200.0,0.0
2025-12-18,15.0,7.78,11.39,21.34,41100.0,1.0
2025-12-19,7.22,-2.22,2.5,0.0,106000.0,1.0
2025-12-20,14.44,-2.78,5.83,0.0,155000.0,1.0
2025-12-21,6.67,-1.11,2.78,0.0,141000.0,0.0
2025-12-22,13.89,-2.22,5.84,0.0,147000.0,1.0
2025-12-23,18.89,12.78,15.84,0.0,141000.0,0.0
2025-12-24,15.56,8.33,11.94,0.0,113000.0,0.0
2025-12-25,18.33,10.56,14.44,0.0,89700.0,0.0
2025-12-26,19.44,14.44,16.94,0.0,84100.0,0.0
2025-12-27,17.78,11.67,14.73,0.0,80900.0,0.0
2025-12-28,23.33,8.33,15.83,10.16,94300.0,1.0
2025-12-29,6.11,-5.56,0.28,0.0,104000.0,1.0
2025-12-30,-0.56,-6.67,-3.62,0.0,102000.0,0.0
2025-12-31,5.0,-1.11,1.94,0.0,98500.0,0.0
2026-01-01,5.0,0.0,2.5,0.0,113000.0,1.0
2026-01-02,3.33,-2.22,0.55,0.0,117000.0,1.0
2026-01-03,3.89,-2.78,0.56,0.0,105000.0,0.0
2026-01-04,6.11,-4.44,0.84,0.0,86700.0,0.0
2026-01-05,15.0,-1.11,6.94,0.0,75400.0,0.0
2026-01-06,16.67,8.89,12.78,0.0,66000.0,0.0
2026-01-07,13.33,5.0,9.16,0.0,60200.0,0.0
2026-01-08,18.89,2.78,10.84,0.0,59500.0,0.0
2026-01-09,20.56,7.78,14.17,5.59,58200.0,0.0
2026-01-10,12.22,2.22,7.22,0.76,75100.0,1.0
2026-01-11,2.78,-2.22,0.28,0.0,79400.0,1.0
2026-01-12,8.33,-4.44,1.94,0.0,82900.0,1.0
2026-01-13,14.44,2.22,8.33,0.0,,
2026-01-14,13.33,-5.56,3.88,3.56,112000.0,
2026-01-15,-1.11,-7.78,-4.44,0.0,112000.0,0.0
2026-01-16,6.11,-6.11,0.0,1.78,107000.0,0.0
2026-01-17,3.33,-6.11,-1.39,0.0,97800.0,0.0
2026-01-18,-2.22,-10.56,-6.39,0.0,92000.0,0.0
2026-01-19,-1.67,-10.56,-6.12,0.0,87200.0,0.0
2026-01-20,-2.22,-11.67,-6.94,0.0,75100.0,0.0
2026-01-21,5.0,-5.56,-0.28,3.56,66900.0,0.0
2026-01-22,5.0,-2.22,1.39,0.0,50000.0,0.0
2026-01-23,-1.11,-11.67,-6.39,0.0,47700.0,0.0
2026-01-24,-9.44,-12.22,-10.83,6.1,45800.0,0.0
2026-01-25,-8.33,-11.11,-9.72,24.38,56200.0,1.0
2026-01-26,-10.0,-14.44,-12.22,0.0,42400.0,0.0
2026-01-27,-2.22,-14.44,-8.33,0.0,67100.0,1.0
2026-01-28,-4.44,-13.33,-8.88,0.0,97200.0,1.0
2026-01-29,-1.67,-11.11,-6.39,0.0,98400.0,1.0
2026-01-30,-3.33,-10.0,-6.66,0.0,78400.0,0.0
2026-01-31,-7.78,-13.33,-10.56,0.25,55200.0,0.0
2026-02-01,-3.33,-15.0,-9.16,0.0,47200.0,0.0
2026-02-02,1.11,-7.22,-3.06,0.0,50400.0,1.0
2026-02-03,5.0,-1.67,1.66,4.06,50800.0,1.0
2026-02-04,0.56,-8.33,-3.88,0.0,35300.0,0.0
2026-02-05,-3.33,-11.67,-7.5,0.0,26100.0,0.0
2026-02-06,4.44,-3.33,0.56,0.25,36000.0,1.0
2026-02-07,2.22,-6.67,-2.22,0.0,47200.0,1.0
2026-02-08,-1.11,-6.11,-3.61,0.0,21300.0,0.0
2026-02-09,8.89,-6.67,1.11,0.0,33100.0,1.0
2026-02-10,20.56,0.0,10.28,1.27,38500.0,1.0
2026-02-11,10.0,0.56,5.28,0.0,39500.0,1.0
2026-02-12,8.89,-2.78,3.06,0.0,96200.0,1.0
2026-02-13,12.22,-2.22,5.0,0.0,141000.0,1.0
2026-02-14,14.44,0.0,7.22,1.27,149000.0,1.0
2026-02-15,8.89,3.33,6.11,8.89,127000.0,0.0
2026-02-16,13.33,0.56,6.94,0.0,165000.0,1.0
2026-02-17,18.33,1.67,10.0,0.0,182000.0,1.0
2026-02-18,21.11,12.78,16.94,0.0,194000.0,1.0
2026-02-19,21.67,12.78,17.23,7.87,192000.0,0.0
2026-02-20,19.44,4.44,11.94,0.0,,
2026-02-21,10.0,-0.56,4.72,0.0,213000.0,
2026-02-22,0.0,-5.56,-2.78,0.0,248000.0,1.0
2026-02-23,0.0,-7.22,-3.61,0.0,298000.0,1.0
2026-02-24,8.33,-5.0,1.66,0.0,305000.0,1.0
2026-02-25,15.0,7.78,11.39,0.0,261000.0,0.0
2026-02-26,11.11,1.67,6.39,4.57,204000.0,0.0
2026-02-27,18.33,0.56,9.44,0.0,154000.0,0.0
2026-02-28,20.56,7.78,14.17,0.0,133000.0,0.0
2026-03-01,14.44,3.33,8.88,0.51,120000.0,0.0
2026-03-02,3.89,0.56,2.22,12.45,106000.0,0.0
2026-03-03,19.44,3.89,11.66,5.59,108000.0,1.0
2026-03-04,20.56,13.33,16.94,13.72,141000.0,1.0
2026-03-05,20.56,15.0,17.78,18.54,234000.0,1.0
2026-03-06,28.33,14.44,21.38,1.78,,
2026-03-07,22.78,15.0,18.89,26.67,356000.0,
2026-03-08,17.22,8.33,12.77,0.0,381000.0,1.0
2026-03-09,21.67,6.67,14.17,0.0,373000.0,0.0
2026-03-10,26.11,18.33,22.22,0.0,339000.0,0.0
2026-03-11,27.22,5.0,16.11,14.73,292000.0,0.0
2026-03-12,12.22,2.22,7.22,0.0,,
2026-03-13,16.67,5.0,10.84,0.0,256000.0,
2026-03-14,17.78,3.89,10.84,0.0,252000.0,0.0
2026-03-15,25.0,9.44,17.22,11.68,264000.0,1.0
2026-03-16,14.44,-2.78,5.83,9.4,261000.0,0.0
2026-03-17,,,,0.51,238000.0,0.0
2026-03-18,12.78,-1.67,5.56,0.0,222000.0,0.0
2026-03-19,22.78,5.0,13.89,0.0,211000.0,0.0
2026-03-20,26.11,10.0,18.06,0.0,193000.0,0.0
2026-03-21,27.22,12.22,19.72,0.0,174000.0,0.0
2026-03-22,31.67,12.78,22.22,2.29,156000.0,0.0
2026-03-23,12.78,4.44,8.61,0.0,141000.0,0.0
2026-03-24,15.0,1.11,8.06,0.0,140000.0,0.0
2026-03-25,23.89,6.67,15.28,0.0,157000.0,1.0
2026-03-26,30.0,18.89,24.44,0.0,170000.0,1.0
2026-03-27,25.56,3.89,14.72,7.11,165000.0,0.0
2026-03-28,11.67,1.11,6.39,0.0,164000.0,0.0
2026-03-29,21.67,2.22,11.94,0.0,206000.0,1.0
2026-03-30,25.56,15.56,20.56,0.0,251000.0,1.0
2026-03-31,28.89,19.44,24.16,0.0,267000.0,1.0
2026-04-01,28.89,18.89,23.89,1.02,232000.0,0.0
2026-04-02,28.33,16.67,22.5,0.0,200000.0,0.0
2026-04-03,28.33,19.44,23.88,0.25,194000.0,0.0
2026-04-04,27.22,11.11,19.16,7.37,221000.0,1.0
2026-04-05,15.56,5.56,10.56,0.0,230000.0,1.0
2026-04-06,19.44,5.0,12.22,0.0,226000.0,0.0
2026-04-07,13.33,6.11,9.72,0.0,212000.0,0.0
2026-04-08,21.67,4.44,13.06,0.0,210000.0,0.0
2026-04-09,25.56,13.89,19.73,0.0,214000.0,1.0
2026-04-10,26.67,13.89,20.28,0.51,202000.0,0.0
2026-04-11,21.11,12.22,16.66,0.0,179000.0,0.0
2026-04-12,28.89,13.33,21.11,0.0,159000.0,0.0
2026-04-13,27.22,21.11,24.16,0.0,142000.0,0.0
2026-04-14,29.44,20.56,25.0,0.0,131000.0,0.0
2026-04-15,30.0,20.56,25.28,0.0,113000.0,0.0
2026-04-16,27.22,20.56,23.89,0.0,104000.0,0.0
2026-04-17,28.89,13.89,21.39,0.0,98700.0,0.0
2026-04-18,23.89,8.89,16.39,2.03,96400.0,0.0
2026-04-19,17.22,5.0,11.11,0.0,98900.0,1.0
2026-04-20,16.67,8.33,12.5,0.0,102000.0,1.0
2026-04-21,26.11,7.22,16.66,0.0,96100.0,0.0
2026-04-22,27.22,17.22,22.22,0.0,96300.0,1.0
2026-04-23,28.33,12.78,20.56,0.0,93400.0,0.0
2026-04-24,28.89,15.56,22.22,15.75,89400.0,0.0
2026-04-25,25.0,14.44,19.72,0.0,85100.0,0.0
2026-04-26,22.78,13.33,18.06,0.0,83100.0,0.0
2026-04-27,26.11,12.78,19.44,40.13,70300.0,0.0
2026-04-28,25.0,16.11,20.56,21.59,148000.0,1.0
2026-04-29,20.56,12.78,16.67,8.64,123000.0,0.0
2026-04-30,17.22,7.78,12.5,0.0,107000.0,0.0
2026-05-01,16.67,8.33,12.5,0.0,,
2026-05-02,13.33,5.56,9.44,0.0,,
2026-05-03,18.89,2.78,10.84,0.0,,
2026-05-04,26.67,11.67,19.17,3.81,,
2026-05-05,21.67,15.0,18.34,10.67,,
2026-05-06,17.22,8.33,12.77,8.89,,
2026-05-07,17.78,7.22,12.5,0.0,,
2026-05-08,23.33,6.67,15.0,0.0,,
2026-05-09,25.56,13.89,19.73,0.0,,
2026-05-10,25.0,16.67,20.84,0.0,,
2026-05-11,23.33,12.78,18.06,0.0,,
2026-05-12,25.56,11.11,18.34,0.0,,
2026-05-13,24.44,13.89,19.16,0.0,,
2026-05-14,19.44,8.89,14.16,0.0,,
2026-05-15,23.33,8.33,15.83,0.0,,
2026-05-16,28.89,16.67,22.78,2.79,,
2026-05-17,31.67,18.89,25.28,0.0,,
2026-05-18,31.67,20.56,26.12,2.29,,
2026-05-19,32.78,20.56,26.67,9.91,,
2026-05-20,24.44,17.22,20.83,23.88,,
2026-05-21,19.44,13.33,16.39,0.51,,
2026-05-22,20.56,15.56,18.06,45.72,,
2026-05-23,25.0,18.89,21.94,9.91,,
2026-05-24,25.0,18.89,21.94,8.13,,
2026-05-25,26.11,18.33,22.22,0.0,,
2026-05-26,23.89,19.44,21.66,21.59,,
2026-05-27,30.0,20.56,25.28,0.0,,
2026-05-28,30.0,19.44,24.72,0.0,,
2026-05-29,28.33,16.11,22.22,0.0,,
2026-05-30,28.89,18.33,23.61,0.0,,
2026-05-31,26.67,16.11,21.39,0.0,,
2026-06-01,27.78,18.89,23.34,0.0,259000.0,
2026-06-02,26.67,16.67,21.67,0.0,188000.0,0.0
2026-06-03,28.33,14.44,21.38,0.0,137000.0,0.0
2026-06-04,29.44,16.11,22.78,0.0,104000.0,0.0
2026-06-05,29.44,17.78,23.61,0.0,86600.0,0.0
2026-06-06,30.56,21.67,26.12,0.0,74300.0,0.0
2026-06-07,31.67,21.67,26.67,0.0,54300.0,0.0
2026-06-08,28.33,22.78,25.56,0.51,56300.0,1.0
2026-06-09,30.0,22.78,26.39,40.89,58100.0,1.0
2026-06-10,33.33,23.89,28.61,0.0,55800.0,0.0
2026-06-11,32.78,25.0,28.89,0.0,61300.0,1.0
2026-06-12,28.89,21.67,25.28,9.4,54000.0,0.0
2026-06-13,29.44,17.22,23.33,0.0,59100.0,1.0
2026-06-14,27.22,18.89,23.06,2.54,54600.0,0.0
2026-06-15,25.0,15.0,20.0,0.0,41100.0,0.0
2026-06-16,26.67,16.11,21.39,0.0,44600.0,1.0
2026-06-17,30.0,18.33,24.16,0.0,48700.0,1.0
2026-06-18,28.33,18.89,23.61,85.85,84700.0,1.0
2026-06-19,27.78,16.67,22.22,0.0,116000.0,1.0
2026-06-20,29.44,18.33,23.88,0.0,108000.0,0.0
2026-06-21,30.0,20.56,25.28,5.84,73100.0,0.0
2026-06-22,26.67,18.33,22.5,24.64,,
2026-06-23,27.78,17.22,22.5,0.0,77200.0,
2026-06-24,27.22,16.11,21.66,0.0,81100.0,1.0
2026-06-25,30.0,17.78,23.89,4.06,105000.0,1.0
2026-06-26,26.67,21.11,23.89,35.05,69300.0,0.0
2026-06-27,27.78,21.11,24.44,38.1,92400.0,1.0
2026-06-28,31.67,21.67,26.67,0.0,130000.0,1.0
2026-06-29,33.89,25.56,29.72,0.0,127000.0,0.0
2026-06-30,33.89,26.11,30.0,0.0,120000.0,0.0
2026-07-01,34.44,24.44,29.44,0.0,,
2026-07-02,35.56,25.56,30.56,0.0,66600.0,
2026-07-03,34.44,24.44,29.44,10.67,56100.0,0.0
2026-07-04,32.78,22.22,27.5,0.0,35300.0,0.0
2026-07-05,31.67,22.78,27.22,0.0,31200.0,0.0
2026-07-06,30.56,23.33,26.94,37.85,51400.0,1.0
2026-07-07,30.56,23.33,26.94,0.0,60000.0,1.0
2026-07-08,29.44,22.22,25.83,2.03,52400.0,0.0
2026-07-09,31.67,22.78,27.22,1.27,57800.0,1.0
2026-07-10,29.44,22.22,25.83,36.83,64700.0,1.0
2026-07-11,28.89,21.11,25.0,37.08,66200.0,1.0
2026-07-12,29.44,22.78,26.11,5.33,75300.0,1.0
2026-07-13,31.67,21.67,26.67,0.0,100000.0,1.0
2026-07-14,32.78,22.78,27.78,0.0,99800.0,0.0
2026-07-15,33.33,23.33,28.33,0.0,,
2026-07-16,32.22,25.0,28.61,18.54,,
2026-07-17,32.78,25.0,28.89,2.54,42600.0,
2026-07-18,33.33,23.89,28.61,2.03,40700.0,0.0
2026-07-19,32.22,22.78,27.5,0.0,38700.0,0.0
2026-07-20,32.22,22.22,27.22,0.0,59300.0,1.0
2026-07-21,33.33,22.78,28.06,24.64,57400.0,0.0
2026-07-22,26.11,19.44,22.78,0.0,60000.0,1.0
2026-07-23,26.67,16.11,21.39,0.0,109000.0,1.0
2026-07-24,27.78,17.22,22.5,0.0,130000.0,1.0
2026-07-25,24.44,20.0,22.22,3.56,112000.0,0.0
2026-07-26,29.44,21.67,25.56,0.0,60800.0,0.0
2026-07-27,31.67,23.33,27.5,0.0,58300.0,0.0
2026-07-28,32.78,25.0,28.89,0.0,54200.0,0.0
2026-07-29,29.44,20.56,25.0,0.0,55800.0,1.0
2026-07-30,29.44,18.89,24.16,0.0,39100.0,0.0
2026-07-31,29.44,20.0,24.72,0.0,40200.0,1.0
2026-08-01,28.33,21.67,25.0,13.97,33600.0,0.0
2026-08-02,27.22,20.56,23.89,0.0,43500.0,1.0
2026-08-03,28.89,19.44,24.16,0.0,47500.0,1.0
2026-08-04,30.56,19.44,25.0,0.0,72700.0,1.0
2026-08-05,31.67,21.11,26.39,0.0,74500.0,1.0
2026-08-06,31.11,22.78,26.94,0.0,49000.0,0.0
2026-08-07,33.33,24.44,28.88,0.0,46100.0,0.0
2026-08-08,32.78,23.89,28.34,0.25,76100.0,1.0
2026-08-09,32.22,22.78,27.5,0.0,68500.0,0.0
2026-08-10,33.89,24.44,29.16,0.0,75700.0,1.0
2026-08-11,34.44,21.11,27.78,6.35,64000.0,0.0
2026-08-12,28.33,20.0,24.16,5.33,121000.0,1.0
2026-08-13,33.33,22.22,27.78,0.0,232000.0,1.0
2026-08-14,32.78,24.44,28.61,0.0,288000.0,1.0
2026-08-15,35.56,25.0,30.28,0.0,251000.0,0.0
2026-08-16,35.0,23.33,29.16,16.26,191000.0,0.0
2026-08-17,30.56,22.78,26.67,5.33,190000.0,0.0
2026-08-18,29.44,21.11,25.28,0.0,217000.0,1.0
2026-08-19,29.44,20.0,24.72,0.0,271000.0,1.0
2026-08-20,28.89,20.0,24.44,7.37,303000.0,1.0
2026-08-21,31.11,20.56,25.84,0.0,288000.0,0.0
2026-08-22,30.56,21.11,25.84,0.0,235000.0,0.0
2026-08-23,28.89,18.33,23.61,0.0,209000.0,0.0
2026-08-24,27.78,17.22,22.5,0.0,184000.0,0.0
2026-08-25,28.33,16.67,22.5,0.0,155000.0,0.0
2026-08-26,29.44,18.33,23.88,0.0,127000.0,0.0
2026-08-27,31.11,20.0,25.56,0.0,100000.0,0.0
2026-08-28,31.11,20.0,25.56,0.0,80000.0,0.0
2026-08-29,31.67,18.33,25.0,0.0,65800.0,0.0
2026-08-30,34.44,20.56,27.5,0.0,54300.0,0.0
2026-08-31,35.0,23.33,29.16,0.0,38300.0,0.0
2026-09-01,36.11,23.33,29.72,0.0,42800.0,1.0
2026-09-02,36.67,25.0,30.84,0.0,36600.0,0.0
2026-09-03,37.22,25.0,31.11,0.0,30300.0,0.0
2026-09-04,37.78,25.56,31.67,0.0,33700.0,1.0
2026-09-05,35.56,24.44,30.0,5.84,64200.0,1.0
2026-09-06,30.56,21.11,25.84,0.0,91400.0,1.0
2026-09-07,30.56,16.67,23.62,0.0,90800.0,0.0
2026-09-08,33.33,21.67,27.5,0.0,73200.0,0.0
2026-09-09,35.0,25.0,30.0,0.0,51200.0,0.0
2026-09-10,26.67,23.33,25.0,7.62,,
2026-09-11,27.78,22.22,25.0,9.65,,
2026-09-12,31.11,23.33,27.22,1.27,134000.0,
2026-09-13,33.89,21.67,27.78,0.0,105000.0,0.0
2026-09-14,28.33,16.67,22.5,0.0,112000.0,1.0
2026-09-15,35.56,18.33,26.94,0.0,124000.0,1.0
2026-09-16,35.0,25.56,30.28,0.0,134000.0,1.0
2026-09-17,36.11,25.56,30.84,0.0,,
2026-09-18,33.89,22.78,28.34,4.83,69700.0,
2026-09-19,35.56,21.67,28.62,0.0,66000.0,0.0
2026-09-20,35.0,24.44,29.72,0.0,80400.0,1.0
2026-09-21,31.11,18.89,25.0,0.0,123000.0,1.0
2026-09-22,19.44,16.11,17.77,0.0,186000.0,1.0
2026-09-23,20.56,16.67,18.62,0.0,230000.0,1.0
2026-09-24,22.22,17.22,19.72,0.25,249000.0,1.0
2026-09-25,25.56,13.89,19.73,0.0,216000.0,0.0
2026-09-26,26.11,13.89,20.0,0.0,195000.0,0.0
2026-09-27,25.56,10.0,17.78,0.0,183000.0,0.0
2026-09-28,26.67,11.67,19.17,0.0,146000.0,0.0
2026-09-29,28.33,13.33,20.83,0.0,101000.0,0.0
2026-09-30,31.11,15.0,23.06,0.0,85200.0,0.0
2026-10-01,31.40,18.70,25.05,0.00,71100.0,0.0
2026-10-02,25.60,17.30,21.45,12.80,59800.0,0.0
2026-10-03,22.60,13.50,18.05,0.00,41200.0,0.0
2026-10-04,24.00,12.40,18.20,0.00,41200.0,0.0
2026-10-05,22.30,12.20,17.25,0.00,43900.0,1.0
2026-10-06,22.20,10.50,16.35,0.00,36000.0,0.0
2026-10-07,26.90,10.10,18.50,0.00,36200.0,1.0
2026-10-08,27.10,13.80,20.45,0.00,35900.0,0.0
