date,tmax_c,tmin_c,tmean_c,precip_mm,flow_cfs,rising
2016-10-01,23.33,11.11,17.22,0.0,49000.0,
2016-10-02,24.44,10.56,17.5,0.0,48400.0,0.0
2016-10-03,24.44,11.67,18.06,0.0,47000.0,0.0
2016-10-04,24.44,14.44,19.44,3.3,45100.0,0.0
2016-10-05,18.33,13.33,15.83,15.24,43700.0,0.0
2016-10-06,16.67,6.67,11.67,25.65,40600.0,0.0
2016-10-07,9.44,3.33,6.38,1.02,39700.0,0.0
2016-10-08,11.11,2.22,6.66,0.0,37900.0,0.0
2016-10-09,15.56,2.22,8.89,0.0,37700.0,0.0
2016-10-10,23.33,9.44,16.38,0.0,37400.0,0.0
2016-10-11,22.22,9.44,15.83,0.0,37900.0,1.0
2016-10-12,10.0,5.0,7.5,0.25,38700.0,1.0
2016-10-13,12.22,2.78,7.5,0.0,38900.0,1.0
2016-10-14,17.22,6.11,11.66,0.0,38900.0,0.0
2016-10-15,20.56,10.56,15.56,0.0,38600.0,0.0
2016-10-16,20.56,6.67,13.61,0.25,37700.0,0.0
2016-10-17,22.22,12.22,17.22,16.51,36600.0,0.0
2016-10-18,18.89,10.56,14.73,0.25,35200.0,0.0
2016-10-19,13.33,6.11,9.72,0.0,32200.0,0.0
2016-10-20,11.11,3.33,7.22,0.0,29900.0,0.0
2016-10-21,12.22,3.89,8.06,0.0,28600.0,0.0
2016-10-22,17.78,3.89,10.84,0.0,26800.0,0.0
2016-10-23,13.33,6.67,10.0,0.0,25000.0,0.0
2016-10-24,13.33,2.22,7.78,0.0,23400.0,0.0
2016-10-25,11.11,5.56,8.33,14.22,23400.0,0.0
2016-10-26,7.78,6.11,6.94,8.38,23800.0,1.0
2016-10-27,9.44,5.56,7.5,0.0,23300.0,0.0
2016-10-28,22.22,7.78,15.0,0.0,26100.0,1.0
2016-10-29,13.33,7.78,10.56,1.52,28200.0,1.0
2016-10-30,7.78,5.56,6.67,0.0,29700.0,1.0
2016-10-31,14.44,5.56,10.0,0.0,31000.0,1.0
2016-11-01,17.22,7.22,12.22,0.0,31800.0,1.0
2016-11-02,16.67,4.44,10.56,0.0,32000.0,1.0
2016-11-03,18.33,5.56,11.94,0.0,31900.0,0.0
2016-11-04,20.0,5.0,12.5,0.0,30700.0,0.0
2016-11-05,22.78,6.11,14.44,0.0,29600.0,0.0
2016-11-06,21.11,7.78,14.44,0.0,28000.0,0.0
2016-11-07,18.33,8.33,13.33,0.0,26600.0,0.0
2016-11-08,15.0,3.89,9.44,0.0,25300.0,0.0
2016-11-09,15.56,2.22,8.89,0.0,24100.0,0.0
2016-11-10,20.0,7.22,13.61,0.0,23300.0,0.0
2016-11-11,10.0,2.22,6.11,0.0,22700.0,0.0
2016-11-12,12.22,1.11,6.66,0.0,21600.0,0.0
2016-11-13,16.67,5.56,11.12,0.0,21200.0,0.0
2016-11-14,10.0,4.44,7.22,0.0,20600.0,0.0
2016-11-15,12.78,1.11,6.94,0.0,19800.0,0.0
2016-11-16,16.11,1.67,8.89,0.0,19300.0,0.0
2016-11-17,14.44,7.78,11.11,0.0,18900.0,0.0
2016-11-18,8.89,-0.56,4.16,20.32,18900.0,0.0
2016-11-19,0.0,-5.0,-2.5,0.0,18900.0,0.0
2016-11-20,-1.11,-5.0,-3.06,0.0,18900.0,0.0
2016-11-21,3.33,-5.56,-1.11,0.0,18600.0,0.0
2016-11-22,2.22,0.0,1.11,18.8,18700.0,1.0
2016-11-23,1.67,0.56,1.12,1.52,19600.0,1.0
2016-11-24,2.78,1.11,1.94,1.02,19600.0,0.0
2016-11-25,2.22,0.0,1.11,0.0,20200.0,1.0
2016-11-26,7.78,-2.22,2.78,0.0,21300.0,1.0
2016-11-27,7.22,-1.67,2.78,7.87,22200.0,1.0
2016-11-28,12.78,3.33,8.06,24.64,23900.0,1.0
2016-11-29,3.33,1.67,2.5,0.25,24500.0,1.0
2016-11-30,4.44,2.22,3.33,1.27,26400.0,1.0
2016-12-01,3.89,0.56,2.22,0.0,28800.0,1.0
2016-12-02,0.56,-1.11,-0.28,0.0,30500.0,1.0
2016-12-03,0.0,-1.67,-0.84,0.0,31900.0,1.0
2016-12-04,3.33,-0.56,1.38,3.3,33200.0,1.0
2016-12-05,4.44,-2.78,0.83,0.0,34600.0,1.0
2016-12-06,3.33,-7.78,-2.22,0.0,35500.0,1.0
2016-12-07,-6.11,-8.89,-7.5,0.0,35200.0,0.0
2016-12-08,-4.0,-8.89,-6.44,0.0,33500.0,0.0
2016-12-09,-6.67,-12.22,-9.44,0.0,29300.0,0.0
2016-12-10,-10.0,-15.56,-12.78,4.06,26600.0,0.0
2016-12-11,-6.11,-10.56,-8.34,8.38,21000.0,0.0
2016-12-12,-10.0,-19.44,-14.72,0.0,17700.0,0.0
2016-12-13,-12.22,-21.67,-16.94,0.0,16700.0,0.0
2016-12-14,-12.22,-19.44,-15.83,0.0,15800.0,0.0
2016-12-15,-15.56,-22.78,-19.17,0.76,13300.0,0.0
2016-12-16,-11.11,-15.56,-13.34,8.89,13300.0,0.0
2016-12-17,-11.11,-23.89,-17.5,1.78,14100.0,1.0
2016-12-18,,,,0.0,14600.0,1.0
2016-12-19,-3.33,-16.67,-10.0,0.0,15300.0,1.0
2016-12-20,2.78,-4.44,-0.83,0.0,16000.0,1.0
2016-12-21,5.0,-5.0,0.0,0.0,17200.0,1.0
2016-12-22,2.78,-6.67,-1.94,0.0,18100.0,1.0
2016-12-23,3.33,0.56,1.94,2.54,18700.0,1.0
2016-12-24,2.22,0.56,1.39,0.0,19600.0,1.0
2016-12-25,2.78,0.0,1.39,24.64,20700.0,1.0
2016-12-26,6.11,-7.78,-0.84,0.0,22100.0,1.0
2016-12-27,-3.89,-8.33,-6.11,0.0,23100.0,1.0
2016-12-28,2.22,-6.67,-2.22,0.0,23200.0,1.0
2016-12-29,0.56,-5.56,-2.5,0.0,23100.0,0.0
2016-12-30,0.0,-7.78,-3.89,0.0,23000.0,0.0
2016-12-31,-0.56,-6.67,-3.62,0.0,23200.0,1.0
2017-01-01,0.0,-6.11,-3.06,0.0,23500.0,1.0
2017-01-02,0.56,-2.22,-0.83,0.51,24000.0,1.0
2017-01-03,0.0,-16.67,-8.34,0.0,24200.0,1.0
2017-01-04,-15.56,-21.11,-18.34,0.0,21100.0,0.0
2017-01-05,-16.67,-22.22,-19.44,0.0,19200.0,0.0
2017-01-06,-15.0,-22.78,-18.89,0.0,19400.0,1.0
2017-01-07,-12.78,-18.89,-15.84,0.0,18500.0,0.0
2017-01-08,-7.78,-20.56,-14.17,0.0,17100.0,0.0
2017-01-09,-2.78,-8.33,-5.56,1.78,17800.0,1.0
2017-01-10,-2.22,-15.56,-8.89,5.84,18300.0,1.0
2017-01-11,-12.22,-15.56,-13.89,3.05,17000.0,0.0
2017-01-12,-10.0,-21.11,-15.56,0.0,16500.0,0.0
2017-01-13,-12.78,-21.67,-17.23,0.0,15700.0,0.0
2017-01-14,-4.44,-15.56,-10.0,0.0,15400.0,0.0
2017-01-15,1.11,-17.22,-8.06,0.0,15800.0,1.0
2017-01-16,0.0,-10.0,-5.0,3.05,15400.0,0.0
2017-01-17,1.67,-1.67,0.0,3.81,15600.0,1.0
2017-01-18,5.0,-3.89,0.55,0.0,14800.0,0.0
2017-01-19,2.78,-1.67,0.55,0.0,15500.0,1.0
2017-01-20,2.78,1.11,1.94,2.29,16200.0,1.0
2017-01-21,3.33,1.67,2.5,0.25,15400.0,0.0
2017-01-22,4.44,1.11,2.78,0.0,15700.0,1.0
2017-01-23,1.67,0.56,1.12,0.0,17600.0,1.0
2017-01-24,1.11,0.0,0.56,0.0,18400.0,1.0
2017-01-25,0.0,-1.67,-0.84,2.29,18800.0,1.0
2017-01-26,-1.11,-5.0,-3.06,0.0,19800.0,1.0
2017-01-27,-0.56,-8.33,-4.44,0.0,19200.0,0.0
2017-01-28,-2.22,-5.0,-3.61,0.0,18500.0,0.0
2017-01-29,-1.67,-7.78,-4.72,0.0,17900.0,0.0
2017-01-30,5.56,-9.44,-1.94,2.54,17700.0,0.0
2017-01-31,3.33,-1.11,1.11,0.51,17600.0,0.0
2017-02-01,-1.11,-11.11,-6.11,0.0,16600.0,0.0
2017-02-02,-8.33,-13.33,-10.83,0.0,15600.0,0.0
2017-02-03,-4.44,-13.89,-9.17,0.0,16300.0,1.0
2017-02-04,1.67,-10.56,-4.44,0.0,17800.0,1.0
2017-02-05,0.0,-7.78,-3.89,0.0,17400.0,0.0
2017-02-06,0.56,-7.78,-3.61,0.0,16600.0,0.0
2017-02-07,0.0,-11.11,-5.56,0.25,15600.0,0.0
2017-02-08,-10.0,-17.22,-13.61,0.0,15000.0,0.0
2017-02-09,-6.11,-16.11,-11.11,0.0,16700.0,1.0
2017-02-10,7.78,-6.67,0.56,0.0,18200.0,1.0
2017-02-11,6.11,2.22,4.16,0.51,15200.0,0.0
2017-02-12,4.44,-1.67,1.39,0.0,14000.0,0.0
2017-02-13,8.89,-2.22,3.34,0.0,13400.0,0.0
2017-02-14,6.11,-3.33,1.39,0.0,13700.0,1.0
2017-02-15,2.22,-7.22,-2.5,0.0,14100.0,1.0
2017-02-16,5.56,-2.78,1.39,0.0,14800.0,1.0
2017-02-17,17.22,-1.11,8.06,0.0,15400.0,1.0
2017-02-18,14.44,1.11,7.78,0.0,16300.0,1.0
2017-02-19,15.0,0.0,7.5,0.0,17200.0,1.0
2017-02-20,12.78,5.0,8.89,15.49,19400.0,1.0
2017-02-21,16.67,0.0,8.34,0.0,23200.0,1.0
2017-02-22,15.0,2.78,8.89,0.0,27500.0,1.0
2017-02-23,3.89,-1.67,1.11,0.0,31600.0,1.0
2017-02-24,-1.67,-6.67,-4.17,0.0,34100.0,1.0
2017-02-25,1.11,-10.0,-4.44,0.0,33600.0,0.0
2017-02-26,4.44,-5.0,-0.28,0.0,34500.0,1.0
2017-02-27,6.67,-5.56,0.56,0.0,35000.0,1.0
2017-02-28,8.33,0.0,4.16,0.0,34400.0,0.0
2017-03-01,2.78,-5.0,-1.11,1.02,33300.0,0.0
2017-03-02,-0.56,-8.33,-4.44,0.0,32200.0,0.0
2017-03-03,-0.56,-10.56,-5.56,0.25,30800.0,0.0
2017-03-04,6.11,-3.33,1.39,0.0,29700.0,0.0
2017-03-05,15.0,1.67,8.34,0.0,29000.0,0.0
2017-03-06,18.33,3.89,11.11,2.29,28400.0,0.0
2017-03-07,9.44,-1.67,3.88,0.0,28400.0,0.0
2017-03-08,2.22,-4.44,-1.11,0.0,28700.0,1.0
2017-03-09,-0.56,-7.78,-4.17,0.0,29900.0,1.0
2017-03-10,-7.22,-15.0,-11.11,0.0,29900.0,0.0
2017-03-11,-6.11,-13.33,-9.72,0.0,28900.0,0.0
2017-03-12,-5.0,-10.56,-7.78,6.1,28000.0,0.0
2017-03-13,-2.78,-10.0,-6.39,0.25,27800.0,0.0
2017-03-14,-1.67,-12.78,-7.22,0.0,25000.0,0.0
2017-03-15,0.0,-11.11,-5.56,0.0,24300.0,0.0
2017-03-16,4.44,-6.67,-1.11,0.0,23300.0,0.0
2017-03-17,6.11,-1.67,2.22,0.0,23000.0,0.0
2017-03-18,6.11,-1.11,2.5,0.0,23300.0,1.0
2017-03-19,12.78,-2.22,5.28,0.0,22700.0,0.0
2017-03-20,13.33,1.11,7.22,0.0,22100.0,0.0
2017-03-21,4.44,-3.89,0.28,0.0,22000.0,0.0
2017-03-22,4.44,-6.11,-0.84,0.0,22000.0,0.0
2017-03-23,4.44,2.22,3.33,4.32,21600.0,0.0
2017-03-24,7.22,3.33,5.28,0.25,21600.0,0.0
2017-03-25,6.11,2.78,4.44,1.27,21500.0,0.0
2017-03-26,6.67,2.22,4.44,1.02,21800.0,1.0
2017-03-27,16.11,2.78,9.44,0.0,21800.0,0.0
2017-03-28,17.78,1.67,9.73,0.0,21700.0,0.0
2017-03-29,10.56,5.56,8.06,0.0,22100.0,1.0
2017-03-30,10.0,3.89,6.94,0.51,22600.0,1.0
2017-03-31,13.89,-0.56,6.66,0.0,23100.0,1.0
2017-04-01,18.89,1.67,10.28,0.0,23400.0,1.0
2017-04-02,12.78,5.56,9.17,0.0,23200.0,0.0
2017-04-03,11.67,8.33,10.0,3.05,24600.0,1.0
2017-04-04,17.22,6.67,11.94,0.0,25500.0,1.0
2017-04-05,13.33,3.33,8.33,0.0,25300.0,0.0
2017-04-06,13.33,1.67,7.5,0.0,24400.0,0.0
2017-04-07,15.56,0.56,8.06,0.0,24100.0,0.0
2017-04-08,22.78,6.67,14.73,0.0,24000.0,0.0
2017-04-09,22.22,11.67,16.94,0.51,24200.0,1.0
2017-04-10,11.67,0.56,6.12,4.57,23900.0,0.0
2017-04-11,11.67,0.0,5.84,0.0,23800.0,0.0
2017-04-12,13.89,4.44,9.17,4.06,23500.0,0.0
2017-04-13,12.78,7.78,10.28,0.0,23300.0,0.0
2017-04-14,18.89,8.89,13.89,7.62,23400.0,1.0
2017-04-15,22.22,11.11,16.66,25.4,23500.0,1.0
2017-04-16,18.89,8.33,13.61,0.0,24100.0,1.0
2017-04-17,15.0,7.22,11.11,0.0,25700.0,1.0
2017-04-18,18.89,8.89,13.89,3.81,26900.0,1.0
2017-04-19,10.56,7.22,8.89,20.32,27300.0,1.0
2017-04-20,11.11,4.44,7.78,3.81,29900.0,1.0
2017-04-21,17.22,2.78,10.0,0.0,32200.0,1.0
2017-04-22,20.56,5.0,12.78,0.0,34800.0,1.0
2017-04-23,21.11,9.44,15.27,0.0,36200.0,1.0
2017-04-24,22.22,9.44,15.83,0.51,37300.0,1.0
2017-04-25,16.67,8.33,12.5,11.43,38000.0,1.0
2017-04-26,8.33,2.22,5.28,9.65,38900.0,1.0
2017-04-27,2.22,0.0,1.11,0.25,39600.0,1.0
2017-04-28,10.56,1.67,6.12,0.0,39900.0,1.0
2017-04-29,13.33,3.33,8.33,0.0,39400.0,0.0
2017-04-30,9.44,3.33,6.38,18.03,38800.0,0.0
2017-05-01,5.0,1.67,3.34,6.6,40200.0,1.0
2017-05-02,16.67,3.33,10.0,0.76,40800.0,1.0
2017-05-03,18.89,7.22,13.06,0.0,42600.0,1.0
2017-05-04,20.56,6.67,13.61,0.0,43700.0,1.0
2017-05-05,25.56,7.78,16.67,0.0,44900.0,1.0
2017-05-06,20.56,6.67,13.61,0.0,45600.0,1.0
2017-05-07,19.44,9.44,14.44,0.0,45700.0,1.0
2017-05-08,21.11,7.78,14.44,6.35,45600.0,0.0
2017-05-09,21.67,11.11,16.39,0.76,45100.0,0.0
2017-05-10,20.56,11.67,16.11,0.0,43800.0,0.0
2017-05-11,19.44,8.33,13.89,0.0,42100.0,0.0
2017-05-12,25.0,7.78,16.39,0.0,39800.0,0.0
2017-05-13,26.67,12.22,19.44,0.0,37500.0,0.0
2017-05-14,28.89,13.33,21.11,0.0,35100.0,0.0
2017-05-15,21.11,15.56,18.34,6.1,33400.0,0.0
2017-05-16,28.89,16.11,22.5,8.89,32600.0,0.0
2017-05-17,22.22,12.22,17.22,45.97,32200.0,0.0
2017-05-18,13.33,8.33,10.83,6.86,34800.0,1.0
2017-05-19,13.89,6.67,10.28,0.0,36000.0,1.0
2017-05-20,10.56,5.56,8.06,37.34,38600.0,1.0
2017-05-21,11.11,7.78,9.44,1.02,41800.0,1.0
2017-05-22,19.44,7.22,13.33,0.25,44000.0,1.0
2017-05-23,16.11,9.44,12.77,0.25,46400.0,1.0
2017-05-24,17.22,7.78,12.5,0.0,48300.0,1.0
2017-05-25,21.67,10.0,15.84,0.25,49600.0,1.0
2017-05-26,26.67,16.11,21.39,0.0,50800.0,1.0
2017-05-27,22.22,12.78,17.5,0.0,51700.0,1.0
2017-05-28,22.78,13.33,18.06,0.51,52400.0,1.0
2017-05-29,18.33,12.22,15.27,0.0,52500.0,1.0
2017-05-30,15.56,11.67,13.62,0.0,52000.0,0.0
2017-05-31,23.89,10.56,17.23,0.0,50700.0,0.0
2017-06-01,26.11,9.44,17.77,0.0,48700.0,0.0
2017-06-02,32.22,14.44,23.33,0.0,46400.0,0.0
2017-06-03,32.22,20.0,26.11,0.0,43400.0,0.0
2017-06-04,32.22,17.22,24.72,0.0,41000.0,0.0
2017-06-05,27.78,16.11,21.94,0.0,37500.0,0.0
2017-06-06,27.78,14.44,21.11,0.0,34300.0,0.0
2017-06-07,31.11,16.11,23.61,0.51,32200.0,0.0
2017-06-08,29.44,20.56,25.0,0.0,29200.0,0.0
2017-06-09,30.0,17.22,23.61,0.0,27300.0,0.0
2017-06-10,35.56,25.0,30.28,0.0,25400.0,0.0
2017-06-11,26.11,16.11,21.11,46.23,24600.0,0.0
2017-06-12,28.33,18.89,23.61,5.08,23700.0,0.0
2017-06-13,32.78,18.89,25.84,3.56,23600.0,0.0
2017-06-14,29.44,18.89,24.16,2.03,23700.0,1.0
2017-06-15,31.11,19.44,25.28,0.0,24600.0,1.0
2017-06-16,30.0,18.33,24.16,0.0,25400.0,1.0
2017-06-17,29.44,17.22,23.33,5.08,25400.0,0.0
2017-06-18,22.78,15.56,19.17,0.25,25900.0,1.0
2017-06-19,23.33,15.56,19.44,0.0,25500.0,0.0
2017-06-20,24.44,15.0,19.72,6.35,24900.0,0.0
2017-06-21,27.22,15.0,21.11,0.0,24300.0,0.0
2017-06-22,22.22,17.22,19.72,12.45,23700.0,0.0
2017-06-23,23.33,14.44,18.88,0.0,23000.0,0.0
2017-06-24,18.89,12.22,15.56,0.0,21700.0,0.0
2017-06-25,20.56,12.22,16.39,0.0,21000.0,0.0
2017-06-26,22.78,10.0,16.39,0.0,20300.0,0.0
2017-06-27,25.0,12.78,18.89,0.0,19600.0,0.0
2017-06-28,28.33,16.11,22.22,23.11,19800.0,1.0
2017-06-29,25.0,18.33,21.66,0.0,18000.0,0.0
2017-06-30,26.72,16.67,21.7,2.03,18100.0,1.0
2017-07-01,25.0,16.11,20.56,0.25,18400.0,1.0
2017-07-02,26.72,18.28,22.5,0.0,17500.0,0.0
2017-07-03,27.22,17.22,22.22,0.0,16800.0,0.0
2017-07-04,30.0,19.39,24.7,0.0,16000.0,0.0
2017-07-05,33.33,22.78,28.06,0.0,15200.0,0.0
2017-07-06,34.44,24.39,29.42,0.0,14900.0,0.0
2017-07-07,28.89,18.33,23.61,0.0,14700.0,0.0
2017-07-08,29.44,16.67,23.06,0.0,14100.0,0.0
2017-07-09,29.44,19.39,24.42,9.4,13400.0,0.0
2017-07-10,30.0,20.56,25.28,0.0,13100.0,0.0
2017-07-11,30.61,18.28,24.44,0.0,13900.0,1.0
2017-07-12,31.11,20.56,25.84,0.76,14200.0,1.0
2017-07-13,21.72,14.39,18.06,0.0,12900.0,0.0
2017-07-14,26.11,15.0,20.56,0.0,12900.0,0.0
2017-07-15,35.61,17.22,26.42,0.0,12700.0,0.0
2017-07-16,30.61,19.39,25.0,0.0,12700.0,0.0
2017-07-17,33.33,20.0,26.66,16.0,11800.0,0.0
2017-07-18,27.78,18.89,23.34,2.03,12700.0,1.0
2017-07-19,28.33,16.67,22.5,29.72,12900.0,1.0
2017-07-20,31.72,20.0,25.86,0.0,13700.0,1.0
2017-07-21,28.33,20.56,24.44,0.0,12300.0,0.0
2017-07-22,32.78,21.67,27.22,0.0,12000.0,0.0
2017-07-23,26.11,17.78,21.94,0.0,11800.0,0.0
2017-07-24,26.11,15.56,20.84,0.0,11500.0,0.0
2017-07-25,29.44,19.39,24.42,9.91,11700.0,1.0
2017-07-26,28.89,20.56,24.72,11.18,11900.0,1.0
2017-07-27,29.44,18.89,24.16,0.0,11600.0,0.0
2017-07-28,28.89,18.28,23.58,0.0,11500.0,0.0
2017-07-29,28.89,17.78,23.34,0.0,10800.0,0.0
2017-07-30,30.0,17.78,23.89,0.0,10500.0,0.0
2017-07-31,29.44,20.56,25.0,0.0,9810.0,0.0
2017-08-01,31.67,19.44,25.56,0.0,9320.0,0.0
2017-08-02,28.89,19.44,24.16,0.0,8960.0,0.0
2017-08-03,19.44,12.22,15.83,7.37,9310.0,1.0
2017-08-04,25.56,12.22,18.89,0.0,8710.0,0.0
2017-08-05,26.11,13.89,20.0,7.37,9200.0,1.0
2017-08-06,24.44,16.67,20.56,2.29,9450.0,1.0
2017-08-07,27.78,13.89,20.84,0.0,9160.0,0.0
2017-08-08,28.89,16.67,22.78,0.0,9160.0,0.0
2017-08-09,21.67,17.22,19.44,14.48,9560.0,1.0
2017-08-10,23.33,16.11,19.72,2.54,10300.0,1.0
2017-08-11,26.67,14.44,20.56,0.0,9820.0,0.0
2017-08-12,26.67,14.44,20.56,0.0,9160.0,0.0
2017-08-13,22.22,16.11,19.16,25.4,9100.0,0.0
2017-08-14,24.44,16.67,20.56,0.25,9980.0,1.0
2017-08-15,25.56,15.0,20.28,0.0,9320.0,0.0
2017-08-16,25.56,17.78,21.67,49.28,11400.0,1.0
2017-08-17,23.33,17.22,20.27,2.03,14500.0,1.0
2017-08-18,23.89,15.56,19.73,4.06,15700.0,1.0
2017-08-19,26.67,15.0,20.84,0.0,20100.0,1.0
2017-08-20,30.0,18.89,24.44,0.0,22700.0,1.0
2017-08-21,26.67,18.89,22.78,4.83,23700.0,1.0
2017-08-22,24.44,15.56,20.0,0.0,25300.0,1.0
2017-08-23,25.0,13.33,19.16,0.0,27200.0,1.0
2017-08-24,22.78,15.0,18.89,0.25,28500.0,1.0
2017-08-25,21.67,13.89,17.78,13.97,29300.0,1.0
2017-08-26,19.44,15.56,17.5,30.99,31700.0,1.0
2017-08-27,22.78,17.22,20.0,6.1,31800.0,1.0
2017-08-28,23.33,16.11,19.72,0.0,31300.0,0.0
2017-08-29,26.67,14.44,20.56,0.0,31100.0,0.0
2017-08-30,28.33,16.67,22.5,0.25,30200.0,0.0
2017-08-31,21.72,13.33,17.52,0.0,29000.0,0.0
2017-09-01,22.22,11.67,16.94,0.0,28200.0,0.0
2017-09-02,27.78,17.78,22.78,0.0,26800.0,0.0
2017-09-03,29.44,15.56,22.5,0.0,25800.0,0.0
2017-09-04,24.44,12.78,18.61,1.78,25000.0,0.0
2017-09-05,18.33,10.56,14.44,0.0,23400.0,0.0
2017-09-06,20.0,9.44,14.72,0.0,21900.0,0.0
2017-09-07,24.44,9.44,16.94,0.0,20100.0,0.0
2017-09-08,20.0,11.11,15.56,0.0,18700.0,0.0
2017-09-09,24.44,11.67,18.06,0.0,17400.0,0.0
2017-09-10,27.22,16.11,21.66,0.0,16200.0,0.0
2017-09-11,27.78,15.56,21.67,0.0,15000.0,0.0
2017-09-12,29.44,17.22,23.33,0.0,14500.0,0.0
2017-09-13,30.56,17.78,24.17,0.0,13700.0,0.0
2017-09-14,32.78,18.89,25.84,0.0,12700.0,0.0
2017-09-15,28.89,21.11,25.0,0.0,12600.0,0.0
2017-09-16,26.67,14.44,20.56,1.02,12100.0,0.0
2017-09-17,19.44,11.11,15.28,0.0,11700.0,0.0
2017-09-18,15.0,12.78,13.89,9.4,11800.0,1.0
2017-09-19,26.67,15.0,20.84,0.0,11600.0,0.0
2017-09-20,23.89,14.44,19.16,1.02,11600.0,0.0
2017-09-21,28.89,11.67,20.28,0.0,11800.0,1.0
2017-09-22,34.44,22.78,28.61,0.0,11700.0,0.0
2017-09-23,32.22,22.78,27.5,0.0,11800.0,1.0
2017-09-24,32.22,21.11,26.66,0.0,12900.0,1.0
2017-09-25,21.67,14.44,18.06,10.41,15300.0,1.0
2017-09-26,18.33,11.67,15.0,2.79,15800.0,1.0
2017-09-27,18.89,8.89,13.89,0.0,18500.0,1.0
2017-09-28,23.89,11.11,17.5,0.0,19900.0,1.0
2017-09-29,18.89,8.89,13.89,0.0,21700.0,1.0
2017-09-30,20.61,7.78,14.2,0.0,23300.0,1.0
2017-10-01,17.22,12.78,15.0,7.37,23800.0,1.0
2017-10-02,21.67,12.78,17.23,55.37,24900.0,1.0
2017-10-03,22.22,11.11,16.66,3.05,28800.0,1.0
2017-10-04,15.56,7.78,11.67,0.0,32000.0,1.0
2017-10-05,18.33,8.89,13.61,0.0,35700.0,1.0
2017-10-06,15.56,8.89,12.23,11.18,39100.0,1.0
2017-10-07,19.44,12.22,15.83,4.32,42600.0,1.0
2017-10-08,22.22,10.0,16.11,0.0,45600.0,1.0
2017-10-09,13.89,4.44,9.17,0.0,48000.0,1.0
2017-10-10,11.11,1.11,6.11,0.0,49900.0,1.0
2017-10-11,13.33,3.33,8.33,0.0,51200.0,1.0
2017-10-12,17.78,11.67,14.73,0.0,52100.0,1.0
2017-10-13,16.11,7.22,11.66,0.0,52200.0,1.0
2017-10-14,15.0,6.67,10.84,13.46,51900.0,0.0
2017-10-15,11.72,5.0,8.36,0.76,51400.0,0.0
2017-10-16,18.89,3.89,11.39,0.0,50000.0,0.0
2017-10-17,22.78,8.33,15.56,0.0,48200.0,0.0
2017-10-18,22.78,8.89,15.84,0.0,46100.0,0.0
2017-10-19,23.33,6.11,14.72,0.0,43500.0,0.0
2017-10-20,25.56,11.67,18.61,0.0,40100.0,0.0
2017-10-21,20.56,11.11,15.84,11.43,38600.0,0.0
2017-10-22,17.78,8.89,13.34,0.0,36800.0,0.0
2017-10-23,16.11,6.11,11.11,0.0,34800.0,0.0
2017-10-24,10.56,4.44,7.5,0.0,33400.0,0.0
2017-10-25,14.44,3.33,8.88,0.0,32600.0,0.0
2017-10-26,14.44,1.67,8.06,0.0,32000.0,0.0
2017-10-27,2.22,0.0,1.11,6.35,30600.0,0.0
2017-10-28,1.11,-1.67,-0.28,0.0,29500.0,0.0
2017-10-29,6.67,-1.67,2.5,0.76,29100.0,0.0
2017-10-30,4.44,-0.56,1.94,0.0,27800.0,0.0
2017-10-31,1.72,-2.78,-0.53,0.0,27200.0,0.0
2017-11-01,2.78,-3.33,-0.28,1.27,27500.0,1.0
2017-11-02,4.44,1.11,2.78,0.0,26600.0,0.0
2017-11-03,1.67,-2.78,-0.55,1.27,25800.0,0.0
2017-11-04,6.11,1.11,3.61,0.51,25200.0,0.0
2017-11-05,6.11,-3.89,1.11,1.78,25000.0,0.0
2017-11-06,0.56,-5.56,-2.5,0.0,25200.0,1.0
2017-11-07,2.22,-2.22,0.0,0.0,24800.0,0.0
2017-11-08,5.56,-3.33,1.11,0.0,24000.0,0.0
2017-11-09,-1.11,-11.11,-6.11,0.0,23800.0,0.0
2017-11-10,-3.33,-11.67,-7.5,0.76,22700.0,0.0
2017-11-11,6.67,-4.44,1.11,0.0,20600.0,0.0
2017-11-12,2.22,-4.44,-1.11,0.0,19700.0,0.0
2017-11-13,7.78,-3.89,1.94,0.0,19000.0,0.0
2017-11-14,7.22,3.89,5.56,2.03,18900.0,0.0
2017-11-15,7.78,-2.78,2.5,0.0,19100.0,1.0
2017-11-16,1.11,-2.78,-0.83,0.0,19700.0,1.0
2017-11-17,3.89,1.11,2.5,2.29,19800.0,1.0
2017-11-18,2.78,-6.11,-1.67,0.0,19500.0,0.0
2017-11-19,5.0,-7.78,-1.39,0.0,18700.0,0.0
2017-11-20,8.89,-2.22,3.34,0.0,18100.0,0.0
2017-11-21,5.56,-7.78,-1.11,0.0,17900.0,0.0
2017-11-22,0.56,-9.44,-4.44,0.0,17000.0,0.0
2017-11-23,9.44,-5.0,2.22,0.0,16400.0,0.0
2017-11-24,15.56,4.44,10.0,0.0,15900.0,0.0
2017-11-25,5.0,-1.67,1.66,0.0,15500.0,0.0
2017-11-26,10.56,-4.44,3.06,0.0,15900.0,1.0
2017-11-27,15.56,0.0,7.78,0.0,16100.0,1.0
2017-11-28,11.67,0.56,6.12,0.0,16000.0,0.0
2017-11-29,7.78,-3.89,1.94,0.0,15600.0,0.0
2017-11-30,8.89,-0.56,4.16,0.0,15700.0,1.0
2017-12-01,10.56,-2.22,4.17,0.0,15600.0,0.0
2017-12-02,8.33,-1.11,3.61,0.0,14800.0,0.0
2017-12-03,10.0,-1.67,4.16,0.0,14900.0,1.0
2017-12-04,13.89,-2.78,5.56,9.4,14700.0,0.0
2017-12-05,-2.78,-8.89,-5.84,0.25,14700.0,0.0
2017-12-06,-6.67,-8.89,-7.78,0.25,13200.0,0.0
2017-12-07,-6.11,-13.89,-10.0,0.0,11500.0,0.0
2017-12-08,0.0,-7.22,-3.61,0.0,9830.0,0.0
2017-12-09,-1.67,-7.22,-4.44,0.0,10700.0,1.0
2017-12-10,-1.67,-6.67,-4.17,0.0,10700.0,0.0
2017-12-11,1.67,-9.44,-3.88,4.57,11700.0,1.0
2017-12-12,-2.78,-14.44,-8.61,0.0,11700.0,0.0
2017-12-13,-1.11,-8.33,-4.72,0.25,12100.0,1.0
2017-12-14,-4.44,-9.44,-6.94,0.0,12400.0,1.0
2017-12-15,-1.11,-5.56,-3.34,1.27,12600.0,1.0
2017-12-16,-0.56,-5.0,-2.78,0.0,12700.0,1.0
2017-12-17,-2.22,-7.78,-5.0,0.0,13300.0,1.0
2017-12-18,5.56,-4.44,0.56,0.0,13500.0,1.0
2017-12-19,3.33,-4.44,-0.56,0.0,13500.0,0.0
2017-12-20,-4.44,-8.0,-6.22,0.25,13300.0,0.0
2017-12-21,-4.44,-7.22,-5.83,0.0,12400.0,0.0
2017-12-22,-2.78,-7.78,-5.28,0.0,12100.0,0.0
2017-12-23,-5.0,-11.67,-8.34,0.0,11400.0,0.0
2017-12-24,-5.56,-15.56,-10.56,0.25,11000.0,0.0
2017-12-25,-15.56,-21.11,-18.34,0.0,8460.0,0.0
2017-12-26,-17.22,-22.78,-20.0,0.0,6120.0,0.0
2017-12-27,-15.0,-22.22,-18.61,0.0,6240.0,1.0
2017-12-28,-11.67,-16.11,-13.89,2.29,7150.0,1.0
2017-12-29,-15.56,-21.11,-18.34,1.27,8650.0,1.0
2017-12-30,-21.11,-25.56,-23.34,0.0,8520.0,0.0
2017-12-31,-20.56,-26.67,-23.62,0.0,8650.0,1.0
2018-01-01,-17.22,-25.56,-21.39,0.0,8890.0,1.0
2018-01-02,-9.44,-23.33,-16.38,0.0,8830.0,0.0
2018-01-03,-11.67,-19.44,-15.56,0.0,8380.0,0.0
2018-01-04,-16.67,-20.56,-18.62,0.0,8880.0,1.0
2018-01-05,-16.11,-23.33,-19.72,0.0,8660.0,0.0
2018-01-06,-10.0,-23.89,-16.94,0.0,8650.0,0.0
2018-01-07,0.0,-11.11,-5.56,0.0,8420.0,0.0
2018-01-08,2.78,-4.44,-0.83,0.0,8130.0,0.0
2018-01-09,5.56,-3.33,1.11,0.0,8260.0,1.0
2018-01-10,3.33,0.56,1.94,0.0,8140.0,0.0
2018-01-11,2.78,-17.78,-7.5,5.33,8350.0,1.0
2018-01-12,-16.11,-23.33,-19.72,0.0,7420.0,0.0
2018-01-13,-15.0,-25.0,-20.0,0.0,7500.0,1.0
2018-01-14,-8.33,-23.33,-15.83,4.32,7650.0,1.0
2018-01-15,-10.0,-17.22,-13.61,0.0,8460.0,1.0
2018-01-16,-13.33,-18.89,-16.11,0.0,7500.0,0.0
2018-01-17,-2.78,-18.33,-10.56,0.0,8020.0,1.0
2018-01-18,5.0,-6.11,-0.56,0.0,8430.0,1.0
2018-01-19,6.67,-2.78,1.94,0.0,8440.0,1.0
2018-01-20,5.56,-4.44,0.56,0.0,8410.0,0.0
2018-01-21,3.89,0.0,1.94,0.0,8360.0,0.0
2018-01-22,1.67,-3.33,-0.83,26.67,8250.0,0.0
2018-01-23,-2.22,-7.78,-5.0,0.0,8090.0,0.0
2018-01-24,-2.78,-12.22,-7.5,0.0,7570.0,0.0
2018-01-25,-2.22,-4.44,-3.33,0.25,7430.0,0.0
2018-01-26,8.33,-3.33,2.5,0.0,7770.0,1.0
2018-01-27,1.11,-6.67,-2.78,0.0,7950.0,1.0
2018-01-28,-6.67,-11.11,-8.89,0.0,7630.0,0.0
2018-01-29,-8.33,-15.56,-11.94,0.0,7130.0,0.0
2018-01-30,-1.11,-17.22,-9.16,0.0,6970.0,0.0
2018-01-31,0.0,-13.89,-6.94,3.3,7640.0,1.0
2018-02-01,-13.89,-20.0,-16.94,0.0,6940.0,0.0
2018-02-02,-11.11,-21.67,-16.39,0.0,6110.0,0.0
2018-02-03,-7.22,-12.78,-10.0,3.81,6840.0,1.0
2018-02-04,-12.78,-21.11,-16.94,0.0,6600.0,0.0
2018-02-05,-10.0,-20.0,-15.0,0.0,6290.0,0.0
2018-02-06,-12.22,-21.11,-16.66,0.0,6760.0,1.0
2018-02-07,-9.44,-17.78,-13.61,0.51,6700.0,0.0
2018-02-08,-8.33,-15.56,-11.94,0.25,6210.0,0.0
2018-02-09,-11.67,-17.22,-14.44,0.0,6230.0,1.0
2018-02-10,-10.0,-18.33,-14.16,0.0,5960.0,0.0
2018-02-11,-6.11,-18.89,-12.5,0.0,5970.0,1.0
2018-02-12,-10.56,-18.89,-14.73,0.0,5980.0,1.0
2018-02-13,-1.11,-13.89,-7.5,0.0,6640.0,1.0
2018-02-14,6.11,-8.33,-1.11,0.0,6370.0,0.0
2018-02-15,3.33,-10.0,-3.34,0.0,6150.0,0.0
2018-02-16,-6.67,-17.78,-12.23,0.0,5730.0,0.0
2018-02-17,3.33,-6.67,-1.67,0.25,5850.0,1.0
2018-02-18,7.22,-7.22,0.0,0.0,6070.0,1.0
2018-02-19,-2.78,-7.22,-5.0,3.3,5880.0,0.0
2018-02-20,-6.11,-13.33,-9.72,1.27,6020.0,1.0
2018-02-21,-6.67,-16.67,-11.67,0.0,5910.0,0.0
2018-02-22,-1.11,-13.89,-7.5,7.62,5750.0,0.0
2018-02-23,0.0,-8.89,-4.44,3.81,6230.0,1.0
2018-02-24,-1.11,-15.0,-8.06,12.95,5600.0,0.0
2018-02-25,-1.11,-9.44,-5.28,0.0,6280.0,1.0
2018-02-26,6.67,-10.0,-1.66,0.0,6400.0,1.0
2018-02-27,8.33,-5.56,1.39,0.0,6760.0,1.0
2018-02-28,7.22,-5.56,0.83,0.0,6690.0,0.0
2018-03-01,5.0,-5.0,0.0,0.0,7000.0,1.0
2018-03-02,4.44,-8.33,-1.94,0.0,6420.0,0.0
2018-03-03,7.22,0.56,3.89,0.0,6540.0,1.0
2018-03-04,5.56,0.56,3.06,1.78,7160.0,1.0
2018-03-05,3.33,-2.22,0.55,8.13,7930.0,1.0
2018-03-06,1.11,-5.56,-2.22,1.78,8210.0,1.0
2018-03-07,-1.67,-11.11,-6.39,0.0,8440.0,1.0
2018-03-08,-0.56,-11.11,-5.84,0.0,8550.0,1.0
2018-03-09,1.67,-7.78,-3.06,0.0,9440.0,1.0
2018-03-10,1.67,-5.0,-1.66,0.0,10700.0,1.0
2018-03-11,2.22,-1.11,0.56,0.25,11500.0,1.0
2018-03-12,4.44,-6.11,-0.84,0.0,11800.0,1.0
2018-03-13,2.78,-5.0,-1.11,0.0,11700.0,0.0
2018-03-14,7.78,-5.0,1.39,0.0,11200.0,0.0
2018-03-15,3.89,-2.22,0.84,0.0,11200.0,0.0
2018-03-16,5.0,-5.0,0.0,0.0,11300.0,1.0
2018-03-17,10.0,-3.89,3.06,0.0,11700.0,1.0
2018-03-18,6.11,-3.89,1.11,0.0,13000.0,1.0
2018-03-19,7.22,0.0,3.61,0.0,14800.0,1.0
2018-03-20,0.56,-5.0,-2.22,2.03,17400.0,1.0
2018-03-21,3.33,-6.11,-1.39,0.0,19600.0,1.0
2018-03-22,6.11,-1.67,2.22,0.0,21200.0,1.0
2018-03-23,6.11,-2.78,1.67,0.0,23600.0,1.0
2018-03-24,5.56,-1.67,1.94,0.0,24700.0,1.0
2018-03-25,6.11,-1.67,2.22,0.0,23600.0,0.0
2018-03-26,4.44,0.0,2.22,9.65,23500.0,0.0
2018-03-27,8.89,0.56,4.73,0.0,23600.0,1.0
2018-03-28,11.11,-1.67,4.72,0.0,25300.0,1.0
2018-03-29,5.56,-5.56,0.0,0.0,27400.0,1.0
2018-03-30,6.11,-4.44,0.84,3.56,28200.0,1.0
2018-03-31,1.67,-10.56,-4.44,2.54,28700.0,1.0
2018-04-01,-0.56,-11.11,-5.84,0.0,29500.0,1.0
2018-04-02,1.11,-6.11,-2.5,3.56,30400.0,1.0
2018-04-03,-1.11,-7.78,-4.44,9.65,31100.0,1.0
2018-04-04,-1.11,-13.33,-7.22,0.0,31500.0,1.0
2018-04-05,4.44,-10.56,-3.06,0.0,31500.0,0.0
2018-04-06,-3.33,-10.0,-6.66,0.0,30800.0,0.0
2018-04-07,0.0,-11.11,-5.56,0.0,30300.0,0.0
2018-04-08,0.0,-8.89,-4.44,2.79,28900.0,0.0
2018-04-09,3.33,-5.56,-1.11,0.0,27000.0,0.0
2018-04-10,5.0,-0.56,2.22,0.0,24900.0,0.0
2018-04-11,8.89,-2.22,3.34,0.76,23600.0,0.0
2018-04-12,11.11,0.0,5.56,0.0,22700.0,0.0
2018-04-13,5.0,-1.11,1.94,7.87,23400.0,1.0
2018-04-14,-1.11,-5.56,-3.34,20.07,25800.0,1.0
2018-04-15,-2.22,-5.56,-3.89,5.33,27200.0,1.0
2018-04-16,2.22,-5.61,-1.7,0.0,28500.0,1.0
2018-04-17,6.11,-5.0,0.56,0.0,29900.0,1.0
2018-04-18,4.44,-1.11,1.66,0.0,31000.0,1.0
2018-04-19,11.67,-3.89,3.89,0.0,32100.0,1.0
2018-04-20,11.67,-2.22,4.72,0.0,34400.0,1.0
2018-04-21,15.56,2.22,8.89,0.0,38200.0,1.0
2018-04-22,17.78,1.11,9.44,0.0,42500.0,1.0
2018-04-23,21.67,5.56,13.62,0.0,47200.0,1.0
2018-04-24,18.89,6.11,12.5,0.0,51300.0,1.0
2018-04-25,16.11,1.67,8.89,0.0,54900.0,1.0
2018-04-26,18.89,7.22,13.06,0.0,58700.0,1.0
2018-04-27,18.33,3.89,11.11,0.0,63500.0,1.0
2018-04-28,14.44,2.78,8.61,0.0,68600.0,1.0
2018-04-29,20.56,3.33,11.94,0.0,72600.0,1.0
2018-04-30,28.89,12.22,20.56,1.02,74800.0,1.0
2018-05-01,22.22,13.89,18.06,10.92,74900.0,1.0
2018-05-02,20.0,9.44,14.72,1.02,73700.0,0.0
2018-05-03,23.89,12.78,18.34,0.0,71100.0,0.0
2018-05-04,25.56,11.67,18.61,0.0,67700.0,0.0
2018-05-05,28.33,13.33,20.83,2.03,64500.0,0.0
2018-05-06,25.0,11.67,18.34,0.0,61300.0,0.0
2018-05-07,30.0,15.56,22.78,0.0,57900.0,0.0
2018-05-08,22.22,15.56,18.89,1.27,54700.0,0.0
2018-05-09,18.33,12.78,15.56,2.79,52100.0,0.0
2018-05-10,15.56,7.22,11.39,0.0,49200.0,0.0
2018-05-11,11.67,8.33,10.0,0.0,47200.0,0.0
2018-05-12,16.11,7.78,11.94,0.25,45400.0,0.0
2018-05-13,22.78,6.67,14.73,0.0,44000.0,0.0
2018-05-14,23.89,14.44,19.16,4.57,43300.0,0.0
2018-05-15,25.56,11.11,18.34,0.0,42700.0,0.0
2018-05-16,30.56,12.78,21.67,0.0,42500.0,0.0
2018-05-17,29.44,15.0,22.22,0.0,42000.0,0.0
2018-05-18,28.89,14.44,21.66,0.25,41300.0,0.0
2018-05-19,22.22,10.56,16.39,0.51,40000.0,0.0
2018-05-20,22.78,7.78,15.28,0.0,38500.0,0.0
2018-05-21,21.67,15.0,18.34,0.0,36800.0,0.0
2018-05-22,24.44,13.89,19.16,0.0,34200.0,0.0
2018-05-23,28.89,16.67,22.78,0.0,30700.0,0.0
2018-05-24,33.33,20.0,26.66,15.49,28300.0,0.0
2018-05-25,32.22,18.89,25.56,4.06,27000.0,0.0
2018-05-26,34.44,19.44,26.94,0.0,25900.0,0.0
2018-05-27,32.78,19.44,26.11,0.0,25700.0,0.0
2018-05-28,37.78,22.78,30.28,0.25,25600.0,0.0
2018-05-29,34.44,20.0,27.22,22.61,26100.0,1.0
2018-05-30,23.33,18.89,21.11,1.78,27200.0,1.0
2018-05-31,30.0,17.78,23.89,0.0,27000.0,0.0
2018-06-01,27.22,17.78,22.5,0.0,28400.0,1.0
2018-06-02,21.67,15.0,18.34,4.32,29200.0,1.0
2018-06-03,21.11,14.44,17.77,0.0,29000.0,0.0
2018-06-04,30.56,13.33,21.94,0.0,29100.0,1.0
2018-06-05,26.67,16.11,21.39,0.0,28500.0,0.0
2018-06-06,26.67,16.67,21.67,5.33,28500.0,0.0
2018-06-07,26.11,15.0,20.56,0.0,27500.0,0.0
2018-06-08,23.33,18.33,20.83,0.25,26400.0,0.0
2018-06-09,22.22,17.22,19.72,5.59,26600.0,1.0
2018-06-10,25.0,17.78,21.39,0.0,29900.0,1.0
2018-06-11,23.33,16.67,20.0,1.02,32300.0,1.0
2018-06-12,27.22,17.22,22.22,0.0,34700.0,1.0
2018-06-13,27.22,14.44,20.83,0.25,36200.0,1.0
2018-06-14,27.78,17.78,22.78,0.0,37800.0,1.0
2018-06-15,35.0,20.0,27.5,0.0,39700.0,1.0
2018-06-16,31.11,21.11,26.11,19.3,41900.0,1.0
2018-06-17,32.78,22.22,27.5,4.57,42700.0,1.0
2018-06-18,25.56,20.0,22.78,10.16,44900.0,1.0
2018-06-19,21.11,16.67,18.89,14.99,48000.0,1.0
2018-06-20,26.67,18.33,22.5,0.0,50900.0,1.0
2018-06-21,25.56,18.89,22.22,0.0,53600.0,1.0
2018-06-22,27.78,17.22,22.5,0.0,55500.0,1.0
2018-06-23,27.78,17.78,22.78,0.0,56700.0,1.0
2018-06-24,27.22,19.44,23.33,2.29,57200.0,1.0
2018-06-25,28.33,19.44,23.88,0.0,58400.0,1.0
2018-06-26,22.78,17.78,20.28,27.94,61600.0,1.0
2018-06-27,27.78,18.33,23.06,0.0,64100.0,1.0
2018-06-28,30.0,19.44,24.72,0.0,67200.0,1.0
2018-06-29,37.22,23.33,30.28,0.0,69500.0,1.0
2018-06-30,31.67,26.67,29.17,0.0,70100.0,1.0
2018-07-01,23.89,17.22,20.56,29.46,70200.0,1.0
2018-07-02,31.11,18.89,25.0,0.0,69500.0,0.0
2018-07-03,30.56,21.11,25.84,0.51,67500.0,0.0
2018-07-04,28.33,21.67,25.0,17.02,65700.0,0.0
2018-07-05,28.33,20.0,24.16,0.0,63200.0,0.0
2018-07-06,27.78,17.22,22.5,0.0,60400.0,0.0
2018-07-07,29.44,20.0,24.72,0.0,57800.0,0.0
2018-07-08,32.22,21.67,26.94,0.0,55600.0,0.0
2018-07-09,32.22,22.22,27.22,0.0,55400.0,0.0
2018-07-10,29.44,20.0,24.72,0.0,58300.0,1.0
2018-07-11,33.33,20.56,26.94,0.0,60900.0,1.0
2018-07-12,35.0,22.78,28.89,54.1,62500.0,1.0
2018-07-13,28.33,22.22,25.28,2.03,63000.0,1.0
2018-07-14,30.56,20.56,25.56,0.0,60900.0,0.0
2018-07-15,31.67,21.67,26.67,0.0,58300.0,0.0
2018-07-16,30.0,17.78,23.89,0.0,55500.0,0.0
2018-07-17,27.22,18.33,22.78,0.0,52800.0,0.0
2018-07-18,27.78,17.78,22.78,0.0,50000.0,0.0
2018-07-19,22.78,18.33,20.56,2.03,47700.0,0.0
2018-07-20,27.78,18.33,23.06,2.29,45300.0,0.0
2018-07-21,28.89,17.22,23.06,0.0,42800.0,0.0
2018-07-22,28.33,17.78,23.06,0.0,40700.0,0.0
2018-07-23,29.44,18.33,23.88,0.0,39100.0,0.0
2018-07-24,29.44,17.78,23.61,0.0,38000.0,0.0
2018-07-25,28.33,18.89,23.61,0.0,37400.0,0.0
2018-07-26,22.78,16.11,19.44,2.03,37100.0,0.0
2018-07-27,26.67,14.44,20.56,0.0,36400.0,0.0
2018-07-28,27.78,14.44,21.11,3.3,35600.0,0.0
2018-07-29,27.78,15.0,21.39,0.0,34800.0,0.0
2018-07-30,30.56,16.11,23.34,0.0,33100.0,0.0
2018-07-31,30.56,17.78,24.17,0.0,30800.0,0.0
2018-08-01,26.67,15.0,20.84,5.84,28400.0,0.0
2018-08-02,22.22,13.89,18.06,0.0,24500.0,0.0
2018-08-03,29.44,16.11,22.78,25.91,22100.0,0.0
2018-08-04,25.56,21.67,23.62,1.02,21800.0,0.0
2018-08-05,29.44,22.22,25.83,0.0,21500.0,0.0
2018-08-06,28.89,19.44,24.16,0.0,20200.0,0.0
2018-08-07,26.67,20.0,23.34,0.0,18500.0,0.0
2018-08-08,32.22,17.78,25.0,0.0,17200.0,0.0
2018-08-09,32.22,21.67,26.94,0.0,17600.0,1.0
2018-08-10,32.22,19.44,25.83,0.0,18000.0,1.0
2018-08-11,31.11,20.56,25.84,0.0,17500.0,0.0
2018-08-12,31.67,20.56,26.12,0.0,16900.0,0.0
2018-08-13,33.33,21.67,27.5,0.0,15700.0,0.0
2018-08-14,32.78,22.78,27.78,0.0,14900.0,0.0
2018-08-15,31.67,19.44,25.56,0.0,14000.0,0.0
2018-08-16,31.67,20.56,26.12,0.0,13000.0,0.0
2018-08-17,30.0,20.0,25.0,0.0,12600.0,0.0
2018-08-18,30.0,18.89,24.44,0.0,11700.0,0.0
2018-08-19,30.0,18.89,24.44,0.0,11500.0,0.0
2018-08-20,26.11,21.11,23.61,2.29,11500.0,0.0
2018-08-21,25.0,16.67,20.84,0.0,12100.0,1.0
2018-08-22,28.89,13.89,21.39,0.0,11200.0,0.0
2018-08-23,27.22,15.56,21.39,0.0,10900.0,0.0
2018-08-24,22.22,18.33,20.27,26.67,12400.0,1.0
2018-08-25,25.56,18.33,21.94,0.0,12600.0,1.0
2018-08-26,29.44,19.44,24.44,0.0,12000.0,0.0
2018-08-27,28.89,18.89,23.89,3.81,12000.0,0.0
2018-08-28,18.89,13.33,16.11,4.57,13200.0,1.0
2018-08-29,22.22,11.11,16.66,0.0,13400.0,1.0
2018-08-30,25.0,12.78,18.89,0.0,12900.0,0.0
2018-08-31,29.44,20.0,24.72,1.78,13400.0,1.0
2018-09-01,31.11,22.22,26.66,0.0,13200.0,0.0
2018-09-02,27.78,20.0,23.89,6.35,12500.0,0.0
2018-09-03,24.44,20.0,22.22,0.51,12100.0,0.0
2018-09-04,24.44,19.44,21.94,29.97,13300.0,1.0
2018-09-05,22.78,13.89,18.34,0.51,15500.0,1.0
2018-09-06,23.33,11.11,17.22,0.0,17400.0,1.0
2018-09-07,25.0,12.78,18.89,0.0,20700.0,1.0
2018-09-08,23.33,13.89,18.61,0.0,22900.0,1.0
2018-09-09,22.78,12.22,17.5,0.0,24700.0,1.0
2018-09-10,26.11,12.22,19.16,0.0,25600.0,1.0
2018-09-11,28.33,16.67,22.5,0.0,25500.0,0.0
2018-09-12,28.89,20.56,24.72,0.0,23000.0,0.0
2018-09-13,29.44,17.22,23.33,0.0,20500.0,0.0
2018-09-14,31.11,20.56,25.84,0.0,17800.0,0.0
2018-09-15,33.33,21.11,27.22,0.0,15700.0,0.0
2018-09-16,32.22,22.22,27.22,0.0,14800.0,0.0
2018-09-17,27.22,15.56,21.39,22.86,14500.0,0.0
2018-09-18,18.89,15.56,17.23,16.76,14500.0,0.0
2018-09-19,17.78,15.0,16.39,4.57,13800.0,0.0
2018-09-20,20.0,15.0,17.5,83.31,18900.0,1.0
2018-09-21,17.78,8.89,13.34,0.25,24300.0,1.0
2018-09-22,19.44,7.22,13.33,0.0,27500.0,1.0
2018-09-23,24.44,10.56,17.5,0.0,29500.0,1.0
2018-09-24,24.44,13.89,19.16,6.86,31700.0,1.0
2018-09-25,15.0,8.89,11.94,2.54,33300.0,1.0
2018-09-26,16.67,6.67,11.67,0.0,35400.0,1.0
2018-09-27,16.67,8.89,12.78,0.0,38800.0,1.0
2018-09-28,13.33,3.89,8.61,0.0,42500.0,1.0
2018-09-29,9.44,2.22,5.83,0.0,44800.0,1.0
2018-09-30,12.78,7.78,10.28,0.0,44900.0,1.0
2018-10-01,10.0,6.67,8.34,8.64,43800.0,0.0
2018-10-02,12.22,9.44,10.83,0.0,41700.0,0.0
2018-10-03,26.11,4.44,15.28,15.49,39800.0,0.0
2018-10-04,9.44,1.67,5.56,5.59,36500.0,0.0
2018-10-05,10.56,5.56,8.06,2.79,34300.0,0.0
2018-10-06,9.44,5.56,7.5,0.0,31800.0,0.0
2018-10-07,11.11,7.22,9.16,1.27,29300.0,0.0
2018-10-08,12.22,8.33,10.28,8.64,27200.0,0.0
2018-10-09,10.0,7.22,8.61,26.42,26100.0,0.0
2018-10-10,10.56,2.78,6.67,3.56,27600.0,1.0
2018-10-11,3.89,0.0,1.94,0.25,29600.0,1.0
2018-10-12,7.78,-0.56,3.61,0.0,33300.0,1.0
2018-10-13,12.22,1.67,6.94,0.0,36700.0,1.0
2018-10-14,5.56,0.0,2.78,2.29,39200.0,1.0
2018-10-15,7.22,-1.11,3.06,0.0,41500.0,1.0
2018-10-16,13.33,3.89,8.61,0.0,43600.0,1.0
2018-10-17,10.0,1.11,5.56,0.0,45800.0,1.0
2018-10-18,22.22,0.56,11.39,0.0,47900.0,1.0
2018-10-19,18.33,9.44,13.88,0.51,48800.0,1.0
2018-10-20,9.44,-0.56,4.44,0.0,48500.0,0.0
2018-10-21,15.0,-2.22,6.39,0.0,47900.0,0.0
2018-10-22,16.11,0.56,8.33,0.0,46500.0,0.0
2018-10-23,9.44,0.0,4.72,0.0,44500.0,0.0
2018-10-24,12.22,-0.56,5.83,0.0,42600.0,0.0
2018-10-25,12.78,6.11,9.44,0.0,40300.0,0.0
2018-10-26,10.0,7.22,8.61,7.37,37900.0,0.0
2018-10-27,11.67,6.67,9.17,3.3,36400.0,0.0
2018-10-28,13.89,6.67,10.28,0.0,34500.0,0.0
2018-10-29,9.44,2.78,6.11,0.25,33100.0,0.0
2018-10-30,12.22,4.44,8.33,0.0,32400.0,0.0
2018-10-31,12.22,2.78,7.5,0.0,31800.0,0.0
2018-11-01,10.56,1.11,5.84,0.0,30800.0,0.0
2018-11-02,8.89,0.56,4.73,0.0,30100.0,0.0
2018-11-03,8.33,1.67,5.0,0.51,29900.0,0.0
2018-11-04,3.89,2.22,3.06,4.32,29300.0,0.0
2018-11-05,7.22,2.78,5.0,7.62,28200.0,0.0
2018-11-06,6.11,-1.67,2.22,7.62,27900.0,0.0
2018-11-07,0.56,-3.89,-1.66,0.51,27200.0,0.0
2018-11-08,-2.22,-5.56,-3.89,1.52,27400.0,1.0
2018-11-09,-4.44,-9.44,-6.94,0.25,27000.0,0.0
2018-11-10,-5.0,-11.67,-8.34,0.0,26700.0,0.0
2018-11-11,-1.11,-6.11,-3.61,0.0,26500.0,0.0
2018-11-12,-5.0,-11.11,-8.06,0.0,25100.0,0.0
2018-11-13,-5.0,-13.89,-9.44,0.0,22300.0,0.0
2018-11-14,6.11,-8.89,-1.39,0.0,21500.0,0.0
2018-11-15,15.0,-1.67,6.66,0.25,21700.0,1.0
2018-11-16,1.67,-3.33,-0.83,0.25,22200.0,1.0
2018-11-17,-1.67,-10.0,-5.84,0.0,23100.0,1.0
2018-11-18,-2.78,-14.44,-8.61,0.0,21700.0,0.0
2018-11-19,-1.11,-6.67,-3.89,0.0,20700.0,0.0
2018-11-20,0.56,-11.11,-5.28,0.0,18200.0,0.0
2018-11-21,0.0,-4.44,-2.22,0.0,18400.0,1.0
2018-11-22,2.78,-2.78,0.0,0.0,17000.0,0.0
2018-11-23,7.78,1.67,4.72,6.86,17800.0,1.0
2018-11-24,4.44,-1.11,1.66,1.52,18400.0,1.0
2018-11-25,-1.11,-8.33,-4.72,0.0,19200.0,1.0
2018-11-26,-4.44,-9.44,-6.94,0.0,18500.0,0.0
2018-11-27,-3.89,-10.56,-7.22,0.0,17100.0,0.0
2018-11-28,-2.78,-9.44,-6.11,3.05,16400.0,0.0
2018-11-29,-0.56,-3.89,-2.22,2.54,16700.0,1.0
2018-11-30,0.56,-1.67,-0.55,0.0,16300.0,0.0
2018-12-01,1.11,-2.22,-0.56,5.08,16600.0,1.0
2018-12-02,1.11,-2.22,-0.56,1.02,17400.0,1.0
2018-12-03,-2.22,-4.44,-3.33,0.0,17200.0,0.0
2018-12-04,-4.44,-5.56,-5.0,0.0,16200.0,0.0
2018-12-05,-1.67,-5.56,-3.62,0.0,16000.0,0.0
2018-12-06,-5.56,-13.33,-9.44,0.0,16100.0,1.0
2018-12-07,-2.78,-14.44,-8.61,0.0,14800.0,0.0
2018-12-08,-2.78,-12.78,-7.78,0.0,13200.0,0.0
2018-12-09,-1.67,-10.0,-5.84,0.0,14000.0,1.0
2018-12-10,-3.89,-10.0,-6.94,0.25,16700.0,1.0
2018-12-11,-2.78,-11.11,-6.94,0.0,16100.0,0.0
2018-12-12,-1.67,-5.0,-3.34,0.0,17300.0,1.0
2018-12-13,0.0,-5.0,-2.5,0.0,17200.0,0.0
2018-12-14,3.89,-5.0,-0.55,0.0,15800.0,0.0
2018-12-15,6.11,-6.67,-0.28,0.0,14200.0,0.0
2018-12-16,7.78,-0.56,3.61,0.0,14100.0,0.0
2018-12-17,2.22,-4.44,-1.11,0.0,14500.0,1.0
2018-12-18,6.11,-2.78,1.67,0.0,13700.0,0.0
2018-12-19,5.56,0.0,2.78,0.0,14100.0,1.0
2018-12-20,2.78,-2.22,0.28,0.25,14200.0,1.0
2018-12-21,-2.22,-5.0,-3.61,0.0,13700.0,0.0
2018-12-22,0.0,-3.89,-1.94,0.25,13600.0,0.0
2018-12-23,-0.56,-7.22,-3.89,0.0,13300.0,0.0
2018-12-24,-3.33,-9.44,-6.38,0.0,12200.0,0.0
2018-12-25,-2.22,-7.22,-4.72,0.0,12700.0,1.0
2018-12-26,0.56,-6.11,-2.78,7.62,12200.0,0.0
2018-12-27,2.78,0.56,1.67,24.13,14100.0,1.0
2018-12-28,0.56,-10.56,-5.0,0.0,14700.0,1.0
2018-12-29,-8.89,-12.78,-10.84,0.0,13200.0,0.0
2018-12-30,0.0,-10.0,-5.0,0.0,11800.0,0.0
2018-12-31,0.0,-5.56,-2.78,0.0,16100.0,1.0
2019-01-01,-11.67,-17.78,-14.73,0.0,13700.0,0.0
2019-01-02,-3.33,-16.67,-10.0,0.0,11600.0,0.0
2019-01-03,5.0,-6.67,-0.84,0.0,13100.0,1.0
2019-01-04,8.33,-2.22,3.06,0.0,15500.0,1.0
2019-01-05,8.33,-2.78,2.78,0.0,16000.0,1.0
2019-01-06,3.33,-4.44,-0.56,0.0,16300.0,1.0
2019-01-07,5.56,1.11,3.34,0.0,16300.0,0.0
2019-01-08,3.33,-11.67,-4.17,0.0,16400.0,1.0
2019-01-09,-8.89,-14.44,-11.66,0.0,12800.0,0.0
2019-01-10,-4.44,-12.22,-8.33,0.0,12800.0,0.0
2019-01-11,0.56,-7.78,-3.61,0.0,13700.0,1.0
2019-01-12,-0.56,-6.11,-3.34,0.0,13600.0,0.0
2019-01-13,1.67,-2.22,-0.28,0.0,13400.0,0.0
2019-01-14,0.0,-1.67,-0.84,0.0,14700.0,1.0
2019-01-15,0.56,-6.67,-3.06,0.0,14100.0,0.0
2019-01-16,-6.11,-13.89,-10.0,0.0,12700.0,0.0
2019-01-17,-4.44,-10.0,-7.22,0.0,12400.0,0.0
2019-01-18,-10.0,-14.44,-12.22,0.25,11600.0,0.0
2019-01-19,-11.67,-18.33,-15.0,0.0,10000.0,0.0
2019-01-20,-11.67,-20.56,-16.11,0.0,9690.0,0.0
2019-01-21,-7.78,-17.78,-12.78,0.0,8750.0,0.0
2019-01-22,-6.67,-12.22,-9.44,0.76,9100.0,1.0
2019-01-23,-4.44,-12.78,-8.61,0.0,10700.0,1.0
2019-01-24,-6.67,-22.22,-14.44,0.0,11200.0,1.0
2019-01-25,-15.0,-22.78,-18.89,0.0,8600.0,0.0
2019-01-26,-11.67,-20.0,-15.84,1.27,8950.0,1.0
2019-01-27,-14.44,-22.78,-18.61,5.84,8100.0,0.0
2019-01-28,-10.56,-18.33,-14.44,3.3,8850.0,1.0
2019-01-29,-18.33,-31.67,-25.0,0.0,9260.0,1.0
2019-01-30,-25.0,-33.33,-29.16,0.0,8050.0,0.0
2019-01-31,-19.44,-30.56,-25.0,0.0,7710.0,0.0
2019-02-01,-8.33,-19.44,-13.89,0.0,8910.0,1.0
2019-02-02,3.89,-11.11,-3.61,0.0,9560.0,1.0
2019-02-03,3.89,0.0,1.94,0.25,9560.0,0.0
2019-02-04,0.56,-16.67,-8.06,1.52,9360.0,0.0
2019-02-05,-10.56,-16.67,-13.62,7.87,9060.0,0.0
2019-02-06,-6.11,-11.11,-8.61,0.76,8780.0,0.0
2019-02-07,-6.67,-20.56,-13.61,9.4,9380.0,1.0
2019-02-08,-17.22,-23.89,-20.56,0.0,9190.0,0.0
2019-02-09,-13.33,-24.44,-18.89,0.0,8340.0,0.0
2019-02-10,-7.78,-14.44,-11.11,6.35,8650.0,1.0
2019-02-11,-3.89,-8.33,-6.11,0.76,8820.0,1.0
2019-02-12,-4.44,-11.67,-8.06,6.86,9650.0,1.0
2019-02-13,-6.67,-15.56,-11.12,0.0,9350.0,0.0
2019-02-14,-4.44,-17.78,-11.11,0.51,9260.0,0.0
2019-02-15,-9.44,-19.44,-14.44,0.0,8240.0,0.0
2019-02-16,-6.11,-18.89,-12.5,0.0,8240.0,0.0
2019-02-17,-3.33,-10.0,-6.66,0.76,8210.0,0.0
2019-02-18,-5.0,-15.0,-10.0,0.0,8600.0,1.0
2019-02-19,-5.56,-19.44,-12.5,0.0,8460.0,0.0
2019-02-20,-2.22,-9.44,-5.83,17.02,8350.0,0.0
2019-02-21,-6.11,-13.89,-10.0,0.51,8390.0,1.0
2019-02-22,2.22,-12.22,-5.0,0.0,7920.0,0.0
2019-02-23,0.0,-3.33,-1.66,5.33,7770.0,0.0
2019-02-24,-1.67,-18.89,-10.28,5.08,8530.0,1.0
2019-02-25,-15.56,-20.56,-18.06,0.0,6400.0,0.0
2019-02-26,-13.33,-17.78,-15.56,1.52,6500.0,1.0
2019-02-27,-10.0,-17.78,-13.89,2.29,7490.0,1.0
2019-02-28,-6.11,-19.44,-12.78,0.0,7590.0,1.0
2019-03-01,-7.22,-15.0,-11.11,7.11,7740.0,1.0
2019-03-02,-7.78,-18.33,-13.06,0.0,7970.0,1.0
2019-03-03,-17.78,-25.0,-21.39,0.0,7280.0,0.0
2019-03-04,-12.78,-23.33,-18.06,0.0,6580.0,0.0
2019-03-05,-8.89,-17.22,-13.06,0.0,7300.0,1.0
2019-03-06,-5.56,-14.44,-10.0,0.0,7640.0,1.0
2019-03-07,-6.11,-16.67,-11.39,0.0,7870.0,1.0
2019-03-08,0.56,-8.89,-4.16,0.0,8030.0,1.0
2019-03-09,2.78,-2.78,0.0,14.48,8670.0,1.0
2019-03-10,0.0,-8.33,-4.16,2.29,8890.0,1.0
2019-03-11,0.0,-11.67,-5.84,0.0,8370.0,0.0
2019-03-12,3.33,-7.78,-2.22,5.33,8280.0,0.0
2019-03-13,5.56,1.11,3.34,8.38,10700.0,1.0
2019-03-14,6.11,0.56,3.34,12.95,15500.0,1.0
2019-03-15,1.67,-3.89,-1.11,0.0,18800.0,1.0
2019-03-16,1.67,-7.22,-2.78,0.0,23500.0,1.0
2019-03-17,4.44,-5.0,-0.28,0.25,26800.0,1.0
2019-03-18,4.44,-4.44,0.0,0.0,29500.0,1.0
2019-03-19,7.78,-2.22,2.78,0.0,31800.0,1.0
2019-03-20,9.44,0.56,5.0,0.0,35400.0,1.0
2019-03-21,10.0,-0.56,4.72,0.0,44400.0,1.0
2019-03-22,10.0,-1.67,4.16,0.0,57400.0,1.0
2019-03-23,12.22,-3.33,4.44,0.0,70000.0,1.0
2019-03-24,12.22,-0.56,5.83,0.0,83800.0,1.0
2019-03-25,8.33,-2.22,3.06,0.0,94300.0,1.0
2019-03-26,10.56,-3.89,3.34,0.0,99800.0,1.0
2019-03-27,17.78,3.89,10.84,0.0,104000.0,1.0
2019-03-28,11.67,1.11,6.39,0.0,107000.0,1.0
2019-03-29,8.33,-2.78,2.78,0.0,111000.0,1.0
2019-03-30,3.33,-3.33,0.0,0.0,113000.0,1.0
2019-03-31,3.33,-6.11,-1.39,0.0,115000.0,1.0
2019-04-01,7.22,-1.11,3.06,0.0,114000.0,0.0
2019-04-02,10.0,-1.11,4.44,0.51,111000.0,0.0
2019-04-03,10.56,-1.11,4.73,0.0,107000.0,0.0
2019-04-04,7.78,1.11,4.44,0.0,102000.0,0.0
2019-04-05,11.11,1.67,6.39,1.52,98900.0,0.0
2019-04-06,11.67,7.78,9.72,23.88,96600.0,0.0
2019-04-07,17.22,7.22,12.22,4.32,93700.0,0.0
2019-04-08,21.11,5.0,13.06,0.0,90200.0,0.0
2019-04-09,13.89,0.0,6.94,0.0,86400.0,0.0
2019-04-10,1.11,-1.11,0.0,12.19,83200.0,0.0
2019-04-11,2.22,-3.33,-0.55,11.68,81300.0,0.0
2019-04-12,2.78,-0.56,1.11,2.29,80700.0,0.0
2019-04-13,3.89,-1.67,1.11,0.0,79000.0,0.0
2019-04-14,8.89,-4.44,2.22,0.0,77100.0,0.0
2019-04-15,12.22,-1.11,5.56,0.0,75300.0,0.0
2019-04-16,20.0,2.22,11.11,0.0,74500.0,0.0
2019-04-17,12.22,5.0,8.61,27.94,75700.0,1.0
2019-04-18,12.22,4.44,8.33,0.0,78100.0,1.0
2019-04-19,17.78,1.11,9.44,0.0,81500.0,1.0
2019-04-20,25.56,6.67,16.11,0.0,85700.0,1.0
2019-04-21,25.0,9.44,17.22,0.0,88700.0,1.0
2019-04-22,9.44,4.44,6.94,8.89,91200.0,1.0
2019-04-23,18.33,2.22,10.27,0.0,93100.0,1.0
2019-04-24,22.78,10.0,16.39,0.0,93400.0,1.0
2019-04-25,22.22,10.0,16.11,0.0,92500.0,0.0
2019-04-26,15.0,6.11,10.56,0.0,90700.0,0.0
2019-04-27,10.56,4.44,7.5,0.0,88400.0,0.0
2019-04-28,12.22,2.22,7.22,0.0,86000.0,0.0
2019-04-29,14.44,6.11,10.28,0.0,83400.0,0.0
2019-04-30,7.22,3.89,5.56,6.1,80900.0,0.0
2019-05-01,7.78,3.89,5.84,2.29,79000.0,0.0
2019-05-02,13.89,5.0,9.44,0.0,76800.0,0.0
2019-05-03,16.67,1.67,9.17,3.81,74800.0,0.0
2019-05-04,21.67,7.22,14.44,0.0,72800.0,0.0
2019-05-05,17.78,9.44,13.61,0.0,70500.0,0.0
2019-05-06,15.0,8.33,11.66,0.0,68400.0,0.0
2019-05-07,17.22,4.44,10.83,0.0,65900.0,0.0
2019-05-08,12.78,2.22,7.5,36.83,64100.0,0.0
2019-05-09,12.22,1.67,6.94,0.51,63400.0,0.0
2019-05-10,16.11,3.33,9.72,0.0,62600.0,0.0
2019-05-11,18.33,5.56,11.94,0.25,62600.0,0.0
2019-05-12,16.67,6.11,11.39,0.0,62800.0,1.0
2019-05-13,19.44,4.44,11.94,0.0,63400.0,1.0
2019-05-14,22.78,8.89,15.84,1.02,63800.0,1.0
2019-05-15,24.44,12.22,18.33,3.05,64100.0,1.0
2019-05-16,27.78,13.89,20.84,8.89,64000.0,0.0
2019-05-17,20.56,10.56,15.56,1.27,62600.0,0.0
2019-05-18,12.78,7.22,10.0,20.32,61400.0,0.0
2019-05-19,7.78,3.33,5.56,16.0,61700.0,1.0
2019-05-20,17.22,2.22,9.72,0.0,61500.0,0.0
2019-05-21,16.11,8.33,12.22,14.99,61600.0,1.0
2019-05-22,17.22,8.33,12.77,12.95,63500.0,1.0
2019-05-23,15.56,11.11,13.34,0.0,64500.0,1.0
2019-05-24,22.78,11.11,16.94,1.02,66300.0,1.0
2019-05-25,20.56,12.22,16.39,0.0,69000.0,1.0
2019-05-26,23.33,8.33,15.83,0.0,71600.0,1.0
2019-05-27,17.78,8.89,13.34,46.48,74900.0,1.0
2019-05-28,20.56,7.22,13.89,0.0,77500.0,1.0
2019-05-29,23.33,11.11,17.22,0.0,79200.0,1.0
2019-05-30,27.78,12.78,20.28,0.0,80900.0,1.0
2019-05-31,31.11,17.78,24.44,0.0,81800.0,1.0
2019-06-01,22.78,12.78,17.78,0.51,82300.0,1.0
2019-06-02,23.89,10.56,17.23,0.0,82000.0,0.0
2019-06-03,28.33,12.22,20.27,0.0,81100.0,0.0
2019-06-04,29.44,15.56,22.5,6.6,79400.0,0.0
2019-06-05,28.33,17.78,23.06,0.0,77300.0,0.0
2019-06-06,29.44,15.0,22.22,0.0,74300.0,0.0
2019-06-07,32.22,20.0,26.11,0.0,71200.0,0.0
2019-06-08,31.11,19.44,25.28,0.0,67600.0,0.0
2019-06-09,22.78,13.89,18.34,0.0,63300.0,0.0
2019-06-10,26.11,11.11,18.61,0.0,59200.0,0.0
2019-06-11,20.56,14.44,17.5,4.06,55400.0,0.0
2019-06-12,21.67,12.22,16.94,0.0,51800.0,0.0
2019-06-13,22.78,8.89,15.84,0.0,49200.0,0.0
2019-06-14,30.0,17.78,23.89,1.27,46700.0,0.0
2019-06-15,24.44,17.22,20.83,1.27,44200.0,0.0
2019-06-16,23.33,15.0,19.16,0.0,42300.0,0.0
2019-06-17,23.89,14.44,19.16,0.0,40400.0,0.0
2019-06-18,23.89,12.78,18.34,0.0,38700.0,0.0
2019-06-19,26.11,13.89,20.0,0.0,37800.0,0.0
2019-06-20,25.56,16.67,21.12,7.37,37000.0,0.0
2019-06-21,25.0,17.22,21.11,0.0,36300.0,0.0
2019-06-22,26.11,16.67,21.39,0.0,35500.0,0.0
2019-06-23,24.44,17.78,21.11,9.14,35300.0,0.0
2019-06-24,22.78,16.11,19.44,7.11,35300.0,0.0
2019-06-25,27.78,16.11,21.94,0.0,34700.0,0.0
2019-06-26,30.0,17.22,23.61,0.0,34700.0,0.0
2019-06-27,25.56,19.44,22.5,5.59,34800.0,1.0
2019-06-28,30.0,20.0,25.0,0.0,34600.0,0.0
2019-06-29,31.67,20.56,26.12,0.0,34900.0,1.0
2019-06-30,27.22,19.44,23.33,26.16,35500.0,1.0
2019-07-01,25.56,20.0,22.78,51.31,36300.0,1.0
2019-07-02,30.56,20.56,25.56,2.03,38500.0,1.0
2019-07-03,30.56,19.44,25.0,6.35,39200.0,1.0
2019-07-04,29.44,21.67,25.56,3.81,40900.0,1.0
2019-07-05,28.33,20.0,24.16,0.76,43000.0,1.0
2019-07-06,28.33,20.56,24.44,0.0,45200.0,1.0
2019-07-07,29.44,18.33,23.88,0.0,47500.0,1.0
2019-07-08,29.44,20.0,24.72,0.0,50300.0,1.0
2019-07-09,26.67,21.11,23.89,11.94,52000.0,1.0
2019-07-10,26.11,20.56,23.34,5.59,52500.0,1.0
2019-07-11,28.33,18.33,23.33,0.0,52300.0,0.0
2019-07-12,30.0,20.0,25.0,0.0,51700.0,0.0
2019-07-13,30.56,20.0,25.28,0.0,50800.0,0.0
2019-07-14,33.33,22.22,27.78,0.25,49800.0,0.0
2019-07-15,33.33,21.67,27.5,44.45,49000.0,0.0
2019-07-16,29.44,21.67,25.56,0.25,50500.0,1.0
2019-07-17,30.0,21.11,25.56,0.0,48800.0,0.0
2019-07-18,31.67,22.78,27.22,0.0,46600.0,0.0
2019-07-19,35.0,22.78,28.89,0.0,44700.0,0.0
2019-07-20,24.44,16.67,20.56,25.65,44400.0,0.0
2019-07-21,27.78,16.11,21.94,0.0,43200.0,0.0
2019-07-22,26.11,15.56,20.84,0.0,42000.0,0.0
2019-07-23,28.33,16.67,22.5,0.0,41500.0,0.0
2019-07-24,28.89,18.33,23.61,0.0,41400.0,0.0
2019-07-25,27.78,18.89,23.34,0.0,40800.0,0.0
2019-07-26,30.0,20.0,25.0,3.05,39400.0,0.0
2019-07-27,30.0,20.0,25.0,0.0,37700.0,0.0
2019-07-28,25.0,18.89,21.94,9.14,36200.0,0.0
2019-07-29,25.56,17.22,21.39,0.0,34100.0,0.0
2019-07-30,25.0,15.0,20.0,0.0,31700.0,0.0
2019-07-31,26.67,15.56,21.12,0.0,29000.0,0.0
2019-08-01,29.44,17.78,23.61,0.0,27100.0,0.0
2019-08-02,29.44,20.56,25.0,0.0,27100.0,0.0
2019-08-03,30.56,22.22,26.39,6.1,24900.0,0.0
2019-08-04,31.11,21.67,26.39,0.0,22600.0,0.0
2019-08-05,30.0,21.11,25.56,5.08,20900.0,0.0
2019-08-06,30.0,18.89,24.44,0.0,19800.0,0.0
2019-08-07,31.11,20.0,25.56,0.0,18900.0,0.0
2019-08-08,26.11,14.44,20.27,0.0,18300.0,0.0
2019-08-09,27.22,14.44,20.83,0.0,17600.0,0.0
2019-08-10,22.78,18.89,20.84,11.18,17500.0,0.0
2019-08-11,27.22,18.89,23.06,0.0,16700.0,0.0
2019-08-12,26.67,19.44,23.06,6.1,16200.0,0.0
2019-08-13,27.78,16.67,22.22,19.05,16100.0,0.0
2019-08-14,25.56,17.22,21.39,0.0,15900.0,0.0
2019-08-15,26.67,17.22,21.94,9.91,15500.0,0.0
2019-08-16,26.67,17.78,22.22,21.08,16000.0,1.0
2019-08-17,28.33,17.22,22.78,0.0,14800.0,0.0
2019-08-18,23.89,16.11,20.0,44.2,18000.0,1.0
2019-08-19,27.22,14.44,20.83,0.0,16700.0,0.0
2019-08-20,28.33,18.33,23.33,16.0,17200.0,1.0
2019-08-21,25.0,15.0,20.0,0.0,17900.0,1.0
2019-08-22,23.89,15.56,19.73,0.0,18700.0,1.0
2019-08-23,25.0,14.44,19.72,0.0,18300.0,0.0
2019-08-24,24.44,16.67,20.56,0.0,17900.0,0.0
2019-08-25,23.89,16.11,20.0,0.25,17100.0,0.0
2019-08-26,21.67,17.78,19.73,20.32,16500.0,0.0
2019-08-27,22.78,15.0,18.89,0.0,16500.0,0.0
2019-08-28,23.33,13.89,18.61,0.0,16100.0,0.0
2019-08-29,24.44,13.89,19.16,0.25,15700.0,0.0
2019-08-30,23.89,11.67,17.78,0.0,15100.0,0.0
2019-08-31,22.22,14.44,18.33,0.0,14800.0,0.0
2019-09-01,23.89,15.0,19.44,2.29,14500.0,0.0
2019-09-02,24.44,17.22,20.83,7.62,14000.0,0.0
2019-09-03,25.0,16.67,20.84,0.0,15100.0,1.0
2019-09-04,22.78,14.44,18.61,0.0,14300.0,0.0
2019-09-05,26.11,13.33,19.72,0.0,14200.0,0.0
2019-09-06,25.56,17.22,21.39,0.0,13600.0,0.0
2019-09-07,19.44,12.78,16.11,0.51,13500.0,0.0
2019-09-08,16.67,12.22,14.44,3.05,13000.0,0.0
2019-09-09,21.11,14.44,17.77,4.83,12700.0,0.0
2019-09-10,26.11,18.89,22.5,0.0,12900.0,1.0
2019-09-11,19.44,14.44,16.94,31.5,14800.0,1.0
2019-09-12,19.44,14.44,16.94,29.72,18900.0,1.0
2019-09-13,17.78,13.33,15.56,0.0,22500.0,1.0
2019-09-14,23.89,10.56,17.23,0.0,25800.0,1.0
2019-09-15,27.78,16.67,22.22,0.0,28700.0,1.0
2019-09-16,30.56,17.22,23.89,0.0,31400.0,1.0
2019-09-17,31.11,21.11,26.11,0.0,34700.0,1.0
2019-09-18,27.78,21.11,24.44,3.56,38200.0,1.0
2019-09-19,28.89,17.78,23.34,0.0,40600.0,1.0
2019-09-20,30.0,19.44,24.72,0.0,42300.0,1.0
2019-09-21,27.22,20.56,23.89,2.54,43700.0,1.0
2019-09-22,20.56,13.89,17.23,0.25,44500.0,1.0
2019-09-23,24.44,12.22,18.33,0.0,44700.0,1.0
2019-09-24,27.22,13.89,20.56,0.0,44900.0,1.0
2019-09-25,21.67,12.78,17.23,0.0,44500.0,0.0
2019-09-26,20.56,9.44,15.0,0.0,43200.0,0.0
2019-09-27,19.44,10.56,15.0,0.0,41500.0,0.0
2019-09-28,17.78,7.22,12.5,0.0,39600.0,0.0
2019-09-29,15.56,10.0,12.78,7.62,37900.0,0.0
2019-09-30,30.0,15.56,22.78,6.1,37000.0,0.0
2019-10-01,18.33,10.0,14.16,14.99,37600.0,1.0
2019-10-02,12.22,8.89,10.56,10.67,39800.0,1.0
2019-10-03,10.0,6.67,8.34,1.27,40500.0,1.0
2019-10-04,10.0,6.67,8.34,0.0,41500.0,1.0
2019-10-05,14.44,8.89,11.66,26.67,45400.0,1.0
2019-10-06,18.33,8.33,13.33,0.0,48900.0,1.0
2019-10-07,19.44,7.22,13.33,0.0,51900.0,1.0
2019-10-08,22.22,8.33,15.27,0.0,55400.0,1.0
2019-10-09,22.78,11.67,17.23,0.25,58100.0,1.0
2019-10-10,15.56,5.0,10.28,10.41,60900.0,1.0
2019-10-11,5.0,1.11,3.06,1.27,63900.0,1.0
2019-10-12,3.89,0.56,2.22,1.78,65700.0,1.0
2019-10-13,7.22,1.67,4.44,0.76,66000.0,1.0
2019-10-14,10.0,2.22,6.11,0.0,65400.0,0.0
2019-10-15,11.11,5.56,8.33,2.03,63600.0,0.0
2019-10-16,8.89,5.0,6.94,0.25,61200.0,0.0
2019-10-17,13.89,1.67,7.78,0.0,58500.0,0.0
2019-10-18,20.56,7.22,13.89,0.0,55800.0,0.0
2019-10-19,19.44,7.22,13.33,0.76,53000.0,0.0
2019-10-20,19.44,3.89,11.66,0.0,50200.0,0.0
2019-10-21,13.33,7.78,10.56,26.92,48800.0,0.0
2019-10-22,7.78,4.44,6.11,4.83,47800.0,0.0
2019-10-23,7.78,1.11,4.44,0.0,48100.0,1.0
2019-10-24,6.67,0.0,3.34,0.0,49700.0,1.0
2019-10-25,13.33,-1.67,5.83,0.0,51300.0,1.0
2019-10-26,13.33,3.89,8.61,0.0,53100.0,1.0
2019-10-27,7.22,0.56,3.89,0.0,54600.0,1.0
2019-10-28,3.33,-1.67,0.83,0.0,56100.0,1.0
2019-10-29,4.44,-2.78,0.83,0.0,57200.0,1.0
2019-10-30,2.22,-5.0,-1.39,0.0,57700.0,1.0
2019-10-31,2.22,-3.33,-0.55,0.0,57700.0,0.0
2019-11-01,5.56,0.0,2.78,1.78,56700.0,0.0
2019-11-02,1.67,-1.11,0.28,0.0,55100.0,0.0
2019-11-03,7.22,-1.67,2.78,0.0,53500.0,0.0
2019-11-04,4.44,-1.67,1.39,3.81,51200.0,0.0
2019-11-05,0.0,-5.56,-2.78,0.0,48700.0,0.0
2019-11-06,-0.56,-7.22,-3.89,0.76,46700.0,0.0
2019-11-07,-2.22,-9.44,-5.83,0.0,44900.0,0.0
2019-11-08,2.78,-9.44,-3.33,0.0,42900.0,0.0
2019-11-09,7.22,-1.67,2.78,1.02,40900.0,0.0
2019-11-10,0.56,-7.78,-3.61,0.25,39500.0,0.0
2019-11-11,-7.78,-13.33,-10.56,0.0,37900.0,0.0
2019-11-12,-6.67,-15.0,-10.84,0.0,34100.0,0.0
2019-11-13,-2.22,-7.78,-5.0,1.27,31100.0,0.0
2019-11-14,0.0,-7.22,-3.61,0.0,29200.0,0.0
2019-11-15,3.89,-1.11,1.39,0.0,28900.0,0.0
2019-11-16,7.78,0.0,3.89,0.0,30400.0,1.0
2019-11-17,3.89,0.0,1.94,1.27,30100.0,0.0
2019-11-18,2.78,-0.56,1.11,0.25,30200.0,1.0
2019-11-19,6.11,1.11,3.61,3.81,30100.0,0.0
2019-11-20,7.22,3.33,5.28,0.0,29800.0,0.0
2019-11-21,6.67,-5.56,0.56,10.92,30200.0,1.0
2019-11-22,-1.11,-7.22,-4.16,0.0,30200.0,0.0
2019-11-23,7.22,-2.78,2.22,0.0,29400.0,0.0
2019-11-24,7.22,0.56,3.89,0.0,29000.0,0.0
2019-11-25,7.22,2.78,5.0,0.0,29200.0,1.0
2019-11-26,3.33,-0.56,1.38,4.57,29100.0,0.0
2019-11-27,0.0,-3.33,-1.66,17.02,29300.0,1.0
2019-11-28,-2.22,-5.56,-3.89,0.0,29000.0,0.0
2019-11-29,0.56,-2.22,-0.83,2.03,27800.0,0.0
2019-11-30,1.11,-0.56,0.28,9.91,26800.0,0.0
2019-12-01,0.0,-7.22,-3.61,2.03,26100.0,0.0
2019-12-02,-2.78,-11.11,-6.94,0.0,25900.0,0.0
2019-12-03,3.33,-6.67,-1.67,0.0,23700.0,0.0
2019-12-04,3.89,-4.44,-0.28,0.0,24100.0,1.0
2019-12-05,2.78,-5.56,-1.39,0.0,24600.0,1.0
2019-12-06,0.0,-8.33,-4.16,0.0,24500.0,0.0
2019-12-07,5.56,-5.56,0.0,0.0,24400.0,0.0
2019-12-08,5.0,-0.56,2.22,0.0,24600.0,1.0
2019-12-09,1.11,-18.33,-8.61,4.06,24400.0,0.0
2019-12-10,-13.33,-20.0,-16.66,0.0,21500.0,0.0
2019-12-11,-12.78,-20.56,-16.67,0.0,15500.0,0.0
2019-12-12,-7.22,-12.78,-10.0,3.05,15200.0,0.0
2019-12-13,-7.78,-12.78,-10.28,1.02,20500.0,1.0
2019-12-14,-6.67,-17.22,-11.94,0.0,20900.0,1.0
2019-12-15,-8.33,-18.33,-13.33,0.0,19600.0,0.0
2019-12-16,-2.78,-8.33,-5.56,0.0,20200.0,1.0
2019-12-17,-3.33,-16.67,-10.0,0.0,22700.0,1.0
2019-12-18,-9.44,-18.89,-14.16,0.0,21400.0,0.0
2019-12-19,-1.67,-11.67,-6.67,0.0,21400.0,0.0
2019-12-20,3.89,-6.11,-1.11,0.0,23400.0,1.0
2019-12-21,6.67,-7.22,-0.27,0.0,24900.0,1.0
2019-12-22,5.56,-3.89,0.83,0.0,25100.0,1.0
2019-12-23,3.89,-5.56,-0.83,0.0,25400.0,1.0
2019-12-24,2.78,0.0,1.39,0.0,25400.0,0.0
2019-12-25,0.56,-1.11,-0.28,0.0,24500.0,0.0
2019-12-26,0.56,-2.78,-1.11,0.0,22200.0,0.0
2019-12-27,-1.67,-5.0,-3.34,0.0,21600.0,0.0
2019-12-28,1.67,-3.89,-1.11,15.75,21000.0,0.0
2019-12-29,5.56,1.11,3.34,10.16,22700.0,1.0
2019-12-30,1.11,-6.11,-2.5,10.67,23200.0,1.0
2019-12-31,-4.44,-10.56,-7.5,0.0,22300.0,0.0
2020-01-01,2.22,-10.0,-3.89,0.0,21900.0,0.0
2020-01-02,2.78,-0.61,1.08,0.0,24100.0,1.0
2020-01-03,1.67,-4.39,-1.36,0.0,25000.0,1.0
2020-01-04,-1.11,-4.39,-2.75,0.0,24200.0,0.0
2020-01-05,2.78,-4.39,-0.8,0.25,24100.0,0.0
2020-01-06,2.22,-5.61,-1.7,0.0,23900.0,0.0
2020-01-07,-0.61,-15.0,-7.8,0.0,24000.0,1.0
2020-01-08,-8.28,-17.22,-12.75,0.0,21800.0,0.0
2020-01-09,1.67,-7.22,-2.78,0.0,21500.0,0.0
2020-01-10,-5.0,-13.28,-9.14,0.0,22100.0,1.0
2020-01-11,-9.39,-18.28,-13.84,0.0,22500.0,1.0
2020-01-12,-6.72,-12.22,-9.47,2.79,20300.0,0.0
2020-01-13,-2.22,-9.39,-5.81,2.54,19100.0,0.0
2020-01-14,0.0,-8.28,-4.14,0.25,20000.0,1.0
2020-01-15,-4.39,-18.89,-11.64,0.25,22200.0,1.0
2020-01-16,-14.44,-22.78,-18.61,0.0,22500.0,1.0
2020-01-17,-3.89,-18.28,-11.08,8.89,19700.0,0.0
2020-01-18,-3.0,-17.78,-10.39,1.52,21100.0,1.0
2020-01-19,-11.72,-17.78,-14.75,0.25,20000.0,0.0
2020-01-20,-8.28,-16.11,-12.2,0.76,20500.0,1.0
2020-01-21,-6.72,-18.28,-12.5,0.0,19200.0,0.0
2020-01-22,2.78,-7.22,-2.22,4.57,19800.0,1.0
2020-01-23,0.56,-1.11,-0.28,1.52,22800.0,1.0
2020-01-24,0.0,-1.72,-0.86,0.0,23000.0,1.0
2020-01-25,0.56,-2.78,-1.11,0.0,22300.0,0.0
2020-01-26,-1.11,-3.89,-2.5,0.0,21500.0,0.0
2020-01-27,-2.78,-6.11,-4.44,0.0,20500.0,0.0
2020-01-28,-6.11,-7.78,-6.94,0.0,19100.0,0.0
2020-01-29,-6.11,-7.78,-6.94,0.0,18600.0,0.0
2020-01-30,-2.78,-7.78,-5.28,0.0,18300.0,0.0
2020-01-31,0.56,-2.22,-0.83,1.27,18700.0,1.0
2020-02-01,3.33,-2.78,0.28,0.0,17900.0,0.0
2020-02-02,7.22,-0.61,3.3,0.0,17500.0,0.0
2020-02-03,0.0,-6.72,-3.36,0.0,17400.0,0.0
2020-02-04,-4.39,-12.22,-8.3,0.0,16700.0,0.0
2020-02-05,-1.11,-11.72,-6.42,0.0,16600.0,0.0
2020-02-06,-0.61,-11.11,-5.86,0.0,17000.0,1.0
2020-02-07,-1.72,-10.0,-5.86,0.76,17700.0,1.0
2020-02-08,-6.72,-19.44,-13.08,0.0,15900.0,0.0
2020-02-09,-2.78,-12.22,-7.5,9.65,16500.0,1.0
2020-02-10,-1.11,-13.89,-7.5,0.25,16400.0,0.0
2020-02-11,-1.11,-6.11,-3.61,0.0,16300.0,0.0
2020-02-12,1.67,-17.78,-8.06,0.0,15500.0,0.0
2020-02-13,-17.22,-23.28,-20.25,0.0,15700.0,1.0
2020-02-14,-9.39,-23.89,-16.64,0.0,13900.0,0.0
2020-02-15,2.22,-9.39,-3.58,0.0,14700.0,1.0
2020-02-16,-4.39,-9.39,-6.89,0.0,17100.0,1.0
2020-02-17,1.67,-5.61,-1.97,4.06,17100.0,0.0
2020-02-18,-5.0,-14.44,-9.72,0.0,17000.0,0.0
2020-02-19,-10.0,-17.78,-13.89,0.0,15000.0,0.0
2020-02-20,-10.0,-21.11,-15.56,0.0,13200.0,0.0
2020-02-21,2.78,-11.11,-4.16,0.0,13100.0,0.0
2020-02-22,5.56,-7.78,-1.11,0.0,14800.0,1.0
2020-02-23,6.67,-2.22,2.22,0.0,14600.0,0.0
2020-02-24,5.56,-3.89,0.83,0.0,13900.0,0.0
2020-02-25,3.33,-2.22,0.55,0.0,13100.0,0.0
2020-02-26,-1.11,-7.22,-4.16,0.0,13000.0,0.0
2020-02-27,-4.39,-9.39,-6.89,0.0,12900.0,0.0
2020-02-28,-2.78,-8.28,-5.53,0.0,13000.0,1.0
2020-02-29,3.33,-8.89,-2.78,0.0,13100.0,1.0
2020-03-01,9.44,0.0,4.72,0.0,14500.0,1.0
2020-03-02,1.67,-0.61,0.53,0.0,15000.0,1.0
2020-03-03,5.56,-0.61,2.47,0.0,15300.0,1.0
2020-03-04,4.44,-4.39,0.03,0.0,16300.0,1.0
2020-03-05,6.67,-1.11,2.78,0.0,19100.0,1.0
2020-03-06,3.89,-4.39,-0.25,0.0,21100.0,1.0
2020-03-07,11.67,0.56,6.12,0.0,23500.0,1.0
2020-03-08,15.56,8.89,12.23,0.0,24300.0,1.0
2020-03-09,10.0,-0.61,4.7,0.0,26500.0,1.0
2020-03-10,5.56,-4.39,0.58,1.02,32400.0,1.0
2020-03-11,6.11,1.11,3.61,0.0,36900.0,1.0
2020-03-12,5.56,0.56,3.06,2.29,42600.0,1.0
2020-03-13,3.89,-3.28,0.31,0.0,48000.0,1.0
2020-03-14,1.67,-5.0,-1.66,0.0,49900.0,1.0
2020-03-15,3.89,-6.11,-1.11,0.0,49800.0,0.0
2020-03-16,3.89,-2.78,0.56,0.25,49000.0,0.0
2020-03-17,6.11,-2.78,1.67,0.0,47500.0,0.0
2020-03-18,6.67,2.78,4.72,0.0,46300.0,0.0
2020-03-19,4.44,0.56,2.5,12.19,45300.0,0.0
2020-03-20,0.56,-6.72,-3.08,0.0,44100.0,0.0
2020-03-21,2.22,-6.72,-2.25,0.0,43600.0,0.0
2020-03-22,6.11,-1.11,2.5,1.02,44000.0,1.0
2020-03-23,6.11,0.0,3.06,3.05,44300.0,1.0
2020-03-24,9.44,2.22,5.83,0.0,44600.0,1.0
2020-03-25,8.33,3.33,5.83,7.87,45300.0,1.0
2020-03-26,10.56,-1.11,4.73,0.0,46100.0,1.0
2020-03-27,15.0,3.33,9.16,0.76,46300.0,1.0
2020-03-28,8.89,3.89,6.39,27.18,47100.0,1.0
2020-03-29,9.44,0.56,5.0,5.59,49900.0,1.0
2020-03-30,15.56,0.0,7.78,0.0,52900.0,1.0
2020-03-31,12.22,1.11,6.66,0.0,56600.0,1.0
2020-04-01,12.78,1.11,6.94,0.0,60400.0,1.0
2020-04-02,15.56,7.78,11.67,1.78,64600.0,1.0
2020-04-03,6.67,-3.28,1.7,2.03,68200.0,1.0
2020-04-04,6.67,-6.72,-0.02,0.0,71000.0,1.0
2020-04-05,13.33,-1.72,5.8,0.0,73400.0,1.0
2020-04-06,15.56,6.67,11.12,0.0,74700.0,1.0
2020-04-07,20.56,9.44,15.0,0.76,74800.0,1.0
2020-04-08,12.78,3.33,8.06,0.0,73600.0,0.0
2020-04-09,4.44,-1.11,1.66,0.76,71700.0,0.0
2020-04-10,8.89,-1.72,3.59,0.0,69400.0,0.0
2020-04-11,16.11,1.67,8.89,0.0,66800.0,0.0
2020-04-12,6.67,-1.72,2.48,15.24,63900.0,0.0
2020-04-13,1.67,-5.0,-1.66,0.25,61400.0,0.0
2020-04-14,-1.72,-6.11,-3.92,1.02,58400.0,0.0
2020-04-15,1.67,-6.72,-2.52,0.0,55500.0,0.0
2020-04-16,7.22,-3.89,1.66,0.0,52900.0,0.0
2020-04-17,9.44,-1.72,3.86,0.0,50400.0,0.0
2020-04-18,18.89,3.89,11.39,0.0,48000.0,0.0
2020-04-19,10.0,2.22,6.11,0.0,45400.0,0.0
2020-04-20,15.56,3.33,9.44,0.0,43700.0,0.0
2020-04-21,9.44,-1.11,4.16,0.0,42000.0,0.0
2020-04-22,19.44,6.11,12.78,0.0,40500.0,0.0
2020-04-23,14.44,2.78,8.61,0.0,39100.0,0.0
2020-04-24,18.89,6.11,12.5,0.0,38000.0,0.0
2020-04-25,21.67,5.56,13.62,0.0,36400.0,0.0
2020-04-26,18.89,7.78,13.34,1.78,35100.0,0.0
2020-04-27,22.78,11.67,17.23,1.02,33600.0,0.0
2020-04-28,16.11,7.78,11.94,21.08,33400.0,0.0
2020-04-29,16.67,5.56,11.12,0.0,33300.0,0.0
2020-04-30,20.0,6.67,13.34,0.0,32800.0,0.0
2020-05-01,25.56,11.67,18.61,0.0,32200.0,0.0
2020-05-02,23.33,13.33,18.33,0.0,31100.0,0.0
2020-05-03,18.89,8.89,13.89,0.0,30200.0,0.0
2020-05-04,15.0,5.0,10.0,0.0,29400.0,0.0
2020-05-05,14.44,8.89,11.66,0.0,28600.0,0.0
2020-05-06,18.33,8.89,13.61,0.0,27400.0,0.0
2020-05-07,15.56,6.67,11.12,0.0,26000.0,0.0
2020-05-08,9.44,1.67,5.56,0.0,25300.0,0.0
2020-05-09,15.0,1.67,8.34,3.81,24000.0,0.0
2020-05-10,8.89,3.33,6.11,0.0,22900.0,0.0
2020-05-11,12.78,4.44,8.61,0.0,22100.0,0.0
2020-05-12,13.89,1.11,7.5,0.0,21700.0,0.0
2020-05-13,16.67,9.44,13.06,1.02,20800.0,0.0
2020-05-14,22.22,11.11,16.66,1.02,19800.0,0.0
2020-05-15,21.11,7.22,14.16,0.0,19700.0,0.0
2020-05-16,16.67,11.67,14.17,11.68,19700.0,0.0
2020-05-17,11.67,9.44,10.56,62.74,24000.0,1.0
2020-05-18,18.33,10.0,14.16,0.0,28500.0,1.0
2020-05-19,21.67,12.22,16.94,0.0,32500.0,1.0
2020-05-20,25.0,15.0,20.0,0.0,34000.0,1.0
2020-05-21,18.89,14.44,16.66,0.0,35100.0,1.0
2020-05-22,18.33,14.44,16.38,0.0,36700.0,1.0
2020-05-23,21.67,15.56,18.62,6.1,37800.0,1.0
2020-05-24,25.0,15.0,20.0,0.0,39000.0,1.0
2020-05-25,25.0,18.33,21.66,4.06,39000.0,0.0
2020-05-26,27.22,18.89,23.06,22.1,38200.0,0.0
2020-05-27,24.44,17.78,21.11,10.67,38300.0,1.0
2020-05-28,25.56,16.11,20.84,0.0,35700.0,0.0
2020-05-29,18.89,12.78,15.84,0.0,33800.0,0.0
2020-05-30,20.0,9.44,14.72,0.0,32800.0,0.0
2020-05-31,24.44,8.33,16.39,0.0,31100.0,0.0
2020-06-01,32.22,17.78,25.0,0.0,29900.0,0.0
2020-06-02,31.67,18.33,25.0,6.6,28300.0,0.0
2020-06-03,27.78,17.22,22.5,0.0,26900.0,0.0
2020-06-04,28.89,17.22,23.06,1.02,24300.0,0.0
2020-06-05,27.22,15.56,21.39,8.13,22900.0,0.0
2020-06-06,25.0,15.56,20.28,22.35,22100.0,0.0
2020-06-07,29.44,16.67,23.06,0.0,21400.0,0.0
2020-06-08,35.0,23.89,29.44,0.0,19400.0,0.0
2020-06-09,27.78,20.56,24.17,4.06,18000.0,0.0
2020-06-10,21.67,15.0,18.34,0.0,17600.0,0.0
2020-06-11,25.56,13.89,19.73,0.0,15600.0,0.0
2020-06-12,24.44,15.56,20.0,0.0,15800.0,1.0
2020-06-13,21.11,11.67,16.39,0.0,16000.0,1.0
2020-06-14,25.56,13.33,19.44,0.0,15800.0,0.0
2020-06-15,30.56,17.22,23.89,0.0,14800.0,0.0
2020-06-16,32.22,20.0,26.11,0.0,13600.0,0.0
2020-06-17,31.67,18.33,25.0,0.0,12900.0,0.0
2020-06-18,28.89,20.0,24.44,34.8,12500.0,0.0
2020-06-19,24.44,17.22,20.83,1.02,12900.0,1.0
2020-06-20,22.78,17.22,20.0,0.25,12700.0,0.0
2020-06-21,28.89,16.67,22.78,8.38,12700.0,0.0
2020-06-22,23.89,16.11,20.0,0.0,13500.0,1.0
2020-06-23,24.44,15.56,20.0,0.0,14900.0,1.0
2020-06-24,26.11,14.44,20.27,0.76,16100.0,1.0
2020-06-25,28.89,15.0,21.94,0.0,16500.0,1.0
2020-06-26,30.56,21.11,25.84,0.0,16600.0,1.0
2020-06-27,29.44,18.33,23.88,0.0,15500.0,0.0
2020-06-28,29.44,19.44,24.44,22.61,14900.0,0.0
2020-06-29,27.22,18.89,23.06,60.2,16900.0,1.0
2020-06-30,30.56,21.0,25.78,0.51,20700.0,1.0
2020-07-01,30.0,22.78,26.39,0.0,28000.0,1.0
2020-07-02,31.67,23.89,27.78,0.0,30200.0,1.0
2020-07-03,32.22,22.22,27.22,0.0,29700.0,0.0
2020-07-04,31.67,22.78,27.22,0.0,29000.0,0.0
2020-07-05,33.33,24.44,28.88,0.0,28200.0,0.0
2020-07-06,30.0,22.78,26.39,8.89,25900.0,0.0
2020-07-07,30.0,22.22,26.11,2.03,22700.0,0.0
2020-07-08,33.33,22.78,28.06,0.0,19700.0,0.0
2020-07-09,28.33,21.67,25.0,8.38,17800.0,0.0
2020-07-10,28.89,18.89,23.89,0.0,16700.0,0.0
2020-07-11,28.89,18.89,23.89,11.68,15700.0,0.0
2020-07-12,27.78,18.33,23.06,0.0,14900.0,0.0
2020-07-13,29.44,18.89,24.16,0.0,14500.0,0.0
2020-07-14,26.11,17.22,21.66,6.1,13700.0,0.0
2020-07-15,26.11,15.56,20.84,0.0,12600.0,0.0
2020-07-16,28.89,17.22,23.06,0.0,11800.0,0.0
2020-07-17,31.67,21.67,26.67,0.0,11100.0,0.0
2020-07-18,32.22,20.56,26.39,12.95,11300.0,1.0
2020-07-19,28.33,20.0,24.16,0.0,11600.0,1.0
2020-07-20,27.78,18.33,23.06,0.0,12500.0,1.0
2020-07-21,27.22,17.78,22.5,9.14,13400.0,1.0
2020-07-22,20.0,13.89,16.94,0.0,13300.0,0.0
2020-07-23,26.11,15.0,20.56,0.0,13700.0,1.0
2020-07-24,32.78,20.56,26.67,0.0,14000.0,1.0
2020-07-25,30.56,22.78,26.67,6.1,13300.0,0.0
2020-07-26,29.44,20.56,25.0,11.43,15000.0,1.0
2020-07-27,28.33,17.78,23.06,0.0,22600.0,1.0
2020-07-28,29.44,20.0,24.72,4.32,27500.0,1.0
2020-07-29,28.33,17.22,22.78,0.0,29200.0,1.0
2020-07-30,27.22,17.22,22.22,0.0,30600.0,1.0
2020-07-31,28.33,16.11,22.22,0.0,30300.0,0.0
2020-08-01,27.22,18.89,23.06,3.81,28200.0,0.0
2020-08-02,22.78,16.67,19.73,0.0,23700.0,0.0
2020-08-03,22.22,14.44,18.33,0.0,18000.0,0.0
2020-08-04,25.56,12.78,19.17,0.0,15000.0,0.0
2020-08-05,25.0,15.56,20.28,0.0,13200.0,0.0
2020-08-06,25.56,16.67,21.12,0.0,11600.0,0.0
2020-08-07,27.22,18.89,23.06,0.0,10800.0,0.0
2020-08-08,27.78,21.67,24.72,0.25,10400.0,0.0
2020-08-09,30.0,20.56,25.28,13.72,10400.0,0.0
2020-08-10,26.11,18.0,22.06,32.26,12200.0,1.0
2020-08-11,28.33,16.11,22.22,0.0,10700.0,0.0
2020-08-12,22.78,17.78,20.28,11.43,10500.0,0.0
2020-08-13,30.56,20.0,25.28,0.0,11200.0,1.0
2020-08-14,28.89,16.67,22.78,12.45,13300.0,1.0
2020-08-15,24.44,13.89,19.16,0.0,16400.0,1.0
2020-08-16,28.33,17.78,23.06,0.76,17000.0,1.0
2020-08-17,25.0,18.33,21.66,0.0,17700.0,1.0
2020-08-18,26.67,14.44,20.56,0.0,18200.0,1.0
2020-08-19,28.33,17.22,22.78,0.0,18200.0,0.0
2020-08-20,28.33,20.0,24.16,0.0,18300.0,1.0
2020-08-21,30.56,20.0,25.28,2.03,18100.0,0.0
2020-08-22,28.33,18.89,23.61,2.54,18200.0,1.0
2020-08-23,32.22,21.11,26.66,0.0,18900.0,1.0
2020-08-24,31.11,21.67,26.39,0.76,21300.0,1.0
2020-08-25,32.22,22.22,27.22,0.0,20000.0,0.0
2020-08-26,33.33,24.44,28.88,0.25,18400.0,0.0
2020-08-27,30.56,22.78,26.67,0.0,16900.0,0.0
2020-08-28,27.22,18.89,23.06,9.91,16100.0,0.0
2020-08-29,24.44,15.0,19.72,0.0,15100.0,0.0
2020-08-30,25.56,15.0,20.28,0.0,14600.0,0.0
2020-08-31,22.78,15.0,18.89,10.92,14200.0,0.0
2020-09-01,21.67,14.44,18.06,0.0,13900.0,0.0
2020-09-02,27.22,13.89,20.56,0.0,13900.0,0.0
2020-09-03,23.89,13.89,18.89,0.0,13500.0,0.0
2020-09-04,23.33,11.11,17.22,0.0,12600.0,0.0
2020-09-05,25.0,12.22,18.61,0.0,11800.0,0.0
2020-09-06,28.33,16.0,22.16,4.57,12000.0,1.0
2020-09-07,17.78,10.0,13.89,6.35,12000.0,0.0
2020-09-08,11.11,7.22,9.16,0.0,12400.0,1.0
2020-09-09,9.44,5.56,7.5,3.56,12100.0,0.0
2020-09-10,15.0,3.33,9.16,0.0,12000.0,0.0
2020-09-11,15.0,6.67,10.84,1.78,11300.0,0.0
2020-09-12,17.22,12.22,14.72,0.76,11100.0,0.0
2020-09-13,22.22,11.11,16.66,0.0,10900.0,0.0
2020-09-14,25.56,13.89,19.73,0.0,11400.0,1.0
2020-09-15,26.67,18.33,22.5,0.0,11500.0,1.0
2020-09-16,21.11,11.67,16.39,0.0,11200.0,0.0
2020-09-17,14.44,6.67,10.56,0.0,10400.0,0.0
2020-09-18,16.67,6.11,11.39,0.0,9790.0,0.0
2020-09-19,21.11,7.78,14.44,0.0,9640.0,0.0
2020-09-20,22.78,11.67,17.23,0.0,9440.0,0.0
2020-09-21,24.44,14.44,19.44,1.27,9250.0,0.0
2020-09-22,27.78,16.11,21.94,0.0,8800.0,0.0
2020-09-23,28.89,15.56,22.22,0.0,8810.0,1.0
2020-09-24,23.89,16.11,20.0,1.27,9240.0,1.0
2020-09-25,28.33,15.0,21.66,0.0,8760.0,0.0
2020-09-26,21.11,15.0,18.06,0.25,8960.0,1.0
2020-09-27,18.33,11.67,15.0,0.76,8960.0,0.0
2020-09-28,13.33,9.44,11.38,0.51,8320.0,0.0
2020-09-29,17.22,8.89,13.06,0.0,8340.0,1.0
2020-09-30,16.67,8.33,12.5,1.27,8500.0,1.0
2020-10-01,12.22,6.67,9.44,0.51,8180.0,0.0
2020-10-02,10.0,3.33,6.66,0.0,7890.0,0.0
2020-10-03,10.0,5.0,7.5,0.0,8340.0,1.0
2020-10-04,13.33,0.56,6.94,0.0,8230.0,0.0
2020-10-05,21.11,7.78,14.44,0.0,8280.0,1.0
2020-10-06,26.67,9.44,18.06,0.0,8300.0,1.0
2020-10-07,21.67,11.67,16.67,0.0,8530.0,1.0
2020-10-08,19.44,7.22,13.33,0.0,7870.0,0.0
2020-10-09,26.11,13.33,19.72,0.0,7880.0,1.0
2020-10-10,17.78,10.56,14.17,0.0,7830.0,0.0
2020-10-11,20.0,8.89,14.44,13.21,8120.0,1.0
2020-10-12,17.78,10.0,13.89,18.54,9160.0,1.0
2020-10-13,16.67,10.56,13.62,0.0,9470.0,1.0
2020-10-14,16.67,7.78,12.23,0.76,10600.0,1.0
2020-10-15,10.0,1.11,5.56,0.0,10300.0,0.0
2020-10-16,6.67,0.56,3.62,0.76,9990.0,0.0
2020-10-17,11.67,2.78,7.22,1.02,9770.0,0.0
2020-10-18,1.67,-1.72,-0.03,0.0,9380.0,0.0
2020-10-19,0.56,-2.22,-0.83,1.27,9440.0,1.0
2020-10-20,0.56,-1.11,-0.28,20.07,9330.0,0.0
2020-10-21,1.67,0.0,0.84,0.0,10000.0,1.0
2020-10-22,1.67,0.0,0.84,2.29,10100.0,1.0
2020-10-23,2.22,-3.28,-0.53,1.52,10600.0,1.0
2020-10-24,0.0,-4.39,-2.19,0.0,10600.0,0.0
2020-10-25,-1.72,-3.28,-2.5,1.27,11100.0,1.0
2020-10-26,-0.61,-5.61,-3.11,0.0,11500.0,1.0
2020-10-27,1.11,-8.89,-3.89,0.0,11600.0,1.0
2020-10-28,9.44,-1.11,4.16,0.0,11500.0,0.0
2020-10-29,3.33,0.0,1.66,0.0,11600.0,1.0
2020-10-30,7.22,-0.61,3.3,0.0,11500.0,0.0
2020-10-31,12.78,2.22,7.5,0.0,11800.0,1.0
2020-11-01,3.33,-3.28,0.03,0.0,11500.0,0.0
2020-11-02,13.89,-1.11,6.39,0.0,11400.0,0.0
2020-11-03,,,,0.0,11700.0,1.0
2020-11-04,22.78,6.67,14.73,0.0,11500.0,0.0
2020-11-05,18.89,7.22,13.06,0.0,11400.0,0.0
2020-11-06,,,,0.0,11400.0,0.0
2020-11-07,22.78,15.56,19.17,0.0,11400.0,0.0
2020-11-08,22.22,12.22,17.22,0.0,11400.0,0.0
2020-11-09,18.33,0.0,9.16,8.13,11300.0,0.0
2020-11-10,0.0,-3.0,-1.5,15.75,11100.0,0.0
2020-11-11,2.22,-6.11,-1.94,0.0,11800.0,1.0
2020-11-12,-1.11,-5.61,-3.36,4.06,12300.0,1.0
2020-11-13,1.11,-10.61,-4.75,0.0,13100.0,1.0
2020-11-14,2.78,-1.11,0.83,2.79,13600.0,1.0
2020-11-15,2.22,-3.89,-0.84,0.25,13300.0,0.0
2020-11-16,4.44,-4.39,0.03,0.0,13400.0,1.0
2020-11-17,1.11,-6.72,-2.8,0.0,14100.0,1.0
2020-11-18,11.11,-0.61,5.25,0.0,13500.0,0.0
2020-11-19,12.22,4.44,8.33,0.0,13000.0,0.0
2020-11-20,5.0,-3.28,0.86,0.0,13100.0,1.0
2020-11-21,3.89,-5.61,-0.86,0.0,13300.0,1.0
2020-11-22,5.0,-1.72,1.64,1.52,13700.0,1.0
2020-11-23,2.22,-5.0,-1.39,0.0,13900.0,1.0
2020-11-24,2.22,0.0,1.11,0.25,13800.0,0.0
2020-11-25,2.22,1.11,1.66,0.0,12900.0,0.0
2020-11-26,1.67,-1.72,-0.03,0.0,12800.0,0.0
2020-11-27,2.22,-2.22,0.0,0.0,12600.0,0.0
2020-11-28,10.0,0.56,5.28,0.0,12600.0,0.0
2020-11-29,3.33,-5.61,-1.14,0.0,12500.0,0.0
2020-11-30,-1.72,-7.78,-4.75,0.0,12200.0,0.0
2020-12-01,2.22,-8.28,-3.03,0.0,10600.0,0.0
2020-12-02,5.56,-6.72,-0.58,0.0,9790.0,0.0
2020-12-03,5.0,-3.28,0.86,0.0,9990.0,1.0
2020-12-04,6.11,-3.89,1.11,0.0,9910.0,0.0
2020-12-05,3.89,-6.11,-1.11,0.25,10300.0,1.0
2020-12-06,1.67,0.0,0.84,0.0,10600.0,1.0
2020-12-07,0.56,-1.11,-0.28,0.0,10600.0,0.0
2020-12-08,3.89,-1.11,1.39,0.0,10700.0,1.0
2020-12-09,11.11,-2.78,4.16,0.0,10900.0,1.0
2020-12-10,8.33,0.0,4.16,0.0,10600.0,0.0
2020-12-11,2.22,-2.22,0.0,0.0,10700.0,1.0
2020-12-12,0.0,-3.28,-1.64,0.0,10800.0,1.0
2020-12-13,-2.78,-7.22,-5.0,0.76,10700.0,0.0
2020-12-14,-7.22,-12.22,-9.72,0.0,9710.0,0.0
2020-12-15,-4.39,-11.72,-8.06,0.0,6630.0,0.0
2020-12-16,-1.72,-9.39,-5.56,0.0,5920.0,0.0
2020-12-17,-1.72,-7.22,-4.47,0.0,6990.0,1.0
2020-12-18,5.56,-3.28,1.14,0.51,7140.0,1.0
2020-12-19,0.56,-6.72,-3.08,0.0,8270.0,1.0
2020-12-20,2.78,-6.72,-1.97,0.0,7660.0,0.0
2020-12-21,3.89,-5.61,-0.86,0.0,9030.0,1.0
2020-12-22,6.11,-5.61,0.25,0.0,8480.0,0.0
2020-12-23,7.78,-13.89,-3.06,12.19,9000.0,1.0
2020-12-24,-13.89,-19.44,-16.66,0.0,5380.0,0.0
2020-12-25,-8.28,-20.0,-14.14,0.0,4590.0,0.0
2020-12-26,-5.61,-11.11,-8.36,0.0,4540.0,0.0
2020-12-27,-4.39,-10.0,-7.2,0.51,5540.0,1.0
2020-12-28,-4.39,-13.28,-8.83,0.0,6520.0,1.0
2020-12-29,-5.61,-15.56,-10.58,4.83,6800.0,1.0
2020-12-30,-4.39,-10.0,-7.2,0.25,7240.0,1.0
2020-12-31,-5.0,-12.22,-8.61,0.0,7500.0,1.0
2021-01-01,-5.0,-11.11,-8.06,0.0,7070.0,0.0
2021-01-02,-4.39,-12.22,-8.3,0.0,7020.0,0.0
2021-01-03,1.11,-11.11,-5.0,0.0,7530.0,1.0
2021-01-04,3.33,-7.22,-1.94,0.25,7980.0,1.0
2021-01-05,0.56,-8.89,-4.16,0.0,7550.0,0.0
2021-01-06,0.56,-4.39,-1.91,0.0,7520.0,0.0
2021-01-07,-4.39,-6.11,-5.25,0.0,7680.0,1.0
2021-01-08,-5.0,-8.89,-6.94,0.0,7460.0,0.0
2021-01-09,-7.78,-10.61,-9.2,0.0,7100.0,0.0
2021-01-10,-2.22,-7.22,-4.72,0.0,7190.0,1.0
2021-01-11,2.22,-5.61,-1.7,0.0,7560.0,1.0
2021-01-12,3.33,-7.22,-1.94,0.0,7400.0,0.0
2021-01-13,3.89,-2.22,0.84,0.0,8020.0,1.0
2021-01-14,1.67,-0.61,0.53,6.86,8130.0,1.0
2021-01-15,1.67,0.56,1.12,5.08,8940.0,1.0
2021-01-16,0.56,-5.0,-2.22,0.0,8290.0,0.0
2021-01-17,-5.61,-7.22,-6.42,0.0,7650.0,0.0
2021-01-18,-5.0,-6.72,-5.86,0.0,8190.0,1.0
2021-01-19,-6.11,-16.11,-11.11,0.76,8040.0,0.0
2021-01-20,2.78,-16.72,-6.97,0.0,6850.0,0.0
2021-01-21,1.11,-13.28,-6.08,0.0,7210.0,1.0
2021-01-22,-9.39,-17.22,-13.3,0.0,6580.0,0.0
2021-01-23,-6.72,-12.22,-9.47,8.13,6380.0,0.0
2021-01-24,-2.78,-8.89,-5.84,0.76,7100.0,1.0
2021-01-25,-5.61,-11.72,-8.67,0.0,7080.0,0.0
2021-01-26,-6.11,-12.22,-9.17,0.25,7060.0,0.0
2021-01-27,-9.39,-12.22,-10.8,0.0,6730.0,0.0
2021-01-28,-6.11,-12.78,-9.44,0.0,6540.0,0.0
2021-01-29,-4.39,-8.28,-6.33,0.0,6540.0,0.0
2021-01-30,0.56,-4.39,-1.91,0.0,6670.0,1.0
2021-01-31,0.56,-2.0,-0.72,0.25,7510.0,1.0
2021-02-01,-2.22,-5.61,-3.92,0.0,7390.0,0.0
2021-02-02,-5.0,-7.78,-6.39,0.0,6960.0,0.0
2021-02-03,1.11,-8.28,-3.58,0.0,7160.0,1.0
2021-02-04,0.0,-13.89,-6.94,4.83,7460.0,1.0
2021-02-05,-11.72,-16.72,-14.22,0.0,6140.0,0.0
2021-02-06,-16.72,-24.39,-20.56,0.0,5180.0,0.0
2021-02-07,-19.44,-26.11,-22.78,0.25,4950.0,0.0
2021-02-08,-17.78,-22.78,-20.28,0.0,5360.0,1.0
2021-02-09,-13.28,-22.22,-17.75,0.51,5690.0,1.0
2021-02-10,-13.28,-21.11,-17.2,0.0,5820.0,1.0
2021-02-11,-17.78,-22.78,-20.28,0.25,5680.0,0.0
2021-02-12,-20.0,-25.0,-22.5,0.25,5220.0,0.0
2021-02-13,-19.44,-23.89,-21.66,0.0,4960.0,0.0
2021-02-14,-20.0,-28.28,-24.14,0.0,4770.0,0.0
2021-02-15,-17.78,-27.22,-22.5,0.0,4340.0,0.0
2021-02-16,-11.11,-25.0,-18.06,0.0,4460.0,1.0
2021-02-17,-12.78,-18.89,-15.84,1.27,4510.0,1.0
2021-02-18,-8.89,-13.89,-11.39,0.51,4680.0,1.0
2021-02-19,-7.22,-15.56,-11.39,0.0,4640.0,0.0
2021-02-20,-5.61,-17.78,-11.7,0.0,4510.0,0.0
2021-02-21,-2.22,-7.22,-4.72,1.52,4690.0,1.0
2021-02-22,5.0,-3.89,0.55,0.0,5560.0,1.0
2021-02-23,3.89,-0.61,1.64,0.0,5370.0,0.0
2021-02-24,3.33,-1.72,0.8,0.25,5320.0,0.0
2021-02-25,2.22,-3.89,-0.84,0.0,5020.0,0.0
2021-02-26,4.44,-3.89,0.28,0.0,5500.0,1.0
2021-02-27,8.33,-2.22,3.06,0.0,5610.0,1.0
2021-02-28,3.33,-6.72,-1.69,3.56,5900.0,1.0
2021-03-01,-4.39,-10.0,-7.2,1.02,5580.0,0.0
2021-03-02,8.33,-7.78,0.27,0.0,5860.0,1.0
2021-03-03,8.89,-2.78,3.06,0.0,5990.0,1.0
2021-03-04,7.78,-1.11,3.34,0.0,6490.0,1.0
2021-03-05,7.78,-0.61,3.58,0.0,7510.0,1.0
2021-03-06,8.33,-3.28,2.53,0.0,7900.0,1.0
2021-03-07,16.11,0.0,8.06,0.0,9500.0,1.0
2021-03-08,14.44,1.11,7.78,0.0,11100.0,1.0
2021-03-09,16.67,5.56,11.12,0.0,14100.0,1.0
2021-03-10,8.89,2.22,5.56,17.53,16900.0,1.0
2021-03-11,8.33,0.56,4.44,0.0,19700.0,1.0
2021-03-12,6.11,-2.78,1.67,0.0,21200.0,1.0
2021-03-13,14.44,0.0,7.22,0.0,21100.0,0.0
2021-03-14,8.89,1.67,5.28,0.0,21400.0,1.0
2021-03-15,2.22,-2.22,0.0,7.87,21000.0,0.0
2021-03-16,1.67,-1.72,-0.03,0.25,20700.0,0.0
2021-03-17,6.11,0.0,3.06,0.25,20700.0,0.0
2021-03-18,11.11,0.0,5.56,0.0,20200.0,0.0
2021-03-19,10.0,-0.61,4.7,0.0,19500.0,0.0
2021-03-20,13.33,0.0,6.66,0.0,18800.0,0.0
2021-03-21,16.67,5.0,10.84,0.0,18400.0,0.0
2021-03-22,14.44,2.22,8.33,0.0,19200.0,1.0
2021-03-23,15.0,6.67,10.84,15.49,20200.0,1.0
2021-03-24,7.22,3.89,5.56,23.88,22900.0,1.0
2021-03-25,11.11,-0.61,5.25,0.0,25000.0,1.0
2021-03-26,8.33,-2.22,3.06,0.0,27000.0,1.0
2021-03-27,7.78,2.22,5.0,5.33,27200.0,1.0
2021-03-28,6.67,0.0,3.34,0.0,28300.0,1.0
2021-03-29,22.78,3.89,13.34,0.0,29300.0,1.0
2021-03-30,12.78,-1.11,5.84,0.0,28000.0,0.0
2021-03-31,2.22,-4.39,-1.08,0.0,27500.0,0.0
2021-04-01,6.67,-5.61,0.53,0.0,27100.0,0.0
2021-04-02,16.11,0.56,8.33,0.0,26700.0,0.0
2021-04-03,21.11,5.0,13.06,0.0,24900.0,0.0
2021-04-04,25.0,8.33,16.66,0.0,23800.0,0.0
2021-04-05,28.89,10.0,19.44,5.08,22900.0,0.0
2021-04-06,21.11,10.0,15.56,17.27,22600.0,0.0
2021-04-07,22.78,11.11,16.94,5.33,22400.0,0.0
2021-04-08,18.33,9.44,13.88,7.62,24700.0,1.0
2021-04-09,11.11,6.67,8.89,3.05,27300.0,1.0
2021-04-10,8.89,5.56,7.22,0.0,29300.0,1.0
2021-04-11,12.78,5.56,9.17,0.0,30800.0,1.0
2021-04-12,9.44,2.78,6.11,1.78,32600.0,1.0
2021-04-13,2.78,-0.61,1.08,1.02,34200.0,1.0
2021-04-14,7.78,-0.61,3.58,0.51,35300.0,1.0
2021-04-15,10.56,3.33,6.94,0.0,36100.0,1.0
2021-04-16,15.0,3.33,9.16,0.0,36400.0,1.0
2021-04-17,15.0,2.78,8.89,0.0,36200.0,0.0
2021-04-18,17.22,3.33,10.27,0.25,35500.0,0.0
2021-04-19,4.44,0.0,2.22,0.0,34400.0,0.0
2021-04-20,5.0,0.0,2.5,0.0,33300.0,0.0
2021-04-21,5.56,-1.11,2.22,0.0,32500.0,0.0
2021-04-22,17.78,1.67,9.73,0.0,31700.0,0.0
2021-04-23,10.56,7.22,8.89,2.29,30900.0,0.0
2021-04-24,10.0,2.22,6.11,0.0,29800.0,0.0
2021-04-25,6.67,1.11,3.89,0.0,29100.0,0.0
2021-04-26,11.11,4.44,7.78,5.84,28500.0,0.0
2021-04-27,11.67,5.0,8.34,13.46,28100.0,0.0
2021-04-28,16.67,2.78,9.73,0.0,28000.0,0.0
2021-04-29,19.44,6.67,13.06,0.0,26300.0,0.0
2021-04-30,15.56,4.44,10.0,0.0,26000.0,0.0
2021-05-01,30.56,12.22,21.39,0.0,26000.0,0.0
2021-05-02,22.22,12.78,17.5,0.0,23400.0,0.0
2021-05-03,18.89,9.44,14.16,0.0,22900.0,0.0
2021-05-04,15.0,5.56,10.28,0.0,22100.0,0.0
2021-05-05,12.22,3.89,8.06,1.78,21100.0,0.0
2021-05-06,16.67,3.89,10.28,0.0,20000.0,0.0
2021-05-07,13.89,3.89,8.89,0.0,19000.0,0.0
2021-05-08,14.44,5.0,9.72,0.0,18400.0,0.0
2021-05-09,16.11,5.0,10.56,0.0,17600.0,0.0
2021-05-10,12.78,4.44,8.61,0.0,16700.0,0.0
2021-05-11,17.22,2.22,9.72,0.0,15900.0,0.0
2021-05-12,20.56,6.67,13.61,0.0,14600.0,0.0
2021-05-13,21.11,9.44,15.27,0.0,14300.0,0.0
2021-05-14,18.89,12.78,15.84,0.25,13600.0,0.0
2021-05-15,23.89,10.56,17.23,0.0,12700.0,0.0
2021-05-16,23.33,11.11,17.22,0.0,12300.0,0.0
2021-05-17,26.11,11.67,18.89,0.0,12200.0,0.0
2021-05-18,23.33,14.44,18.88,0.76,12100.0,0.0
2021-05-19,23.89,16.67,20.28,19.05,12300.0,1.0
2021-05-20,23.33,18.33,20.83,2.54,13300.0,1.0
2021-05-21,26.67,17.0,21.84,14.99,14500.0,1.0
2021-05-22,28.33,20.0,24.16,0.0,14900.0,1.0
2021-05-23,25.56,18.89,22.22,0.0,14500.0,0.0
2021-05-24,30.0,19.44,24.72,7.62,14400.0,0.0
2021-05-25,30.0,17.78,23.89,10.92,14200.0,0.0
2021-05-26,18.33,12.78,15.56,0.0,14000.0,0.0
2021-05-27,13.33,5.56,9.44,24.89,15100.0,1.0
2021-05-28,15.56,3.89,9.72,0.25,14600.0,0.0
2021-05-29,18.33,6.11,12.22,0.25,15300.0,1.0
2021-05-30,16.11,12.22,14.16,0.0,15100.0,0.0
2021-05-31,25.0,11.11,18.06,0.0,15300.0,1.0
2021-06-01,25.56,12.78,19.17,0.0,15400.0,1.0
2021-06-02,28.33,16.11,22.22,0.0,15600.0,1.0
2021-06-03,32.22,21.11,26.66,0.0,15100.0,0.0
2021-06-04,36.11,22.78,29.44,0.0,14100.0,0.0
2021-06-05,37.22,25.56,31.39,0.0,13600.0,0.0
2021-06-06,33.33,24.44,28.88,0.0,13100.0,0.0
2021-06-07,34.44,23.33,28.88,0.0,11700.0,0.0
2021-06-08,35.0,26.11,30.56,0.0,11500.0,0.0
2021-06-09,35.0,23.89,29.44,10.16,11100.0,0.0
2021-06-10,36.11,23.89,30.0,0.0,10500.0,0.0
2021-06-11,31.67,23.89,27.78,0.0,10300.0,0.0
2021-06-12,30.0,19.44,24.72,0.0,9920.0,0.0
2021-06-13,35.56,17.78,26.67,0.0,8750.0,0.0
2021-06-14,30.56,16.67,23.62,0.0,9150.0,1.0
2021-06-15,27.78,17.22,22.5,0.0,7790.0,0.0
2021-06-16,31.11,17.22,24.16,0.0,7270.0,0.0
2021-06-17,31.67,22.78,27.22,0.0,7760.0,1.0
2021-06-18,32.78,18.33,25.56,0.0,6950.0,0.0
2021-06-19,26.67,17.22,21.94,0.0,6340.0,0.0
2021-06-20,22.78,16.11,19.44,17.78,6890.0,1.0
2021-06-21,19.44,11.67,15.56,0.0,5610.0,0.0
2021-06-22,23.89,11.11,17.5,0.0,5870.0,1.0
2021-06-23,30.56,14.44,22.5,0.0,5840.0,0.0
2021-06-24,31.67,23.33,27.5,0.0,4950.0,0.0
2021-06-25,30.0,18.89,24.44,0.0,4320.0,0.0
2021-06-26,24.44,20.56,22.5,3.56,4720.0,1.0
2021-06-27,27.78,18.33,23.06,17.78,4880.0,1.0
2021-06-28,27.78,18.33,23.06,3.05,5340.0,1.0
2021-06-29,28.33,19.44,23.88,0.0,6080.0,1.0
2021-06-30,30.0,19.44,24.72,0.0,6940.0,1.0
2021-07-01,30.0,20.56,25.28,0.0,6500.0,0.0
2021-07-02,29.44,16.67,23.06,0.0,5410.0,0.0
2021-07-03,30.56,20.0,25.28,0.0,4970.0,0.0
2021-07-04,34.44,23.89,29.16,0.0,4480.0,0.0
2021-07-05,35.0,23.89,29.44,0.0,4870.0,1.0
2021-07-06,27.78,15.0,21.39,10.92,5250.0,1.0
2021-07-07,18.89,13.33,16.11,0.0,5440.0,1.0
2021-07-08,22.78,12.22,17.5,0.0,4930.0,0.0
2021-07-09,25.0,16.67,20.84,0.0,4340.0,0.0
2021-07-10,26.67,17.78,22.22,0.0,4030.0,0.0
2021-07-11,29.44,17.22,23.33,0.0,4410.0,1.0
2021-07-12,28.33,16.67,22.5,0.0,4160.0,0.0
2021-07-13,30.56,18.33,24.44,0.0,3890.0,0.0
2021-07-14,24.44,18.33,21.38,5.59,4490.0,1.0
2021-07-15,27.78,16.11,21.94,0.0,4040.0,0.0
2021-07-16,29.44,17.78,23.61,0.0,4320.0,1.0
2021-07-17,30.0,18.33,24.16,0.0,4190.0,0.0
2021-07-18,30.56,19.44,25.0,0.0,4240.0,1.0
2021-07-19,31.11,20.0,25.56,0.0,3920.0,0.0
2021-07-20,31.67,21.11,26.39,0.0,3680.0,0.0
2021-07-21,28.33,18.89,23.61,0.0,3510.0,0.0
2021-07-22,29.44,21.67,25.56,1.52,3670.0,1.0
2021-07-23,33.89,23.33,28.61,0.0,3610.0,0.0
2021-07-24,33.89,23.33,28.61,0.51,3640.0,1.0
2021-07-25,33.33,18.89,26.11,0.0,3210.0,0.0
2021-07-26,32.22,21.67,26.94,1.52,3220.0,1.0
2021-07-27,33.33,24.44,28.88,0.0,3240.0,1.0
2021-07-28,33.33,21.67,27.5,2.03,3400.0,1.0
2021-07-29,29.44,21.11,25.28,0.0,3420.0,1.0
2021-07-30,26.11,18.33,22.22,0.0,3170.0,0.0
2021-07-31,30.56,16.11,23.34,0.0,3100.0,0.0
2021-08-01,27.22,17.22,22.22,0.0,2970.0,0.0
2021-08-02,27.22,17.22,22.22,0.0,2830.0,0.0
2021-08-03,29.44,17.22,23.33,0.0,2990.0,1.0
2021-08-04,28.33,18.89,23.61,0.0,2850.0,0.0
2021-08-05,27.78,20.56,24.17,9.91,2850.0,0.0
2021-08-06,29.44,20.0,24.72,0.0,2840.0,0.0
2021-08-07,22.78,19.0,20.89,22.1,3310.0,1.0
2021-08-08,26.11,20.56,23.34,30.99,3470.0,1.0
2021-08-09,30.0,20.0,25.0,0.0,3120.0,0.0
2021-08-10,30.56,23.33,26.94,0.0,3100.0,0.0
2021-08-11,28.89,21.67,25.28,0.0,3040.0,0.0
2021-08-12,27.22,20.0,23.61,0.25,3130.0,1.0
2021-08-13,26.11,15.0,20.56,0.0,2860.0,0.0
2021-08-14,29.44,14.44,21.94,0.0,2930.0,1.0
2021-08-15,29.44,18.33,23.88,0.0,2800.0,0.0
2021-08-16,28.89,16.67,22.78,0.0,2630.0,0.0
2021-08-17,30.56,17.78,24.17,0.0,2420.0,0.0
2021-08-18,32.22,20.56,26.39,0.0,2520.0,1.0
2021-08-19,32.22,21.11,26.66,0.0,2370.0,0.0
2021-08-20,32.22,21.67,26.94,2.54,2460.0,1.0
2021-08-21,23.33,17.22,20.27,0.0,2110.0,0.0
2021-08-22,26.11,13.33,19.72,1.02,2260.0,1.0
2021-08-23,32.22,18.33,25.28,0.0,3070.0,1.0
2021-08-24,26.67,18.33,22.5,32.26,3950.0,1.0
2021-08-25,28.33,20.56,24.44,0.0,4200.0,1.0
2021-08-26,22.22,17.22,19.72,40.39,4970.0,1.0
2021-08-27,23.89,20.0,21.94,14.73,5780.0,1.0
2021-08-28,28.33,20.56,24.44,16.51,4740.0,0.0
2021-08-29,27.22,19.44,23.33,4.06,5720.0,1.0
2021-08-30,27.78,16.67,22.22,0.0,4660.0,0.0
2021-08-31,26.11,17.78,21.94,0.0,4710.0,1.0
2021-09-01,25.56,16.11,20.84,0.0,5090.0,1.0
2021-09-02,20.56,16.11,18.34,3.56,5670.0,1.0
2021-09-03,17.22,15.56,16.39,20.83,6910.0,1.0
2021-09-04,25.56,16.11,20.84,0.0,6050.0,0.0
2021-09-05,25.56,14.44,20.0,0.0,5350.0,0.0
2021-09-06,27.22,13.33,20.27,0.0,4890.0,0.0
2021-09-07,25.56,18.33,21.94,0.0,4920.0,1.0
2021-09-08,23.89,15.0,19.44,0.0,4760.0,0.0
2021-09-09,23.33,12.78,18.06,0.0,4930.0,1.0
2021-09-10,27.22,13.89,20.56,0.0,4760.0,0.0
2021-09-11,25.56,18.33,21.94,0.0,4850.0,1.0
2021-09-12,22.22,13.89,18.06,0.0,4160.0,0.0
2021-09-13,24.44,11.67,18.06,3.56,3610.0,0.0
2021-09-14,21.67,15.0,18.34,0.0,4130.0,1.0
2021-09-15,25.0,11.11,18.06,0.0,4180.0,1.0
2021-09-16,31.11,19.44,25.28,0.0,4030.0,0.0
2021-09-17,25.56,13.89,19.73,6.1,4250.0,1.0
2021-09-18,25.56,10.0,17.78,0.0,4340.0,1.0
2021-09-19,31.67,18.89,25.28,0.0,3970.0,0.0
2021-09-20,24.44,13.33,18.89,2.54,4550.0,1.0
2021-09-21,18.89,11.67,15.28,0.0,4390.0,0.0
2021-09-22,21.11,8.33,14.72,0.0,4870.0,1.0
2021-09-23,22.78,10.0,16.39,0.0,5420.0,1.0
2021-09-24,16.11,10.56,13.34,1.02,5170.0,0.0
2021-09-25,20.56,6.67,13.61,0.0,5080.0,0.0
2021-09-26,27.78,11.11,19.44,0.0,5700.0,1.0
2021-09-27,25.0,13.89,19.44,0.0,5610.0,0.0
2021-09-28,27.22,13.33,20.27,0.0,5460.0,0.0
2021-09-29,29.44,15.0,22.22,0.0,4610.0,0.0
2021-09-30,27.22,17.22,22.22,0.0,4330.0,0.0
2021-10-01,26.11,17.78,21.94,0.25,4230.0,0.0
2021-10-02,22.78,18.33,20.56,6.6,6190.0,1.0
2021-10-03,22.22,13.33,17.77,0.0,6900.0,1.0
2021-10-04,22.22,11.11,16.66,0.0,5480.0,0.0
2021-10-05,23.89,12.22,18.06,0.0,5510.0,1.0
2021-10-06,23.33,13.89,18.61,0.0,5630.0,1.0
2021-10-07,21.67,16.67,19.17,0.0,5600.0,0.0
2021-10-08,22.22,17.22,19.72,0.0,5810.0,1.0
2021-10-09,25.56,16.67,21.12,0.0,5780.0,0.0
2021-10-10,21.11,12.22,16.66,0.0,5890.0,1.0
2021-10-11,21.67,10.0,15.84,0.0,6270.0,1.0
2021-10-12,17.78,13.89,15.84,0.0,6480.0,1.0
2021-10-13,17.78,13.33,15.56,0.25,6080.0,0.0
2021-10-14,13.33,8.33,10.83,0.0,6950.0,1.0
2021-10-15,11.67,5.56,8.62,0.25,7280.0,1.0
2021-10-16,16.67,3.33,10.0,0.0,7200.0,0.0
2021-10-17,20.0,4.44,12.22,0.0,7410.0,1.0
2021-10-18,25.56,8.33,16.94,0.0,7060.0,0.0
2021-10-19,23.33,10.56,16.94,0.0,7580.0,1.0
2021-10-20,15.0,9.44,12.22,17.27,7570.0,0.0
2021-10-21,10.0,3.33,6.66,1.27,8540.0,1.0
2021-10-22,10.0,1.11,5.56,0.0,8490.0,0.0
2021-10-23,10.56,0.0,5.28,0.0,7820.0,0.0
2021-10-24,9.44,3.89,6.66,0.0,7360.0,0.0
2021-10-25,11.11,2.22,6.66,0.0,7240.0,0.0
2021-10-26,13.89,4.44,9.17,0.0,7570.0,1.0
2021-10-27,11.67,8.33,10.0,8.13,7810.0,1.0
2021-10-28,9.44,7.78,8.61,13.72,7850.0,1.0
2021-10-29,14.44,5.0,9.72,0.0,8440.0,1.0
2021-10-30,14.44,2.22,8.33,0.0,9530.0,1.0
2021-10-31,9.44,2.22,5.83,0.0,10500.0,1.0
2021-11-01,6.11,0.0,3.06,0.0,11400.0,1.0
2021-11-02,6.11,0.0,3.06,0.0,12000.0,1.0
2021-11-03,7.22,0.56,3.89,0.0,11600.0,0.0
2021-11-04,10.56,-1.11,4.73,0.0,11400.0,0.0
2021-11-05,15.0,3.33,9.16,0.0,11500.0,1.0
2021-11-06,19.44,7.22,13.33,0.0,11000.0,0.0
2021-11-07,16.11,6.67,11.39,0.0,10600.0,0.0
2021-11-08,13.33,5.56,9.44,0.0,10500.0,0.0
2021-11-09,13.33,0.56,6.94,0.0,10500.0,0.0
2021-11-10,12.22,2.22,7.22,6.86,10100.0,0.0
2021-11-11,6.11,1.67,3.89,10.41,9800.0,0.0
2021-11-12,3.89,0.56,2.22,1.52,10700.0,1.0
2021-11-13,1.11,-1.11,0.0,2.03,10500.0,0.0
2021-11-14,1.11,-1.11,0.0,0.0,10800.0,1.0
2021-11-15,1.67,-1.72,-0.03,0.0,10500.0,0.0
2021-11-16,7.22,-1.11,3.06,0.0,10600.0,1.0
2021-11-17,5.0,-0.61,2.19,0.0,10600.0,0.0
2021-11-18,0.0,-4.39,-2.19,0.0,10100.0,0.0
2021-11-19,4.44,-6.72,-1.14,0.0,10500.0,1.0
2021-11-20,6.67,0.0,3.34,0.0,10200.0,0.0
2021-11-21,3.33,-6.72,-1.69,0.0,9940.0,0.0
2021-11-22,-1.11,-8.28,-4.69,0.0,9470.0,0.0
2021-11-23,11.67,-3.89,3.89,0.0,8920.0,0.0
2021-11-24,9.44,-3.28,3.08,0.0,9050.0,1.0
2021-11-25,-4.39,-10.0,-7.2,0.0,8690.0,0.0
2021-11-26,0.56,-8.28,-3.86,0.0,8200.0,0.0
2021-11-27,5.0,-2.78,1.11,0.0,7940.0,0.0
2021-11-28,3.89,-3.89,0.0,0.0,7220.0,0.0
2021-11-29,10.56,0.0,5.28,0.0,7610.0,1.0
2021-11-30,6.67,-0.61,3.03,0.76,8030.0,1.0
2021-12-01,10.56,2.22,6.39,3.3,7930.0,0.0
2021-12-02,10.0,2.78,6.39,0.76,7880.0,0.0
2021-12-03,6.11,-0.61,2.75,0.51,7860.0,0.0
2021-12-04,1.11,-2.78,-0.83,2.79,7640.0,0.0
2021-12-05,3.33,-2.22,0.55,0.25,8350.0,1.0
2021-12-06,-2.22,-15.56,-8.89,0.0,8080.0,0.0
2021-12-07,-9.0,-15.0,-12.0,2.79,5330.0,0.0
2021-12-08,-5.0,-15.56,-10.28,0.0,3890.0,0.0
2021-12-09,4.44,-4.39,0.03,0.0,4190.0,1.0
2021-12-10,-1.0,-3.28,-2.14,17.27,4640.0,1.0
2021-12-11,-1.72,-5.61,-3.66,1.02,5340.0,1.0
2021-12-12,2.22,-4.39,-1.08,0.0,5840.0,1.0
2021-12-13,4.44,-3.89,0.28,0.0,5960.0,1.0
2021-12-14,4.44,-1.11,1.66,0.0,6580.0,1.0
2021-12-15,14.44,4.44,9.44,6.86,7860.0,1.0
2021-12-16,5.56,-9.39,-1.92,0.0,8710.0,1.0
2021-12-17,-7.22,-11.11,-9.16,0.0,8130.0,0.0
2021-12-18,-5.61,-12.78,-9.2,2.79,7660.0,0.0
2021-12-19,-1.11,-13.28,-7.19,0.0,6470.0,0.0
2021-12-20,-2.22,-11.11,-6.66,0.0,7320.0,1.0
2021-12-21,-6.11,-13.28,-9.7,1.27,7090.0,0.0
2021-12-22,-4.39,-13.89,-9.14,0.0,6500.0,0.0
2021-12-23,3.33,-5.61,-1.14,0.0,7590.0,1.0
2021-12-24,6.11,-1.72,2.2,0.0,8690.0,1.0
2021-12-25,-2.78,-7.78,-5.28,0.0,9020.0,1.0
2021-12-26,-0.61,-10.61,-5.61,5.33,8610.0,0.0
2021-12-27,1.11,-14.44,-6.66,1.27,8440.0,0.0
2021-12-28,-6.11,-17.78,-11.94,3.3,6340.0,0.0
2021-12-29,-12.22,-21.67,-16.94,0.0,5740.0,0.0
2021-12-30,-2.78,-14.44,-8.61,0.25,5480.0,0.0
2021-12-31,-5.61,-17.22,-11.42,0.0,6700.0,1.0
2022-01-01,-18.28,-23.89,-21.08,0.0,5640.0,0.0
2022-01-02,-16.11,-25.61,-20.86,0.0,5220.0,0.0
2022-01-03,-3.89,-16.11,-10.0,0.0,5900.0,1.0
2022-01-04,-0.61,-8.89,-4.75,0.0,6500.0,1.0
2022-01-05,-6.11,-16.11,-11.11,2.79,6930.0,1.0
2022-01-06,-16.72,-22.78,-19.75,0.25,5620.0,0.0
2022-01-07,-11.72,-27.22,-19.47,0.0,5080.0,0.0
2022-01-08,-2.22,-15.0,-8.61,0.0,5350.0,1.0
2022-01-09,-15.0,-20.0,-17.5,0.0,5940.0,1.0
2022-01-10,-15.56,-22.22,-18.89,0.0,5370.0,0.0
2022-01-11,2.78,-16.11,-6.66,0.0,5760.0,1.0
2022-01-12,4.44,-1.72,1.36,0.0,6300.0,1.0
2022-01-13,0.56,-3.28,-1.36,0.0,6590.0,1.0
2022-01-14,-3.28,-12.22,-7.75,6.35,6010.0,0.0
2022-01-15,-9.39,-16.11,-12.75,0.0,5460.0,0.0
2022-01-16,-2.78,-12.78,-7.78,0.0,5610.0,1.0
2022-01-17,-1.11,-7.78,-4.44,0.0,5280.0,0.0
2022-01-18,5.56,-12.78,-3.61,0.0,5890.0,1.0
2022-01-19,-13.28,-20.56,-16.92,0.0,5570.0,0.0
2022-01-20,-16.11,-23.28,-19.7,0.0,4320.0,0.0
2022-01-21,-5.0,-22.22,-13.61,1.78,4790.0,1.0
2022-01-22,-4.39,-13.89,-9.14,2.79,4990.0,1.0
2022-01-23,-13.0,-21.67,-17.34,1.27,4980.0,0.0
2022-01-24,-11.72,-20.56,-16.14,0.51,5200.0,1.0
2022-01-25,-15.56,-25.0,-20.28,0.0,4660.0,0.0
2022-01-26,-2.22,-26.72,-14.47,0.0,4360.0,0.0
2022-01-27,0.0,-13.89,-6.94,0.76,4430.0,1.0
2022-01-28,-11.11,-20.0,-15.56,0.0,4670.0,1.0
2022-01-29,-2.78,-14.44,-8.61,0.0,5060.0,1.0
2022-01-30,-5.0,-10.0,-7.5,0.0,5500.0,1.0
2022-01-31,-0.61,-11.72,-6.16,0.0,5640.0,1.0
2022-02-01,1.67,-16.11,-7.22,0.0,5820.0,1.0
2022-02-02,-14.44,-19.44,-16.94,0.0,4950.0,0.0
2022-02-03,-14.44,-22.78,-18.61,0.0,4800.0,0.0
2022-02-04,-13.28,-19.44,-16.36,0.76,4580.0,0.0
2022-02-05,-5.61,-19.44,-12.52,0.0,4090.0,0.0
2022-02-06,-5.0,-16.11,-10.56,0.76,4520.0,1.0
2022-02-07,-7.22,-18.28,-12.75,0.0,4400.0,0.0
2022-02-08,6.11,-10.0,-1.94,0.0,4830.0,1.0
2022-02-09,1.67,-6.72,-2.52,0.0,5430.0,1.0
2022-02-10,4.44,-11.0,-3.28,2.03,5060.0,0.0
2022-02-11,2.78,-16.11,-6.66,0.51,5560.0,1.0
2022-02-12,-15.56,-21.67,-18.62,0.51,4330.0,0.0
2022-02-13,-13.89,-20.56,-17.23,0.76,4390.0,1.0
2022-02-14,-8.28,-15.0,-11.64,0.51,4990.0,1.0
2022-02-15,-0.61,-11.11,-5.86,0.0,4490.0,0.0
2022-02-16,-2.22,-9.39,-5.81,0.0,4940.0,1.0
2022-02-17,-12.22,-18.89,-15.56,0.0,4510.0,0.0
2022-02-18,2.22,-16.72,-7.25,0.51,4800.0,1.0
2022-02-19,-2.78,-18.28,-10.53,0.0,4450.0,0.0
2022-02-20,6.11,-3.89,1.11,0.0,5440.0,1.0
2022-02-21,-3.89,-9.39,-6.64,0.0,5150.0,0.0
2022-02-22,-10.0,-16.72,-13.36,9.91,4690.0,0.0
2022-02-23,-11.72,-20.56,-16.14,0.0,4450.0,0.0
2022-02-24,-11.72,-19.44,-15.58,3.56,4830.0,1.0
2022-02-25,-8.28,-16.11,-12.2,0.0,5020.0,1.0
2022-02-26,2.22,-15.0,-6.39,0.0,5060.0,1.0
2022-02-27,1.11,-10.0,-4.44,0.0,5160.0,1.0
2022-02-28,6.11,-5.61,0.25,0.0,5580.0,1.0
2022-03-01,4.44,-1.11,1.66,0.0,5680.0,1.0
2022-03-02,0.56,-5.0,-2.22,0.25,5410.0,0.0
2022-03-03,-3.89,-8.89,-6.39,0.0,5310.0,0.0
2022-03-04,2.22,-5.61,-1.7,0.0,5550.0,1.0
2022-03-05,2.0,-0.61,0.7,20.32,6600.0,1.0
2022-03-06,-0.61,-5.61,-3.11,8.64,6770.0,1.0
2022-03-07,-1.72,-8.89,-5.31,0.0,6180.0,0.0
2022-03-08,2.78,-5.0,-1.11,0.0,6380.0,1.0
2022-03-09,-5.0,-11.72,-8.36,0.0,6800.0,1.0
2022-03-10,-3.28,-13.28,-8.28,0.0,7120.0,1.0
2022-03-11,-5.0,-16.72,-10.86,0.0,7180.0,1.0
2022-03-12,-1.11,-18.28,-9.7,0.0,6800.0,0.0
2022-03-13,6.11,-4.39,0.86,0.0,7630.0,1.0
2022-03-14,3.33,-1.0,1.16,1.52,7380.0,0.0
2022-03-15,10.56,-3.89,3.34,0.0,7830.0,1.0
2022-03-16,12.78,3.89,8.33,0.0,8660.0,1.0
2022-03-17,8.89,2.22,5.56,0.0,9320.0,1.0
2022-03-18,7.78,0.56,4.17,0.0,9650.0,1.0
2022-03-19,11.11,-3.28,3.92,0.0,10400.0,1.0
2022-03-20,15.0,-0.61,7.2,0.0,11700.0,1.0
2022-03-21,17.78,8.89,13.34,0.0,13500.0,1.0
2022-03-22,7.78,2.22,5.0,22.35,16700.0,1.0
2022-03-23,2.22,0.0,1.11,2.29,20000.0,1.0
2022-03-24,6.67,0.56,3.62,0.0,23000.0,1.0
2022-03-25,5.0,-3.28,0.86,0.25,26400.0,1.0
2022-03-26,0.0,-7.22,-3.61,0.0,27100.0,1.0
2022-03-27,-0.61,-10.0,-5.3,0.0,28100.0,1.0
2022-03-28,3.33,-7.22,-1.94,0.0,29500.0,1.0
2022-03-29,6.11,1.11,3.61,4.83,30500.0,1.0
2022-03-30,1.67,0.0,0.84,14.48,30100.0,0.0
2022-03-31,1.67,-2.22,-0.28,0.0,28500.0,0.0
2022-04-01,6.67,-3.89,1.39,0.0,27600.0,0.0
2022-04-02,10.56,2.22,6.39,0.0,25600.0,0.0
2022-04-03,5.0,-1.11,1.94,8.64,23300.0,0.0
2022-04-04,7.22,0.56,3.89,0.25,22100.0,0.0
2022-04-05,7.22,1.11,4.16,8.64,21800.0,0.0
2022-04-06,4.44,0.56,2.5,5.59,21600.0,0.0
2022-04-07,3.33,-1.11,1.11,3.81,24000.0,1.0
2022-04-08,8.89,-0.61,4.14,0.0,27700.0,1.0
2022-04-09,12.22,-1.72,5.25,0.0,28900.0,1.0
2022-04-10,15.56,2.78,9.17,0.0,29700.0,1.0
2022-04-11,15.0,3.33,9.16,0.0,30600.0,1.0
2022-04-12,13.33,5.56,9.44,13.97,30900.0,1.0
2022-04-13,8.33,0.0,4.16,3.81,32700.0,1.0
2022-04-14,2.22,-2.22,0.0,0.25,33600.0,1.0
2022-04-15,1.11,-5.61,-2.25,0.0,33200.0,0.0
2022-04-16,5.56,-3.89,0.83,0.0,32800.0,0.0
2022-04-17,6.67,-2.78,1.94,2.03,33400.0,1.0
2022-04-18,2.78,-1.72,0.53,0.25,33300.0,0.0
2022-04-19,8.33,-3.28,2.53,0.0,33100.0,0.0
2022-04-20,7.22,5.56,6.39,15.75,32900.0,0.0
2022-04-21,13.33,2.78,8.06,0.0,32600.0,0.0
2022-04-22,11.67,5.56,8.62,5.08,32300.0,0.0
2022-04-23,22.78,11.67,17.23,7.11,32500.0,1.0
2022-04-24,13.33,2.78,8.06,0.0,33800.0,1.0
2022-04-25,2.78,-0.61,1.08,0.0,34200.0,1.0
2022-04-26,6.11,-2.22,1.94,0.0,34900.0,1.0
2022-04-27,10.56,0.0,5.28,0.0,35300.0,1.0
2022-04-28,10.56,2.78,6.67,0.0,35500.0,1.0
2022-04-29,15.56,7.78,11.67,3.05,35300.0,0.0
2022-04-30,11.67,8.33,10.0,23.11,36000.0,1.0
2022-05-01,8.33,5.0,6.66,2.54,37400.0,1.0
2022-05-02,10.0,3.89,6.94,0.0,40000.0,1.0
2022-05-03,14.44,6.67,10.56,0.0,42500.0,1.0
2022-05-04,17.22,4.44,10.83,0.0,44300.0,1.0
2022-05-05,17.78,8.33,13.06,0.0,45300.0,1.0
2022-05-06,21.67,7.78,14.73,0.0,45600.0,1.0
2022-05-07,23.33,10.56,16.94,0.0,45300.0,0.0
2022-05-08,17.78,11.67,14.73,0.76,44300.0,0.0
2022-05-09,30.56,14.44,22.5,0.25,43200.0,0.0
2022-05-10,26.67,15.0,20.84,0.0,42000.0,0.0
2022-05-11,25.56,17.22,21.39,49.28,41600.0,0.0
2022-05-12,33.33,15.0,24.16,1.02,44800.0,1.0
2022-05-13,23.89,16.67,20.28,0.25,47800.0,1.0
2022-05-14,23.33,15.0,19.16,0.0,54100.0,1.0
2022-05-15,23.89,12.22,18.06,0.0,58600.0,1.0
2022-05-16,21.67,12.78,17.23,0.0,61200.0,1.0
2022-05-17,21.67,10.56,16.12,2.03,63500.0,1.0
2022-05-18,22.78,13.33,18.06,0.25,65800.0,1.0
2022-05-19,22.22,12.22,17.22,0.0,67700.0,1.0
2022-05-20,18.89,8.89,13.89,1.27,68500.0,1.0
2022-05-21,12.22,6.67,9.44,0.0,68300.0,0.0
2022-05-22,14.44,5.0,9.72,0.0,68500.0,1.0
2022-05-23,18.33,6.67,12.5,0.0,68300.0,0.0
2022-05-24,20.56,11.11,15.84,0.0,67300.0,0.0
2022-05-25,13.33,8.89,11.11,14.48,66100.0,0.0
2022-05-26,16.11,8.33,12.22,0.0,63800.0,0.0
2022-05-27,23.89,7.22,15.56,0.0,60900.0,0.0
2022-05-28,32.22,15.56,23.89,1.52,57900.0,0.0
2022-05-29,27.78,18.89,23.34,0.25,55100.0,0.0
2022-05-30,31.11,18.89,25.0,10.67,52600.0,0.0
2022-05-31,22.78,14.44,18.61,0.0,50400.0,0.0
2022-06-01,20.56,11.11,15.84,0.0,48900.0,0.0
2022-06-02,25.56,11.67,18.61,0.0,48000.0,0.0
2022-06-03,21.11,11.67,16.39,0.0,47100.0,0.0
2022-06-04,21.11,14.44,17.77,0.0,46500.0,0.0
2022-06-05,20.56,14.44,17.5,2.79,45900.0,0.0
2022-06-06,23.89,14.44,19.16,3.56,45000.0,0.0
2022-06-07,21.11,15.0,18.06,0.0,43600.0,0.0
2022-06-08,26.11,13.89,20.0,0.0,42100.0,0.0
2022-06-09,27.22,13.89,20.56,0.0,40800.0,0.0
2022-06-10,26.11,16.67,21.39,0.0,39100.0,0.0
2022-06-11,27.22,18.33,22.78,0.76,37200.0,0.0
2022-06-12,25.56,17.0,21.28,0.0,36100.0,0.0
2022-06-13,26.11,20.0,23.06,3.05,34900.0,0.0
2022-06-14,35.0,22.22,28.61,0.0,33900.0,0.0
2022-06-15,25.56,18.33,21.94,9.14,33000.0,0.0
2022-06-16,27.22,19.44,23.33,0.0,32700.0,0.0
2022-06-17,28.89,17.22,23.06,0.0,32700.0,0.0
2022-06-18,28.33,18.33,23.33,0.0,31900.0,0.0
2022-06-19,35.56,21.67,28.62,0.0,30800.0,0.0
2022-06-20,38.33,26.11,32.22,0.0,29000.0,0.0
2022-06-21,31.67,22.78,27.22,1.02,27300.0,0.0
2022-06-22,29.44,20.0,24.72,0.0,26200.0,0.0
2022-06-23,35.0,19.44,27.22,0.0,24800.0,0.0
2022-06-24,32.22,20.56,26.39,0.25,23800.0,0.0
2022-06-25,27.22,18.89,23.06,5.08,25900.0,1.0
2022-06-26,24.44,15.56,20.0,0.0,26600.0,1.0
2022-06-27,29.44,14.44,21.94,0.0,28300.0,1.0
2022-06-28,30.0,18.89,24.44,0.51,28400.0,1.0
2022-06-29,33.33,16.11,24.72,0.0,26700.0,0.0
2022-06-30,33.33,22.22,27.78,2.54,25200.0,0.0
2022-07-01,29.44,18.33,23.88,0.0,24300.0,0.0
2022-07-02,25.0,19.44,22.22,0.76,23700.0,0.0
2022-07-03,28.89,18.33,23.61,0.0,22800.0,0.0
2022-07-04,30.56,21.11,25.84,7.37,22200.0,0.0
2022-07-05,31.67,21.67,26.67,0.0,21500.0,0.0
2022-07-06,27.22,19.44,23.33,0.0,20700.0,0.0
2022-07-07,29.44,21.67,25.56,0.25,20100.0,0.0
2022-07-08,28.33,22.22,25.28,1.52,19700.0,0.0
2022-07-09,28.89,19.44,24.16,0.0,19600.0,0.0
2022-07-10,28.89,21.67,25.28,1.02,19200.0,0.0
2022-07-11,30.56,20.56,25.56,0.0,18600.0,0.0
2022-07-12,30.56,17.78,24.17,9.65,18300.0,0.0
2022-07-13,26.11,16.67,21.39,0.0,18100.0,0.0
2022-07-14,30.0,17.22,23.61,0.0,16600.0,0.0
2022-07-15,31.11,21.11,26.11,1.78,15600.0,0.0
2022-07-16,29.44,21.67,25.56,0.0,14800.0,0.0
2022-07-17,30.0,22.78,26.39,0.0,13900.0,0.0
2022-07-18,35.0,23.33,29.16,0.0,13700.0,0.0
2022-07-19,32.22,24.44,28.33,0.0,13000.0,0.0
2022-07-20,31.67,22.78,27.22,0.0,12500.0,0.0
2022-07-21,30.56,23.33,26.94,0.0,12300.0,0.0
2022-07-22,33.89,22.78,28.34,0.0,11700.0,0.0
2022-07-23,26.67,21.67,24.17,4.83,11200.0,0.0
2022-07-24,26.67,18.89,22.78,0.0,11100.0,0.0
2022-07-25,25.0,15.56,20.28,0.0,10400.0,0.0
2022-07-26,25.0,18.33,21.66,2.54,10200.0,0.0
2022-07-27,28.89,17.22,23.06,0.0,10100.0,0.0
2022-07-28,24.44,15.56,20.0,0.0,10300.0,1.0
2022-07-29,26.67,15.56,21.12,0.0,9700.0,0.0
2022-07-30,30.56,17.22,23.89,0.0,9120.0,0.0
2022-07-31,30.0,19.44,24.72,0.25,9160.0,1.0
2022-08-01,29.44,18.89,24.16,0.0,8890.0,0.0
2022-08-02,34.44,18.33,26.38,4.06,8420.0,0.0
2022-08-03,31.67,21.11,26.39,0.0,8420.0,0.0
2022-08-04,28.89,16.11,22.5,0.0,7900.0,0.0
2022-08-05,32.22,20.56,26.39,0.0,7670.0,0.0
2022-08-06,26.67,21.67,24.17,14.48,8000.0,1.0
2022-08-07,24.44,16.11,20.27,19.56,8280.0,1.0
2022-08-08,25.0,13.89,19.44,0.0,9460.0,1.0
2022-08-09,28.33,16.11,22.22,0.0,9140.0,0.0
2022-08-10,30.56,19.44,25.0,0.0,8850.0,0.0
2022-08-11,27.78,19.44,23.61,0.0,8270.0,0.0
2022-08-12,22.78,16.67,19.73,24.13,9580.0,1.0
2022-08-13,22.22,17.22,19.72,0.0,9480.0,0.0
2022-08-14,21.67,14.44,18.06,0.0,9300.0,0.0
2022-08-15,24.44,16.11,20.27,0.0,8690.0,0.0
2022-08-16,27.22,18.89,23.06,0.0,8410.0,0.0
2022-08-17,28.33,19.44,23.88,4.57,8220.0,0.0
2022-08-18,27.22,17.22,22.22,5.84,8810.0,1.0
2022-08-19,25.0,16.67,20.84,6.6,9010.0,1.0
2022-08-20,23.89,17.78,20.84,0.0,8690.0,0.0
2022-08-21,28.33,16.67,22.5,0.0,8960.0,1.0
2022-08-22,27.78,16.67,22.22,0.0,8780.0,0.0
2022-08-23,28.33,16.67,22.5,0.0,8810.0,1.0
2022-08-24,26.67,21.11,23.89,0.0,8950.0,1.0
2022-08-25,26.11,18.89,22.5,0.0,8890.0,0.0
2022-08-26,26.67,16.11,21.39,0.0,8730.0,0.0
2022-08-27,26.11,18.89,22.5,22.35,8900.0,1.0
2022-08-28,26.67,20.0,23.34,6.86,9510.0,1.0
2022-08-29,26.11,19.44,22.78,0.0,9110.0,0.0
2022-08-30,26.11,15.56,20.84,0.0,8620.0,0.0
2022-08-31,31.11,17.22,24.16,0.0,8040.0,0.0
2022-09-01,31.11,20.56,25.84,0.0,8060.0,1.0
2022-09-02,31.11,21.11,26.11,0.0,8330.0,1.0
2022-09-03,24.44,15.0,19.72,0.0,7770.0,0.0
2022-09-04,23.89,11.67,17.78,0.0,7410.0,0.0
2022-09-05,24.44,14.44,19.44,0.0,7270.0,0.0
2022-09-06,28.33,16.11,22.22,0.0,7740.0,1.0
2022-09-07,30.0,20.0,25.0,0.0,7900.0,1.0
2022-09-08,30.0,21.67,25.84,0.0,7170.0,0.0
2022-09-09,24.44,15.56,20.0,2.79,7350.0,1.0
2022-09-10,22.78,15.0,18.89,0.0,7610.0,1.0
2022-09-11,23.33,10.56,16.94,0.0,7390.0,0.0
2022-09-12,25.0,10.56,17.78,0.0,7400.0,1.0
2022-09-13,26.67,12.78,19.73,0.0,7090.0,0.0
2022-09-14,25.56,13.89,19.73,0.0,6330.0,0.0
2022-09-15,30.56,18.33,24.44,0.0,6800.0,1.0
2022-09-16,24.44,18.33,21.38,1.02,6470.0,0.0
2022-09-17,27.78,18.89,23.34,0.0,6540.0,1.0
2022-09-18,22.78,16.11,19.44,0.0,6940.0,1.0
2022-09-19,27.22,12.22,19.72,0.0,6710.0,0.0
2022-09-20,32.78,18.89,25.84,0.0,6360.0,0.0
2022-09-21,21.11,12.22,16.66,0.0,5710.0,0.0
2022-09-22,17.22,8.33,12.77,0.0,6640.0,1.0
2022-09-23,13.33,10.56,11.94,2.03,6090.0,0.0
2022-09-24,20.0,11.67,15.84,0.0,5850.0,0.0
2022-09-25,21.11,11.67,16.39,0.0,5960.0,1.0
2022-09-26,17.78,8.33,13.06,0.0,6080.0,1.0
2022-09-27,15.56,6.67,11.12,0.0,6970.0,1.0
2022-09-28,16.11,2.78,9.44,0.0,6720.0,0.0
2022-09-29,21.11,7.22,14.16,0.0,6240.0,0.0
2022-09-30,21.67,10.56,16.12,0.25,6060.0,0.0
2022-10-01,21.11,13.89,17.5,0.0,5710.0,0.0
2022-10-02,23.33,12.78,18.06,0.0,5760.0,1.0
2022-10-03,24.44,13.89,19.16,0.0,6260.0,1.0
2022-10-04,25.56,13.89,19.73,0.0,6290.0,1.0
2022-10-05,22.78,15.0,18.89,0.0,6660.0,1.0
2022-10-06,16.11,7.22,11.66,0.0,5640.0,0.0
2022-10-07,8.89,3.89,6.39,0.76,5860.0,1.0
2022-10-08,17.78,1.11,9.44,0.0,5310.0,0.0
2022-10-09,20.0,6.11,13.06,0.0,5190.0,0.0
2022-10-10,21.67,7.22,14.44,0.0,4960.0,0.0
2022-10-11,26.67,12.78,19.73,0.0,5020.0,1.0
2022-10-12,19.0,6.67,12.84,1.78,5210.0,1.0
2022-10-13,7.22,2.22,4.72,0.0,5180.0,0.0
2022-10-14,5.56,0.0,2.78,1.52,5230.0,1.0
2022-10-15,12.22,-0.61,5.81,0.0,5230.0,0.0
2022-10-16,8.0,1.67,4.84,0.0,5100.0,0.0
2022-10-17,3.89,-1.72,1.08,0.0,5500.0,1.0
2022-10-18,6.11,-5.0,0.56,0.0,6010.0,1.0
2022-10-19,8.89,-4.39,2.25,0.0,5740.0,0.0
2022-10-20,15.56,1.67,8.62,0.0,5310.0,0.0
2022-10-21,20.0,9.44,14.72,0.0,5600.0,1.0
2022-10-22,25.0,5.56,15.28,0.0,4910.0,0.0
2022-10-23,25.0,15.0,20.0,0.0,5260.0,1.0
2022-10-24,21.11,7.78,14.44,2.03,5750.0,1.0
2022-10-25,10.0,3.33,6.66,0.0,5820.0,1.0
2022-10-26,10.56,1.67,6.12,0.0,5560.0,0.0
2022-10-27,13.33,5.0,9.16,0.0,5580.0,1.0
2022-10-28,16.67,6.67,11.67,0.0,5720.0,1.0
2022-10-29,19.44,5.56,12.5,0.0,5570.0,0.0
2022-10-30,18.89,6.67,12.78,0.0,5620.0,1.0
2022-10-31,17.78,3.33,10.56,0.0,6060.0,1.0
2022-11-01,21.11,5.56,13.34,0.0,6060.0,0.0
2022-11-02,23.89,11.67,17.78,0.0,5560.0,0.0
2022-11-03,17.78,10.0,13.89,4.32,5380.0,0.0
2022-11-04,8.89,3.33,6.11,2.03,5670.0,1.0
2022-11-05,6.0,0.0,3.0,0.25,5520.0,0.0
2022-11-06,10.56,2.22,6.39,1.78,5270.0,0.0
2022-11-07,2.22,-2.78,-0.28,0.0,5610.0,1.0
2022-11-08,9.44,1.67,5.56,7.87,5210.0,0.0
2022-11-09,18.89,8.89,13.89,14.22,5590.0,1.0
2022-11-10,20.0,-2.78,8.61,0.76,6580.0,1.0
2022-11-11,-0.61,-3.89,-2.25,0.0,6980.0,1.0
2022-11-12,-1.72,-2.78,-2.25,0.0,7380.0,1.0
2022-11-13,-1.72,-4.39,-3.06,0.0,7110.0,0.0
2022-11-14,-0.61,-3.89,-2.25,2.79,7500.0,1.0
2022-11-15,0.56,-1.11,-0.28,4.06,7860.0,1.0
2022-11-16,0.0,-6.11,-3.06,1.78,7900.0,1.0
2022-11-17,-2.22,-6.11,-4.16,0.51,7650.0,0.0
2022-11-18,-5.61,-7.78,-6.7,0.0,7360.0,0.0
2022-11-19,-5.0,-11.72,-8.36,0.0,6960.0,0.0
2022-11-20,-1.11,-11.72,-6.42,0.0,5530.0,0.0
2022-11-21,0.0,-6.11,-3.06,0.0,5330.0,0.0
2022-11-22,3.89,-6.11,-1.11,0.0,4990.0,0.0
2022-11-23,7.78,-4.39,1.7,0.0,5940.0,1.0
2022-11-24,6.11,-0.61,2.75,0.0,6680.0,1.0
2022-11-25,9.44,-2.22,3.61,0.0,7110.0,1.0
2022-11-26,11.67,3.89,7.78,0.0,7500.0,1.0
2022-11-27,5.56,-2.78,1.39,0.0,7670.0,1.0
2022-11-28,6.11,-3.28,1.42,0.0,7680.0,1.0
2022-11-29,0.56,-6.72,-3.08,20.57,7570.0,0.0
2022-11-30,-5.61,-11.72,-8.67,0.0,6830.0,0.0
2022-12-01,0.0,-12.78,-6.39,0.0,4950.0,0.0
2022-12-02,3.89,-10.0,-3.06,1.52,5030.0,1.0
2022-12-03,-10.0,-15.56,-12.78,0.0,4100.0,0.0
2022-12-04,1.11,-12.22,-5.56,0.0,3940.0,0.0
2022-12-05,-1.11,-8.89,-5.0,0.0,4170.0,1.0
2022-12-06,-1.72,-11.11,-6.42,0.0,3900.0,0.0
2022-12-07,-5.61,-11.72,-8.67,1.02,3990.0,1.0
2022-12-08,-2.22,-13.89,-8.06,0.0,3700.0,0.0
2022-12-09,0.56,-2.78,-1.11,0.0,3730.0,1.0
2022-12-10,1.67,-1.11,0.28,0.25,3820.0,1.0
2022-12-11,1.67,-1.11,0.28,0.0,4260.0,1.0
2022-12-12,2.22,-1.72,0.25,0.0,5100.0,1.0
2022-12-13,2.0,1.11,1.56,6.6,6050.0,1.0
2022-12-14,2.78,0.56,1.67,6.1,7030.0,1.0
2022-12-15,1.0,-0.61,0.2,13.21,6280.0,0.0
2022-12-16,-0.61,-4.39,-2.5,3.3,5970.0,0.0
2022-12-17,-4.39,-12.22,-8.3,0.76,5060.0,0.0
2022-12-18,-12.78,-17.78,-15.28,0.0,4150.0,0.0
2022-12-19,-10.61,-17.78,-14.2,1.27,3490.0,0.0
2022-12-20,-11.72,-22.22,-16.97,0.0,3480.0,0.0
2022-12-21,-17.22,-22.22,-19.72,10.67,3340.0,0.0
2022-12-22,-20.0,-23.89,-21.94,1.02,3380.0,1.0
2022-12-23,-18.89,-24.39,-21.64,0.0,3230.0,0.0
2022-12-24,-13.89,-20.56,-17.23,0.0,3510.0,1.0
2022-12-25,-13.28,-20.0,-16.64,0.0,3710.0,1.0
2022-12-26,-10.61,-16.72,-13.66,0.0,4110.0,1.0
2022-12-27,-3.28,-16.11,-9.7,0.0,4430.0,1.0
2022-12-28,2.78,-3.28,-0.25,0.0,4780.0,1.0
2022-12-29,2.22,-6.72,-2.25,0.51,5140.0,1.0
2022-12-30,-4.39,-8.89,-6.64,0.0,4690.0,0.0
2022-12-31,2.22,-6.72,-2.25,0.0,4870.0,1.0
2023-01-01,0.56,-5.61,-2.53,0.0,4930.0,1.0
2023-01-02,-3.28,-5.61,-4.44,0.51,4640.0,0.0
2023-01-03,-0.61,-4.39,-2.5,16.51,4860.0,1.0
2023-01-04,1.0,-1.11,-0.06,15.49,5140.0,1.0
2023-01-05,-1.11,-8.0,-4.56,0.25,4880.0,0.0
2023-01-06,-7.78,-15.0,-11.39,0.0,4410.0,0.0
2023-01-07,-6.72,-17.22,-11.97,0.0,4230.0,0.0
2023-01-08,-5.0,-16.11,-10.56,0.0,4010.0,0.0
2023-01-09,0.0,-12.78,-6.39,0.0,4220.0,1.0
2023-01-10,-2.22,-6.72,-4.47,0.0,4390.0,1.0
2023-01-11,0.56,-3.28,-1.36,1.78,4780.0,1.0
2023-01-12,0.0,-7.22,-3.61,0.0,4770.0,0.0
2023-01-13,-6.72,-10.0,-8.36,0.0,4250.0,0.0
2023-01-14,-0.61,-11.0,-5.8,0.0,4390.0,1.0
2023-01-15,2.78,-1.72,0.53,0.0,4610.0,1.0
2023-01-16,2.78,0.0,1.39,13.46,5510.0,1.0
2023-01-17,1.11,-0.61,0.25,0.51,5710.0,1.0
2023-01-18,0.56,-2.22,-0.83,0.0,5680.0,0.0
2023-01-19,0.0,-2.78,-1.39,4.06,6230.0,1.0
2023-01-20,-2.78,-7.78,-5.28,0.0,6010.0,0.0
2023-01-21,-4.0,-8.28,-6.14,0.0,5360.0,0.0
2023-01-22,-6.72,-9.39,-8.06,0.25,4750.0,0.0
2023-01-23,-0.61,-11.72,-6.16,0.0,4590.0,0.0
2023-01-24,-1.72,-10.0,-5.86,0.0,4490.0,0.0
2023-01-25,-2.22,-8.89,-5.56,0.76,4780.0,1.0
2023-01-26,-8.89,-16.72,-12.8,0.0,4610.0,0.0
2023-01-27,0.56,-13.89,-6.66,3.56,4790.0,1.0
2023-01-28,-14.44,-16.72,-15.58,0.0,3830.0,0.0
2023-01-29,-14.44,-20.56,-17.5,0.0,3820.0,0.0
2023-01-30,-16.72,-21.67,-19.2,0.0,3700.0,0.0
2023-01-31,-12.22,-22.22,-17.22,0.0,3640.0,0.0
2023-02-01,-6.72,-16.72,-11.72,0.0,3850.0,1.0
2023-02-02,-9.39,-22.78,-16.08,0.0,4020.0,1.0
2023-02-03,-16.11,-24.39,-20.25,0.0,3580.0,0.0
2023-02-04,-2.78,-15.56,-9.17,0.0,3690.0,1.0
2023-02-05,-0.61,-8.28,-4.44,0.0,4070.0,1.0
2023-02-06,2.22,-9.39,-3.58,2.29,4350.0,1.0
2023-02-07,1.67,-2.22,-0.28,0.0,4680.0,1.0
2023-02-08,7.22,-5.61,0.8,0.0,4610.0,0.0
2023-02-09,3.33,-7.22,-1.94,0.0,5040.0,1.0
2023-02-10,-1.72,-12.78,-7.25,0.0,4780.0,0.0
2023-02-11,3.89,-2.22,0.84,0.0,4260.0,0.0
2023-02-12,6.11,-6.11,0.0,0.0,4190.0,0.0
2023-02-13,5.56,-4.39,0.58,0.0,4240.0,1.0
2023-02-14,5.56,2.22,3.89,17.27,5490.0,1.0
2023-02-15,2.78,-8.89,-3.06,4.06,6370.0,1.0
2023-02-16,-7.22,-11.11,-9.16,0.0,5760.0,0.0
2023-02-17,-2.22,-14.44,-8.33,0.0,4870.0,0.0
2023-02-18,2.22,-5.61,-1.7,0.0,4750.0,0.0
2023-02-19,1.67,-7.78,-3.06,0.0,4550.0,0.0
2023-02-20,1.67,-12.22,-5.28,3.05,4590.0,1.0
2023-02-21,-9.39,-16.11,-12.75,6.35,4550.0,0.0
2023-02-22,-6.0,-10.0,-8.0,6.35,5170.0,1.0
2023-02-23,-8.28,-16.72,-12.5,8.89,5220.0,1.0
2023-02-24,-12.22,-21.67,-16.94,0.0,4890.0,0.0
2023-02-25,-3.28,-15.56,-9.42,0.0,5250.0,1.0
2023-02-26,0.56,-14.44,-6.94,0.0,5080.0,0.0
2023-02-27,1.11,-2.22,-0.56,12.19,6330.0,1.0
2023-02-28,4.44,-6.72,-1.14,0.0,6060.0,0.0
2023-03-01,2.22,-4.39,-1.08,1.27,6330.0,1.0
2023-03-02,-2.22,-8.28,-5.25,0.0,5560.0,0.0
2023-03-03,4.44,-5.61,-0.58,0.0,5870.0,1.0
2023-03-04,3.33,-4.39,-0.53,0.0,6040.0,1.0
2023-03-05,3.33,-6.72,-1.69,7.37,5830.0,0.0
2023-03-06,2.22,-1.72,0.25,1.27,7080.0,1.0
2023-03-07,3.89,-2.22,0.84,0.0,7060.0,0.0
2023-03-08,1.67,0.0,0.84,1.27,7510.0,1.0
2023-03-09,1.11,-1.72,-0.3,3.81,8530.0,1.0
2023-03-10,0.56,-3.0,-1.22,0.76,9080.0,1.0
2023-03-11,-0.61,-2.22,-1.42,4.57,9370.0,1.0
2023-03-12,0.0,-4.39,-2.19,1.27,10500.0,1.0
2023-03-13,-1.11,-7.22,-4.16,0.0,10200.0,0.0
2023-03-14,-0.61,-11.11,-5.86,0.0,10200.0,0.0
2023-03-15,7.22,-2.78,2.22,0.0,10000.0,0.0
2023-03-16,7.22,-6.11,0.55,5.33,10500.0,1.0
2023-03-17,-7.22,-13.89,-10.56,0.0,9200.0,0.0
2023-03-18,-2.78,-13.28,-8.03,0.0,8380.0,0.0
2023-03-19,4.44,-13.89,-4.72,0.0,8210.0,0.0
2023-03-20,3.89,-3.89,0.0,0.0,9760.0,1.0
2023-03-21,4.44,-3.89,0.28,4.06,11600.0,1.0
2023-03-22,4.44,-2.78,0.83,1.27,13400.0,1.0
2023-03-23,3.33,-4.39,-0.53,0.0,13500.0,1.0
2023-03-24,5.56,-5.61,-0.03,0.0,14700.0,1.0
2023-03-25,7.22,0.0,3.61,0.0,16800.0,1.0
2023-03-26,6.11,-3.89,1.11,0.0,18800.0,1.0
2023-03-27,4.44,-4.39,0.03,0.0,20100.0,1.0
2023-03-28,1.67,-9.39,-3.86,0.0,20000.0,0.0
2023-03-29,-1.72,-11.72,-6.72,0.0,18500.0,0.0
2023-03-30,2.78,-8.28,-2.75,1.02,16700.0,0.0
2023-03-31,3.33,0.0,1.66,35.81,16500.0,0.0
2023-04-01,4.44,-3.89,0.28,3.3,17300.0,1.0
2023-04-02,10.56,-3.89,3.34,0.0,20300.0,1.0
2023-04-03,6.67,1.67,4.17,0.0,21900.0,1.0
2023-04-04,2.78,1.11,1.94,1.52,23200.0,1.0
2023-04-05,2.78,-3.89,-0.56,0.25,23800.0,1.0
2023-04-06,2.78,-5.61,-1.42,0.0,23600.0,0.0
2023-04-07,10.0,-2.78,3.61,0.0,24000.0,1.0
2023-04-08,18.89,3.33,11.11,0.0,24200.0,1.0
2023-04-09,18.89,8.89,13.89,0.0,25100.0,1.0
2023-04-10,22.22,8.89,15.56,0.0,28100.0,1.0
2023-04-11,,,,0.0,31100.0,1.0
2023-04-12,,,,0.0,35700.0,1.0
2023-04-13,,,,0.0,45100.0,1.0
2023-04-14,28.33,14.44,21.38,0.0,53400.0,1.0
2023-04-15,13.33,3.89,8.61,9.91,60100.0,1.0
2023-04-16,3.33,0.0,1.66,9.14,66400.0,1.0
2023-04-17,10.0,-0.61,4.7,0.0,71400.0,1.0
2023-04-18,12.78,0.56,6.67,0.0,76700.0,1.0
2023-04-19,7.22,2.78,5.0,16.76,81100.0,1.0
2023-04-20,6.11,2.78,4.44,12.95,86400.0,1.0
2023-04-21,5.0,0.56,2.78,0.25,90400.0,1.0
2023-04-22,1.67,-0.61,0.53,0.0,93100.0,1.0
2023-04-23,7.22,-1.11,3.06,0.0,95500.0,1.0
2023-04-24,8.89,1.11,5.0,0.0,97200.0,1.0
2023-04-25,10.0,0.0,5.0,0.0,98500.0,1.0
2023-04-26,13.89,1.67,7.78,0.0,99000.0,1.0
2023-04-27,16.11,10.56,13.34,0.51,97900.0,0.0
2023-04-28,11.11,5.0,8.06,6.1,95400.0,0.0
2023-04-29,11.67,3.33,7.5,0.0,92100.0,0.0
2023-04-30,10.0,2.78,6.39,0.0,88100.0,0.0
2023-05-01,13.89,5.56,9.72,0.0,83400.0,0.0
2023-05-02,16.67,5.56,11.12,0.0,78900.0,0.0
2023-05-03,21.11,4.44,12.78,0.0,74800.0,0.0
2023-05-04,25.0,12.22,18.61,0.0,70500.0,0.0
2023-05-05,17.22,10.56,13.89,4.06,66600.0,0.0
2023-05-06,16.67,13.0,14.84,12.7,62900.0,0.0
2023-05-07,23.33,13.33,18.33,0.0,59200.0,0.0
2023-05-08,24.44,11.67,18.06,0.0,55800.0,0.0
2023-05-09,19.44,13.33,16.39,0.0,52800.0,0.0
2023-05-10,26.11,15.0,20.56,0.0,50500.0,0.0
2023-05-11,24.44,15.56,20.0,0.76,48700.0,0.0
2023-05-12,23.33,18.33,20.83,0.0,47300.0,0.0
2023-05-13,20.0,12.78,16.39,7.11,47100.0,0.0
2023-05-14,18.33,10.0,14.16,12.19,48300.0,1.0
2023-05-15,23.33,7.78,15.56,0.0,49200.0,1.0
2023-05-16,27.22,12.78,20.0,0.0,52500.0,1.0
2023-05-17,18.89,10.56,14.73,0.0,59600.0,1.0
2023-05-18,18.89,13.89,16.39,3.56,67400.0,1.0
2023-05-19,15.56,7.22,11.39,0.0,74200.0,1.0
2023-05-20,22.78,7.22,15.0,0.0,78000.0,1.0
2023-05-21,25.56,11.67,18.61,0.0,77800.0,0.0
2023-05-22,27.78,14.44,21.11,0.0,74600.0,0.0
2023-05-23,28.33,16.11,22.22,0.0,70000.0,0.0
2023-05-24,23.89,13.33,18.61,0.0,64200.0,0.0
2023-05-25,24.44,14.44,19.44,0.0,57900.0,0.0
2023-05-26,26.11,12.22,19.16,0.0,51600.0,0.0
2023-05-27,28.33,12.78,20.56,0.0,46100.0,0.0
2023-05-28,28.89,14.44,21.66,0.0,41100.0,0.0
2023-05-29,30.56,18.33,24.44,0.0,36000.0,0.0
2023-05-30,31.67,17.78,24.72,0.76,31700.0,0.0
2023-05-31,31.67,18.89,25.28,0.0,28400.0,0.0
2023-06-01,32.22,22.22,27.22,0.0,23700.0,0.0
2023-06-02,30.56,21.11,25.84,0.76,21400.0,0.0
2023-06-03,31.67,20.56,26.12,0.0,20800.0,0.0
2023-06-04,32.78,21.67,27.22,0.0,19900.0,0.0
2023-06-05,29.44,21.11,25.28,0.0,18800.0,0.0
2023-06-06,29.44,20.56,25.0,0.0,18100.0,0.0
2023-06-07,27.22,19.44,23.33,0.0,17000.0,0.0
2023-06-08,27.78,17.22,22.5,0.0,16300.0,0.0
2023-06-09,29.44,16.67,23.06,0.0,15500.0,0.0
2023-06-10,27.78,15.0,21.39,1.52,14400.0,0.0
2023-06-11,21.67,10.0,15.84,0.0,14200.0,0.0
2023-06-12,27.78,12.78,20.28,0.0,14300.0,1.0
2023-06-13,30.56,16.11,23.34,0.0,14200.0,0.0
2023-06-14,28.89,17.22,23.06,0.0,14100.0,0.0
2023-06-15,23.33,14.44,18.88,0.0,13300.0,0.0
2023-06-16,25.0,10.56,17.78,0.0,12500.0,0.0
2023-06-17,28.89,16.67,22.78,0.0,11800.0,0.0
2023-06-18,25.56,19.44,22.5,0.25,11300.0,0.0
2023-06-19,31.67,18.33,25.0,0.0,11200.0,0.0
2023-06-20,32.78,21.67,27.22,0.0,10600.0,0.0
2023-06-21,32.78,20.56,26.67,0.0,10500.0,0.0
2023-06-22,32.22,21.67,26.94,0.0,10100.0,0.0
2023-06-23,33.33,22.22,27.78,0.51,9830.0,0.0
2023-06-24,28.33,17.22,22.78,1.27,9700.0,0.0
2023-06-25,23.89,18.33,21.11,17.53,9930.0,1.0
2023-06-26,28.33,17.78,23.06,1.52,10100.0,1.0
2023-06-27,29.44,17.78,23.61,0.0,9730.0,0.0
2023-06-28,30.0,21.67,25.84,0.25,9560.0,0.0
2023-06-29,32.22,18.33,25.28,0.0,9380.0,0.0
2023-06-30,30.0,20.56,25.28,0.0,9330.0,0.0
2023-07-01,30.0,20.0,25.0,0.0,9450.0,1.0
2023-07-02,31.67,21.11,26.39,0.0,9530.0,1.0
2023-07-03,35.0,21.67,28.34,0.0,9500.0,0.0
2023-07-04,27.22,20.0,23.61,14.48,9840.0,1.0
2023-07-05,24.44,18.33,21.38,0.0,9470.0,0.0
2023-07-06,23.89,13.33,18.61,0.0,9190.0,0.0
2023-07-07,23.33,15.56,19.44,0.0,8650.0,0.0
2023-07-08,26.67,14.44,20.56,0.0,8350.0,0.0
2023-07-09,29.44,15.0,22.22,0.0,7930.0,0.0
2023-07-10,33.89,21.11,27.5,0.0,6830.0,0.0
2023-07-11,24.44,14.44,19.44,0.0,6730.0,0.0
2023-07-12,26.67,17.22,21.94,0.0,6960.0,1.0
2023-07-13,30.56,17.22,23.89,4.06,7110.0,1.0
2023-07-14,31.11,19.44,25.28,0.76,6600.0,0.0
2023-07-15,27.78,17.78,22.78,0.0,5910.0,0.0
2023-07-16,26.11,16.11,21.11,0.0,6090.0,1.0
2023-07-17,23.33,13.89,18.61,0.0,5420.0,0.0
2023-07-18,27.78,15.56,21.67,0.0,5300.0,0.0
2023-07-19,31.67,18.89,25.28,2.79,6400.0,1.0
2023-07-20,26.67,17.78,22.22,0.0,6420.0,1.0
2023-07-21,27.78,17.22,22.5,0.51,5540.0,0.0
2023-07-22,30.56,18.33,24.44,0.0,5420.0,0.0
2023-07-23,31.11,17.22,24.16,0.0,5240.0,0.0
2023-07-24,31.11,20.0,25.56,0.25,4720.0,0.0
2023-07-25,33.89,21.11,27.5,0.0,4840.0,1.0
2023-07-26,33.89,19.44,26.66,26.92,6360.0,1.0
2023-07-27,35.0,23.33,29.16,0.0,5050.0,0.0
2023-07-28,31.67,21.67,26.67,15.49,5600.0,1.0
2023-07-29,27.22,17.78,22.5,0.0,5270.0,0.0
2023-07-30,26.67,17.78,22.22,0.0,5200.0,0.0
2023-07-31,28.89,17.22,23.06,0.0,4830.0,0.0
2023-08-01,29.44,18.89,24.16,0.0,4540.0,0.0
2023-08-02,31.67,21.67,26.67,0.0,4610.0,1.0
2023-08-03,34.44,23.33,28.88,1.27,5010.0,1.0
2023-08-04,32.22,20.0,26.11,0.0,5030.0,1.0
2023-08-05,28.89,22.78,25.84,1.02,5310.0,1.0
2023-08-06,23.89,19.44,21.66,6.6,4980.0,0.0
2023-08-07,28.33,17.78,23.06,0.0,5060.0,1.0
2023-08-08,28.89,17.22,23.06,0.0,4640.0,0.0
2023-08-09,27.22,18.89,23.06,0.0,4850.0,1.0
2023-08-10,26.11,18.89,22.5,4.06,4570.0,0.0
2023-08-11,30.56,18.89,24.72,8.89,5370.0,1.0
2023-08-12,27.22,17.78,22.5,0.0,5310.0,0.0
2023-08-13,22.78,17.78,20.28,29.97,5160.0,0.0
2023-08-14,21.67,15.0,18.34,6.35,7360.0,1.0
2023-08-15,27.22,13.33,20.27,0.0,5980.0,0.0
2023-08-16,30.0,18.89,24.44,0.0,6670.0,1.0
2023-08-17,23.89,17.22,20.56,0.0,5920.0,0.0
2023-08-18,26.11,14.44,20.27,0.0,5110.0,0.0
2023-08-19,32.22,19.44,25.83,0.0,4850.0,0.0
2023-08-20,27.78,19.44,23.61,0.0,5010.0,1.0
2023-08-21,25.0,18.33,21.66,0.0,4580.0,0.0
2023-08-22,36.67,21.11,28.89,0.0,4710.0,1.0
2023-08-23,36.11,27.22,31.66,0.0,4870.0,1.0
2023-08-24,31.11,21.11,26.11,0.0,4790.0,0.0
2023-08-25,32.22,21.11,26.66,0.0,4660.0,0.0
2023-08-26,22.22,16.67,19.44,0.0,4420.0,0.0
2023-08-27,25.0,13.89,19.44,0.0,4240.0,0.0
2023-08-28,30.0,17.78,23.89,0.0,4360.0,1.0
2023-08-29,28.33,17.78,23.06,0.0,3890.0,0.0
2023-08-30,26.11,16.11,21.11,0.0,3800.0,0.0
2023-08-31,27.78,15.56,21.67,0.0,3670.0,0.0
2023-09-01,31.67,16.67,24.17,0.0,4010.0,1.0
2023-09-02,32.22,22.22,27.22,0.0,3870.0,0.0
2023-09-03,36.11,23.89,30.0,0.0,3830.0,0.0
2023-09-04,36.67,23.33,30.0,0.0,3820.0,0.0
2023-09-05,32.78,23.33,28.06,0.25,3810.0,0.0
2023-09-06,22.78,16.11,19.44,0.0,3430.0,0.0
2023-09-07,17.78,14.44,16.11,0.0,3250.0,0.0
2023-09-08,25.0,11.67,18.34,0.0,3410.0,1.0
2023-09-09,25.56,16.11,20.84,1.27,3790.0,1.0
2023-09-10,22.78,15.56,19.17,0.0,3560.0,0.0
2023-09-11,23.33,11.67,17.5,5.59,3610.0,1.0
2023-09-12,18.33,11.67,15.0,0.0,4140.0,1.0
2023-09-13,18.89,8.33,13.61,0.0,3660.0,0.0
2023-09-14,28.33,10.56,19.44,0.0,3690.0,1.0
2023-09-15,21.67,15.0,18.34,9.14,3660.0,0.0
2023-09-16,22.78,11.67,17.23,0.0,3440.0,0.0
2023-09-17,21.67,11.11,16.39,0.0,3300.0,0.0
2023-09-18,25.0,12.22,18.61,0.0,3150.0,0.0
2023-09-19,27.22,16.11,21.66,0.0,3290.0,1.0
2023-09-20,30.0,15.56,22.78,0.0,3260.0,0.0
2023-09-21,28.33,17.22,22.78,0.0,3320.0,1.0
2023-09-22,23.33,18.33,20.83,0.0,3410.0,1.0
2023-09-23,23.33,17.78,20.56,32.51,3410.0,0.0
2023-09-24,22.22,16.67,19.44,5.59,5180.0,1.0
2023-09-25,17.78,15.56,16.67,48.26,6050.0,1.0
2023-09-26,19.44,16.0,17.72,0.25,5990.0,0.0
2023-09-27,22.78,16.0,19.39,0.25,5080.0,0.0
2023-09-28,22.22,16.67,19.44,0.0,4940.0,0.0
2023-09-29,23.33,15.56,19.44,38.35,5980.0,1.0
2023-09-30,31.11,20.0,25.56,3.81,6460.0,1.0
2023-10-01,32.78,20.56,26.67,0.0,6390.0,0.0
2023-10-02,31.67,19.44,25.56,0.0,6200.0,0.0
2023-10-03,30.56,19.44,25.0,3.3,5540.0,0.0
2023-10-04,18.89,13.89,16.39,0.0,5450.0,0.0
2023-10-05,17.22,11.67,14.44,0.51,5040.0,0.0
2023-10-06,12.78,6.67,9.72,1.78,5200.0,1.0
2023-10-07,11.11,6.67,8.89,0.0,4800.0,0.0
2023-10-08,15.56,8.33,11.94,0.0,4890.0,1.0
2023-10-09,13.33,3.33,8.33,0.0,5450.0,1.0
2023-10-10,14.44,3.33,8.88,0.0,5220.0,0.0
2023-10-11,16.67,4.44,10.56,0.0,5320.0,1.0
2023-10-12,12.22,6.67,9.44,8.38,5270.0,0.0
2023-10-13,10.0,8.33,9.16,40.89,7960.0,1.0
2023-10-14,12.22,7.78,10.0,0.0,7870.0,0.0
2023-10-15,13.33,5.56,9.44,0.0,7580.0,0.0
2023-10-16,15.56,4.44,10.0,0.0,7080.0,0.0
2023-10-17,17.78,5.56,11.67,0.0,6920.0,0.0
2023-10-18,15.0,10.56,12.78,0.0,6760.0,0.0
2023-10-19,16.11,8.89,12.5,1.27,6820.0,1.0
2023-10-20,20.56,6.67,13.61,0.0,6690.0,0.0
2023-10-21,15.0,8.33,11.66,0.0,6460.0,0.0
2023-10-22,15.56,5.0,10.28,0.0,6690.0,1.0
2023-10-23,17.78,9.44,13.61,0.25,6550.0,0.0
2023-10-24,13.33,11.11,12.22,34.04,6270.0,0.0
2023-10-25,13.33,11.11,12.22,0.51,7220.0,1.0
2023-10-26,16.0,11.67,13.84,18.8,7540.0,1.0
2023-10-27,11.67,0.56,6.12,0.0,7570.0,1.0
2023-10-28,1.11,-1.67,-0.28,0.0,7430.0,0.0
2023-10-29,3.89,-2.78,0.56,0.0,6360.0,0.0
2023-10-30,3.89,-4.44,-0.28,2.29,6880.0,1.0
2023-10-31,2.78,-2.22,0.28,2.29,6940.0,1.0
2023-11-01,3.33,-4.44,-0.56,0.0,6690.0,0.0
2023-11-02,5.56,-2.78,1.39,0.0,6380.0,0.0
2023-11-03,11.11,1.11,6.11,0.0,6220.0,0.0
2023-11-04,10.56,-2.22,4.17,0.0,6200.0,0.0
2023-11-05,14.44,3.33,8.88,0.0,6180.0,0.0
2023-11-06,14.44,4.44,9.44,0.25,6110.0,0.0
2023-11-07,7.78,3.89,5.84,0.25,6200.0,1.0
2023-11-08,10.0,4.44,7.22,0.0,6380.0,1.0
2023-11-09,9.44,1.11,5.28,0.0,6100.0,0.0
2023-11-10,3.89,2.22,3.06,0.0,6010.0,0.0
2023-11-11,8.89,0.56,4.73,0.0,6090.0,1.0
2023-11-12,15.0,3.33,9.16,0.0,6100.0,1.0
2023-11-13,13.89,3.89,8.89,0.0,6030.0,0.0
2023-11-14,18.89,7.22,13.06,0.0,6290.0,1.0
2023-11-15,15.56,3.89,9.72,0.0,5870.0,0.0
2023-11-16,20.56,2.22,11.39,0.0,6200.0,1.0
2023-11-17,7.78,-2.22,2.78,0.0,6600.0,1.0
2023-11-18,13.33,0.56,6.94,0.0,6700.0,1.0
2023-11-19,12.78,0.56,6.67,0.0,6340.0,0.0
2023-11-20,7.22,4.44,5.83,0.0,6230.0,0.0
2023-11-21,6.11,-1.67,2.22,0.0,6220.0,0.0
2023-11-22,8.33,-3.33,2.5,0.0,6090.0,0.0
2023-11-23,1.67,-6.67,-2.5,0.0,6040.0,0.0
2023-11-24,-2.22,-10.0,-6.11,0.0,5830.0,0.0
2023-11-25,-0.56,-5.0,-2.78,0.25,5720.0,0.0
2023-11-26,1.11,-6.11,-2.5,0.25,5730.0,1.0
2023-11-27,-6.67,-11.11,-8.89,0.0,5980.0,1.0
2023-11-28,0.0,-12.78,-6.39,0.0,4310.0,0.0
2023-11-29,8.89,-3.33,2.78,0.0,4290.0,0.0
2023-11-30,5.56,-2.78,1.39,0.0,4290.0,0.0
2023-12-01,2.22,-6.67,-2.22,0.0,4800.0,1.0
2023-12-02,3.89,-5.56,-0.83,0.0,5140.0,1.0
2023-12-03,2.22,0.0,1.11,0.0,6370.0,1.0
2023-12-04,2.22,-3.33,-0.55,0.76,6790.0,1.0
2023-12-05,1.11,-4.44,-1.66,0.76,6940.0,1.0
2023-12-06,7.78,-5.56,1.11,0.0,6710.0,0.0
2023-12-07,10.0,0.0,5.0,0.0,6680.0,0.0
2023-12-08,9.44,3.33,6.38,0.0,5960.0,0.0
2023-12-09,3.33,-3.89,-0.28,1.78,6610.0,1.0
2023-12-10,-3.89,-5.0,-4.44,0.25,6240.0,0.0
2023-12-11,1.67,-5.56,-1.94,0.0,6660.0,1.0
2023-12-12,-1.67,-5.56,-3.62,0.0,6130.0,0.0
2023-12-13,6.11,-3.89,1.11,0.0,5050.0,0.0
2023-12-14,11.11,0.0,5.56,0.0,5170.0,1.0
2023-12-15,6.11,3.33,4.72,3.81,5630.0,1.0
2023-12-16,5.0,1.67,3.34,8.64,6610.0,1.0
2023-12-17,3.33,-2.22,0.55,0.0,6840.0,1.0
2023-12-18,-2.22,-8.33,-5.28,0.0,6930.0,1.0
2023-12-19,2.78,-7.78,-2.5,0.0,6350.0,0.0
2023-12-20,5.56,-2.22,1.67,0.0,5600.0,0.0
2023-12-21,3.89,-0.56,1.66,0.0,5790.0,1.0
2023-12-22,6.0,2.22,4.11,0.25,6510.0,1.0
2023-12-23,8.33,4.44,6.38,0.0,7510.0,1.0
2023-12-24,12.78,7.78,10.28,8.89,6960.0,0.0
2023-12-25,12.22,5.56,8.89,25.65,8050.0,1.0
2023-12-26,10.0,1.11,5.56,5.84,10700.0,1.0
2023-12-27,3.33,-2.22,0.55,0.0,11600.0,1.0
2023-12-28,1.67,-3.33,-0.83,0.0,13500.0,1.0
2023-12-29,5.0,-3.33,0.84,0.0,15200.0,1.0
2023-12-30,-0.56,-3.33,-1.94,0.76,16000.0,1.0
2023-12-31,-1.0,-4.44,-2.72,0.51,16900.0,1.0
2024-01-01,-2.78,-6.11,-4.44,0.0,16300.0,0.0
2024-01-02,2.78,-3.89,-0.56,0.0,15400.0,0.0
2024-01-03,0.56,-3.89,-1.66,0.0,14900.0,0.0
2024-01-04,-2.22,-5.56,-3.89,0.0,15300.0,1.0
2024-01-05,1.67,-2.78,-0.55,0.25,14900.0,0.0
2024-01-06,0.0,-2.22,-1.11,0.25,14500.0,0.0
2024-01-07,-1.11,-5.0,-3.06,0.0,13400.0,0.0
2024-01-08,-0.56,-4.44,-2.5,0.76,12200.0,0.0
2024-01-09,-0.56,-3.33,-1.94,0.0,12000.0,0.0
2024-01-10,-2.78,-5.56,-4.17,0.25,11900.0,0.0
2024-01-11,-2.78,-13.33,-8.06,0.0,11200.0,0.0
2024-01-12,-9.44,-13.89,-11.66,1.27,8840.0,0.0
2024-01-13,-11.11,-20.56,-15.84,0.25,6190.0,0.0
2024-01-14,-16.67,-22.22,-19.44,0.0,6030.0,0.0
2024-01-15,-15.56,-22.22,-18.89,0.0,5980.0,0.0
2024-01-16,-13.33,-20.0,-16.66,0.0,5800.0,0.0
2024-01-17,-11.11,-16.67,-13.89,0.0,6190.0,1.0
2024-01-18,-12.22,-16.67,-14.44,0.0,7860.0,1.0
2024-01-19,-13.89,-18.33,-16.11,0.25,8550.0,1.0
2024-01-20,-12.22,-20.0,-16.11,0.0,9410.0,1.0
2024-01-21,-5.56,-16.11,-10.84,0.0,9610.0,1.0
2024-01-22,1.11,-8.33,-3.61,0.0,9260.0,0.0
2024-01-23,0.56,-1.11,-0.28,0.0,9790.0,1.0
2024-01-24,2.22,-1.0,0.61,0.0,9570.0,0.0
2024-01-25,3.0,1.0,2.0,0.0,9170.0,0.0
2024-01-26,5.0,1.67,3.34,0.0,9090.0,0.0
2024-01-27,2.78,-0.56,1.11,0.0,9910.0,1.0
2024-01-28,1.0,-1.11,-0.06,0.0,9170.0,0.0
2024-01-29,8.89,-3.0,2.94,0.0,9120.0,0.0
2024-01-30,5.0,0.56,2.78,0.0,9370.0,1.0
2024-01-31,12.22,-0.56,5.83,0.0,9630.0,1.0
2024-02-01,10.0,-2.22,3.89,0.0,9400.0,0.0
2024-02-02,4.44,-2.22,1.11,0.0,9020.0,0.0
2024-02-03,2.78,-2.78,0.0,0.0,8780.0,0.0
2024-02-04,10.0,-3.33,3.34,0.0,9470.0,1.0
2024-02-05,8.89,-3.89,2.5,0.0,9560.0,1.0
2024-02-06,12.78,-1.67,5.56,0.0,9290.0,0.0
2024-02-07,10.56,4.44,7.5,0.0,9190.0,0.0
2024-02-08,11.11,2.78,6.94,5.84,9970.0,1.0
2024-02-09,2.22,-3.33,-0.55,0.0,10600.0,1.0
2024-02-10,0.56,-2.78,-1.11,0.0,11200.0,1.0
2024-02-11,3.89,-1.67,1.11,0.0,12000.0,1.0
2024-02-12,5.56,-1.67,1.94,0.0,12000.0,0.0
2024-02-13,1.67,-1.67,0.0,0.0,12000.0,0.0
2024-02-14,5.0,-2.22,1.39,10.41,12300.0,1.0
2024-02-15,-2.0,-7.78,-4.89,0.25,12700.0,1.0
2024-02-16,-7.78,-12.78,-10.28,0.0,11900.0,0.0
2024-02-17,-2.22,-13.33,-7.78,0.0,9150.0,0.0
2024-02-18,2.22,-5.56,-1.67,0.0,9620.0,1.0
2024-02-19,3.89,-6.11,-1.11,0.0,10000.0,1.0
2024-02-20,6.67,-1.11,2.78,0.0,10800.0,1.0
2024-02-21,10.0,-3.89,3.06,0.0,11000.0,1.0
2024-02-22,11.11,-1.67,4.72,0.0,10300.0,0.0
2024-02-23,2.22,-5.56,-1.67,0.0,9780.0,0.0
2024-02-24,7.78,-7.78,0.0,0.0,9820.0,1.0
2024-02-25,10.0,0.0,5.0,0.0,9570.0,0.0
2024-02-26,18.33,-1.11,8.61,0.0,9230.0,0.0
2024-02-27,11.11,-10.56,0.27,0.0,9150.0,0.0
2024-02-28,-6.67,-15.56,-11.12,0.0,8530.0,0.0
2024-02-29,14.44,-10.0,2.22,0.0,7940.0,0.0
2024-03-01,14.44,2.78,8.61,0.0,7990.0,1.0
2024-03-02,17.22,0.56,8.89,0.0,8420.0,1.0
2024-03-03,21.67,4.44,13.06,0.0,8800.0,1.0
2024-03-04,4.44,-1.11,1.66,0.0,8330.0,0.0
2024-03-05,8.89,-4.44,2.22,0.0,8080.0,0.0
2024-03-06,12.22,-0.56,5.83,0.0,7940.0,0.0
2024-03-07,8.33,0.0,4.16,0.0,8060.0,1.0
2024-03-08,3.89,-3.33,0.28,0.0,7770.0,0.0
2024-03-09,5.0,-6.11,-0.56,0.0,7540.0,0.0
2024-03-10,10.0,-5.0,2.5,0.0,7490.0,0.0
2024-03-11,19.44,2.22,10.83,0.0,7480.0,0.0
2024-03-12,19.44,6.11,12.78,0.0,7410.0,0.0
2024-03-13,17.78,5.56,11.67,0.0,7270.0,0.0
2024-03-14,14.44,6.67,10.56,0.0,7300.0,1.0
2024-03-15,11.11,1.67,6.39,0.0,7170.0,0.0
2024-03-16,10.56,-1.11,4.73,0.0,7180.0,1.0
2024-03-17,-1.11,-5.0,-3.06,0.0,7060.0,0.0
2024-03-18,3.33,-5.56,-1.11,0.0,7040.0,0.0
2024-03-19,10.56,-1.11,4.73,0.0,7070.0,1.0
2024-03-20,0.0,-7.78,-3.89,0.0,6630.0,0.0
2024-03-21,-1.11,-4.44,-2.78,3.3,6570.0,0.0
2024-03-22,1.11,-3.89,-1.39,1.52,6720.0,1.0
2024-03-23,1.11,-7.22,-3.06,0.0,6530.0,0.0
2024-03-24,0.0,-2.78,-1.39,18.29,6710.0,1.0
2024-03-25,2.78,0.56,1.67,19.81,7420.0,1.0
2024-03-26,1.11,-6.11,-2.5,20.83,8480.0,1.0
2024-03-27,-2.22,-7.78,-5.0,0.0,8500.0,1.0
2024-03-28,2.78,-7.78,-2.5,0.0,8390.0,0.0
2024-03-29,7.22,-3.33,1.94,0.0,8510.0,1.0
2024-03-30,7.22,1.11,4.16,0.0,9090.0,1.0
2024-03-31,8.33,1.11,4.72,0.0,9730.0,1.0
2024-04-01,6.67,0.56,3.62,0.0,9940.0,1.0
2024-04-02,5.56,0.56,3.06,2.03,10300.0,1.0
2024-04-03,10.56,1.67,6.12,0.0,10400.0,1.0
2024-04-04,11.67,1.11,6.39,0.0,10700.0,1.0
2024-04-05,13.89,0.56,7.22,0.0,11100.0,1.0
2024-04-06,14.44,2.78,8.61,0.0,11500.0,1.0
2024-04-07,8.33,4.44,6.38,14.73,12300.0,1.0
2024-04-08,9.44,6.11,7.78,5.08,13800.0,1.0
2024-04-09,15.56,4.44,10.0,0.0,14800.0,1.0
2024-04-10,21.11,7.22,14.16,0.0,15800.0,1.0
2024-04-11,16.11,7.22,11.66,2.29,16300.0,1.0
2024-04-12,16.11,6.11,11.11,0.0,17300.0,1.0
2024-04-13,28.89,5.0,16.94,0.0,17700.0,1.0
2024-04-14,21.67,10.0,15.84,0.0,17300.0,0.0
2024-04-15,18.89,10.56,14.73,0.0,17100.0,0.0
2024-04-16,15.0,7.78,11.39,33.78,17900.0,1.0
2024-04-17,12.22,6.67,9.44,8.38,20000.0,1.0
2024-04-18,10.56,4.44,7.5,0.0,22500.0,1.0
2024-04-19,3.33,1.11,2.22,0.0,25200.0,1.0
2024-04-20,8.89,-0.56,4.16,0.0,27500.0,1.0
2024-04-21,16.11,0.56,8.33,0.0,28200.0,1.0
2024-04-22,20.56,5.0,12.78,0.0,28600.0,1.0
2024-04-23,15.56,5.56,10.56,0.51,28300.0,0.0
2024-04-24,15.0,2.22,8.61,0.0,27700.0,0.0
2024-04-25,19.44,7.22,13.33,0.0,26300.0,0.0
2024-04-26,12.22,8.33,10.28,1.52,24500.0,0.0
2024-04-27,14.44,10.0,12.22,6.1,23400.0,0.0
2024-04-28,10.56,7.78,9.17,18.54,23600.0,1.0
2024-04-29,10.0,6.67,8.34,3.05,24700.0,1.0
2024-04-30,20.56,6.11,13.34,10.41,29000.0,1.0
2024-05-01,17.78,10.0,13.89,0.0,32400.0,1.0
2024-05-02,13.33,9.44,11.38,15.75,35900.0,1.0
2024-05-03,21.11,8.33,14.72,0.0,39300.0,1.0
2024-05-04,15.56,8.33,11.94,8.13,42000.0,1.0
2024-05-05,20.0,6.67,13.34,0.0,44300.0,1.0
2024-05-06,22.78,10.56,16.67,0.0,46500.0,1.0
2024-05-07,22.22,13.89,18.06,8.89,48600.0,1.0
2024-05-08,23.89,10.0,16.94,0.0,49700.0,1.0
2024-05-09,19.44,9.44,14.44,0.0,50400.0,1.0
2024-05-10,23.89,8.33,16.11,0.0,50500.0,1.0
2024-05-11,24.44,8.89,16.66,0.0,50400.0,0.0
2024-05-12,30.56,16.67,23.62,0.0,50000.0,0.0
2024-05-13,22.22,11.67,16.94,0.0,49000.0,0.0
2024-05-14,21.67,9.44,15.56,0.0,47800.0,0.0
2024-05-15,22.22,10.56,16.39,4.06,46300.0,0.0
2024-05-16,20.56,13.89,17.23,0.0,44400.0,0.0
2024-05-17,29.44,12.78,21.11,8.89,42000.0,0.0
2024-05-18,27.22,16.67,21.94,2.79,40100.0,0.0
2024-05-19,21.67,12.22,16.94,0.0,37900.0,0.0
2024-05-20,25.0,14.44,19.72,5.59,36000.0,0.0
2024-05-21,22.78,14.44,18.61,59.18,35800.0,0.0
2024-05-22,21.67,11.67,16.67,0.0,37400.0,1.0
2024-05-23,26.11,12.78,19.44,0.0,37100.0,0.0
2024-05-24,21.67,10.0,15.84,5.33,38800.0,1.0
2024-05-25,23.89,9.44,16.66,0.0,40500.0,1.0
2024-05-26,20.56,13.33,16.94,0.76,41400.0,1.0
2024-05-27,18.33,11.67,15.0,12.45,43000.0,1.0
2024-05-28,19.44,11.11,15.28,3.05,44200.0,1.0
2024-05-29,21.67,10.0,15.84,0.0,45000.0,1.0
2024-05-30,25.56,13.33,19.44,0.0,45600.0,1.0
2024-05-31,19.44,16.67,18.06,12.7,45700.0,1.0
2024-06-01,24.44,16.11,20.27,0.51,46400.0,1.0
2024-06-02,25.0,15.56,20.28,1.52,45100.0,0.0
2024-06-03,28.33,17.22,22.78,23.88,46000.0,1.0
2024-06-04,29.44,15.56,22.5,11.68,48600.0,1.0
2024-06-05,25.56,13.89,19.73,0.0,53000.0,1.0
2024-06-06,21.67,16.11,18.89,0.0,57100.0,1.0
2024-06-07,25.0,14.44,19.72,0.0,60200.0,1.0
2024-06-08,25.0,14.44,19.72,1.02,62400.0,1.0
2024-06-09,22.22,14.44,18.33,0.0,63300.0,1.0
2024-06-10,23.89,11.67,17.78,0.0,63300.0,0.0
2024-06-11,28.33,14.44,21.38,1.02,62100.0,0.0
2024-06-12,26.67,17.22,21.94,11.68,60500.0,0.0
2024-06-13,28.89,17.78,23.34,0.0,57900.0,0.0
2024-06-14,26.67,16.11,21.39,0.0,54500.0,0.0
2024-06-15,21.11,17.22,19.16,23.88,51500.0,0.0
2024-06-16,31.11,17.78,24.44,16.0,51800.0,1.0
2024-06-17,23.33,13.89,18.61,17.53,50400.0,0.0
2024-06-18,29.44,18.33,23.88,8.89,50600.0,1.0
2024-06-19,22.78,16.67,19.73,0.0,52100.0,1.0
2024-06-20,18.89,16.11,17.5,0.51,56000.0,1.0
2024-06-21,21.11,18.0,19.56,15.75,60800.0,1.0
2024-06-22,23.89,15.0,19.44,22.1,66200.0,1.0
2024-06-23,28.89,12.78,20.84,0.0,71900.0,1.0
2024-06-24,29.44,18.33,23.88,0.0,79900.0,1.0
2024-06-25,29.44,22.78,26.11,0.0,89100.0,1.0
2024-06-26,26.67,18.89,22.78,0.0,98300.0,1.0
2024-06-27,24.44,15.56,20.0,0.76,107000.0,1.0
2024-06-28,25.56,18.33,21.94,27.94,113000.0,1.0
2024-06-29,22.22,16.67,19.44,0.0,114000.0,1.0
2024-06-30,22.78,12.22,17.5,0.0,111000.0,0.0
2024-07-01,24.44,15.56,20.0,0.25,106000.0,0.0
2024-07-02,22.78,15.0,18.89,7.87,99600.0,0.0
2024-07-03,30.0,17.78,23.89,0.0,93700.0,0.0
2024-07-04,22.78,17.22,20.0,16.76,88400.0,0.0
2024-07-05,25.56,16.67,21.12,0.0,83000.0,0.0
2024-07-06,27.78,16.67,22.22,0.51,77900.0,0.0
2024-07-07,27.22,18.33,22.78,0.0,73500.0,0.0
2024-07-08,27.78,20.0,23.89,1.52,69900.0,0.0
2024-07-09,28.89,19.44,24.16,17.27,66900.0,0.0
2024-07-10,26.67,20.0,23.34,4.57,64000.0,0.0
2024-07-11,29.44,18.89,24.16,0.0,61600.0,0.0
2024-07-12,30.0,22.22,26.11,0.0,59200.0,0.0
2024-07-13,27.22,20.56,23.89,10.92,57100.0,0.0
2024-07-14,31.67,19.44,25.56,6.35,55600.0,0.0
2024-07-15,30.0,22.22,26.11,3.05,53400.0,0.0
2024-07-16,27.22,18.33,22.78,0.0,50200.0,0.0
2024-07-17,23.33,16.67,20.0,0.0,46900.0,0.0
2024-07-18,26.11,16.11,21.11,0.0,43700.0,0.0
2024-07-19,26.67,18.33,22.5,0.0,40800.0,0.0
2024-07-20,27.78,21.67,24.72,0.0,38400.0,0.0
2024-07-21,26.11,18.89,22.5,18.8,37100.0,0.0
2024-07-22,28.89,18.33,23.61,13.46,34800.0,0.0
2024-07-23,23.89,18.89,21.39,0.0,32800.0,0.0
2024-07-24,24.44,17.22,20.83,0.0,30800.0,0.0
2024-07-25,27.22,16.67,21.94,0.0,29100.0,0.0
2024-07-26,29.44,19.44,24.44,0.0,28100.0,0.0
2024-07-27,32.78,22.22,27.5,0.0,24900.0,0.0
2024-07-28,31.67,21.11,26.39,9.14,22400.0,0.0
2024-07-29,30.56,21.11,25.84,0.0,22200.0,0.0
2024-07-30,31.67,22.22,26.94,0.0,21300.0,0.0
2024-07-31,31.67,20.0,25.84,32.0,21000.0,0.0
2024-08-01,23.89,19.0,21.44,12.95,21900.0,1.0
2024-08-02,32.78,19.44,26.11,0.0,23300.0,1.0
2024-08-03,28.89,18.33,23.61,4.57,24400.0,1.0
2024-08-04,28.33,21.11,24.72,0.0,25700.0,1.0
2024-08-05,22.78,15.56,19.17,35.56,28200.0,1.0
2024-08-06,25.0,13.89,19.44,0.0,31000.0,1.0
2024-08-07,24.44,16.11,20.27,0.0,31500.0,1.0
2024-08-08,21.67,15.56,18.62,0.0,31000.0,0.0
2024-08-09,20.56,13.89,17.23,0.0,30300.0,0.0
2024-08-10,23.33,11.67,17.5,0.0,29400.0,0.0
2024-08-11,25.0,13.89,19.44,0.0,28300.0,0.0
2024-08-12,27.22,14.44,20.83,0.0,27000.0,0.0
2024-08-13,27.22,16.67,21.94,0.0,25100.0,0.0
2024-08-14,26.67,17.78,22.22,0.0,23400.0,0.0
2024-08-15,26.11,18.33,22.22,18.8,22900.0,0.0
2024-08-16,25.0,19.44,22.22,5.08,22100.0,0.0
2024-08-17,25.56,20.0,22.78,1.78,21500.0,0.0
2024-08-18,27.78,17.78,22.78,0.0,20300.0,0.0
2024-08-19,26.67,16.67,21.67,0.0,19200.0,0.0
2024-08-20,24.44,17.22,20.83,0.0,18400.0,0.0
2024-08-21,24.44,16.11,20.27,0.0,17600.0,0.0
2024-08-22,22.78,16.11,19.44,3.56,17000.0,0.0
2024-08-23,26.67,17.78,22.22,0.25,16400.0,0.0
2024-08-24,29.44,18.33,23.88,0.0,16200.0,0.0
2024-08-25,30.0,23.33,26.66,0.0,15800.0,0.0
2024-08-26,32.78,21.11,26.94,18.8,15300.0,0.0
2024-08-27,25.0,20.0,22.5,25.65,16200.0,1.0
2024-08-28,23.89,17.78,20.84,0.0,15600.0,0.0
2024-08-29,31.11,19.0,25.06,9.4,15300.0,0.0
2024-08-30,26.11,16.67,21.39,0.0,15400.0,1.0
2024-08-31,28.89,16.11,22.5,0.0,15400.0,0.0
2024-09-01,22.78,15.0,18.89,0.0,15600.0,1.0
2024-09-02,23.33,13.33,18.33,0.0,15300.0,0.0
2024-09-03,25.56,14.44,20.0,0.0,15300.0,0.0
2024-09-04,27.22,15.56,21.39,0.0,13800.0,0.0
2024-09-05,24.44,16.67,20.56,0.25,13200.0,0.0
2024-09-06,19.44,12.22,15.83,0.0,12600.0,0.0
2024-09-07,20.56,8.89,14.72,0.0,12000.0,0.0
2024-09-08,25.56,12.78,19.17,0.0,11900.0,0.0
2024-09-09,27.78,15.0,21.39,0.0,11100.0,0.0
2024-09-10,27.78,17.22,22.5,0.0,10700.0,0.0
2024-09-11,29.44,18.33,23.88,0.0,10400.0,0.0
2024-09-12,30.0,16.67,23.34,0.0,9880.0,0.0
2024-09-13,27.78,17.78,22.78,0.0,9500.0,0.0
2024-09-14,23.89,20.56,22.22,0.51,9610.0,1.0
2024-09-15,30.56,20.56,25.56,0.0,9180.0,0.0
2024-09-16,31.67,20.56,26.12,0.0,9090.0,0.0
2024-09-17,30.56,21.67,26.12,0.0,9030.0,0.0
2024-09-18,30.0,20.56,25.28,0.0,8820.0,0.0
2024-09-19,29.44,20.56,25.0,0.76,8530.0,0.0
2024-09-20,27.78,17.22,22.5,0.0,8230.0,0.0
2024-09-21,27.78,16.67,22.22,0.0,8190.0,0.0
2024-09-22,21.11,12.22,16.66,0.0,7960.0,0.0
2024-09-23,21.11,10.0,15.56,0.0,7990.0,1.0
2024-09-24,23.33,12.78,18.06,0.0,7630.0,0.0
2024-09-25,26.11,13.33,19.72,0.0,7410.0,0.0
2024-09-26,28.89,15.56,22.22,0.0,7480.0,1.0
2024-09-27,29.44,15.0,22.22,0.0,7070.0,0.0
2024-09-28,30.56,15.0,22.78,0.0,6970.0,0.0
2024-09-29,28.33,15.0,21.66,0.0,7150.0,1.0
2024-09-30,29.44,15.0,22.22,0.0,7130.0,0.0
2024-10-01,17.78,9.44,13.61,0.0,6710.0,0.0
2024-10-02,26.67,10.0,18.34,0.0,6760.0,1.0
2024-10-03,17.78,10.56,14.17,0.0,6130.0,0.0
2024-10-04,20.56,6.67,13.61,0.0,5980.0,0.0
2024-10-05,25.56,10.56,18.06,0.0,5950.0,0.0
2024-10-06,17.78,8.89,13.34,0.0,6020.0,1.0
2024-10-07,20.56,6.67,13.61,0.0,5990.0,0.0
2024-10-08,21.67,8.33,15.0,0.0,5820.0,0.0
2024-10-09,22.22,9.44,15.83,0.0,5630.0,0.0
2024-10-10,26.11,10.0,18.06,0.0,5650.0,1.0
2024-10-11,22.78,12.22,17.5,0.0,6080.0,1.0
2024-10-12,16.67,9.44,13.06,0.0,5810.0,0.0
2024-10-13,12.22,7.22,9.72,0.0,5680.0,0.0
2024-10-14,10.0,1.67,5.84,0.0,5650.0,0.0
2024-10-15,12.22,1.67,6.94,0.0,5330.0,0.0
2024-10-16,16.11,1.11,8.61,0.0,5260.0,0.0
2024-10-17,21.67,7.78,14.73,0.0,5580.0,1.0
2024-10-18,23.33,10.0,16.66,0.0,5190.0,0.0
2024-10-19,20.56,15.56,18.06,0.0,5100.0,0.0
2024-10-20,27.22,12.78,20.0,0.0,5510.0,1.0
2024-10-21,28.89,18.33,23.61,0.0,5860.0,1.0
2024-10-22,23.33,12.22,17.77,0.0,5860.0,0.0
2024-10-23,12.78,7.22,10.0,0.0,5530.0,0.0
2024-10-24,18.33,8.89,13.61,12.19,5510.0,0.0
2024-10-25,14.44,5.0,9.72,0.0,5510.0,0.0
2024-10-26,14.44,2.78,8.61,0.0,5210.0,0.0
2024-10-27,18.33,5.56,11.94,0.0,5310.0,1.0
2024-10-28,23.89,10.56,17.23,0.0,5340.0,1.0
2024-10-29,26.11,15.0,20.56,0.0,5240.0,0.0
2024-10-30,24.44,8.89,16.66,0.0,5910.0,1.0
2024-10-31,8.33,0.56,4.44,32.0,7220.0,1.0
2024-11-01,7.22,-0.56,3.33,0.0,6670.0,0.0
2024-11-02,13.33,4.44,8.88,0.0,6410.0,0.0
2024-11-03,9.44,7.78,8.61,0.76,6250.0,0.0
2024-11-04,15.0,9.44,12.22,4.57,5990.0,0.0
2024-11-05,8.89,4.44,6.67,7.37,6400.0,1.0
2024-11-06,9.44,0.56,5.0,0.0,6730.0,1.0
2024-11-07,10.0,2.78,6.39,0.0,6750.0,1.0
2024-11-08,14.44,3.89,9.16,0.0,6640.0,0.0
2024-11-09,11.67,4.44,8.06,2.03,6350.0,0.0
2024-11-10,10.56,8.0,9.28,2.29,6080.0,0.0
2024-11-11,9.44,1.11,5.28,0.0,6370.0,1.0
2024-11-12,8.33,0.0,4.16,0.0,6180.0,0.0
2024-11-13,7.22,2.78,5.0,2.29,6500.0,1.0
2024-11-14,8.33,6.0,7.16,0.0,6360.0,0.0
2024-11-15,12.22,2.22,7.22,0.0,6540.0,1.0
2024-11-16,12.22,5.56,8.89,0.0,7020.0,1.0
2024-11-17,11.11,3.89,7.5,0.0,6860.0,0.0
2024-11-18,11.11,1.67,6.39,21.84,6760.0,0.0
2024-11-19,12.78,5.0,8.89,7.37,8490.0,1.0
2024-11-20,4.44,-3.0,0.72,0.76,9120.0,1.0
2024-11-21,4.44,-1.67,1.39,0.0,9870.0,1.0
2024-11-22,2.78,0.0,1.39,0.0,10000.0,1.0
2024-11-23,4.44,0.56,2.5,0.0,10500.0,1.0
2024-11-24,5.56,2.22,3.89,0.0,10700.0,1.0
2024-11-25,3.33,-7.22,-1.94,0.0,10800.0,1.0
2024-11-26,-2.22,-8.33,-5.28,0.0,10400.0,0.0
2024-11-27,-3.89,-6.67,-5.28,0.0,10400.0,0.0
2024-11-28,-4.44,-7.78,-6.11,0.0,9800.0,0.0
2024-11-29,-7.22,-11.67,-9.44,0.0,9440.0,0.0
2024-11-30,-8.89,-14.44,-11.66,0.0,6810.0,0.0
2024-12-01,-7.78,-14.44,-11.11,0.0,4740.0,0.0
2024-12-02,-5.56,-10.0,-7.78,1.27,4550.0,0.0
2024-12-03,-1.67,-11.11,-6.39,0.0,5650.0,1.0
2024-12-04,2.22,-14.44,-6.11,0.0,7760.0,1.0
2024-12-05,-5.56,-13.89,-9.72,0.0,6450.0,0.0
2024-12-06,0.0,-8.33,-4.16,0.0,7630.0,1.0
2024-12-07,11.11,-1.67,4.72,0.0,8160.0,1.0
2024-12-08,6.11,-0.56,2.78,0.0,8340.0,1.0
2024-12-09,4.44,-4.44,0.0,0.0,9050.0,1.0
2024-12-10,-4.44,-6.11,-5.28,0.0,8540.0,0.0
2024-12-11,-5.0,-20.56,-12.78,0.76,7980.0,0.0
2024-12-12,-15.0,-21.67,-18.34,0.0,4870.0,0.0
2024-12-13,-8.89,-18.33,-13.61,0.0,4930.0,1.0
2024-12-14,0.0,-8.33,-4.16,1.27,5650.0,1.0
2024-12-15,2.22,0.0,1.11,0.0,7060.0,1.0
2024-12-16,3.89,-1.67,1.11,0.0,8450.0,1.0
2024-12-17,-1.67,-3.89,-2.78,0.0,7770.0,0.0
2024-12-18,-4.44,-7.22,-5.83,0.0,7520.0,0.0
2024-12-19,-3.89,-6.67,-5.28,9.91,6850.0,0.0
2024-12-20,-6.11,-13.89,-10.0,0.25,6760.0,0.0
2024-12-21,-5.56,-17.22,-11.39,0.0,5780.0,0.0
2024-12-22,0.0,-5.56,-2.78,0.0,6100.0,1.0
2024-12-23,0.56,-2.78,-1.11,0.0,6900.0,1.0
2024-12-24,0.0,-3.33,-1.66,0.0,7080.0,1.0
2024-12-25,0.0,-2.22,-1.11,0.0,7290.0,1.0
2024-12-26,2.22,-0.56,0.83,0.0,7230.0,0.0
2024-12-27,4.44,1.67,3.06,15.75,7680.0,1.0
2024-12-28,7.78,0.0,3.89,3.05,8430.0,1.0
2024-12-29,2.78,-1.0,0.89,0.0,8410.0,0.0
2024-12-30,0.0,-1.11,-0.56,0.0,8320.0,0.0
2024-12-31,-0.56,-3.89,-2.22,0.0,7800.0,0.0
2025-01-01,-4.44,-7.78,-6.11,0.0,7630.0,0.0
2025-01-02,-6.11,-12.22,-9.17,0.0,7280.0,0.0
2025-01-03,-8.33,-15.0,-11.66,0.0,5870.0,0.0
2025-01-04,-11.11,-18.33,-14.72,0.0,4870.0,0.0
2025-01-05,-8.33,-17.78,-13.06,0.0,4780.0,0.0
2025-01-06,-6.67,-16.67,-11.67,0.0,4990.0,1.0
2025-01-07,-7.22,-12.78,-10.0,0.0,5480.0,1.0
2025-01-08,-6.67,-15.0,-10.84,0.0,5530.0,1.0
2025-01-09,-4.44,-11.11,-7.78,1.27,5570.0,1.0
2025-01-10,-2.22,-7.78,-5.0,0.0,5400.0,0.0
2025-01-11,-3.0,-8.33,-5.66,0.51,5470.0,1.0
2025-01-12,-1.67,-18.33,-10.0,0.76,5590.0,1.0
2025-01-13,-14.44,-19.44,-16.94,0.0,4570.0,0.0
2025-01-14,-13.89,-22.78,-18.34,0.0,4550.0,0.0
2025-01-15,-1.11,-19.44,-10.28,0.51,4620.0,1.0
2025-01-16,1.11,-2.22,-0.56,0.0,5350.0,1.0
2025-01-17,3.33,-8.89,-2.78,0.0,5980.0,1.0
2025-01-18,-8.0,-20.56,-14.28,0.0,5490.0,0.0
2025-01-19,-18.89,-25.0,-21.94,0.0,4770.0,0.0
2025-01-20,-21.11,-27.78,-24.44,0.0,4550.0,0.0
2025-01-21,-10.56,-28.33,-19.44,0.0,4540.0,0.0
2025-01-22,-1.67,-13.89,-7.78,0.0,4800.0,1.0
2025-01-23,-11.11,-19.44,-15.28,0.0,4890.0,1.0
2025-01-24,-2.78,-17.78,-10.28,0.25,4990.0,1.0
2025-01-25,-2.78,-11.67,-7.22,0.0,5190.0,1.0
2025-01-26,1.11,-14.44,-6.66,0.0,5240.0,1.0
2025-01-27,2.78,-6.11,-1.67,0.0,5350.0,1.0
2025-01-28,7.78,-4.44,1.67,0.0,5480.0,1.0
2025-01-29,3.89,-2.22,0.84,0.0,5190.0,0.0
2025-01-30,10.56,-2.78,3.89,0.0,5370.0,1.0
2025-01-31,5.56,-2.22,1.67,0.0,5420.0,1.0
2025-02-01,-0.56,-3.89,-2.22,0.0,5560.0,1.0
2025-02-02,5.56,-1.11,2.22,0.0,5390.0,0.0
2025-02-03,-1.11,-15.0,-8.06,2.54,5710.0,1.0
2025-02-04,-13.33,-18.33,-15.83,0.0,4950.0,0.0
2025-02-05,-5.0,-13.89,-9.44,0.0,4870.0,0.0
2025-02-06,-4.44,-11.67,-8.06,0.25,5530.0,1.0
2025-02-07,-5.0,-13.33,-9.16,0.0,4890.0,0.0
2025-02-08,-6.0,-15.56,-10.78,3.56,5070.0,1.0
2025-02-09,-7.78,-18.89,-13.34,0.0,4820.0,0.0
2025-02-10,-9.44,-17.78,-13.61,0.0,4740.0,0.0
2025-02-11,-14.44,-22.22,-18.33,0.0,4640.0,0.0
2025-02-12,-14.44,-18.89,-16.66,0.51,4690.0,1.0
2025-02-13,-12.78,-22.22,-17.5,0.0,4960.0,1.0
2025-02-14,-6.11,-17.78,-11.94,2.79,5080.0,1.0
2025-02-15,-6.11,-10.56,-8.34,0.0,5160.0,1.0
2025-02-16,-11.11,-18.89,-15.0,0.0,5130.0,0.0
2025-02-17,-19.44,-25.0,-22.22,0.0,4690.0,0.0
2025-02-18,-16.11,-25.56,-20.84,0.0,4460.0,0.0
2025-02-19,-13.33,-23.33,-18.33,0.0,4740.0,1.0
2025-02-20,-6.67,-17.78,-12.23,0.0,4790.0,1.0
2025-02-21,-3.33,-16.11,-9.72,0.0,5160.0,1.0
2025-02-22,2.22,-11.11,-4.44,0.0,5240.0,1.0
2025-02-23,8.33,-1.67,3.33,0.0,5340.0,1.0
2025-02-24,11.11,3.33,7.22,0.0,5850.0,1.0
2025-02-25,10.0,-0.56,4.72,0.0,5550.0,0.0
2025-02-26,12.78,3.89,8.33,0.76,6030.0,1.0
2025-02-27,10.0,1.11,5.56,0.0,5900.0,0.0
2025-02-28,7.78,-6.11,0.84,0.0,6500.0,1.0
2025-03-01,-3.33,-11.11,-7.22,0.0,6700.0,1.0
2025-03-02,5.0,-9.44,-2.22,0.0,7340.0,1.0
2025-03-03,10.0,-2.22,3.89,0.25,7210.0,0.0
2025-03-04,7.22,-0.56,3.33,7.37,7370.0,1.0
2025-03-05,0.0,-6.67,-3.34,13.21,7970.0,1.0
2025-03-06,4.44,-8.33,-1.94,0.0,8000.0,1.0
2025-03-07,5.56,-3.89,0.83,0.0,7960.0,0.0
2025-03-08,10.0,-1.11,4.44,0.0,7420.0,0.0
2025-03-09,15.0,1.11,8.06,0.0,7620.0,1.0
2025-03-10,17.22,3.89,10.56,0.0,8120.0,1.0
2025-03-11,8.89,-2.22,3.34,0.0,8450.0,1.0
2025-03-12,14.44,0.56,7.5,0.0,9190.0,1.0
2025-03-13,17.22,1.67,9.44,0.0,9690.0,1.0
2025-03-14,23.89,9.44,16.66,4.83,10400.0,1.0
2025-03-15,12.22,-3.89,4.16,1.27,11300.0,1.0
2025-03-16,3.89,-7.78,-1.94,0.0,12400.0,1.0
2025-03-17,16.67,0.0,8.34,0.0,13800.0,1.0
2025-03-18,10.0,1.11,5.56,0.0,13600.0,0.0
2025-03-19,3.89,0.0,1.94,0.0,13500.0,0.0
2025-03-20,8.33,-3.33,2.5,0.0,12700.0,0.0
2025-03-21,12.22,-2.78,4.72,0.0,12100.0,0.0
2025-03-22,6.11,-7.22,-0.55,0.76,11400.0,0.0
2025-03-23,7.22,-2.22,2.5,0.0,11400.0,0.0
2025-03-24,8.89,-4.44,2.22,0.0,11000.0,0.0
2025-03-25,12.22,-2.22,5.0,0.0,10500.0,0.0
2025-03-26,12.78,0.0,6.39,0.0,9870.0,0.0
2025-03-27,16.67,5.0,10.84,0.0,9660.0,0.0
2025-03-28,22.78,4.44,13.61,0.51,9470.0,0.0
2025-03-29,4.44,1.11,2.78,38.86,10000.0,1.0
2025-03-30,1.67,-0.56,0.55,8.13,11800.0,1.0
2025-03-31,7.22,-2.78,2.22,0.0,12300.0,1.0
2025-04-01,4.44,-1.11,1.66,7.11,14200.0,1.0
2025-04-02,3.33,0.0,1.66,8.13,17000.0,1.0
2025-04-03,7.22,1.67,4.44,0.0,18700.0,1.0
2025-04-04,10.56,-1.67,4.44,0.0,19700.0,1.0
2025-04-05,6.11,0.0,3.06,0.0,20500.0,1.0
2025-04-06,15.56,-1.11,7.22,0.0,20200.0,0.0
2025-04-07,3.89,-3.89,0.0,0.0,20800.0,1.0
2025-04-08,9.44,-3.89,2.77,0.0,20400.0,0.0
2025-04-09,16.11,3.33,9.72,0.51,19900.0,0.0
2025-04-10,9.44,5.56,7.5,0.0,19200.0,0.0
2025-04-11,13.33,5.0,9.16,0.0,18300.0,0.0
2025-04-12,20.56,3.89,12.22,0.0,18200.0,0.0
2025-04-13,19.44,11.67,15.56,0.0,17700.0,0.0
2025-04-14,13.33,5.0,9.16,0.25,17200.0,0.0
2025-04-15,12.22,3.33,7.78,0.0,16600.0,0.0
2025-04-16,15.0,1.67,8.34,0.0,16100.0,0.0
2025-04-17,23.33,8.89,16.11,9.65,15900.0,0.0
2025-04-18,15.0,6.67,10.84,1.02,16400.0,1.0
2025-04-19,12.22,1.67,6.94,0.0,16800.0,1.0
2025-04-20,12.78,3.89,8.33,8.89,17100.0,1.0
2025-04-21,16.11,3.89,10.0,8.13,17800.0,1.0
2025-04-22,20.56,10.0,15.28,0.0,17600.0,0.0
2025-04-23,20.56,10.56,15.56,0.0,17400.0,0.0
2025-04-24,11.11,8.33,9.72,5.08,17000.0,0.0
2025-04-25,13.89,6.0,9.94,0.25,16900.0,0.0
2025-04-26,16.11,3.89,10.0,0.0,16900.0,0.0
2025-04-27,18.33,9.44,13.88,0.76,16700.0,0.0
2025-04-28,22.78,7.22,15.0,0.51,16800.0,1.0
2025-04-29,15.0,6.11,10.56,0.0,16800.0,0.0
2025-04-30,20.56,4.44,12.5,0.0,17400.0,1.0
2025-05-01,17.78,10.56,14.17,14.99,18200.0,1.0
2025-05-02,10.56,7.22,8.89,0.0,20000.0,1.0
2025-05-03,18.33,5.56,11.94,0.0,20300.0,1.0
2025-05-04,27.22,10.0,18.61,0.0,20400.0,1.0
2025-05-05,24.44,12.78,18.61,0.0,20600.0,1.0
2025-05-06,28.33,13.33,20.83,0.0,20400.0,0.0
2025-05-07,22.22,12.78,17.5,0.0,19600.0,0.0
2025-05-08,21.67,8.33,15.0,0.0,18700.0,0.0
2025-05-09,28.89,10.0,19.44,0.0,17800.0,0.0
2025-05-10,23.33,12.78,18.06,0.0,17100.0,0.0
2025-05-11,32.22,14.44,23.33,0.0,16500.0,0.0
2025-05-12,30.0,15.0,22.5,0.0,15100.0,0.0
2025-05-13,30.56,16.67,23.62,0.0,14200.0,0.0
2025-05-14,30.0,18.33,24.16,0.0,13800.0,0.0
2025-05-15,28.89,15.0,21.94,1.27,13400.0,0.0
2025-05-16,16.67,10.0,13.34,4.06,13300.0,0.0
2025-05-17,10.0,7.22,8.61,0.25,13100.0,0.0
2025-05-18,14.44,6.11,10.28,0.0,12400.0,0.0
2025-05-19,14.44,4.44,9.44,16.0,12500.0,1.0
2025-05-20,8.89,5.56,7.22,36.07,15700.0,1.0
2025-05-21,10.56,7.22,8.89,6.35,19500.0,1.0
2025-05-22,20.0,5.56,12.78,0.0,27700.0,1.0
2025-05-23,18.33,7.22,12.77,0.0,31000.0,1.0
2025-05-24,19.44,8.89,14.16,0.0,32300.0,1.0
2025-05-25,21.67,8.33,15.0,0.0,33100.0,1.0
2025-05-26,22.78,10.0,16.39,0.0,33100.0,0.0
2025-05-27,17.78,13.33,15.56,2.79,32600.0,0.0
2025-05-28,15.56,12.22,13.89,0.51,31600.0,0.0
2025-05-29,23.33,12.22,17.77,0.76,30000.0,0.0
2025-05-30,25.56,14.44,20.0,0.0,27900.0,0.0
2025-05-31,27.22,15.0,21.11,0.0,24900.0,0.0
2025-06-01,26.67,14.44,20.56,0.0,22700.0,0.0
2025-06-02,33.33,17.78,25.56,0.25,21100.0,0.0
2025-06-03,21.67,12.78,17.23,16.76,20400.0,0.0
2025-06-04,25.0,12.22,18.61,0.0,19400.0,0.0
2025-06-05,25.56,12.78,19.17,0.0,20300.0,1.0
2025-06-06,22.78,16.67,19.73,0.0,20900.0,1.0
2025-06-07,25.0,15.56,20.28,1.78,21400.0,1.0
2025-06-08,22.22,13.89,18.06,2.54,21000.0,0.0
2025-06-09,19.44,11.0,15.22,2.29,20000.0,0.0
2025-06-10,27.22,15.0,21.11,0.0,18600.0,0.0
2025-06-11,22.78,17.22,20.0,0.0,17700.0,0.0
2025-06-12,21.11,15.0,18.06,15.24,16900.0,0.0
2025-06-13,13.89,11.67,12.78,14.99,18000.0,1.0
2025-06-14,17.22,12.22,14.72,0.0,18800.0,1.0
2025-06-15,23.33,15.0,19.16,0.0,18900.0,1.0
2025-06-16,27.78,19.44,23.61,4.57,20400.0,1.0
2025-06-17,27.22,17.78,22.5,0.0,22500.0,1.0
2025-06-18,28.33,17.78,23.06,0.0,24900.0,1.0
2025-06-19,30.56,17.22,23.89,0.0,27500.0,1.0
2025-06-20,29.44,20.56,25.0,0.51,28600.0,1.0
2025-06-21,35.56,26.67,31.12,0.0,29200.0,1.0
2025-06-22,35.0,27.78,31.39,0.0,30300.0,1.0
2025-06-23,30.56,21.11,25.84,0.0,30700.0,1.0
2025-06-24,27.78,17.22,22.5,0.0,30800.0,1.0
2025-06-25,22.22,17.22,19.72,42.67,33700.0,1.0
2025-06-26,18.89,16.67,17.78,21.84,36100.0,1.0
2025-06-27,22.78,15.0,18.89,0.0,36200.0,1.0
2025-06-28,28.89,17.78,23.34,0.51,36400.0,1.0
2025-06-29,28.89,19.44,24.16,16.76,38900.0,1.0
2025-06-30,28.33,17.78,23.06,5.08,40300.0,1.0
2025-07-01,29.44,18.89,24.16,0.0,41300.0,1.0
2025-07-02,31.67,20.56,26.12,0.0,41900.0,1.0
2025-07-03,32.22,23.33,27.78,0.0,42000.0,1.0
2025-07-04,33.89,27.22,30.56,0.0,42100.0,1.0
2025-07-05,28.89,22.22,25.56,5.84,42400.0,1.0
2025-07-06,28.89,20.56,24.72,0.0,43600.0,1.0
2025-07-07,29.44,18.33,23.88,0.0,44500.0,1.0
2025-07-08,28.89,19.44,24.16,0.0,45000.0,1.0
2025-07-09,28.89,20.0,24.44,0.0,45400.0,1.0
2025-07-10,27.22,21.11,24.16,1.02,45300.0,0.0
2025-07-11,28.89,20.56,24.72,0.0,45100.0,0.0
2025-07-12,26.11,20.56,23.34,0.0,44600.0,0.0
2025-07-13,30.56,17.22,23.89,0.0,43900.0,0.0
2025-07-14,32.78,21.67,27.22,0.0,42900.0,0.0
2025-07-15,33.89,21.67,27.78,16.0,42000.0,0.0
2025-07-16,22.78,13.89,18.34,23.88,42300.0,1.0
2025-07-17,23.33,11.11,17.22,0.0,40900.0,0.0
2025-07-18,23.89,15.56,19.73,1.02,40100.0,0.0
2025-07-19,27.22,19.44,23.33,2.03,38900.0,0.0
2025-07-20,27.22,16.67,21.94,0.0,36800.0,0.0
2025-07-21,26.67,17.22,21.94,8.89,35000.0,0.0
2025-07-22,31.11,23.0,27.06,0.0,34100.0,0.0
2025-07-23,27.78,22.22,25.0,25.4,34900.0,1.0
2025-07-24,30.0,21.67,25.84,0.0,36500.0,1.0
2025-07-25,30.0,20.56,25.28,0.0,37400.0,1.0
2025-07-26,31.67,21.67,26.67,0.0,38100.0,1.0
2025-07-27,33.33,21.11,27.22,39.37,39400.0,1.0
2025-07-28,30.56,18.89,24.72,9.65,41100.0,1.0
2025-07-29,30.0,19.44,24.72,0.0,41600.0,1.0
2025-07-30,27.22,20.56,23.89,0.0,41700.0,1.0
2025-07-31,25.0,16.67,20.84,0.0,41600.0,0.0
2025-08-01,25.56,17.22,21.39,0.0,40700.0,0.0
2025-08-02,25.56,17.22,21.39,0.0,39700.0,0.0
2025-08-03,25.0,17.78,21.39,0.0,38200.0,0.0
2025-08-04,26.11,19.44,22.78,0.0,36500.0,0.0
2025-08-05,27.78,18.89,23.34,0.0,35200.0,0.0
2025-08-06,27.78,20.0,23.89,0.25,34300.0,0.0
2025-08-07,30.56,21.67,26.12,0.0,33100.0,0.0
2025-08-08,31.67,22.78,27.22,0.0,31700.0,0.0
2025-08-09,28.89,21.67,25.28,17.27,32100.0,1.0
2025-08-10,29.44,20.56,25.0,0.0,29900.0,0.0
2025-08-11,26.67,18.33,22.5,0.0,28100.0,0.0
2025-08-12,28.33,21.11,24.72,0.0,26700.0,0.0
2025-08-13,27.78,17.78,22.78,0.0,26100.0,0.0
2025-08-14,25.56,20.0,22.78,0.51,26600.0,1.0
2025-08-15,31.11,21.11,26.11,12.95,26800.0,1.0
2025-08-16,29.44,20.56,25.0,26.92,28500.0,1.0
2025-08-17,27.22,21.11,24.16,29.72,27600.0,0.0
2025-08-18,27.22,21.11,24.16,1.02,28100.0,1.0
2025-08-19,31.11,22.22,26.66,0.0,28100.0,0.0
2025-08-20,28.89,20.0,24.44,0.0,29700.0,1.0
2025-08-21,28.33,19.44,23.88,0.0,31400.0,1.0
2025-08-22,25.56,21.67,23.62,2.03,32800.0,1.0
2025-08-23,21.67,15.0,18.34,0.0,33600.0,1.0
2025-08-24,19.44,13.89,16.66,0.0,34800.0,1.0
2025-08-25,21.11,11.11,16.11,0.0,36700.0,1.0
2025-08-26,23.33,14.44,18.88,0.0,38400.0,1.0
2025-08-27,25.0,15.0,20.0,0.0,39600.0,1.0
2025-08-28,26.67,16.67,21.67,0.0,39600.0,0.0
2025-08-29,25.0,16.67,20.84,0.0,38700.0,0.0
2025-08-30,25.0,15.56,20.28,0.0,37700.0,0.0
2025-08-31,25.0,14.44,19.72,0.0,36200.0,0.0
2025-09-01,25.56,16.67,21.12,0.0,34200.0,0.0
2025-09-02,23.89,16.67,20.28,9.4,32500.0,0.0
2025-09-03,18.89,10.0,14.44,0.0,29800.0,0.0
2025-09-04,15.0,7.78,11.39,8.89,27000.0,0.0
2025-09-05,15.0,7.22,11.11,0.0,23600.0,0.0
2025-09-06,14.44,7.22,10.83,3.56,21900.0,0.0
2025-09-07,17.22,7.22,12.22,0.0,20500.0,0.0
2025-09-08,25.56,10.56,18.06,0.0,19500.0,0.0
2025-09-09,20.0,17.22,18.61,3.56,18400.0,0.0
2025-09-10,23.89,16.67,20.28,0.0,18100.0,0.0
2025-09-11,25.0,13.89,19.44,0.0,17600.0,0.0
2025-09-12,27.78,16.67,22.22,0.51,17000.0,0.0
2025-09-13,27.78,19.44,23.61,0.0,16400.0,0.0
2025-09-14,30.0,20.56,25.28,0.0,15700.0,0.0
2025-09-15,27.78,22.22,25.0,0.0,15300.0,0.0
2025-09-16,32.78,21.11,26.94,0.0,14500.0,0.0
2025-09-17,28.33,19.44,23.88,0.0,14000.0,0.0
2025-09-18,27.78,18.89,23.34,11.18,13800.0,0.0
2025-09-19,23.33,18.33,20.83,11.68,14000.0,1.0
2025-09-20,22.22,16.67,19.44,0.0,14000.0,0.0
2025-09-21,25.56,17.78,21.67,23.62,13600.0,0.0
2025-09-22,23.33,16.11,19.72,0.0,14600.0,1.0
2025-09-23,23.33,14.44,18.88,0.0,14300.0,0.0
2025-09-24,23.33,13.89,18.61,0.0,14100.0,0.0
2025-09-25,28.33,14.44,21.38,0.0,14000.0,0.0
2025-09-26,25.0,14.44,19.72,0.0,14000.0,0.0
2025-09-27,23.33,15.0,19.16,0.0,14200.0,1.0
2025-09-28,26.11,10.56,18.34,0.0,13700.0,0.0
2025-09-29,30.56,14.44,22.5,0.0,13300.0,0.0
2025-09-30,28.33,18.89,23.61,0.0,13000.0,0.0
2025-10-01,26.67,18.33,22.5,0.0,13200.0,1.0
2025-10-02,30.0,18.33,24.16,0.0,12600.0,0.0
2025-10-03,30.56,18.33,24.44,0.0,12300.0,0.0
2025-10-04,32.22,22.22,27.22,0.0,12000.0,0.0
2025-10-05,25.0,12.22,18.61,2.29,12100.0,1.0
2025-10-06,14.44,8.89,11.66,0.0,11500.0,0.0
2025-10-07,18.33,7.22,12.77,0.0,11400.0,0.0
2025-10-08,16.67,3.89,10.28,0.0,10900.0,0.0
2025-10-09,21.67,7.22,14.44,0.0,11000.0,1.0
2025-10-10,20.56,10.0,15.28,0.0,10600.0,0.0
2025-10-11,19.44,7.22,13.33,0.0,9920.0,0.0
2025-10-12,20.0,12.78,16.39,1.27,10200.0,1.0
2025-10-13,15.56,6.67,11.12,0.0,9550.0,0.0
2025-10-14,11.11,8.33,9.72,12.45,9220.0,0.0
2025-10-15,11.67,8.0,9.84,0.0,9530.0,1.0
2025-10-16,18.89,11.67,15.28,0.25,9530.0,0.0
2025-10-17,22.22,13.89,18.06,0.0,9620.0,1.0
2025-10-18,16.67,10.0,13.34,0.0,9390.0,0.0
2025-10-19,14.44,6.11,10.28,0.0,9200.0,0.0
2025-10-20,16.11,6.11,11.11,1.52,8850.0,0.0
2025-10-21,7.78,5.56,6.67,2.54,8740.0,0.0
2025-10-22,9.44,3.89,6.66,0.0,8370.0,0.0
2025-10-23,10.0,1.67,5.84,0.0,8530.0,1.0
2025-10-24,13.33,0.0,6.66,0.0,8220.0,0.0
2025-10-25,11.11,7.22,9.16,2.03,7850.0,0.0
2025-10-26,17.22,7.78,12.5,0.0,7940.0,1.0
2025-10-27,16.11,6.67,11.39,0.0,7810.0,0.0
2025-10-28,11.11,7.22,9.16,0.25,8080.0,1.0
2025-10-29,12.78,5.56,9.17,0.0,8270.0,1.0
2025-10-30,8.89,2.78,5.84,0.0,8610.0,1.0
2025-10-31,6.11,3.33,4.72,3.81,8590.0,0.0
2025-11-01,7.22,3.33,5.28,0.25,8670.0,1.0
2025-11-02,12.22,2.78,7.5,0.0,8790.0,1.0
2025-11-03,13.89,4.44,9.17,0.0,8740.0,0.0
2025-11-04,16.67,3.89,10.28,0.0,8650.0,0.0
2025-11-05,12.78,3.89,8.33,0.0,8970.0,1.0
2025-11-06,12.78,1.67,7.22,0.0,8720.0,0.0
2025-11-07,8.33,3.33,5.83,0.25,8760.0,1.0
2025-11-08,2.78,-2.22,0.28,0.0,8620.0,0.0
2025-11-09,-1.67,-5.56,-3.62,0.0,8340.0,0.0
2025-11-10,1.67,-5.56,-1.94,0.0,8040.0,0.0
2025-11-11,11.67,-1.11,5.28,0.0,8440.0,1.0
2025-11-12,11.67,1.11,6.39,0.0,8440.0,0.0
2025-11-13,13.89,0.0,6.94,0.0,7990.0,0.0
2025-11-14,21.67,2.22,11.94,0.0,7930.0,0.0
2025-11-15,15.0,2.78,8.89,0.25,8060.0,1.0
2025-11-16,7.78,-1.11,3.34,0.0,7910.0,0.0
2025-11-17,5.0,-1.67,1.66,0.0,8050.0,1.0
2025-11-18,7.22,3.33,5.28,0.0,7780.0,0.0
2025-11-19,6.67,3.33,5.0,0.0,7570.0,0.0
2025-11-20,9.0,0.0,4.5,0.0,7430.0,0.0
2025-11-21,8.33,-2.22,3.06,0.0,7350.0,0.0
2025-11-22,12.22,1.11,6.66,0.0,7480.0,1.0
2025-11-23,12.78,0.56,6.67,0.0,7330.0,0.0
2025-11-24,9.44,5.0,7.22,0.0,7570.0,1.0
2025-11-25,7.78,-0.56,3.61,9.91,7670.0,1.0
2025-11-26,-0.56,-3.89,-2.22,3.81,8210.0,1.0
2025-11-27,-2.78,-5.0,-3.89,0.0,8170.0,0.0
2025-11-28,-2.78,-8.33,-5.56,0.0,7820.0,0.0
2025-11-29,-4.0,-6.11,-5.06,7.37,8020.0,1.0
2025-11-30,-5.0,-12.22,-8.61,1.27,7900.0,0.0
2025-12-01,-6.67,-13.89,-10.28,0.0,7020.0,0.0
2025-12-02,-3.89,-11.11,-7.5,1.27,5700.0,0.0
2025-12-03,-3.33,-16.67,-10.0,0.25,6050.0,1.0
2025-12-04,-7.22,-20.0,-13.61,0.0,4390.0,0.0
2025-12-05,-2.22,-7.22,-4.72,2.54,4890.0,1.0
2025-12-06,-4.44,-10.56,-7.5,0.76,5550.0,1.0
2025-12-07,-11.11,-17.22,-14.16,0.0,5830.0,1.0
2025-12-08,-6.67,-13.89,-10.28,1.78,6130.0,1.0
2025-12-09,-1.67,-6.67,-4.17,10.16,6520.0,1.0
2025-12-10,-2.78,-7.78,-5.28,1.27,6910.0,1.0
2025-12-11,-7.22,-11.67,-9.44,0.25,6590.0,0.0
2025-12-12,-6.11,-19.44,-12.78,0.25,6740.0,1.0
2025-12-13,-16.11,-21.67,-18.89,0.0,5930.0,0.0
2025-12-14,-12.22,-23.33,-17.77,0.0,5400.0,0.0
2025-12-15,-3.89,-11.67,-7.78,0.0,5690.0,1.0
2025-12-16,6.11,-8.89,-1.39,0.0,6350.0,1.0
2025-12-17,4.44,-2.78,0.83,0.25,7210.0,1.0
2025-12-18,5.0,-16.11,-5.56,2.54,8220.0,1.0
2025-12-19,-5.56,-19.44,-12.5,0.0,7260.0,0.0
2025-12-20,-3.33,-14.44,-8.88,0.0,6820.0,0.0
2025-12-21,-1.11,-14.44,-7.78,0.0,6620.0,0.0
2025-12-22,3.89,-1.11,1.39,0.76,7240.0,1.0
2025-12-23,0.0,-4.44,-2.22,0.0,7520.0,1.0
2025-12-24,1.67,-4.44,-1.39,0.0,7310.0,0.0
2025-12-25,1.11,-3.33,-1.11,1.02,7280.0,0.0
2025-12-26,2.0,-1.11,0.44,0.0,7650.0,1.0
2025-12-27,2.22,-1.11,0.56,0.0,7640.0,0.0
2025-12-28,1.67,-12.0,-5.16,15.75,7810.0,1.0
2025-12-29,-10.0,-15.56,-12.78,0.0,7370.0,0.0
2025-12-30,1.11,-15.56,-7.22,1.02,7020.0,0.0
2025-12-31,1.11,-14.44,-6.66,2.29,7640.0,1.0
2026-01-01,-10.0,-14.44,-12.22,0.51,6990.0,0.0
2026-01-02,-9.44,-13.33,-11.38,0.0,6930.0,0.0
2026-01-03,-6.11,-10.0,-8.06,0.0,7090.0,1.0
2026-01-04,0.0,-11.11,-5.56,0.25,7250.0,1.0
2026-01-05,0.56,-5.0,-2.22,0.0,6880.0,0.0
2026-01-06,0.56,-2.22,-0.83,17.53,8020.0,1.0
2026-01-07,5.56,-4.44,0.56,0.0,7640.0,0.0
2026-01-08,2.78,-2.78,0.0,3.05,8040.0,1.0
2026-01-09,2.78,-3.33,-0.28,0.0,8310.0,1.0
2026-01-10,-0.56,-7.22,-3.89,0.51,8320.0,1.0
2026-01-11,-1.67,-9.44,-5.56,0.0,7740.0,0.0
2026-01-12,6.11,-3.33,1.39,0.0,7260.0,0.0
2026-01-13,5.56,-0.56,2.5,0.0,7000.0,0.0
2026-01-14,-0.56,-11.67,-6.12,0.0,8040.0,1.0
2026-01-15,0.0,-11.67,-5.84,0.0,7590.0,0.0
2026-01-16,1.11,-12.78,-5.84,0.51,7960.0,1.0
2026-01-17,-10.56,-19.44,-15.0,0.25,7110.0,0.0
2026-01-18,-10.0,-21.11,-15.56,1.27,6320.0,0.0
2026-01-19,-16.67,-22.22,-19.44,0.0,5840.0,0.0
2026-01-20,-9.44,-20.0,-14.72,0.0,6090.0,1.0
2026-01-21,-5.56,-12.78,-9.17,1.52,6760.0,1.0
2026-01-22,-12.78,-28.33,-20.56,0.0,6980.0,1.0
2026-01-23,-22.78,-29.44,-26.11,0.0,5710.0,0.0
2026-01-24,-18.89,-26.11,-22.5,0.0,5580.0,0.0
2026-01-25,-15.56,-22.78,-19.17,0.0,5890.0,1.0
2026-01-26,-8.33,-25.0,-16.66,0.0,5960.0,1.0
2026-01-27,-12.78,-17.78,-15.28,0.0,5920.0,0.0
2026-01-28,-11.67,-18.89,-15.28,0.0,5800.0,0.0
2026-01-29,-11.67,-20.56,-16.11,0.0,5600.0,0.0
2026-01-30,-11.67,-18.33,-15.0,0.0,5470.0,0.0
2026-01-31,-6.11,-17.78,-11.94,0.0,5330.0,0.0
2026-02-01,-2.22,-9.44,-5.83,3.81,5630.0,1.0
2026-02-02,-5.56,-12.22,-8.89,0.0,5390.0,0.0
2026-02-03,-6.67,-16.67,-11.67,0.0,5230.0,0.0
2026-02-04,-3.89,-14.44,-9.16,0.0,5030.0,0.0
2026-02-05,2.78,-5.0,-1.11,0.0,5410.0,1.0
2026-02-06,2.78,-7.78,-2.5,0.0,5370.0,0.0
2026-02-07,-3.89,-11.11,-7.5,0.0,5120.0,0.0
2026-02-08,0.0,-4.44,-2.22,0.0,4920.0,0.0
2026-02-09,3.33,-3.33,0.0,0.0,5410.0,1.0
2026-02-10,1.67,-3.89,-1.11,0.0,5140.0,0.0
2026-02-11,2.78,-7.22,-2.22,0.0,4840.0,0.0
2026-02-12,6.67,-2.78,1.94,0.0,4990.0,1.0
2026-02-13,10.56,-2.22,4.17,0.0,5160.0,1.0
2026-02-14,12.22,-2.22,5.0,0.0,5260.0,1.0
2026-02-15,11.11,-2.22,4.44,0.0,5250.0,0.0
2026-02-16,12.22,2.22,7.22,0.0,5690.0,1.0
2026-02-17,10.56,2.78,6.67,0.0,6270.0,1.0
2026-02-18,6.67,-2.22,2.22,20.83,7680.0,1.0
2026-02-19,1.11,-3.33,-1.11,4.06,8360.0,1.0
2026-02-20,-1.11,-8.89,-5.0,0.0,8920.0,1.0
2026-02-21,-7.22,-13.33,-10.28,0.0,8860.0,0.0
2026-02-22,-10.0,-14.44,-12.22,0.0,8210.0,0.0
2026-02-23,-6.11,-16.11,-11.11,0.0,7180.0,0.0
2026-02-24,2.78,-8.89,-3.06,0.51,8490.0,1.0
2026-02-25,-4.44,-12.22,-8.33,0.0,8800.0,1.0
2026-02-26,5.56,-9.44,-1.94,0.0,9370.0,1.0
2026-02-27,10.0,-5.56,2.22,0.0,9040.0,0.0
2026-02-28,-5.56,-8.33,-6.94,0.0,8720.0,0.0
2026-03-01,-1.11,-10.0,-5.56,0.0,7630.0,0.0
2026-03-02,6.11,-6.11,0.0,0.0,8150.0,1.0
2026-03-03,10.56,1.11,5.84,0.0,8640.0,1.0
2026-03-04,9.44,0.56,5.0,0.0,8860.0,1.0
2026-03-05,12.22,4.44,8.33,0.0,8970.0,1.0
2026-03-06,10.56,3.89,7.22,4.32,9680.0,1.0
2026-03-07,3.89,-3.33,0.28,2.79,11000.0,1.0
2026-03-08,15.56,3.89,9.72,0.0,11500.0,1.0
2026-03-09,14.44,3.33,8.88,0.0,12900.0,1.0
2026-03-10,6.11,-2.22,1.94,1.27,14700.0,1.0
2026-03-11,5.56,-2.78,1.39,0.76,17100.0,1.0
2026-03-12,7.78,-3.89,1.94,3.05,18100.0,1.0
2026-03-13,6.67,-2.78,1.94,0.0,17400.0,0.0
2026-03-14,0.56,-4.44,-1.94,11.18,16300.0,0.0
2026-03-15,-1.11,-8.33,-4.72,7.87,15600.0,0.0
2026-03-16,-7.78,-14.44,-11.11,0.0,14100.0,0.0
2026-03-17,-6.67,-17.22,-11.94,1.52,12200.0,0.0
2026-03-18,8.33,-6.67,0.83,0.0,11300.0,0.0
2026-03-19,11.11,-2.22,4.44,0.0,14600.0,1.0
2026-03-20,16.67,6.11,11.39,0.0,14100.0,0.0
2026-03-21,26.11,6.67,16.39,0.0,14600.0,1.0
2026-03-22,7.78,0.0,3.89,0.0,16100.0,1.0
2026-03-23,7.78,-3.33,2.22,0.0,18400.0,1.0
2026-03-24,11.67,3.89,7.78,0.0,20400.0,1.0
2026-03-25,22.22,5.56,13.89,0.0,21600.0,1.0
2026-03-26,13.89,-0.56,6.66,0.0,22400.0,1.0
2026-03-27,3.89,-4.44,-0.28,0.0,22400.0,0.0
2026-03-28,15.0,-6.11,4.44,0.0,21400.0,0.0
2026-03-29,21.11,6.11,13.61,0.0,20000.0,0.0
2026-03-30,22.78,4.44,13.61,0.0,19300.0,0.0
2026-03-31,12.78,1.11,6.94,0.0,18800.0,0.0
2026-04-01,7.22,0.0,3.61,0.25,17800.0,0.0
2026-04-02,2.78,-0.56,1.11,13.21,17800.0,0.0
2026-04-03,5.0,0.0,2.5,20.07,17900.0,1.0
2026-04-04,3.89,-0.56,1.66,1.78,18800.0,1.0
2026-04-05,11.67,-1.67,5.0,0.0,19400.0,1.0
2026-04-06,5.56,-3.33,1.11,0.0,20400.0,1.0
2026-04-07,6.67,-5.0,0.84,0.0,20700.0,1.0
2026-04-08,16.11,2.78,9.44,0.0,21000.0,1.0
2026-04-09,9.44,1.67,5.56,0.76,20700.0,0.0
2026-04-10,13.33,0.56,6.94,0.0,20500.0,0.0
2026-04-11,10.56,2.78,6.67,8.64,19900.0,0.0
2026-04-12,27.22,10.56,18.89,0.0,19300.0,0.0
2026-04-13,22.22,11.11,16.66,0.0,19000.0,0.0
2026-04-14,17.78,9.44,13.61,0.0,18700.0,0.0
2026-04-15,20.0,7.22,13.61,0.0,18700.0,0.0
2026-04-16,26.11,8.33,17.22,0.0,18600.0,0.0
2026-04-17,19.44,1.67,10.56,2.79,19200.0,1.0
2026-04-18,7.78,-1.11,3.34,0.0,19600.0,1.0
2026-04-19,8.33,0.0,4.16,0.0,19500.0,0.0
2026-04-20,17.78,-0.56,8.61,0.0,18300.0,0.0
2026-04-21,25.56,7.22,16.39,0.0,17700.0,0.0
2026-04-22,30.0,10.0,20.0,0.0,17100.0,0.0
2026-04-23,22.78,12.22,17.5,2.29,16700.0,0.0
2026-04-24,16.11,5.56,10.84,0.0,16000.0,0.0
2026-04-25,13.89,8.33,11.11,0.51,15600.0,0.0
2026-04-26,17.78,6.67,12.23,3.3,14900.0,0.0
2026-04-27,14.44,6.67,10.56,28.96,16100.0,1.0
2026-04-28,13.89,5.0,9.44,0.0,18400.0,1.0
2026-04-29,12.78,3.33,8.06,0.0,21100.0,1.0
2026-04-30,11.11,2.22,6.66,0.0,24100.0,1.0
2026-05-01,12.78,4.44,8.61,0.0,26900.0,1.0
2026-05-02,19.44,3.89,11.66,0.0,27900.0,1.0
2026-05-03,21.67,11.11,16.39,0.0,28600.0,1.0
2026-05-04,17.78,5.56,11.67,0.0,28700.0,1.0
2026-05-05,11.67,2.78,7.22,0.0,28000.0,0.0
2026-05-06,7.78,0.0,3.89,0.0,26300.0,0.0
2026-05-07,15.0,0.56,7.78,0.0,24000.0,0.0
2026-05-08,22.22,6.67,14.44,0.0,22600.0,0.0
2026-05-09,16.67,9.44,13.06,0.0,21600.0,0.0
2026-05-10,16.11,6.11,11.11,0.0,20100.0,0.0
2026-05-11,20.56,4.44,12.5,0.0,18800.0,0.0
2026-05-12,21.67,11.11,16.39,0.51,18200.0,0.0
2026-05-13,22.78,6.67,14.73,0.0,17000.0,0.0
2026-05-14,26.67,10.0,18.34,0.51,16300.0,0.0
2026-05-15,31.11,16.11,23.61,0.0,15400.0,0.0
2026-05-16,26.67,13.89,20.28,0.0,14400.0,0.0
2026-05-17,22.22,12.22,17.22,29.46,13800.0,0.0
2026-05-18,18.89,12.22,15.56,14.22,14200.0,1.0
2026-05-19,12.78,6.11,9.44,1.02,14400.0,1.0
2026-05-20,16.11,3.89,10.0,0.0,16700.0,1.0
2026-05-21,18.89,7.78,13.34,0.0,18600.0,1.0
2026-05-22,18.33,10.56,14.44,1.52,18800.0,1.0
2026-05-23,18.33,11.67,15.0,0.25,17700.0,0.0
2026-05-24,28.33,10.0,19.16,0.0,16200.0,0.0
2026-05-25,30.0,16.11,23.06,0.0,15600.0,0.0
2026-05-26,31.11,21.11,26.11,0.0,16100.0,1.0
2026-05-27,31.67,19.44,25.56,0.0,16400.0,1.0
2026-05-28,28.89,17.78,23.34,0.0,15800.0,0.0
2026-05-29,31.11,18.33,24.72,0.0,15000.0,0.0
2026-05-30,28.89,19.44,24.16,0.0,15000.0,0.0
2026-05-31,21.67,16.11,18.89,9.4,14300.0,0.0
2026-06-01,26.67,16.11,21.39,0.0,13800.0,0.0
2026-06-02,28.89,15.56,22.22,0.0,13000.0,0.0
2026-06-03,29.44,17.78,23.61,0.0,12500.0,0.0
2026-06-04,28.89,18.89,23.89,2.54,11600.0,0.0
2026-06-05,28.33,18.33,23.33,0.0,11600.0,0.0
2026-06-06,30.56,17.78,24.17,0.0,11300.0,0.0
2026-06-07,31.67,20.56,26.12,0.25,11000.0,0.0
2026-06-08,29.44,20.56,25.0,0.76,11000.0,0.0
2026-06-09,31.67,20.56,26.12,0.0,11400.0,1.0
2026-06-10,32.78,20.56,26.67,14.48,12700.0,1.0
2026-06-11,22.78,15.56,19.17,3.3,12700.0,0.0
2026-06-12,27.78,15.0,21.39,5.33,13100.0,1.0
2026-06-13,23.89,16.11,20.0,0.0,13000.0,0.0
2026-06-14,22.78,12.78,17.78,0.0,12900.0,0.0
2026-06-15,26.11,12.78,19.44,0.25,13000.0,1.0
2026-06-16,23.33,12.22,17.77,2.54,12700.0,0.0
2026-06-17,18.89,13.89,16.39,13.97,12800.0,1.0
2026-06-18,22.78,13.89,18.34,0.0,12200.0,0.0
2026-06-19,24.44,12.22,18.33,2.79,11500.0,0.0
2026-06-20,24.44,12.22,18.33,0.0,11300.0,0.0
2026-06-21,25.0,13.89,19.44,0.0,11300.0,0.0
2026-06-22,25.56,13.33,19.44,0.0,10700.0,0.0
2026-06-23,25.56,16.67,21.12,22.86,10800.0,1.0
2026-06-24,26.11,15.56,20.84,0.0,11000.0,1.0
2026-06-25,22.78,13.89,18.34,0.0,10700.0,0.0
2026-06-26,26.11,14.44,20.27,0.0,10700.0,0.0
2026-06-27,27.22,17.22,22.22,0.0,10700.0,0.0
2026-06-28,27.78,18.89,23.34,22.1,11100.0,1.0
2026-06-29,33.33,23.89,28.61,0.0,10700.0,0.0
2026-06-30,32.22,22.78,27.5,0.25,10600.0,0.0
2026-07-01,28.89,20.56,24.72,4.32,10400.0,0.0
2026-07-02,28.33,21.67,25.0,0.0,10800.0,1.0
2026-07-03,30.0,21.11,25.56,0.51,11500.0,1.0
2026-07-04,30.56,19.44,25.0,21.84,13300.0,1.0
2026-07-05,30.0,18.89,24.44,0.0,15300.0,1.0
2026-07-06,30.56,19.44,25.0,0.51,14800.0,0.0
2026-07-07,27.78,18.89,23.34,6.86,14500.0,0.0
2026-07-08,26.67,22.22,24.44,6.1,14400.0,0.0
2026-07-09,28.89,20.0,24.44,0.0,14700.0,1.0
2026-07-10,30.56,19.44,25.0,0.0,15200.0,1.0
2026-07-11,32.22,21.67,26.94,0.0,15500.0,1.0
2026-07-12,32.22,23.89,28.06,0.0,16000.0,1.0
2026-07-13,33.89,23.33,28.61,0.0,15900.0,0.0
2026-07-14,34.44,23.33,28.88,0.0,15400.0,0.0
2026-07-15,35.56,23.89,29.72,0.0,14600.0,0.0
2026-07-16,34.44,22.78,28.61,0.0,13700.0,0.0
2026-07-17,35.0,25.56,30.28,0.0,12500.0,0.0
2026-07-18,32.22,22.22,27.22,0.0,11100.0,0.0
2026-07-19,32.22,21.67,26.94,0.0,10300.0,0.0
2026-07-20,33.89,21.67,27.78,4.57,10100.0,0.0
2026-07-21,26.67,17.78,22.22,0.0,8700.0,0.0
2026-07-22,23.89,16.11,20.0,0.0,9570.0,1.0
2026-07-23,27.22,14.44,20.83,0.0,8890.0,0.0
2026-07-24,28.33,18.89,23.61,0.25,8970.0,1.0
2026-07-25,30.0,21.67,25.84,0.0,8960.0,0.0
2026-07-26,37.22,23.89,30.56,0.0,7680.0,0.0
2026-07-27,37.78,24.44,31.11,0.0,6790.0,0.0
2026-07-28,32.22,21.11,26.66,0.0,5390.0,0.0
2026-07-29,32.78,22.22,27.5,0.0,5270.0,0.0
2026-07-30,31.67,23.33,27.5,0.0,5520.0,1.0
2026-07-31,24.44,17.78,21.11,38.86,7460.0,1.0
2026-08-01,30.0,17.78,23.89,0.0,9330.0,1.0
2026-08-02,29.44,18.89,24.16,0.0,10100.0,1.0
2026-08-03,30.0,20.56,25.28,0.0,10000.0,0.0
2026-08-04,25.0,17.78,21.39,1.27,10800.0,1.0
2026-08-05,26.67,16.11,21.39,0.0,10900.0,1.0
2026-08-06,27.78,16.67,22.22,0.0,10700.0,0.0
2026-08-07,26.67,18.33,22.5,2.03,10300.0,0.0
2026-08-08,27.22,15.56,21.39,0.0,9800.0,0.0
2026-08-09,30.56,20.0,25.28,0.0,10000.0,1.0
2026-08-10,30.0,20.0,25.0,0.0,10700.0,1.0
2026-08-11,31.11,21.67,26.39,0.0,11100.0,1.0
2026-08-12,31.67,21.67,26.67,0.0,11700.0,1.0
2026-08-13,26.11,21.11,23.61,0.0,10700.0,0.0
2026-08-14,28.33,19.44,23.88,0.0,9920.0,0.0
2026-08-15,27.78,20.0,23.89,0.51,9790.0,0.0
2026-08-16,28.33,20.0,24.16,0.0,9220.0,0.0
2026-08-17,29.44,16.67,23.06,1.27,8350.0,0.0
2026-08-18,28.89,18.33,23.61,0.0,7230.0,0.0
2026-08-19,27.78,13.89,20.84,0.0,6180.0,0.0
2026-08-20,26.11,15.56,20.84,0.0,5460.0,0.0
2026-08-21,28.89,19.44,24.16,0.0,5470.0,1.0
2026-08-22,26.67,16.11,21.39,0.0,5240.0,0.0
2026-08-23,26.67,13.33,20.0,0.0,4900.0,0.0
2026-08-24,29.44,15.56,22.5,0.0,4290.0,0.0
2026-08-25,27.78,20.0,23.89,0.0,4340.0,1.0
2026-08-26,27.78,18.89,23.34,0.0,4700.0,1.0
2026-08-27,28.33,16.67,22.5,0.0,4470.0,0.0
2026-08-28,28.33,15.0,21.66,0.0,4330.0,0.0
2026-08-29,28.33,19.44,23.88,6.6,4350.0,1.0
2026-08-30,30.56,20.56,25.56,0.0,3980.0,0.0
2026-08-31,33.89,21.67,27.78,0.0,4550.0,1.0
2026-09-01,32.22,18.33,25.28,0.0,4400.0,0.0
2026-09-02,31.67,18.89,25.28,1.02,4400.0,0.0
2026-09-03,32.22,23.33,27.78,0.51,4370.0,0.0
2026-09-04,30.56,20.0,25.28,0.0,4880.0,1.0
2026-09-05,30.56,19.44,25.0,0.0,4450.0,0.0
2026-09-06,27.22,20.56,23.89,0.0,4430.0,0.0
2026-09-07,29.44,20.56,25.0,0.76,4340.0,0.0
2026-09-08,28.33,18.89,23.61,8.38,4690.0,1.0
2026-09-09,27.22,17.78,22.5,0.0,4390.0,0.0
2026-09-10,27.22,14.44,20.83,0.0,4820.0,1.0
2026-09-11,30.0,16.67,23.34,0.0,5640.0,1.0
2026-09-12,24.44,14.44,19.44,0.0,5350.0,0.0
2026-09-13,22.22,12.22,17.22,0.0,5310.0,0.0
2026-09-14,16.11,11.11,13.61,5.08,5200.0,0.0
2026-09-15,22.22,13.33,17.77,0.0,4690.0,0.0
2026-09-16,23.89,10.56,17.23,15.49,4580.0,0.0
2026-09-17,22.78,14.44,18.61,9.91,5540.0,1.0
2026-09-18,17.22,15.0,16.11,22.61,6400.0,1.0
2026-09-19,16.67,13.89,15.28,5.33,6070.0,0.0
2026-09-20,18.89,12.78,15.84,0.0,6310.0,1.0
2026-09-21,16.67,10.0,13.34,0.0,6520.0,1.0
2026-09-22,19.44,10.0,14.72,0.0,8440.0,1.0
2026-09-23,20.56,10.0,15.28,0.0,9690.0,1.0
2026-09-24,20.0,12.22,16.11,0.76,10700.0,1.0
2026-09-25,21.67,15.0,18.34,0.0,10900.0,1.0
2026-09-26,16.11,14.44,15.27,2.79,10200.0,0.0
2026-09-27,20.56,14.44,17.5,3.3,9360.0,0.0
2026-09-28,22.22,12.78,17.5,0.0,9790.0,1.0
2026-09-29,20.0,16.67,18.34,23.37,9630.0,0.0
2026-09-30,22.22,17.22,19.72,0.0,10500.0,1.0
2026-10-01,18.20,11.60,14.90,1.20,10100.0,0.0
2026-10-02,16.00,5.30,10.65,0.00,9820.0,0.0
2026-10-03,20.60,9.90,15.25,5.20,9680.0,0.0
2026-10-04,19.00,8.70,13.85,0.00,9790.0,1.0
2026-10-05,18.30,5.80,12.05,0.00,9340.0,0.0
2026-10-06,25.90,13.50,19.70,0.00,9430.0,1.0
2026-10-07,23.40,10.60,17.00,0.00,9160.0,0.0
2026-10-08,19.10,7.90,13.50,0.00,8970.0,0.0
