date,tmax_c,tmin_c,tmean_c,precip_mm,flow_cfs,rising
2016-10-01,27.78,11.11,19.44,0.76,2470.0,
2016-10-02,19.44,11.11,15.28,6.86,2520.0,1.0
2016-10-03,13.33,5.0,9.16,47.24,2930.0,1.0
2016-10-04,7.22,2.78,5.0,11.43,4180.0,1.0
2016-10-05,8.89,3.33,6.11,0.0,4500.0,1.0
2016-10-06,11.11,1.11,6.11,3.05,4330.0,0.0
2016-10-07,11.67,-1.11,5.28,0.0,3960.0,0.0
2016-10-08,20.0,6.67,13.34,0.0,3700.0,0.0
2016-10-09,25.0,8.89,16.94,0.0,3560.0,0.0
2016-10-10,8.89,-1.11,3.89,0.0,3510.0,0.0
2016-10-11,0.56,-2.78,-1.11,7.11,3730.0,1.0
2016-10-12,11.11,-5.0,3.06,0.0,3990.0,1.0
2016-10-13,20.56,0.0,10.28,0.0,3880.0,0.0
2016-10-14,22.78,10.56,16.67,0.0,3870.0,0.0
2016-10-15,20.0,7.78,13.89,0.0,3920.0,1.0
2016-10-16,17.78,9.44,13.61,0.25,4000.0,1.0
2016-10-17,13.33,5.0,9.16,0.51,4460.0,1.0
2016-10-18,16.11,5.0,10.56,0.0,5250.0,1.0
2016-10-19,12.78,3.89,8.33,1.02,5060.0,0.0
2016-10-20,16.67,0.0,8.34,0.0,4680.0,0.0
2016-10-21,20.56,8.33,14.44,0.0,4460.0,0.0
2016-10-22,17.78,1.67,9.73,0.0,4270.0,0.0
2016-10-23,14.44,2.78,8.61,0.0,4150.0,0.0
2016-10-24,13.89,1.67,7.78,0.0,4140.0,0.0
2016-10-25,21.67,6.11,13.89,0.0,4150.0,1.0
2016-10-26,20.56,6.11,13.34,0.0,4180.0,1.0
2016-10-27,20.56,11.11,15.84,0.0,4490.0,1.0
2016-10-28,18.89,6.67,12.78,4.06,4620.0,1.0
2016-10-29,7.22,2.78,5.0,6.35,5000.0,1.0
2016-10-30,17.22,0.0,8.61,0.51,5770.0,1.0
2016-10-31,16.67,7.78,12.23,0.0,6760.0,1.0
2016-11-01,13.89,2.78,8.34,0.0,7990.0,1.0
2016-11-02,16.11,1.11,8.61,0.0,8730.0,1.0
2016-11-03,19.44,6.11,12.78,0.0,7450.0,0.0
2016-11-04,19.44,1.67,10.56,0.0,6750.0,0.0
2016-11-05,17.78,2.78,10.28,0.0,6330.0,0.0
2016-11-06,18.33,2.78,10.56,0.0,6020.0,0.0
2016-11-07,15.56,2.22,8.89,0.0,5750.0,0.0
2016-11-08,20.0,3.89,11.94,0.0,5600.0,0.0
2016-11-09,21.11,6.67,13.89,0.0,5390.0,0.0
2016-11-10,15.0,3.33,9.16,0.0,5200.0,0.0
2016-11-11,15.0,0.56,7.78,0.0,5070.0,0.0
2016-11-12,20.56,6.67,13.61,0.0,4960.0,0.0
2016-11-13,17.78,7.22,12.5,0.0,4860.0,0.0
2016-11-14,17.22,7.78,12.5,0.0,4780.0,0.0
2016-11-15,15.56,6.67,11.12,1.27,4700.0,0.0
2016-11-16,9.44,0.0,4.72,3.05,4670.0,0.0
2016-11-17,0.0,-3.33,-1.66,5.33,4930.0,1.0
2016-11-18,0.56,-7.22,-3.33,0.0,4870.0,0.0
2016-11-19,3.33,-3.89,-0.28,0.0,4580.0,0.0
2016-11-20,8.89,-3.89,2.5,0.0,4190.0,0.0
2016-11-21,9.44,1.67,5.56,0.0,4430.0,1.0
2016-11-22,10.0,0.0,5.0,0.0,4560.0,1.0
2016-11-23,8.33,-2.22,3.06,0.0,4480.0,0.0
2016-11-24,8.89,0.56,4.73,0.0,4310.0,0.0
2016-11-25,9.44,2.22,5.83,0.0,4160.0,0.0
2016-11-26,12.22,-1.11,5.56,0.0,3970.0,0.0
2016-11-27,10.56,1.11,5.84,0.0,3950.0,0.0
2016-11-28,6.67,-0.56,3.06,0.0,3930.0,0.0
2016-11-29,3.89,-4.44,-0.28,0.0,3870.0,0.0
2016-11-30,3.89,-6.11,-1.11,0.0,3830.0,0.0
2016-12-01,6.11,-1.67,2.22,0.0,3590.0,0.0
2016-12-02,5.0,-2.78,1.11,0.0,3510.0,0.0
2016-12-03,8.33,-1.11,3.61,0.0,3650.0,1.0
2016-12-04,6.11,-2.22,1.94,0.0,3480.0,0.0
2016-12-05,-0.56,-10.0,-5.28,0.0,3560.0,1.0
2016-12-06,-9.44,-16.11,-12.77,0.0,3840.0,1.0
2016-12-07,-10.56,-17.22,-13.89,0.0,3070.0,0.0
2016-12-08,-11.67,-19.44,-15.56,0.0,2140.0,0.0
2016-12-09,-13.89,-17.78,-15.84,2.29,1850.0,0.0
2016-12-10,-5.56,-15.0,-10.28,4.83,1900.0,1.0
2016-12-11,-0.56,-17.78,-9.17,0.0,2100.0,1.0
2016-12-12,-10.56,-17.22,-13.89,0.76,2590.0,1.0
2016-12-13,-10.56,-15.56,-13.06,2.03,3090.0,1.0
2016-12-14,-11.67,-18.33,-15.0,0.0,2560.0,0.0
2016-12-15,-10.0,-13.33,-11.66,16.76,2760.0,1.0
2016-12-16,-12.78,-21.67,-17.23,6.6,2260.0,0.0
2016-12-17,-17.78,-28.33,-23.06,0.0,1710.0,0.0
2016-12-18,-8.89,-19.44,-14.16,0.0,1610.0,0.0
2016-12-19,1.67,-9.44,-3.88,0.0,1610.0,0.0
2016-12-20,5.0,-2.22,1.39,0.0,1770.0,1.0
2016-12-21,2.22,-2.78,-0.28,0.0,2200.0,1.0
2016-12-22,1.11,-7.78,-3.34,0.0,2830.0,1.0
2016-12-23,-1.11,-9.44,-5.28,0.0,3210.0,1.0
2016-12-24,-3.33,-9.44,-6.38,0.76,3210.0,0.0
2016-12-25,-8.89,-12.22,-10.56,2.03,3160.0,0.0
2016-12-26,-2.78,-11.11,-6.94,0.0,3320.0,1.0
2016-12-27,1.67,-5.56,-1.94,0.0,3120.0,0.0
2016-12-28,0.56,-3.89,-1.66,0.0,2780.0,0.0
2016-12-29,1.67,-7.78,-3.06,0.0,2920.0,1.0
2016-12-30,6.11,-6.67,-0.28,6.35,2890.0,0.0
2016-12-31,-0.56,-10.0,-5.28,0.0,2870.0,0.0
2017-01-01,-7.78,-14.44,-11.11,1.02,2640.0,0.0
2017-01-02,-13.89,-21.11,-17.5,2.03,2370.0,0.0
2017-01-03,-16.11,-22.78,-19.44,0.0,2170.0,0.0
2017-01-04,-13.89,-22.78,-18.34,0.0,2090.0,0.0
2017-01-05,-15.0,-23.33,-19.16,0.0,1920.0,0.0
2017-01-06,-10.0,-16.11,-13.06,0.0,1910.0,0.0
2017-01-07,-7.78,-20.0,-13.89,0.0,1980.0,1.0
2017-01-08,-10.0,-14.44,-12.22,0.0,2340.0,1.0
2017-01-09,-6.11,-13.33,-9.72,1.52,2610.0,1.0
2017-01-10,-7.22,-18.33,-12.77,1.52,2390.0,0.0
2017-01-11,-14.44,-18.33,-16.38,1.52,2280.0,0.0
2017-01-12,-11.11,-16.67,-13.89,0.0,2350.0,1.0
2017-01-13,-3.89,-13.33,-8.61,0.0,2470.0,1.0
2017-01-14,-3.33,-12.22,-7.78,0.0,2580.0,1.0
2017-01-15,-1.11,-10.0,-5.56,0.0,2780.0,1.0
2017-01-16,-2.78,-10.56,-6.67,0.0,2740.0,0.0
2017-01-17,2.78,-5.0,-1.11,0.0,2700.0,0.0
2017-01-18,7.22,-1.11,3.06,0.0,2740.0,1.0
2017-01-19,6.11,0.0,3.06,0.25,2830.0,1.0
2017-01-20,4.44,-3.33,0.56,0.76,2970.0,1.0
2017-01-21,1.67,-7.78,-3.06,0.0,3000.0,1.0
2017-01-22,2.78,-6.11,-1.67,0.0,2930.0,0.0
2017-01-23,-3.89,-8.89,-6.39,0.0,2850.0,0.0
2017-01-24,-3.33,-7.78,-5.56,0.25,2830.0,0.0
2017-01-25,-1.67,-9.44,-5.56,0.0,2760.0,0.0
2017-01-26,1.11,-8.33,-3.61,0.0,2720.0,0.0
2017-01-27,-2.22,-8.89,-5.56,0.0,2770.0,1.0
2017-01-28,8.33,-6.67,0.83,0.0,2630.0,0.0
2017-01-29,8.33,0.56,4.44,0.0,2400.0,0.0
2017-01-30,10.56,0.56,5.56,0.0,2670.0,1.0
2017-01-31,3.33,-7.78,-2.22,7.11,2610.0,0.0
2017-02-01,-7.78,-18.89,-13.34,2.03,2600.0,0.0
2017-02-02,-11.11,-20.0,-15.56,0.0,2400.0,0.0
2017-02-03,-1.67,-21.67,-11.67,0.0,2170.0,0.0
2017-02-04,-0.56,-13.33,-6.94,0.0,2140.0,0.0
2017-02-05,7.78,-13.33,-2.78,0.0,2240.0,1.0
2017-02-06,-9.44,-12.78,-11.11,3.56,2450.0,1.0
2017-02-07,-12.22,-16.11,-14.16,5.08,2500.0,1.0
2017-02-08,-11.67,-18.89,-15.28,3.3,2460.0,0.0
2017-02-09,11.11,-12.22,-0.56,0.0,2460.0,0.0
2017-02-10,9.44,-0.56,4.44,0.0,2600.0,1.0
2017-02-11,5.0,-3.89,0.55,0.0,3970.0,1.0
2017-02-12,6.11,-6.11,0.0,0.0,4330.0,1.0
2017-02-13,10.56,-0.56,5.0,0.0,4130.0,0.0
2017-02-14,8.89,-1.11,3.89,0.0,4090.0,0.0
2017-02-15,13.89,3.89,8.89,0.0,3910.0,0.0
2017-02-16,14.44,5.56,10.0,0.0,4060.0,1.0
2017-02-17,12.78,2.22,7.5,0.0,4340.0,1.0
2017-02-18,12.22,1.11,6.66,0.0,4590.0,1.0
2017-02-19,13.33,1.11,7.22,0.0,4870.0,1.0
2017-02-20,13.33,0.56,6.94,0.0,4890.0,1.0
2017-02-21,16.67,4.44,10.56,0.0,5110.0,1.0
2017-02-22,6.11,-1.67,2.22,5.84,4890.0,0.0
2017-02-23,-1.11,-3.33,-2.22,0.25,4860.0,0.0
2017-02-24,-1.11,-5.56,-3.34,1.02,4460.0,0.0
2017-02-25,-0.56,-6.11,-3.34,0.0,3870.0,0.0
2017-02-26,2.78,-5.56,-1.39,0.0,3730.0,0.0
2017-02-27,-1.67,-7.22,-4.44,0.0,3450.0,0.0
2017-02-28,5.56,-7.22,-0.83,0.0,3420.0,0.0
2017-03-01,7.22,-6.11,0.55,0.0,3400.0,0.0
2017-03-02,8.33,-3.33,2.5,0.0,3280.0,0.0
2017-03-03,15.0,3.89,9.44,0.0,3460.0,1.0
2017-03-04,17.22,3.89,10.56,0.0,3560.0,1.0
2017-03-05,17.22,-0.56,8.33,0.0,4000.0,1.0
2017-03-06,5.56,-2.22,1.67,1.52,3890.0,0.0
2017-03-07,7.22,-3.33,1.94,0.0,3460.0,0.0
2017-03-08,6.11,-5.56,0.28,9.14,3240.0,0.0
2017-03-09,0.0,-11.11,-5.56,13.72,3370.0,1.0
2017-03-10,-5.56,-11.11,-8.33,0.25,3290.0,0.0
2017-03-11,-5.0,-10.56,-7.78,0.0,3210.0,0.0
2017-03-12,5.56,-10.0,-2.22,0.0,3420.0,1.0
2017-03-13,6.11,-10.0,-1.94,0.0,3670.0,1.0
2017-03-14,11.67,2.22,6.94,0.51,3930.0,1.0
2017-03-15,22.78,4.44,13.61,0.0,4150.0,1.0
2017-03-16,16.67,4.44,10.56,0.0,4550.0,1.0
2017-03-17,12.22,1.11,6.66,0.0,4780.0,1.0
2017-03-18,21.11,1.11,11.11,0.0,5010.0,1.0
2017-03-19,17.78,6.67,12.23,0.25,4960.0,0.0
2017-03-20,7.22,0.0,3.61,1.52,5320.0,1.0
2017-03-21,4.44,-1.11,1.66,0.76,6250.0,1.0
2017-03-22,17.78,2.22,10.0,3.56,6230.0,0.0
2017-03-23,12.78,3.89,8.33,0.0,6060.0,0.0
2017-03-24,18.89,1.11,10.0,0.0,6280.0,1.0
2017-03-25,12.22,6.11,9.17,0.0,6240.0,0.0
2017-03-26,14.44,1.67,8.06,0.0,5970.0,0.0
2017-03-27,15.56,5.56,10.56,2.79,5920.0,0.0
2017-03-28,13.89,3.89,8.89,13.46,5950.0,1.0
2017-03-29,16.11,2.22,9.16,0.0,5670.0,0.0
2017-03-30,10.56,6.67,8.62,8.89,5580.0,0.0
2017-03-31,8.89,6.11,7.5,0.0,5760.0,1.0
2017-04-01,16.67,3.33,10.0,0.0,6030.0,1.0
2017-04-02,13.89,3.33,8.61,9.4,6020.0,0.0
2017-04-03,10.0,-1.11,4.44,0.0,6080.0,1.0
2017-04-04,10.0,-1.67,4.16,0.25,6140.0,1.0
2017-04-05,15.0,2.22,8.61,0.0,5880.0,0.0
2017-04-06,21.67,5.0,13.34,0.0,5590.0,0.0
2017-04-07,21.67,8.89,15.28,0.0,5460.0,0.0
2017-04-08,15.56,5.56,10.56,1.52,5480.0,1.0
2017-04-09,6.11,0.0,3.06,32.0,6430.0,1.0
2017-04-10,11.11,-1.11,5.0,0.0,6680.0,1.0
2017-04-11,13.89,1.11,7.5,0.0,6360.0,0.0
2017-04-12,16.11,3.89,10.0,0.0,6000.0,0.0
2017-04-13,26.67,3.89,15.28,0.0,5840.0,0.0
2017-04-14,15.0,5.0,10.0,0.0,5820.0,0.0
2017-04-15,12.22,2.22,7.22,0.0,6430.0,1.0
2017-04-16,13.89,1.11,7.5,0.0,7120.0,1.0
2017-04-17,15.0,1.67,8.34,0.0,6720.0,0.0
2017-04-18,17.78,4.44,11.11,1.02,6540.0,0.0
2017-04-19,16.67,6.11,11.39,0.76,6730.0,1.0
2017-04-20,18.89,1.67,10.28,0.0,6560.0,0.0
2017-04-21,11.11,5.56,8.33,12.95,6840.0,1.0
2017-04-22,15.56,4.44,10.0,0.0,7330.0,1.0
2017-04-23,19.44,6.11,12.78,0.0,7200.0,0.0
2017-04-24,13.89,4.44,9.17,2.29,7070.0,0.0
2017-04-25,5.0,0.0,2.5,0.0,7760.0,1.0
2017-04-26,11.11,0.56,5.84,1.52,7970.0,1.0
2017-04-27,8.33,3.33,5.83,20.32,8010.0,1.0
2017-04-28,8.33,2.78,5.56,2.79,8490.0,1.0
2017-04-29,13.89,0.56,7.22,0.0,8160.0,0.0
2017-04-30,18.33,4.44,11.38,0.0,7580.0,0.0
2017-05-01,14.44,6.67,10.56,0.0,7390.0,0.0
2017-05-02,13.89,5.0,9.44,0.25,7280.0,0.0
2017-05-03,18.89,2.78,10.84,0.0,7190.0,0.0
2017-05-04,26.11,8.89,17.5,0.0,7120.0,0.0
2017-05-05,29.44,11.11,20.27,0.0,7260.0,1.0
2017-05-06,28.89,11.67,20.28,0.0,9170.0,1.0
2017-05-07,23.33,8.89,16.11,8.64,14400.0,1.0
2017-05-08,17.22,7.78,12.5,0.0,20000.0,1.0
2017-05-09,20.0,7.22,13.61,0.0,23200.0,1.0
2017-05-10,21.67,7.22,14.44,0.0,24300.0,1.0
2017-05-11,26.11,8.33,17.22,0.0,22700.0,0.0
2017-05-12,30.56,11.67,21.12,0.0,24600.0,1.0
2017-05-13,16.67,4.44,10.56,3.05,29200.0,1.0
2017-05-14,17.78,2.78,10.28,0.0,33100.0,1.0
2017-05-15,16.67,7.78,12.23,0.0,27000.0,0.0
2017-05-16,17.22,6.11,11.66,1.52,22300.0,0.0
2017-05-17,10.56,7.22,8.89,25.91,20700.0,0.0
2017-05-18,11.11,5.0,8.06,0.0,22800.0,1.0
2017-05-19,15.0,1.67,8.34,0.0,21100.0,0.0
2017-05-20,19.44,3.89,11.66,0.76,18700.0,0.0
2017-05-21,20.56,7.22,13.89,0.0,17800.0,0.0
2017-05-22,21.11,10.56,15.84,0.0,17300.0,0.0
2017-05-23,22.78,6.11,14.44,0.0,17900.0,1.0
2017-05-24,27.78,8.33,18.06,0.0,18400.0,1.0
2017-05-25,16.67,6.67,11.67,0.0,23300.0,1.0
2017-05-26,17.78,4.44,11.11,0.0,28400.0,1.0
2017-05-27,24.44,6.11,15.28,0.0,23300.0,0.0
2017-05-28,25.0,11.11,18.06,0.76,19800.0,0.0
2017-05-29,23.33,7.22,15.27,0.0,19500.0,0.0
2017-05-30,25.0,7.78,16.39,0.0,22200.0,1.0
2017-05-31,28.89,10.0,19.44,0.0,26300.0,1.0
2017-06-01,31.67,13.33,22.5,5.59,30600.0,1.0
2017-06-02,27.22,14.44,20.83,0.0,36100.0,1.0
2017-06-03,28.33,11.67,20.0,0.0,40600.0,1.0
2017-06-04,32.78,13.89,23.34,0.0,42100.0,1.0
2017-06-05,27.22,14.44,20.83,0.0,42700.0,1.0
2017-06-06,23.33,10.56,16.94,0.0,45700.0,1.0
2017-06-07,29.44,12.22,20.83,0.0,45700.0,0.0
2017-06-08,33.89,17.22,25.56,0.0,43200.0,0.0
2017-06-09,26.67,11.11,18.89,4.32,43400.0,1.0
2017-06-10,25.56,8.89,17.23,0.0,42400.0,0.0
2017-06-11,20.56,6.67,13.61,0.0,35600.0,0.0
2017-06-12,27.78,11.67,19.73,28.19,29100.0,0.0
2017-06-13,17.78,7.78,12.78,3.81,28200.0,0.0
2017-06-14,23.33,11.11,17.22,0.0,29200.0,1.0
2017-06-15,25.56,13.33,19.44,0.51,26000.0,0.0
2017-06-16,26.67,13.33,20.0,3.05,23900.0,0.0
2017-06-17,22.78,12.78,17.78,0.0,26100.0,1.0
2017-06-18,24.44,12.78,18.61,0.0,31800.0,1.0
2017-06-19,27.78,12.78,20.28,0.0,29000.0,0.0
2017-06-20,33.89,13.33,23.61,4.06,27600.0,0.0
2017-06-21,28.89,17.78,23.34,0.0,30600.0,1.0
2017-06-22,23.89,9.44,16.66,0.0,35000.0,1.0
2017-06-23,22.22,7.78,15.0,0.0,34400.0,0.0
2017-06-24,24.44,11.11,17.77,0.0,28500.0,0.0
2017-06-25,27.22,10.56,18.89,0.0,25200.0,0.0
2017-06-26,33.89,11.67,22.78,0.0,23800.0,0.0
2017-06-27,28.89,17.78,23.34,1.27,23700.0,0.0
2017-06-28,26.67,14.44,20.56,1.27,24500.0,1.0
2017-06-29,21.11,11.67,16.39,6.6,24600.0,1.0
2017-06-30,25.56,10.56,18.06,0.0,23400.0,0.0
2017-07-01,31.11,12.78,21.94,0.0,20900.0,0.0
2017-07-02,33.33,16.67,25.0,0.0,19800.0,0.0
2017-07-03,36.11,16.11,26.11,0.0,19800.0,0.0
2017-07-04,33.89,18.33,26.11,0.0,19600.0,0.0
2017-07-05,37.22,18.33,27.78,0.0,20000.0,1.0
2017-07-06,35.0,18.33,26.66,0.0,20000.0,0.0
2017-07-07,35.0,16.11,25.56,0.0,20000.0,0.0
2017-07-08,37.78,17.22,27.5,0.0,19400.0,0.0
2017-07-09,36.11,21.67,28.89,0.0,18400.0,0.0
2017-07-10,35.0,17.22,26.11,0.51,17900.0,0.0
2017-07-11,30.0,15.56,22.78,1.02,17800.0,0.0
2017-07-12,30.0,15.0,22.5,0.0,17300.0,0.0
2017-07-13,37.22,15.56,26.39,0.0,16700.0,0.0
2017-07-14,36.67,21.11,28.89,0.0,15700.0,0.0
2017-07-15,37.78,20.0,28.89,0.0,14700.0,0.0
2017-07-16,35.56,21.67,28.62,0.76,14200.0,0.0
2017-07-17,30.56,16.11,23.34,0.0,14200.0,0.0
2017-07-18,31.67,15.0,23.34,0.0,13900.0,0.0
2017-07-19,33.89,18.33,26.11,0.0,13200.0,0.0
2017-07-20,35.0,17.78,26.39,0.0,12100.0,0.0
2017-07-21,34.44,19.44,26.94,0.0,11400.0,0.0
2017-07-22,32.22,15.0,23.61,0.0,10700.0,0.0
2017-07-23,35.56,14.44,25.0,0.0,10000.0,0.0
2017-07-24,33.89,18.33,26.11,0.0,9450.0,0.0
2017-07-25,24.44,17.22,20.83,0.0,8890.0,0.0
2017-07-26,33.33,13.89,23.61,0.0,8670.0,0.0
2017-07-27,33.33,20.56,26.94,0.0,8470.0,0.0
2017-07-28,33.89,19.44,26.66,0.51,8160.0,0.0
2017-07-29,31.67,18.33,25.0,0.51,8050.0,0.0
2017-07-30,35.56,17.78,26.67,0.0,8090.0,1.0
2017-07-31,35.56,19.44,27.5,0.0,8000.0,0.0
2017-08-01,33.33,16.67,25.0,2.29,7460.0,0.0
2017-08-02,21.11,13.33,17.22,0.0,7130.0,0.0
2017-08-03,25.0,11.67,18.34,0.0,6840.0,0.0
2017-08-04,31.11,11.67,21.39,0.25,6610.0,0.0
2017-08-05,22.78,13.89,18.34,1.27,6400.0,0.0
2017-08-06,23.33,13.33,18.33,0.0,6240.0,0.0
2017-08-07,27.78,11.11,19.44,0.0,6070.0,0.0
2017-08-08,28.89,13.33,21.11,0.0,5790.0,0.0
2017-08-09,25.56,13.33,19.44,0.0,5530.0,0.0
2017-08-10,27.78,10.56,19.17,0.0,5430.0,0.0
2017-08-11,30.0,15.56,22.78,0.0,5300.0,0.0
2017-08-12,28.33,13.33,20.83,0.0,5110.0,0.0
2017-08-13,29.44,12.78,21.11,0.0,5060.0,0.0
2017-08-14,22.78,14.44,18.61,0.51,5060.0,0.0
2017-08-15,26.67,15.56,21.12,0.0,5340.0,1.0
2017-08-16,32.22,12.22,22.22,0.0,5530.0,1.0
2017-08-17,31.11,16.11,23.61,0.0,5340.0,0.0
2017-08-18,33.33,14.44,23.88,0.0,5010.0,0.0
2017-08-19,30.0,16.11,23.06,0.0,4830.0,0.0
2017-08-20,29.44,12.78,21.11,0.0,4650.0,0.0
2017-08-21,27.22,13.33,20.27,0.0,4420.0,0.0
2017-08-22,31.11,11.11,21.11,0.0,4300.0,0.0
2017-08-23,33.89,13.89,23.89,0.0,4190.0,0.0
2017-08-24,34.44,18.33,26.38,0.0,4020.0,0.0
2017-08-25,30.56,17.78,24.17,0.0,3940.0,0.0
2017-08-26,32.22,15.0,23.61,0.0,3900.0,0.0
2017-08-27,32.78,13.33,23.06,0.0,3820.0,0.0
2017-08-28,34.44,15.0,24.72,0.0,3750.0,0.0
2017-08-29,32.22,14.44,23.33,0.0,3560.0,0.0
2017-08-30,33.33,14.44,23.88,0.0,3420.0,0.0
2017-08-31,33.33,18.89,26.11,0.0,3350.0,0.0
2017-09-01,30.56,17.78,24.17,0.0,3300.0,0.0
2017-09-02,34.44,16.67,25.56,0.0,3260.0,0.0
2017-09-03,32.22,18.33,25.28,0.0,3190.0,0.0
2017-09-04,22.22,12.22,17.22,0.0,3120.0,0.0
2017-09-05,23.89,8.33,16.11,0.0,3100.0,0.0
2017-09-06,28.89,8.33,18.61,0.0,3090.0,0.0
2017-09-07,30.0,10.56,20.28,0.0,3030.0,0.0
2017-09-08,30.56,10.0,20.28,0.0,2990.0,0.0
2017-09-09,33.89,15.56,24.72,0.0,3000.0,1.0
2017-09-10,32.22,18.33,25.28,0.0,3000.0,0.0
2017-09-11,31.67,17.22,24.44,0.0,3010.0,1.0
2017-09-12,33.33,15.56,24.44,0.0,2980.0,0.0
2017-09-13,28.89,14.44,21.66,1.27,2960.0,0.0
2017-09-14,14.44,7.78,11.11,11.94,3140.0,1.0
2017-09-15,7.78,4.44,6.11,30.99,4290.0,1.0
2017-09-16,10.0,3.89,6.94,5.08,5490.0,1.0
2017-09-17,18.33,3.33,10.83,0.0,5500.0,1.0
2017-09-18,23.89,8.89,16.39,0.0,5120.0,0.0
2017-09-19,16.11,6.67,11.39,0.25,4870.0,0.0
2017-09-20,19.44,6.11,12.78,0.0,4960.0,1.0
2017-09-21,10.56,4.44,7.5,12.95,5320.0,1.0
2017-09-22,5.0,3.89,4.44,5.59,6360.0,1.0
2017-09-23,7.22,3.89,5.56,1.02,7130.0,1.0
2017-09-24,11.67,3.89,7.78,0.0,6710.0,0.0
2017-09-25,15.56,2.78,9.17,0.0,6320.0,0.0
2017-09-26,19.44,5.56,12.5,0.25,6000.0,0.0
2017-09-27,21.67,6.67,14.17,0.0,5700.0,0.0
2017-09-28,22.22,5.56,13.89,0.0,5600.0,0.0
2017-09-29,22.22,6.67,14.44,0.0,5710.0,1.0
2017-09-30,23.33,9.44,16.38,0.25,5730.0,1.0
2017-10-01,15.56,6.67,11.12,0.0,5690.0,0.0
2017-10-02,11.67,0.0,5.84,0.25,5730.0,1.0
2017-10-03,7.78,0.0,3.89,0.0,5810.0,1.0
2017-10-04,12.22,-1.67,5.28,2.29,5610.0,0.0
2017-10-05,15.56,3.33,9.44,0.0,5460.0,0.0
2017-10-06,20.0,1.67,10.84,0.0,5360.0,0.0
2017-10-07,19.44,6.11,12.78,4.57,5320.0,0.0
2017-10-08,11.11,1.67,6.39,0.0,5280.0,0.0
2017-10-09,12.78,-1.11,5.84,0.0,5250.0,0.0
2017-10-10,17.22,4.44,10.83,0.0,5210.0,0.0
2017-10-11,18.33,4.44,11.38,0.0,5080.0,0.0
2017-10-12,11.67,2.22,6.94,0.0,4990.0,0.0
2017-10-13,13.33,-3.33,5.0,0.0,4970.0,0.0
2017-10-14,10.56,0.0,5.28,0.0,4970.0,0.0
2017-10-15,17.22,2.22,9.72,0.0,4990.0,1.0
2017-10-16,22.78,7.78,15.28,0.0,4930.0,0.0
2017-10-17,24.44,7.78,16.11,0.0,4830.0,0.0
2017-10-18,18.33,5.56,11.94,0.0,4790.0,0.0
2017-10-19,26.11,11.11,18.61,0.0,4730.0,0.0
2017-10-20,23.33,6.11,14.72,0.0,4680.0,0.0
2017-10-21,12.78,5.0,8.89,0.0,4580.0,0.0
2017-10-22,20.56,4.44,12.5,0.0,4600.0,1.0
2017-10-23,14.44,3.89,9.16,0.0,4580.0,0.0
2017-10-24,21.11,0.56,10.84,0.0,4560.0,0.0
2017-10-25,26.11,6.67,16.39,0.0,4590.0,1.0
2017-10-26,7.22,0.0,3.61,0.0,4510.0,0.0
2017-10-27,11.11,-3.33,3.89,0.0,4550.0,1.0
2017-10-28,22.22,5.56,13.89,0.0,4580.0,1.0
2017-10-29,14.44,-0.56,6.94,4.06,4530.0,0.0
2017-10-30,4.44,-5.0,-0.28,0.0,4520.0,0.0
2017-10-31,8.89,-2.78,3.06,1.27,4500.0,0.0
2017-11-01,6.67,-2.78,1.94,11.18,4590.0,1.0
2017-11-02,-1.67,-2.78,-2.22,4.06,4800.0,1.0
2017-11-03,-1.11,-3.89,-2.5,2.03,4710.0,0.0
2017-11-04,-3.33,-6.11,-4.72,4.83,4720.0,1.0
2017-11-05,-4.44,-7.78,-6.11,0.0,4750.0,1.0
2017-11-06,-7.78,-16.11,-11.94,4.06,4670.0,0.0
2017-11-07,-1.11,-16.11,-8.61,0.0,4500.0,0.0
2017-11-08,2.22,-6.67,-2.22,0.0,4280.0,0.0
2017-11-09,-5.0,-7.22,-6.11,0.0,4360.0,1.0
2017-11-10,5.56,-6.67,-0.56,0.0,4500.0,1.0
2017-11-11,6.67,-1.11,2.78,2.03,4750.0,1.0
2017-11-12,6.67,-2.78,1.94,0.0,4770.0,1.0
2017-11-13,12.22,-2.22,5.0,0.0,4670.0,0.0
2017-11-14,7.78,0.56,4.17,1.52,4580.0,0.0
2017-11-15,3.33,-4.44,-0.56,0.0,4620.0,1.0
2017-11-16,15.0,0.0,7.5,0.0,4550.0,0.0
2017-11-17,7.22,0.0,3.61,0.0,4570.0,1.0
2017-11-18,8.33,-1.67,3.33,0.0,4750.0,1.0
2017-11-19,10.0,2.22,6.11,0.0,4670.0,0.0
2017-11-20,13.33,-2.22,5.56,3.56,4370.0,0.0
2017-11-21,7.22,-3.89,1.66,0.0,4530.0,1.0
2017-11-22,16.11,7.22,11.66,0.0,4620.0,1.0
2017-11-23,21.67,11.11,16.39,0.0,4690.0,1.0
2017-11-24,13.33,0.56,6.94,0.0,4910.0,1.0
2017-11-25,11.67,-1.67,5.0,0.0,5490.0,1.0
2017-11-26,17.22,2.78,10.0,0.0,5860.0,1.0
2017-11-27,15.0,0.56,7.78,1.02,5480.0,0.0
2017-11-28,9.44,-2.22,3.61,0.0,5310.0,0.0
2017-11-29,8.33,-1.67,3.33,0.0,5420.0,1.0
2017-11-30,8.33,-2.78,2.78,0.0,5000.0,0.0
2017-12-01,10.0,0.0,5.0,0.0,4740.0,0.0
2017-12-02,6.67,-1.67,2.5,0.0,4680.0,0.0
2017-12-03,6.67,-1.11,2.78,3.56,4860.0,1.0
2017-12-04,-1.11,-7.78,-4.44,0.76,4920.0,1.0
2017-12-05,2.78,-6.67,-1.94,0.0,4680.0,0.0
2017-12-06,3.33,-3.33,0.0,0.0,4260.0,0.0
2017-12-07,9.44,-1.11,4.16,0.0,4170.0,0.0
2017-12-08,13.89,2.22,8.06,0.0,4250.0,1.0
2017-12-09,10.0,-1.11,4.44,0.0,4300.0,1.0
2017-12-10,11.11,-0.56,5.28,0.0,4120.0,0.0
2017-12-11,8.89,-0.56,4.16,0.0,4030.0,0.0
2017-12-12,13.89,2.78,8.34,0.0,3980.0,0.0
2017-12-13,8.33,-0.56,3.88,0.0,3990.0,1.0
2017-12-14,8.33,-3.33,2.5,0.0,4080.0,1.0
2017-12-15,8.33,1.11,4.72,0.0,4010.0,0.0
2017-12-16,5.56,-5.0,0.28,4.57,3980.0,0.0
2017-12-17,0.56,-7.78,-3.61,0.0,4080.0,1.0
2017-12-18,6.11,-1.67,2.22,0.0,3950.0,0.0
2017-12-19,0.0,-3.89,-1.94,0.0,3950.0,0.0
2017-12-20,-1.67,-12.22,-6.94,3.56,4060.0,1.0
2017-12-21,-5.0,-14.44,-9.72,0.0,4010.0,0.0
2017-12-22,-6.11,-12.78,-9.44,6.86,3850.0,0.0
2017-12-23,-11.11,-15.56,-13.34,0.25,3320.0,0.0
2017-12-24,-10.56,-16.67,-13.62,0.0,2350.0,0.0
2017-12-25,-16.11,-19.44,-17.77,1.27,2260.0,0.0
2017-12-26,-15.56,-21.67,-18.62,0.0,2230.0,0.0
2017-12-27,-3.33,-20.0,-11.66,3.05,2200.0,0.0
2017-12-28,-8.89,-16.67,-12.78,0.0,2490.0,1.0
2017-12-29,-15.56,-21.11,-18.34,18.29,3060.0,1.0
2017-12-30,-20.0,-22.78,-21.39,3.81,2830.0,0.0
2017-12-31,-21.11,-27.22,-24.16,0.0,2470.0,0.0
2018-01-01,-16.11,-25.0,-20.56,0.0,2250.0,0.0
2018-01-02,-5.0,-17.78,-11.39,0.0,2400.0,1.0
2018-01-03,1.11,-7.78,-3.34,0.0,2820.0,1.0
2018-01-04,2.78,-6.67,-1.94,0.0,3450.0,1.0
2018-01-05,4.44,-1.11,1.66,0.0,4010.0,1.0
2018-01-06,6.67,0.56,3.62,0.0,4070.0,1.0
2018-01-07,6.11,-2.22,1.94,0.0,4390.0,1.0
2018-01-08,6.11,-1.11,2.5,0.0,4470.0,1.0
2018-01-09,7.78,-1.67,3.06,0.0,4290.0,0.0
2018-01-10,5.0,-16.67,-5.84,6.35,4230.0,0.0
2018-01-11,-16.67,-19.44,-18.06,1.02,4090.0,0.0
2018-01-12,-13.33,-18.33,-15.83,2.54,3490.0,0.0
2018-01-13,6.11,-13.33,-3.61,0.0,3210.0,0.0
2018-01-14,5.0,-9.44,-2.22,0.76,3280.0,1.0
2018-01-15,-9.44,-18.89,-14.16,0.0,3600.0,1.0
2018-01-16,0.56,-18.89,-9.17,0.0,3560.0,0.0
2018-01-17,5.56,-5.0,0.28,0.0,3460.0,0.0
2018-01-18,8.89,3.33,6.11,0.0,3710.0,1.0
2018-01-19,5.0,0.0,2.5,4.06,3830.0,1.0
2018-01-20,2.22,-3.89,-0.84,0.0,3910.0,1.0
2018-01-21,2.22,-6.67,-2.22,0.0,3890.0,0.0
2018-01-22,1.11,-6.11,-2.5,0.0,3690.0,0.0
2018-01-23,3.33,-5.0,-0.84,0.0,3650.0,0.0
2018-01-24,7.22,-1.67,2.78,0.0,3590.0,0.0
2018-01-25,7.78,-0.56,3.61,0.0,3720.0,1.0
2018-01-26,4.44,-2.78,0.83,0.0,3820.0,1.0
2018-01-27,0.0,-10.0,-5.0,0.0,3730.0,0.0
2018-01-28,2.22,-8.89,-3.34,0.0,3610.0,0.0
2018-01-29,8.33,-6.67,0.83,0.0,3720.0,1.0
2018-01-30,11.67,-0.56,5.56,0.0,3780.0,1.0
2018-01-31,3.89,-13.33,-4.72,0.51,3890.0,1.0
2018-02-01,0.56,-14.44,-6.94,0.0,3790.0,0.0
2018-02-02,8.89,-1.11,3.89,0.0,3700.0,0.0
2018-02-03,6.11,-19.44,-6.67,2.03,3720.0,1.0
2018-02-04,-3.89,-20.0,-11.94,7.11,3410.0,0.0
2018-02-05,-8.33,-13.33,-10.83,5.08,2970.0,0.0
2018-02-06,-2.78,-12.78,-7.78,0.76,3300.0,1.0
2018-02-07,1.67,-13.89,-6.11,0.0,3600.0,1.0
2018-02-08,-6.67,-16.67,-11.67,2.79,3620.0,1.0
2018-02-09,-14.44,-20.56,-17.5,7.62,3650.0,1.0
2018-02-10,-6.67,-23.33,-15.0,0.0,3440.0,0.0
2018-02-11,-5.56,-17.22,-11.39,0.25,3270.0,0.0
2018-02-12,-13.33,-20.56,-16.94,0.51,3010.0,0.0
2018-02-13,2.78,-13.33,-5.28,0.0,2870.0,0.0
2018-02-14,6.11,-1.11,2.5,5.08,2990.0,1.0
2018-02-15,-1.11,-16.11,-8.61,2.29,3510.0,1.0
2018-02-16,-0.56,-10.56,-5.56,0.0,3570.0,1.0
2018-02-17,-2.78,-7.22,-5.0,0.51,3550.0,0.0
2018-02-18,-4.44,-17.78,-11.11,6.35,3370.0,0.0
2018-02-19,-16.11,-23.33,-19.72,1.78,2870.0,0.0
2018-02-20,-13.33,-26.11,-19.72,0.0,2490.0,0.0
2018-02-21,-7.78,-22.22,-15.0,0.0,2480.0,0.0
2018-02-22,-6.11,-18.89,-12.5,0.0,2480.0,0.0
2018-02-23,-5.0,-20.56,-12.78,0.0,2730.0,1.0
2018-02-24,0.0,-11.67,-5.84,0.0,3150.0,1.0
2018-02-25,1.11,-8.33,-3.61,0.0,3420.0,1.0
2018-02-26,1.67,-6.11,-2.22,0.0,3610.0,1.0
2018-02-27,0.56,-11.11,-5.28,0.0,3630.0,1.0
2018-02-28,2.22,-7.78,-2.78,0.0,3610.0,0.0
2018-03-01,0.0,-11.11,-5.56,0.0,3550.0,0.0
2018-03-02,-2.78,-10.0,-6.39,0.0,3550.0,0.0
2018-03-03,-1.67,-5.56,-3.62,3.3,3650.0,1.0
2018-03-04,-3.33,-8.33,-5.83,7.62,3700.0,1.0
2018-03-05,1.67,-7.78,-3.06,0.25,3570.0,0.0
2018-03-06,3.89,-8.89,-2.5,0.0,3480.0,0.0
2018-03-07,5.0,-9.44,-2.22,0.0,3590.0,1.0
2018-03-08,1.67,-5.56,-1.94,0.0,3670.0,1.0
2018-03-09,9.44,-1.67,3.88,0.51,3740.0,1.0
2018-03-10,4.44,-3.89,0.28,0.76,4130.0,1.0
2018-03-11,2.78,-9.44,-3.33,0.0,4790.0,1.0
2018-03-12,6.11,-5.0,0.56,0.0,4740.0,0.0
2018-03-13,6.67,-6.11,0.28,0.0,4730.0,0.0
2018-03-14,5.56,-5.0,0.28,0.0,4990.0,1.0
2018-03-15,6.67,-1.11,2.78,0.0,5670.0,1.0
2018-03-16,5.0,0.0,2.5,0.51,5940.0,1.0
2018-03-17,1.11,-1.11,0.0,0.0,6390.0,1.0
2018-03-18,3.89,-1.11,1.39,0.0,5760.0,0.0
2018-03-19,8.89,-1.67,3.61,0.0,5380.0,0.0
2018-03-20,9.44,-1.11,4.16,0.0,4780.0,0.0
2018-03-21,11.11,-2.78,4.16,0.0,4710.0,0.0
2018-03-22,8.33,0.56,4.44,0.0,4820.0,1.0
2018-03-23,12.78,1.11,6.94,0.25,5300.0,1.0
2018-03-24,10.0,-2.22,3.89,0.0,6050.0,1.0
2018-03-25,6.67,0.56,3.62,0.0,6590.0,1.0
2018-03-26,9.44,-1.67,3.88,0.0,5590.0,0.0
2018-03-27,13.89,-1.11,6.39,0.0,5070.0,0.0
2018-03-28,6.11,1.11,3.61,1.52,4890.0,0.0
2018-03-29,6.11,-1.67,2.22,1.78,4930.0,1.0
2018-03-30,16.11,-8.33,3.89,0.0,4910.0,0.0
2018-03-31,-6.67,-12.78,-9.72,1.27,4840.0,0.0
2018-04-01,4.44,-10.56,-3.06,1.78,4780.0,0.0
2018-04-02,-1.67,-13.89,-7.78,9.65,4840.0,1.0
2018-04-03,1.11,-14.44,-6.66,0.25,4830.0,0.0
2018-04-04,2.78,-4.44,-0.83,0.0,4560.0,0.0
2018-04-05,1.67,-7.78,-3.06,6.86,4780.0,1.0
2018-04-06,-7.78,-12.22,-10.0,2.54,4880.0,1.0
2018-04-07,-1.11,-11.67,-6.39,1.27,4690.0,0.0
2018-04-08,7.78,-3.33,2.22,0.0,4680.0,0.0
2018-04-09,12.78,-2.78,5.0,0.0,5150.0,1.0
2018-04-10,17.22,0.56,8.89,0.0,5790.0,1.0
2018-04-11,16.67,6.11,11.39,2.29,6050.0,1.0
2018-04-12,6.67,0.56,3.62,10.67,6900.0,1.0
2018-04-13,7.22,-0.56,3.33,0.76,8490.0,1.0
2018-04-14,15.56,-1.67,6.94,0.0,7650.0,0.0
2018-04-15,18.89,0.56,9.72,0.0,7110.0,0.0
2018-04-16,25.0,2.22,13.61,0.76,7030.0,0.0
2018-04-17,11.11,2.78,6.94,1.27,7380.0,1.0
2018-04-18,13.33,0.56,6.94,0.0,7840.0,1.0
2018-04-19,16.67,1.11,8.89,0.0,7570.0,0.0
2018-04-20,17.78,2.22,10.0,0.0,7360.0,0.0
2018-04-21,22.22,3.33,12.77,0.0,7540.0,1.0
2018-04-22,18.33,6.11,12.22,0.0,8160.0,1.0
2018-04-23,10.56,0.0,5.28,12.95,9910.0,1.0
2018-04-24,12.78,0.56,6.67,0.0,12400.0,1.0
2018-04-25,20.56,5.0,12.78,0.0,12000.0,0.0
2018-04-26,21.67,3.33,12.5,0.0,11000.0,0.0
2018-04-27,22.78,6.67,14.73,0.0,11100.0,1.0
2018-04-28,27.22,5.56,16.39,0.0,12400.0,1.0
2018-04-29,20.0,7.22,13.61,3.3,15500.0,1.0
2018-04-30,8.89,4.44,6.67,0.51,19300.0,1.0
2018-05-01,13.89,5.0,9.44,1.27,18800.0,0.0
2018-05-02,17.78,6.67,12.23,0.0,16900.0,0.0
2018-05-03,21.67,6.67,14.17,0.0,15400.0,0.0
2018-05-04,23.89,8.89,16.39,0.0,15100.0,0.0
2018-05-05,23.89,10.0,16.94,0.0,16200.0,1.0
2018-05-06,26.11,10.0,18.06,0.0,18800.0,1.0
2018-05-07,25.0,11.11,18.06,3.05,22300.0,1.0
2018-05-08,25.56,9.44,17.5,0.0,27700.0,1.0
2018-05-09,22.22,9.44,15.83,3.81,31200.0,1.0
2018-05-10,18.33,8.89,13.61,4.32,35100.0,1.0
2018-05-11,10.0,5.56,7.78,3.05,38800.0,1.0
2018-05-12,8.33,3.89,6.11,5.33,41500.0,1.0
2018-05-13,15.0,5.0,10.0,0.0,35600.0,0.0
2018-05-14,21.67,9.44,15.56,0.0,31200.0,0.0
2018-05-15,25.0,7.22,16.11,0.0,31000.0,0.0
2018-05-16,27.22,9.44,18.33,0.0,30300.0,0.0
2018-05-17,25.0,10.0,17.5,1.02,34200.0,1.0
2018-05-18,13.89,5.0,9.44,27.43,38100.0,1.0
2018-05-19,12.78,5.0,8.89,0.76,39700.0,1.0
2018-05-20,21.11,5.0,13.06,0.0,39300.0,0.0
2018-05-21,25.56,10.0,17.78,0.0,37700.0,0.0
2018-05-22,23.89,10.56,17.23,3.56,40500.0,1.0
2018-05-23,18.33,12.78,15.56,39.12,50500.0,1.0
2018-05-24,26.11,12.22,19.16,0.0,56300.0,1.0
2018-05-25,27.78,13.89,20.84,0.0,57800.0,1.0
2018-05-26,27.22,13.89,20.56,0.0,55600.0,0.0
2018-05-27,23.89,13.33,18.61,0.0,58800.0,1.0
2018-05-28,18.89,12.78,15.84,28.7,60500.0,1.0
2018-05-29,26.11,11.67,18.89,0.0,59300.0,0.0
2018-05-30,27.22,11.67,19.44,0.0,55200.0,0.0
2018-05-31,23.33,11.67,17.5,11.18,53900.0,0.0
2018-06-01,18.33,10.0,14.16,13.21,56000.0,1.0
2018-06-02,23.33,8.33,15.83,0.0,55000.0,0.0
2018-06-03,26.67,10.0,18.34,0.0,46700.0,0.0
2018-06-04,32.22,12.22,22.22,0.0,42300.0,0.0
2018-06-05,22.22,13.89,18.06,0.0,44300.0,1.0
2018-06-06,25.56,13.33,19.44,0.0,48800.0,1.0
2018-06-07,26.11,14.44,20.27,2.79,50600.0,1.0
2018-06-08,27.78,13.33,20.56,0.0,48800.0,0.0
2018-06-09,32.22,13.89,23.06,0.0,47700.0,0.0
2018-06-10,21.67,10.0,15.84,0.0,47600.0,0.0
2018-06-11,15.56,7.22,11.39,0.0,46600.0,0.0
2018-06-12,23.33,6.11,14.72,0.0,39100.0,0.0
2018-06-13,30.0,8.89,19.44,0.0,32800.0,0.0
2018-06-14,26.11,12.22,19.16,0.0,29900.0,0.0
2018-06-15,15.0,10.56,12.78,4.57,32300.0,1.0
2018-06-16,18.89,10.56,14.73,19.56,35200.0,1.0
2018-06-17,16.67,11.11,13.89,2.79,35300.0,1.0
2018-06-18,15.0,11.67,13.34,28.96,37700.0,1.0
2018-06-19,22.22,11.11,16.66,7.37,51000.0,1.0
2018-06-20,22.78,11.67,17.23,0.51,52500.0,1.0
2018-06-21,27.78,11.67,19.73,0.51,44000.0,0.0
2018-06-22,24.44,13.33,18.89,18.54,41300.0,0.0
2018-06-23,23.33,13.89,18.61,0.25,41800.0,1.0
2018-06-24,25.0,12.22,18.61,0.0,40800.0,0.0
2018-06-25,30.0,12.78,21.39,0.0,38300.0,0.0
2018-06-26,26.11,16.67,21.39,0.0,36500.0,0.0
2018-06-27,26.67,12.22,19.44,0.0,37400.0,1.0
2018-06-28,27.78,15.0,21.39,0.0,36500.0,0.0
2018-06-29,21.11,11.67,16.39,1.02,35000.0,0.0
2018-06-30,23.89,10.56,17.23,0.0,34600.0,0.0
2018-07-01,26.67,15.0,20.84,0.0,30600.0,0.0
2018-07-02,26.11,13.33,19.72,1.52,27600.0,0.0
2018-07-03,23.33,10.56,16.94,0.0,26900.0,0.0
2018-07-04,23.33,7.22,15.27,0.0,26100.0,0.0
2018-07-05,30.0,12.22,21.11,0.0,24500.0,0.0
2018-07-06,37.78,17.22,27.5,0.0,23300.0,0.0
2018-07-07,32.78,16.67,24.72,0.0,23000.0,0.0
2018-07-08,30.0,16.11,23.06,0.76,23200.0,1.0
2018-07-09,33.89,16.67,25.28,0.0,22800.0,0.0
2018-07-10,36.67,20.0,28.34,1.02,22500.0,0.0
2018-07-11,28.33,15.56,21.94,0.0,22500.0,0.0
2018-07-12,30.0,17.78,23.89,0.0,21600.0,0.0
2018-07-13,35.0,16.67,25.84,0.0,19900.0,0.0
2018-07-14,31.67,16.67,24.17,0.0,18400.0,0.0
2018-07-15,28.33,13.33,20.83,0.0,17100.0,0.0
2018-07-16,31.67,16.11,23.89,0.0,16100.0,0.0
2018-07-17,32.78,15.56,24.17,3.05,15600.0,0.0
2018-07-18,35.0,15.0,25.0,0.25,14900.0,0.0
2018-07-19,30.56,17.78,24.17,0.0,14100.0,0.0
2018-07-20,33.33,17.22,25.28,0.0,13300.0,0.0
2018-07-21,32.78,16.11,24.44,0.0,12600.0,0.0
2018-07-22,27.22,16.67,21.94,0.0,11900.0,0.0
2018-07-23,30.0,13.89,21.94,0.0,11400.0,0.0
2018-07-24,29.44,14.44,21.94,0.0,10900.0,0.0
2018-07-25,27.78,15.0,21.39,0.0,10500.0,0.0
2018-07-26,26.11,12.22,19.16,0.51,9980.0,0.0
2018-07-27,26.67,13.33,20.0,7.87,9900.0,0.0
2018-07-28,26.67,11.67,19.17,1.52,9680.0,0.0
2018-07-29,28.33,12.22,20.27,0.0,9530.0,0.0
2018-07-30,30.56,13.33,21.94,0.0,9110.0,0.0
2018-07-31,32.22,14.44,23.33,0.0,8450.0,0.0
2018-08-01,31.67,15.0,23.34,0.0,7860.0,0.0
2018-08-02,33.89,19.44,26.66,0.51,7530.0,0.0
2018-08-03,30.0,15.56,22.78,5.08,7570.0,1.0
2018-08-04,28.89,13.89,21.39,0.0,7730.0,1.0
2018-08-05,24.44,12.78,18.61,0.0,7610.0,0.0
2018-08-06,29.44,11.67,20.56,0.0,7530.0,0.0
2018-08-07,33.33,13.33,23.33,0.0,7450.0,0.0
2018-08-08,33.89,16.67,25.28,0.0,6760.0,0.0
2018-08-09,35.56,16.11,25.84,0.0,6340.0,0.0
2018-08-10,37.22,16.67,26.94,0.0,6020.0,0.0
2018-08-11,38.89,15.56,27.22,0.0,5730.0,0.0
2018-08-12,39.44,20.56,30.0,0.0,5560.0,0.0
2018-08-13,25.0,16.11,20.56,0.0,5420.0,0.0
2018-08-14,25.0,13.33,19.16,0.51,5290.0,0.0
2018-08-15,31.67,12.22,21.94,0.0,5300.0,1.0
2018-08-16,33.89,13.89,23.89,0.0,5160.0,0.0
2018-08-17,35.0,18.33,26.66,0.0,4860.0,0.0
2018-08-18,23.89,15.0,19.44,18.29,4900.0,1.0
2018-08-19,20.56,11.67,16.11,0.0,5150.0,1.0
2018-08-20,14.44,9.44,11.94,6.35,5250.0,1.0
2018-08-21,13.89,8.89,11.39,2.29,5440.0,1.0
2018-08-22,25.56,10.0,17.78,0.51,5700.0,1.0
2018-08-23,28.33,13.33,20.83,0.0,5650.0,0.0
2018-08-24,29.44,14.44,21.94,0.0,5460.0,0.0
2018-08-25,21.67,10.56,16.12,0.0,5300.0,0.0
2018-08-26,20.0,10.56,15.28,1.27,5160.0,0.0
2018-08-27,17.78,9.44,13.61,2.03,5150.0,0.0
2018-08-28,21.67,6.67,14.17,0.0,5360.0,1.0
2018-08-29,28.33,8.89,18.61,0.0,5550.0,1.0
2018-08-30,30.56,13.33,21.94,0.0,5440.0,0.0
2018-08-31,26.11,14.44,20.27,0.0,5120.0,0.0
2018-09-01,28.33,11.11,19.72,0.0,4910.0,0.0
2018-09-02,26.67,8.89,17.78,0.0,4710.0,0.0
2018-09-03,30.56,10.0,20.28,0.0,4630.0,0.0
2018-09-04,19.44,7.78,13.61,0.0,4430.0,0.0
2018-09-05,23.33,7.78,15.56,0.0,4260.0,0.0
2018-09-06,30.56,11.11,20.84,0.0,4190.0,0.0
2018-09-07,31.11,14.44,22.78,0.0,4120.0,0.0
2018-09-08,30.56,16.11,23.34,0.0,4010.0,0.0
2018-09-09,27.22,12.78,20.0,0.0,3950.0,0.0
2018-09-10,29.44,10.0,19.72,0.0,3940.0,0.0
2018-09-11,23.89,10.56,17.23,0.0,3910.0,0.0
2018-09-12,21.11,8.33,14.72,0.0,3810.0,0.0
2018-09-13,23.33,11.11,17.22,0.0,3840.0,1.0
2018-09-14,18.89,10.0,14.44,0.0,3830.0,0.0
2018-09-15,21.67,7.22,14.44,0.0,3820.0,0.0
2018-09-16,23.89,8.89,16.39,0.0,3800.0,0.0
2018-09-17,20.0,9.44,14.72,0.0,3790.0,0.0
2018-09-18,22.78,7.78,15.28,0.0,3740.0,0.0
2018-09-19,11.11,6.11,8.61,0.76,3700.0,0.0
2018-09-20,18.33,6.11,12.22,2.03,3740.0,1.0
2018-09-21,22.78,3.33,13.06,0.0,3760.0,1.0
2018-09-22,28.89,8.89,18.89,0.0,3770.0,1.0
2018-09-23,17.22,6.67,11.94,2.79,3710.0,0.0
2018-09-24,17.22,5.56,11.39,2.29,3770.0,1.0
2018-09-25,16.67,5.0,10.84,0.0,3790.0,1.0
2018-09-26,21.67,3.89,12.78,0.0,3770.0,0.0
2018-09-27,13.89,3.33,8.61,2.29,3800.0,1.0
2018-09-28,7.22,2.22,4.72,0.51,3880.0,1.0
2018-09-29,6.67,2.22,4.44,0.51,3960.0,1.0
2018-09-30,2.78,-0.56,1.11,8.64,4120.0,1.0
2018-10-01,18.89,1.11,10.0,0.0,4310.0,1.0
2018-10-02,15.56,6.67,11.12,0.25,4380.0,1.0
2018-10-03,8.33,-0.56,3.88,0.25,4340.0,0.0
2018-10-04,4.44,-1.11,1.66,4.83,4230.0,0.0
2018-10-05,12.78,2.22,7.5,0.51,4320.0,1.0
2018-10-06,15.0,1.11,8.06,0.0,4570.0,1.0
2018-10-07,11.11,2.78,6.94,0.0,4640.0,1.0
2018-10-08,10.0,2.78,6.39,0.0,4520.0,0.0
2018-10-09,6.11,1.67,3.89,0.0,4420.0,0.0
2018-10-10,2.22,0.0,1.11,0.0,4390.0,0.0
2018-10-11,4.44,-1.11,1.66,1.78,4410.0,1.0
2018-10-12,18.33,0.56,9.44,1.02,4430.0,1.0
2018-10-13,7.78,-2.78,2.5,4.06,4520.0,1.0
2018-10-14,5.56,-7.78,-1.11,0.25,4620.0,1.0
2018-10-15,9.44,-1.67,3.88,0.0,4490.0,0.0
2018-10-16,16.67,3.89,10.28,0.0,4370.0,0.0
2018-10-17,19.44,3.89,11.66,0.0,4360.0,0.0
2018-10-18,23.33,3.33,13.33,0.0,4390.0,1.0
2018-10-19,18.33,5.0,11.66,0.0,4380.0,0.0
2018-10-20,22.78,0.56,11.67,0.0,4310.0,0.0
2018-10-21,18.33,4.44,11.38,0.0,4270.0,0.0
2018-10-22,16.11,1.11,8.61,0.0,4230.0,0.0
2018-10-23,16.11,1.11,8.61,0.0,4220.0,0.0
2018-10-24,21.11,6.67,13.89,0.0,4200.0,0.0
2018-10-25,18.33,8.33,13.33,0.0,4180.0,0.0
2018-10-26,20.0,6.67,13.34,0.0,4180.0,0.0
2018-10-27,15.56,5.56,10.56,2.54,4190.0,1.0
2018-10-28,17.78,1.11,9.44,0.0,4190.0,0.0
2018-10-29,11.11,4.44,7.78,2.29,4330.0,1.0
2018-10-30,10.0,1.67,5.84,0.0,4360.0,1.0
2018-10-31,10.0,-1.11,4.44,0.0,4340.0,0.0
2018-11-01,11.67,2.22,6.94,1.78,4270.0,0.0
2018-11-02,13.33,2.22,7.78,1.02,4260.0,0.0
2018-11-03,6.67,1.67,4.17,0.0,4320.0,1.0
2018-11-04,10.0,2.78,6.39,1.52,4420.0,1.0
2018-11-05,9.44,0.0,4.72,0.51,4450.0,1.0
2018-11-06,0.0,-6.11,-3.06,0.76,4400.0,0.0
2018-11-07,-2.78,-9.44,-6.11,1.27,4420.0,1.0
2018-11-08,2.78,-10.56,-3.89,0.0,4270.0,0.0
2018-11-09,3.89,-14.44,-5.28,0.0,4100.0,0.0
2018-11-10,4.44,-2.22,1.11,0.0,4010.0,0.0
2018-11-11,1.67,-7.22,-2.78,0.0,3980.0,0.0
2018-11-12,1.11,-9.44,-4.16,0.0,4000.0,1.0
2018-11-13,8.89,-1.11,3.89,0.0,3790.0,0.0
2018-11-14,15.56,6.11,10.84,0.0,3730.0,0.0
2018-11-15,13.89,3.89,8.89,0.0,3860.0,1.0
2018-11-16,9.44,-9.44,0.0,3.56,3980.0,1.0
2018-11-17,-5.0,-13.89,-9.44,0.0,4060.0,1.0
2018-11-18,2.22,-6.11,-1.94,0.0,3820.0,0.0
2018-11-19,7.22,0.0,3.61,0.0,3760.0,0.0
2018-11-20,10.56,-0.56,5.0,0.0,3770.0,1.0
2018-11-21,14.44,0.0,7.22,0.0,3800.0,1.0
2018-11-22,11.67,3.33,7.5,0.0,3740.0,0.0
2018-11-23,10.0,0.56,5.28,0.0,3670.0,0.0
2018-11-24,3.89,-1.11,1.39,0.51,3670.0,0.0
2018-11-25,5.56,-3.33,1.11,0.0,3740.0,1.0
2018-11-26,5.56,-5.0,0.28,0.0,3650.0,0.0
2018-11-27,8.89,1.11,5.0,0.0,3510.0,0.0
2018-11-28,11.67,1.11,6.39,0.0,3600.0,1.0
2018-11-29,8.89,-2.22,3.34,0.0,3650.0,1.0
2018-11-30,1.67,-5.0,-1.66,0.76,3640.0,0.0
2018-12-01,4.44,-3.89,0.28,0.0,3620.0,0.0
2018-12-02,-0.56,-4.44,-2.5,0.51,3590.0,0.0
2018-12-03,1.11,-4.44,-1.66,0.0,3530.0,0.0
2018-12-04,1.67,-6.67,-2.5,0.0,3340.0,0.0
2018-12-05,0.56,-10.0,-4.72,0.0,3130.0,0.0
2018-12-06,-1.11,-13.89,-7.5,0.0,2910.0,0.0
2018-12-07,2.22,-11.67,-4.72,0.0,2740.0,0.0
2018-12-08,7.78,-5.56,1.11,0.0,2340.0,0.0
2018-12-09,6.11,-7.22,-0.55,0.0,2850.0,1.0
2018-12-10,6.67,0.56,3.62,0.0,3150.0,1.0
2018-12-11,6.11,-1.67,2.22,0.0,3360.0,1.0
2018-12-12,6.67,-1.67,2.5,0.0,3550.0,1.0
2018-12-13,6.67,-3.89,1.39,0.0,3430.0,0.0
2018-12-14,11.67,0.56,6.12,0.0,3320.0,0.0
2018-12-15,11.67,-0.56,5.56,0.0,3320.0,0.0
2018-12-16,9.44,-4.44,2.5,0.0,3440.0,1.0
2018-12-17,13.33,2.78,8.06,0.0,3360.0,0.0
2018-12-18,13.33,-0.56,6.38,0.0,3360.0,0.0
2018-12-19,9.44,-1.11,4.16,0.0,3380.0,1.0
2018-12-20,8.89,-3.33,2.78,0.0,3260.0,0.0
2018-12-21,8.33,-2.22,3.06,0.0,3330.0,1.0
2018-12-22,3.89,-5.56,-0.83,0.0,3270.0,0.0
2018-12-23,6.11,-6.67,-0.28,0.0,3030.0,0.0
2018-12-24,2.22,-2.22,0.0,0.76,2930.0,0.0
2018-12-25,-0.56,-5.0,-2.78,5.33,3090.0,1.0
2018-12-26,-2.78,-9.44,-6.11,3.3,3150.0,1.0
2018-12-27,-6.11,-12.22,-9.17,0.0,3020.0,0.0
2018-12-28,-4.44,-8.89,-6.67,0.0,2870.0,0.0
2018-12-29,1.11,-8.33,-3.61,0.0,2620.0,0.0
2018-12-30,3.33,-11.11,-3.89,7.11,2650.0,1.0
2018-12-31,-11.11,-20.0,-15.56,0.51,2410.0,0.0
2019-01-01,-8.89,-20.56,-14.72,0.0,1840.0,0.0
2019-01-02,-0.56,-8.89,-4.73,0.0,1680.0,0.0
2019-01-03,4.44,-0.56,1.94,0.0,2120.0,1.0
2019-01-04,8.33,1.11,4.72,0.0,2650.0,1.0
2019-01-05,5.56,-2.22,1.67,0.0,3210.0,1.0
2019-01-06,8.89,0.0,4.44,0.0,3470.0,1.0
2019-01-07,4.44,-2.78,0.83,0.25,3500.0,1.0
2019-01-08,2.22,-8.33,-3.06,0.0,3210.0,0.0
2019-01-09,7.22,-8.89,-0.84,0.0,2760.0,0.0
2019-01-10,6.11,-0.56,2.78,0.0,2900.0,1.0
2019-01-11,7.78,-2.22,2.78,0.0,3040.0,1.0
2019-01-12,6.67,-2.78,1.94,0.0,2960.0,0.0
2019-01-13,7.22,-4.44,1.39,0.0,2850.0,0.0
2019-01-14,7.22,-4.44,1.39,0.0,2740.0,0.0
2019-01-15,3.33,-6.67,-1.67,0.0,2610.0,0.0
2019-01-16,4.44,-9.44,-2.5,0.0,2400.0,0.0
2019-01-17,-3.89,-8.33,-6.11,0.0,2530.0,1.0
2019-01-18,-5.56,-11.11,-8.33,1.02,2760.0,1.0
2019-01-19,6.11,-8.89,-1.39,0.0,2790.0,1.0
2019-01-20,5.0,-0.56,2.22,0.0,2970.0,1.0
2019-01-21,0.0,-7.22,-3.61,13.21,2950.0,0.0
2019-01-22,-0.56,-8.89,-4.73,0.0,2830.0,0.0
2019-01-23,-1.11,-9.44,-5.28,9.65,2720.0,0.0
2019-01-24,-1.11,-20.0,-10.56,0.0,2540.0,0.0
2019-01-25,2.22,-5.56,-1.67,0.0,2410.0,0.0
2019-01-26,6.67,-4.44,1.11,0.0,2650.0,1.0
2019-01-27,10.56,-1.67,4.44,0.0,3020.0,1.0
2019-01-28,-0.56,-8.89,-4.73,0.0,2980.0,0.0
2019-01-29,-4.44,-12.22,-8.33,0.0,2710.0,0.0
2019-01-30,0.56,-11.11,-5.28,0.0,2360.0,0.0
2019-01-31,6.67,-3.89,1.39,0.0,2160.0,0.0
2019-02-01,10.56,4.44,7.5,0.0,2840.0,1.0
2019-02-02,11.11,-7.22,1.94,0.0,3190.0,1.0
2019-02-03,-7.22,-21.11,-14.16,1.27,2750.0,0.0
2019-02-04,-19.44,-22.78,-21.11,0.0,2110.0,0.0
2019-02-05,-18.33,-21.11,-19.72,1.27,1420.0,0.0
2019-02-06,-17.78,-21.67,-19.73,0.51,957.0,0.0
2019-02-07,-12.22,-25.56,-18.89,0.0,1140.0,1.0
2019-02-08,-6.67,-18.33,-12.5,0.0,1530.0,1.0
2019-02-09,-18.33,-22.22,-20.27,0.76,1690.0,1.0
2019-02-10,-15.56,-24.44,-20.0,0.0,1790.0,1.0
2019-02-11,-3.33,-18.89,-11.11,0.76,1890.0,1.0
2019-02-12,3.89,-18.89,-7.5,0.0,1980.0,1.0
2019-02-13,5.0,-16.11,-5.56,1.27,2190.0,1.0
2019-02-14,-10.0,-16.67,-13.34,1.27,2460.0,1.0
2019-02-15,-4.44,-13.89,-9.17,8.64,2490.0,1.0
2019-02-16,-5.0,-15.0,-10.0,2.29,2720.0,1.0
2019-02-17,-14.44,-18.89,-16.66,3.05,2790.0,1.0
2019-02-18,-15.0,-21.11,-18.06,0.0,2670.0,0.0
2019-02-19,-6.67,-22.22,-14.44,0.0,2430.0,0.0
2019-02-20,-2.78,-14.44,-8.61,0.0,2240.0,0.0
2019-02-21,-8.33,-19.44,-13.89,1.78,2250.0,1.0
2019-02-22,-3.89,-18.33,-11.11,0.0,2430.0,1.0
2019-02-23,0.56,-13.33,-6.38,0.0,2480.0,1.0
2019-02-24,-13.33,-20.56,-16.94,5.84,2370.0,0.0
2019-02-25,-20.56,-21.67,-21.12,5.84,2220.0,0.0
2019-02-26,-17.78,-21.11,-19.44,7.37,1970.0,0.0
2019-02-27,-11.67,-18.33,-15.0,3.81,1800.0,0.0
2019-02-28,-6.67,-16.67,-11.67,5.33,1830.0,1.0
2019-03-01,-5.0,-18.33,-11.66,1.02,2010.0,1.0
2019-03-02,-18.33,-25.0,-21.66,1.52,2160.0,1.0
2019-03-03,-17.78,-28.33,-23.06,0.0,2200.0,1.0
2019-03-04,-12.22,-28.33,-20.27,0.0,2250.0,1.0
2019-03-05,-6.11,-22.22,-14.16,0.0,2220.0,0.0
2019-03-06,-10.56,-15.56,-13.06,0.51,2210.0,0.0
2019-03-07,0.56,-15.0,-7.22,0.0,2380.0,1.0
2019-03-08,0.56,-7.22,-3.33,0.0,2600.0,1.0
2019-03-09,0.56,-6.67,-3.06,0.25,2840.0,1.0
2019-03-10,1.11,-12.78,-5.84,0.0,2970.0,1.0
2019-03-11,5.0,-10.56,-2.78,0.0,2990.0,1.0
2019-03-12,7.22,-5.56,0.83,0.0,3080.0,1.0
2019-03-13,1.11,-5.56,-2.22,0.25,3100.0,1.0
2019-03-14,3.33,-6.11,-1.39,0.0,3130.0,1.0
2019-03-15,6.11,-6.11,0.0,0.0,3140.0,1.0
2019-03-16,7.78,-6.11,0.84,0.0,3190.0,1.0
2019-03-17,5.56,-3.89,0.83,0.0,3220.0,1.0
2019-03-18,7.78,-5.56,1.11,0.0,3400.0,1.0
2019-03-19,8.89,-5.0,1.95,0.0,3730.0,1.0
2019-03-20,14.44,-1.67,6.38,0.0,4060.0,1.0
2019-03-21,12.78,-2.22,5.28,0.0,4890.0,1.0
2019-03-22,12.78,-2.22,5.28,0.0,5760.0,1.0
2019-03-23,15.56,1.67,8.62,0.0,6730.0,1.0
2019-03-24,9.44,-0.56,4.44,0.0,8640.0,1.0
2019-03-25,15.0,1.67,8.34,0.0,8900.0,1.0
2019-03-26,20.0,3.89,11.94,0.0,9340.0,1.0
2019-03-27,13.33,1.67,7.5,0.0,8500.0,0.0
2019-03-28,3.89,1.67,2.78,2.54,7660.0,0.0
2019-03-29,7.78,1.67,4.72,0.0,5970.0,0.0
2019-03-30,12.78,-1.11,5.84,0.0,5030.0,0.0
2019-03-31,12.78,1.67,7.22,3.81,4600.0,0.0
2019-04-01,9.44,1.11,5.28,2.54,4700.0,1.0
2019-04-02,12.78,0.56,6.67,0.0,4980.0,1.0
2019-04-03,16.11,3.89,10.0,0.0,4980.0,0.0
2019-04-04,20.56,7.78,14.17,0.0,4980.0,0.0
2019-04-05,20.56,8.33,14.44,0.0,5270.0,1.0
2019-04-06,20.56,6.11,13.34,0.0,5750.0,1.0
2019-04-07,21.11,3.33,12.22,0.0,5910.0,1.0
2019-04-08,11.11,7.78,9.44,7.37,6000.0,1.0
2019-04-09,8.89,5.0,6.94,9.4,6460.0,1.0
2019-04-10,5.56,0.0,2.78,6.86,7960.0,1.0
2019-04-11,6.11,-3.33,1.39,0.0,8300.0,1.0
2019-04-12,9.44,-3.89,2.77,0.0,7230.0,0.0
2019-04-13,15.56,-2.78,6.39,0.0,6570.0,0.0
2019-04-14,12.22,6.67,9.44,1.02,6140.0,0.0
2019-04-15,13.89,1.67,7.78,1.02,6040.0,0.0
2019-04-16,13.33,3.89,8.61,0.0,6010.0,0.0
2019-04-17,15.56,2.78,9.17,0.51,5900.0,0.0
2019-04-18,22.22,7.22,14.72,0.0,5650.0,0.0
2019-04-19,27.78,10.0,18.89,0.0,5570.0,0.0
2019-04-20,18.89,9.44,14.16,3.05,5740.0,1.0
2019-04-21,10.56,7.22,8.89,3.56,7700.0,1.0
2019-04-22,16.11,6.67,11.39,0.25,11400.0,1.0
2019-04-23,25.0,11.11,18.06,0.0,11200.0,0.0
2019-04-24,16.67,8.89,12.78,2.29,10400.0,0.0
2019-04-25,13.33,5.56,9.44,0.0,10800.0,1.0
2019-04-26,11.67,3.33,7.5,6.1,11100.0,1.0
2019-04-27,18.33,3.33,10.83,2.29,11400.0,1.0
2019-04-28,7.22,-1.67,2.78,0.0,11400.0,0.0
2019-04-29,4.44,-1.67,1.39,0.0,10500.0,0.0
2019-04-30,3.33,-1.11,1.11,4.06,9700.0,0.0
2019-05-01,12.22,-0.56,5.83,0.0,9210.0,0.0
2019-05-02,15.56,3.33,9.44,0.25,8690.0,0.0
2019-05-03,20.0,2.22,11.11,0.0,8260.0,0.0
2019-05-04,19.44,6.11,12.78,0.0,7880.0,0.0
2019-05-05,6.11,2.78,4.44,0.51,7620.0,0.0
2019-05-06,9.44,2.78,6.11,0.0,7820.0,1.0
2019-05-07,13.33,4.44,8.88,0.0,8170.0,1.0
2019-05-08,13.33,2.78,8.06,0.76,9130.0,1.0
2019-05-09,15.56,1.11,8.34,0.0,9990.0,1.0
2019-05-10,18.89,5.0,11.94,1.52,9530.0,0.0
2019-05-11,21.11,7.78,14.44,1.52,9210.0,0.0
2019-05-12,27.78,6.67,17.23,0.0,9280.0,1.0
2019-05-13,30.0,13.89,21.94,0.0,10400.0,1.0
2019-05-14,28.89,12.22,20.56,1.02,13700.0,1.0
2019-05-15,27.78,14.44,21.11,0.0,17700.0,1.0
2019-05-16,15.0,9.44,12.22,9.91,21900.0,1.0
2019-05-17,11.0,5.56,8.28,18.54,26100.0,1.0
2019-05-18,5.56,1.11,3.34,4.32,31000.0,1.0
2019-05-19,8.33,2.22,5.28,0.0,25800.0,0.0
2019-05-20,8.33,3.89,6.11,0.0,21100.0,0.0
2019-05-21,7.22,5.0,6.11,6.6,18900.0,0.0
2019-05-22,16.67,5.56,11.12,1.27,17800.0,0.0
2019-05-23,17.22,7.22,12.22,0.25,17000.0,0.0
2019-05-24,17.22,7.78,12.5,5.08,16000.0,0.0
2019-05-25,23.33,7.78,15.56,0.0,15200.0,0.0
2019-05-26,22.78,10.0,16.39,0.76,14800.0,0.0
2019-05-27,11.67,10.0,10.84,8.89,16600.0,1.0
2019-05-28,20.56,10.0,15.28,0.0,21100.0,1.0
2019-05-29,22.78,7.22,15.0,0.0,23900.0,1.0
2019-05-30,28.33,8.33,18.33,0.0,23800.0,0.0
2019-05-31,21.11,13.33,17.22,0.0,24600.0,1.0
2019-06-01,27.22,10.56,18.89,0.0,27000.0,1.0
2019-06-02,30.0,13.89,21.94,0.0,29100.0,1.0
2019-06-03,31.67,15.56,23.62,0.25,32500.0,1.0
2019-06-04,28.33,10.0,19.16,0.0,36500.0,1.0
2019-06-05,28.33,13.89,21.11,0.0,39300.0,1.0
2019-06-06,34.44,13.89,24.16,0.0,43700.0,1.0
2019-06-07,25.0,9.44,17.22,4.57,46900.0,1.0
2019-06-08,13.89,6.11,10.0,12.7,52100.0,1.0
2019-06-09,21.67,6.11,13.89,0.0,45300.0,0.0
2019-06-10,25.0,7.78,16.39,1.27,32600.0,0.0
2019-06-11,24.44,13.33,18.89,0.0,27300.0,0.0
2019-06-12,27.78,11.11,19.44,0.0,25000.0,0.0
2019-06-13,31.11,13.89,22.5,0.51,26600.0,1.0
2019-06-14,28.89,14.44,21.66,2.29,33200.0,1.0
2019-06-15,26.67,11.67,19.17,4.57,37600.0,1.0
2019-06-16,25.0,14.44,19.72,0.0,38400.0,1.0
2019-06-17,26.67,12.78,19.73,0.0,39300.0,1.0
2019-06-18,30.0,13.33,21.66,0.25,37600.0,0.0
2019-06-19,29.44,11.11,20.27,0.25,36000.0,0.0
2019-06-20,20.0,8.33,14.16,8.13,35400.0,0.0
2019-06-21,20.0,7.78,13.89,0.51,33200.0,0.0
2019-06-22,20.56,8.33,14.44,2.29,27800.0,0.0
2019-06-23,25.0,11.11,18.06,0.0,24100.0,0.0
2019-06-24,25.0,13.33,19.16,2.54,21700.0,0.0
2019-06-25,25.56,11.11,18.34,0.76,20600.0,0.0
2019-06-26,26.11,12.22,19.16,0.51,20800.0,1.0
2019-06-27,32.22,13.33,22.78,0.0,22300.0,1.0
2019-06-28,28.89,13.89,21.39,0.0,24600.0,1.0
2019-06-29,28.89,17.22,23.06,0.0,27200.0,1.0
2019-06-30,30.0,15.56,22.78,11.43,29100.0,1.0
2019-07-01,30.56,16.11,23.34,0.0,29100.0,0.0
2019-07-02,21.11,13.89,17.5,1.02,29000.0,0.0
2019-07-03,18.89,13.33,16.11,1.02,28600.0,0.0
2019-07-04,26.11,13.33,19.72,4.32,27800.0,0.0
2019-07-05,23.33,14.44,18.88,4.32,27900.0,1.0
2019-07-06,29.44,12.22,20.83,0.0,25800.0,0.0
2019-07-07,31.11,16.11,23.61,0.0,23900.0,0.0
2019-07-08,27.78,15.0,21.39,3.56,23100.0,0.0
2019-07-09,23.89,12.78,18.34,2.79,23000.0,0.0
2019-07-10,31.67,11.67,21.67,0.0,21800.0,0.0
2019-07-11,34.44,18.33,26.38,0.0,20000.0,0.0
2019-07-12,34.44,17.22,25.83,2.79,19800.0,0.0
2019-07-13,35.56,17.22,26.39,3.81,20700.0,1.0
2019-07-14,35.0,17.22,26.11,14.22,21600.0,1.0
2019-07-15,30.0,17.22,23.61,1.78,21700.0,1.0
2019-07-16,27.78,16.67,22.22,10.16,20400.0,0.0
2019-07-17,30.0,16.11,23.06,0.0,19200.0,0.0
2019-07-18,31.67,16.67,24.17,1.27,18300.0,0.0
2019-07-19,28.89,15.56,22.22,0.25,16900.0,0.0
2019-07-20,27.22,13.89,20.56,0.0,15900.0,0.0
2019-07-21,27.22,15.0,21.11,0.0,14700.0,0.0
2019-07-22,33.33,16.11,24.72,1.02,13600.0,0.0
2019-07-23,36.11,19.44,27.78,0.0,12700.0,0.0
2019-07-24,36.67,21.11,28.89,0.0,12300.0,0.0
2019-07-25,33.89,17.22,25.56,0.0,12100.0,0.0
2019-07-26,33.33,15.56,24.44,0.0,11600.0,0.0
2019-07-27,32.78,18.89,25.84,0.0,10800.0,0.0
2019-07-28,31.67,19.44,25.56,0.0,10100.0,0.0
2019-07-29,32.78,15.0,23.89,0.51,9500.0,0.0
2019-07-30,35.56,18.33,26.94,0.0,8980.0,0.0
2019-07-31,36.67,18.89,27.78,0.0,8500.0,0.0
2019-08-01,36.67,19.44,28.06,0.0,8300.0,0.0
2019-08-02,36.67,16.67,26.67,0.76,8210.0,0.0
2019-08-03,36.67,20.0,28.34,0.0,7930.0,0.0
2019-08-04,37.22,22.22,29.72,0.0,7540.0,0.0
2019-08-05,33.89,19.44,26.66,0.51,7240.0,0.0
2019-08-06,35.56,22.22,28.89,0.0,6930.0,0.0
2019-08-07,30.56,17.78,24.17,0.0,6590.0,0.0
2019-08-08,35.56,18.33,26.94,0.0,6210.0,0.0
2019-08-09,33.33,18.89,26.11,2.54,6040.0,0.0
2019-08-10,30.0,16.11,23.06,6.35,6230.0,1.0
2019-08-11,27.78,13.89,20.84,13.46,6500.0,1.0
2019-08-12,28.33,13.89,21.11,0.0,6450.0,0.0
2019-08-13,28.33,13.89,21.11,0.0,6170.0,0.0
2019-08-14,31.67,13.33,22.5,0.0,5780.0,0.0
2019-08-15,30.56,16.11,23.34,0.0,5480.0,0.0
2019-08-16,30.56,15.56,23.06,0.0,5340.0,0.0
2019-08-17,21.11,12.22,16.66,0.0,5250.0,0.0
2019-08-18,31.11,10.0,20.56,0.0,5260.0,1.0
2019-08-19,36.67,14.44,25.56,0.0,5140.0,0.0
2019-08-20,30.56,18.33,24.44,0.0,4850.0,0.0
2019-08-21,33.89,15.56,24.72,0.0,4580.0,0.0
2019-08-22,32.78,16.67,24.72,24.64,4450.0,0.0
2019-08-23,26.67,16.11,21.39,1.02,4390.0,0.0
2019-08-24,32.78,16.11,24.44,2.03,4370.0,0.0
2019-08-25,28.89,15.56,22.22,0.25,4350.0,0.0
2019-08-26,26.11,13.33,19.72,0.0,4220.0,0.0
2019-08-27,25.56,11.67,18.61,0.0,4100.0,0.0
2019-08-28,35.0,11.11,23.06,0.0,4000.0,0.0
2019-08-29,27.22,12.78,20.0,0.0,3830.0,0.0
2019-08-30,25.56,14.44,20.0,0.51,3720.0,0.0
2019-08-31,31.67,12.22,21.94,0.0,3730.0,1.0
2019-09-01,32.78,16.11,24.44,0.0,3700.0,0.0
2019-09-02,36.11,15.56,25.84,0.0,3660.0,0.0
2019-09-03,32.78,16.11,24.44,0.0,3520.0,0.0
2019-09-04,38.33,15.0,26.66,0.0,3400.0,0.0
2019-09-05,33.89,16.67,25.28,0.0,3310.0,0.0
2019-09-06,22.78,16.11,19.44,1.52,3270.0,0.0
2019-09-07,17.22,12.22,14.72,2.29,3470.0,1.0
2019-09-08,20.56,10.0,15.28,1.02,3680.0,1.0
2019-09-09,23.89,12.78,18.34,0.0,3880.0,1.0
2019-09-10,20.56,11.11,15.84,0.0,4050.0,1.0
2019-09-11,13.89,11.67,12.78,22.61,4730.0,1.0
2019-09-12,23.89,10.0,16.94,0.0,5980.0,1.0
2019-09-13,27.78,10.56,19.17,0.25,5780.0,0.0
2019-09-14,30.56,15.56,23.06,0.0,5270.0,0.0
2019-09-15,35.0,16.67,25.84,0.0,4930.0,0.0
2019-09-16,34.44,17.22,25.83,0.0,4700.0,0.0
2019-09-17,21.11,12.22,16.66,4.83,4570.0,0.0
2019-09-18,26.11,8.33,17.22,0.0,4530.0,0.0
2019-09-19,22.78,9.44,16.11,0.0,4470.0,0.0
2019-09-20,14.44,7.78,11.11,17.27,4690.0,1.0
2019-09-21,16.67,7.78,12.23,12.95,6390.0,1.0
2019-09-22,20.56,7.78,14.17,0.0,7080.0,1.0
2019-09-23,25.0,11.11,18.06,0.0,6620.0,0.0
2019-09-24,23.89,12.22,18.06,0.0,6190.0,0.0
2019-09-25,19.44,10.0,14.72,0.0,6090.0,0.0
2019-09-26,22.22,7.78,15.0,0.0,6140.0,1.0
2019-09-27,12.78,5.56,9.17,5.08,5990.0,0.0
2019-09-28,6.67,1.67,4.17,10.16,6300.0,1.0
2019-09-29,5.0,1.11,3.06,4.32,6780.0,1.0
2019-09-30,7.22,-1.11,3.06,0.0,6850.0,1.0
2019-10-01,2.22,-1.67,0.28,1.27,6880.0,1.0
2019-10-02,10.0,0.0,5.0,1.27,6760.0,0.0
2019-10-03,16.67,1.11,8.89,0.0,6610.0,0.0
2019-10-04,17.22,-0.56,8.33,0.0,6470.0,0.0
2019-10-05,12.22,5.56,8.89,0.0,6460.0,0.0
2019-10-06,16.11,3.89,10.0,0.0,6350.0,0.0
2019-10-07,21.11,5.56,13.34,0.0,6190.0,0.0
2019-10-08,23.33,0.56,11.94,0.0,6120.0,0.0
2019-10-09,0.56,-6.67,-3.06,8.13,6200.0,1.0
2019-10-10,-1.11,-8.89,-5.0,0.25,6310.0,1.0
2019-10-11,5.0,-7.22,-1.11,0.0,6080.0,0.0
2019-10-12,13.33,-3.33,5.0,0.0,5920.0,0.0
2019-10-13,17.78,-1.11,8.34,0.0,6030.0,1.0
2019-10-14,15.0,2.78,8.89,0.0,6120.0,1.0
2019-10-15,12.78,-0.56,6.11,0.0,6080.0,0.0
2019-10-16,22.78,6.67,14.73,0.0,5930.0,0.0
2019-10-17,19.44,8.33,13.89,0.0,5800.0,0.0
2019-10-18,15.0,2.22,8.61,0.0,5690.0,0.0
2019-10-19,12.78,1.11,6.94,0.0,5590.0,0.0
2019-10-20,9.44,2.22,5.83,0.25,5570.0,0.0
2019-10-21,10.56,0.0,5.28,0.0,5550.0,0.0
2019-10-22,17.22,2.78,10.0,0.76,5500.0,0.0
2019-10-23,8.33,0.56,4.44,0.0,5480.0,0.0
2019-10-24,9.44,-2.22,3.61,0.0,5510.0,1.0
2019-10-25,19.44,5.0,12.22,0.0,5440.0,0.0
2019-10-26,13.33,-4.44,4.44,7.11,5450.0,1.0
2019-10-27,-3.33,-10.56,-6.94,0.0,5540.0,1.0
2019-10-28,-4.44,-11.67,-8.06,2.29,5300.0,0.0
2019-10-29,-8.89,-17.78,-13.34,0.0,4810.0,0.0
2019-10-30,-3.89,-12.22,-8.06,0.0,4440.0,0.0
2019-10-31,3.33,-4.44,-0.56,0.0,4280.0,0.0
2019-11-01,5.0,-2.22,1.39,0.0,4620.0,1.0
2019-11-02,7.78,-1.67,3.06,0.0,5000.0,1.0
2019-11-03,7.78,0.56,4.17,4.83,5130.0,1.0
2019-11-04,1.67,-1.11,0.28,1.78,5360.0,1.0
2019-11-05,12.78,-1.11,5.84,0.76,5310.0,0.0
2019-11-06,-1.11,-8.89,-5.0,0.25,5250.0,0.0
2019-11-07,7.22,-5.0,1.11,0.0,5090.0,0.0
2019-11-08,20.0,1.67,10.84,0.0,4870.0,0.0
2019-11-09,16.67,3.33,10.0,0.0,4860.0,0.0
2019-11-10,3.33,-15.0,-5.84,2.03,4890.0,1.0
2019-11-11,-3.33,-18.33,-10.83,0.0,4830.0,0.0
2019-11-12,8.33,-3.33,2.5,2.29,4470.0,0.0
2019-11-13,8.33,0.0,4.16,0.51,4770.0,1.0
2019-11-14,10.0,-1.67,4.16,0.0,4860.0,1.0
2019-11-15,14.44,0.56,7.5,0.0,4800.0,0.0
2019-11-16,11.11,0.0,5.56,0.0,4670.0,0.0
2019-11-17,12.78,0.56,6.67,0.0,4630.0,0.0
2019-11-18,17.78,4.44,11.11,0.0,4640.0,1.0
2019-11-19,6.67,0.0,3.34,0.0,4610.0,0.0
2019-11-20,2.78,-3.89,-0.56,0.0,4660.0,1.0
2019-11-21,3.33,-7.22,-1.94,0.0,4630.0,0.0
2019-11-22,8.89,-1.67,3.61,0.0,4490.0,0.0
2019-11-23,15.0,0.0,7.5,0.0,4300.0,0.0
2019-11-24,15.56,1.67,8.62,0.0,4240.0,0.0
2019-11-25,5.0,-6.11,-0.56,0.0,4370.0,1.0
2019-11-26,0.56,-7.78,-3.61,0.0,4360.0,0.0
2019-11-27,0.0,-9.44,-4.72,0.0,4190.0,0.0
2019-11-28,-3.89,-8.33,-6.11,0.0,3880.0,0.0
2019-11-29,-5.0,-8.33,-6.66,4.83,3880.0,0.0
2019-11-30,-4.44,-13.89,-9.17,7.37,3980.0,1.0
2019-12-01,0.0,-13.89,-6.94,0.0,3720.0,0.0
2019-12-02,4.44,-1.67,1.39,0.0,3620.0,0.0
2019-12-03,8.33,-1.11,3.61,0.0,4040.0,1.0
2019-12-04,8.33,0.0,4.16,0.0,4450.0,1.0
2019-12-05,1.11,-2.22,-0.56,0.51,4310.0,0.0
2019-12-06,9.44,-1.11,4.16,0.0,4160.0,0.0
2019-12-07,12.78,2.22,7.5,0.0,4090.0,0.0
2019-12-08,5.0,-13.33,-4.16,2.29,4090.0,0.0
2019-12-09,2.78,-13.89,-5.56,0.0,4000.0,0.0
2019-12-10,1.67,-10.56,-4.44,0.0,3890.0,0.0
2019-12-11,5.56,-7.78,-1.11,0.0,3880.0,0.0
2019-12-12,9.44,-1.11,4.16,0.0,3870.0,0.0
2019-12-13,5.56,-3.89,0.83,0.76,3940.0,1.0
2019-12-14,-1.11,-2.78,-1.94,0.0,3880.0,0.0
2019-12-15,2.22,-3.89,-0.84,0.0,3770.0,0.0
2019-12-16,2.22,-6.67,-2.22,0.0,3550.0,0.0
2019-12-17,4.44,-2.22,1.11,0.0,3320.0,0.0
2019-12-18,8.89,1.67,5.28,0.0,3220.0,0.0
2019-12-19,9.44,-2.22,3.61,0.0,3340.0,1.0
2019-12-20,10.0,2.22,6.11,0.0,3480.0,1.0
2019-12-21,12.22,5.0,8.61,0.0,3590.0,1.0
2019-12-22,10.0,-1.11,4.44,0.0,3800.0,1.0
2019-12-23,12.78,-2.78,5.0,0.0,3740.0,0.0
2019-12-24,4.44,-4.44,0.0,0.0,3620.0,0.0
2019-12-25,2.22,-4.44,-1.11,0.0,3580.0,0.0
2019-12-26,2.22,-4.44,-1.11,0.0,3550.0,0.0
2019-12-27,3.89,-6.67,-1.39,0.0,3500.0,0.0
2019-12-28,1.67,-5.0,-1.66,0.0,3150.0,0.0
2019-12-29,-0.56,-8.89,-4.73,0.0,3040.0,0.0
2019-12-30,1.11,-10.0,-4.44,0.0,2930.0,0.0
2019-12-31,5.56,-4.44,0.56,0.0,2610.0,0.0
2020-01-01,10.0,2.22,6.11,0.51,2930.0,1.0
2020-01-02,8.33,-3.89,2.22,0.0,3340.0,1.0
2020-01-03,8.89,-3.33,2.78,0.0,3480.0,1.0
2020-01-04,13.33,0.56,6.94,0.0,3520.0,1.0
2020-01-05,3.89,-3.33,0.28,0.0,3430.0,0.0
2020-01-06,5.0,-3.89,0.55,0.0,3260.0,0.0
2020-01-07,4.44,-2.78,0.83,0.0,3240.0,0.0
2020-01-08,10.0,-5.56,2.22,0.0,3370.0,1.0
2020-01-09,0.56,-11.11,-5.28,2.03,3370.0,0.0
2020-01-10,-3.33,-17.22,-10.27,0.0,3330.0,0.0
2020-01-11,2.22,-3.33,-0.55,0.0,2980.0,0.0
2020-01-12,1.67,-11.67,-5.0,0.0,2970.0,0.0
2020-01-13,-11.11,-18.33,-14.72,0.51,2950.0,0.0
2020-01-14,,,,0.76,2390.0,0.0
2020-01-15,,,,0.25,1980.0,0.0
2020-01-16,-4.44,-16.67,-10.56,0.0,2120.0,1.0
2020-01-17,-2.78,-18.89,-10.84,1.02,2390.0,1.0
2020-01-18,-8.89,-18.33,-13.61,0.0,2800.0,1.0
2020-01-19,4.44,-13.33,-4.44,0.0,2980.0,1.0
2020-01-20,7.22,-2.22,2.5,0.0,3310.0,1.0
2020-01-21,11.11,2.22,6.66,0.0,3510.0,1.0
2020-01-22,8.33,-0.56,3.88,0.0,3610.0,1.0
2020-01-23,6.67,-2.78,1.94,0.0,3450.0,0.0
2020-01-24,12.22,1.11,6.66,0.0,3440.0,0.0
2020-01-25,10.56,1.11,5.84,0.0,3450.0,1.0
2020-01-26,9.44,0.56,5.0,0.0,3430.0,0.0
2020-01-27,8.89,0.56,4.73,0.25,3370.0,0.0
2020-01-28,8.33,-4.44,1.94,0.0,3340.0,0.0
2020-01-29,10.0,0.56,5.28,0.25,3420.0,1.0
2020-01-30,7.78,-1.11,3.34,0.0,3400.0,0.0
2020-01-31,13.33,-1.67,5.83,0.0,3310.0,0.0
2020-02-01,20.0,7.22,13.61,0.0,3320.0,1.0
2020-02-02,10.56,-5.56,2.5,5.08,3320.0,0.0
2020-02-03,-5.0,-11.67,-8.34,1.27,3200.0,0.0
2020-02-04,-4.44,-14.44,-9.44,0.0,2960.0,0.0
2020-02-05,-1.67,-7.78,-4.72,0.0,2560.0,0.0
2020-02-06,1.67,-3.89,-1.11,2.54,2540.0,0.0
2020-02-07,0.0,-2.78,-1.39,1.02,2900.0,1.0
2020-02-08,4.44,-4.44,0.0,0.51,3130.0,1.0
2020-02-09,-1.67,-10.0,-5.84,1.27,3220.0,1.0
2020-02-10,0.56,-7.22,-3.33,0.25,3080.0,0.0
2020-02-11,1.67,-7.78,-3.06,0.0,3000.0,0.0
2020-02-12,0.56,-10.56,-5.0,0.76,2840.0,0.0
2020-02-13,0.0,-11.67,-5.84,0.0,2980.0,1.0
2020-02-14,3.89,-2.22,0.84,0.0,2910.0,0.0
2020-02-15,3.89,-5.56,-0.83,0.0,3000.0,1.0
2020-02-16,6.67,-2.22,2.22,0.0,3030.0,1.0
2020-02-17,1.67,-3.33,-0.83,0.51,3060.0,1.0
2020-02-18,-2.78,-17.22,-10.0,2.54,2980.0,0.0
2020-02-19,-2.22,-16.67,-9.44,0.0,2880.0,0.0
2020-02-20,1.67,-7.22,-2.78,0.0,2720.0,0.0
2020-02-21,7.22,-3.89,1.66,0.0,2530.0,0.0
2020-02-22,10.56,-3.33,3.62,0.0,2770.0,1.0
2020-02-23,6.67,-3.89,1.39,0.0,2950.0,1.0
2020-02-24,5.0,-5.0,0.0,0.0,2990.0,1.0
2020-02-25,1.67,-6.67,-2.5,0.0,2930.0,0.0
2020-02-26,6.67,-4.44,1.11,0.0,2860.0,0.0
2020-02-27,11.11,-1.67,4.72,0.0,2850.0,0.0
2020-02-28,13.33,-1.11,6.11,0.0,2880.0,1.0
2020-02-29,15.0,1.67,8.34,0.0,2920.0,1.0
2020-03-01,5.56,-2.22,1.67,0.0,2980.0,1.0
2020-03-02,10.56,-1.67,4.44,0.0,2940.0,0.0
2020-03-03,13.33,1.11,7.22,0.0,2890.0,0.0
2020-03-04,14.44,-2.78,5.83,0.0,3010.0,1.0
2020-03-05,12.22,-3.89,4.16,0.0,3090.0,1.0
2020-03-06,21.11,6.67,13.89,0.0,3120.0,1.0
2020-03-07,17.22,1.67,9.44,0.0,3180.0,1.0
2020-03-08,3.33,-2.78,0.28,3.05,3420.0,1.0
2020-03-09,7.78,-3.89,1.94,0.0,3820.0,1.0
2020-03-10,11.11,-0.56,5.28,0.0,3710.0,0.0
2020-03-11,15.56,-1.67,6.94,4.32,3490.0,0.0
2020-03-12,3.89,-5.56,-0.83,0.0,3460.0,0.0
2020-03-13,-0.56,-3.89,-2.22,0.25,3420.0,0.0
2020-03-14,3.33,-9.44,-3.06,2.29,3350.0,0.0
2020-03-15,-8.33,-11.67,-10.0,2.54,3240.0,0.0
2020-03-16,1.11,-11.11,-5.0,0.0,3100.0,0.0
2020-03-17,12.78,-7.22,2.78,0.0,3050.0,0.0
2020-03-18,-1.67,-4.44,-3.06,1.02,3180.0,1.0
2020-03-19,-2.22,-8.89,-5.56,0.25,3310.0,1.0
2020-03-20,2.22,-10.56,-4.17,0.0,3230.0,0.0
2020-03-21,12.22,-4.44,3.89,0.0,3130.0,0.0
2020-03-22,6.67,-2.22,2.22,0.25,3160.0,1.0
2020-03-23,15.56,-2.78,6.39,0.0,3240.0,1.0
2020-03-24,9.44,0.0,4.72,2.54,3320.0,1.0
2020-03-25,4.44,-1.11,1.66,3.56,3430.0,1.0
2020-03-26,7.78,-1.67,3.06,0.0,3460.0,1.0
2020-03-27,9.44,-3.89,2.77,0.0,3400.0,0.0
2020-03-28,11.11,-2.22,4.44,0.0,3290.0,0.0
2020-03-29,15.0,-0.56,7.22,0.0,3230.0,0.0
2020-03-30,16.67,-0.56,8.06,0.0,3270.0,1.0
2020-03-31,9.44,0.0,4.72,5.33,3390.0,1.0
2020-04-01,0.0,-10.56,-5.28,0.51,3620.0,1.0
2020-04-02,-6.67,-12.78,-9.72,1.27,3640.0,1.0
2020-04-03,6.67,-11.67,-2.5,0.0,3460.0,0.0
2020-04-04,9.44,-1.67,3.88,0.0,3390.0,0.0
2020-04-05,13.33,-3.33,5.0,0.0,3430.0,1.0
2020-04-06,18.33,2.78,10.56,0.0,3490.0,1.0
2020-04-07,18.89,2.22,10.56,0.0,3580.0,1.0
2020-04-08,8.33,-2.78,2.78,0.0,3790.0,1.0
2020-04-09,12.78,-2.78,5.0,0.0,4050.0,1.0
2020-04-10,20.56,1.11,10.84,0.0,4210.0,1.0
2020-04-11,6.11,-5.56,0.28,5.59,4500.0,1.0
2020-04-12,-2.78,-9.44,-6.11,1.02,5030.0,1.0
2020-04-13,-1.11,-9.44,-5.28,0.0,5020.0,0.0
2020-04-14,7.22,-6.67,0.27,0.0,4570.0,0.0
2020-04-15,3.89,-3.33,0.28,0.0,4320.0,0.0
2020-04-16,3.89,-6.11,-1.11,1.27,4430.0,1.0
2020-04-17,16.67,-1.67,7.5,0.0,4390.0,0.0
2020-04-18,12.22,1.67,6.94,0.51,4240.0,0.0
2020-04-19,15.0,1.11,8.06,0.0,4280.0,1.0
2020-04-20,18.89,5.0,11.94,0.0,4460.0,1.0
2020-04-21,22.22,3.89,13.06,0.0,4640.0,1.0
2020-04-22,20.0,8.33,14.16,0.0,5000.0,1.0
2020-04-23,15.0,6.67,10.84,0.0,5720.0,1.0
2020-04-24,16.67,3.89,10.28,0.0,6540.0,1.0
2020-04-25,18.33,3.33,10.83,0.0,6770.0,1.0
2020-04-26,22.22,8.89,15.56,0.0,6610.0,0.0
2020-04-27,18.89,4.44,11.66,0.0,6660.0,1.0
2020-04-28,19.44,6.11,12.78,0.0,7400.0,1.0
2020-04-29,26.11,2.78,14.44,0.0,7780.0,1.0
2020-04-30,25.0,11.11,18.06,0.0,7980.0,1.0
2020-05-01,19.44,7.22,13.33,0.0,10300.0,1.0
2020-05-02,21.67,3.89,12.78,0.0,14800.0,1.0
2020-05-03,23.89,7.22,15.56,0.0,15200.0,1.0
2020-05-04,17.22,5.0,11.11,0.25,15100.0,0.0
2020-05-05,18.89,3.89,11.39,0.0,14600.0,0.0
2020-05-06,23.33,2.78,13.06,0.0,12900.0,0.0
2020-05-07,12.78,2.78,7.78,3.05,12500.0,0.0
2020-05-08,16.67,1.67,9.17,0.25,12800.0,1.0
2020-05-09,13.89,2.78,8.34,0.0,12000.0,0.0
2020-05-10,11.11,2.22,6.66,0.0,10900.0,0.0
2020-05-11,3.89,1.11,2.5,2.29,11000.0,1.0
2020-05-12,7.78,1.11,4.44,1.52,11500.0,1.0
2020-05-13,17.78,5.56,11.67,0.51,11300.0,0.0
2020-05-14,19.44,4.44,11.94,0.0,11800.0,1.0
2020-05-15,17.22,7.78,12.5,1.02,11800.0,0.0
2020-05-16,18.89,7.78,13.34,1.52,11500.0,0.0
2020-05-17,24.44,6.67,15.56,0.0,11100.0,0.0
2020-05-18,20.56,10.56,15.56,0.0,11700.0,1.0
2020-05-19,26.11,11.67,18.89,0.0,15500.0,1.0
2020-05-20,23.89,8.89,16.39,0.51,22700.0,1.0
2020-05-21,21.11,6.11,13.61,0.0,29200.0,1.0
2020-05-22,19.44,7.78,13.61,0.25,25800.0,0.0
2020-05-23,11.67,4.44,8.06,7.87,20900.0,0.0
2020-05-24,10.56,5.0,7.78,11.68,20100.0,0.0
2020-05-25,22.22,8.33,15.27,0.0,17900.0,0.0
2020-05-26,25.56,13.89,19.73,0.0,16400.0,0.0
2020-05-27,23.89,13.89,18.89,0.0,17400.0,1.0
2020-05-28,21.11,11.67,16.39,0.0,23200.0,1.0
2020-05-29,23.89,11.67,17.78,0.0,31200.0,1.0
2020-05-30,29.44,10.56,20.0,0.0,37000.0,1.0
2020-05-31,33.33,16.67,25.0,0.0,44300.0,1.0
2020-06-01,25.56,13.89,19.73,0.0,54100.0,1.0
2020-06-02,25.56,13.33,19.44,0.51,58300.0,1.0
2020-06-03,27.78,15.0,21.39,17.02,52100.0,0.0
2020-06-04,25.56,13.89,19.73,0.0,47300.0,0.0
2020-06-05,28.89,10.56,19.73,0.0,44300.0,0.0
2020-06-06,23.33,12.78,18.06,10.92,42200.0,0.0
2020-06-07,22.78,8.33,15.56,11.68,43200.0,1.0
2020-06-08,17.78,6.67,12.23,0.25,41000.0,0.0
2020-06-09,19.44,6.11,12.78,0.0,32300.0,0.0
2020-06-10,23.89,8.89,16.39,0.0,26000.0,0.0
2020-06-11,29.44,9.44,19.44,0.0,22400.0,0.0
2020-06-12,35.0,12.78,23.89,0.0,21500.0,0.0
2020-06-13,35.56,20.0,27.78,0.0,22900.0,1.0
2020-06-14,25.56,10.0,17.78,0.0,26100.0,1.0
2020-06-15,26.11,7.22,16.66,0.0,27100.0,1.0
2020-06-16,21.67,10.56,16.12,2.54,23300.0,0.0
2020-06-17,11.11,8.89,10.0,18.29,23400.0,1.0
2020-06-18,18.89,9.44,14.16,2.03,23600.0,1.0
2020-06-19,23.33,7.22,15.27,0.25,21000.0,0.0
2020-06-20,27.78,10.56,19.17,0.0,19000.0,0.0
2020-06-21,26.67,15.56,21.12,0.0,18500.0,0.0
2020-06-22,26.67,11.67,19.17,0.0,19600.0,1.0
2020-06-23,31.67,13.33,22.5,0.0,20700.0,1.0
2020-06-24,33.89,15.56,24.72,0.0,21300.0,1.0
2020-06-25,25.56,15.0,20.28,0.0,22100.0,1.0
2020-06-26,31.67,13.33,22.5,0.0,22000.0,0.0
2020-06-27,32.78,16.11,24.44,0.0,20600.0,0.0
2020-06-28,18.89,12.22,15.56,17.27,20800.0,1.0
2020-06-29,17.22,11.67,14.44,27.94,24400.0,1.0
2020-06-30,21.67,12.22,16.94,1.78,25500.0,1.0
2020-07-01,26.11,10.56,18.34,0.0,21900.0,0.0
2020-07-02,28.33,11.11,19.72,0.0,19100.0,0.0
2020-07-03,30.56,14.44,22.5,0.0,17600.0,0.0
2020-07-04,31.11,15.0,23.06,0.0,16900.0,0.0
2020-07-05,28.89,13.89,21.39,2.03,17000.0,1.0
2020-07-06,28.89,14.44,21.66,0.0,16900.0,0.0
2020-07-07,31.11,14.44,22.78,0.0,16000.0,0.0
2020-07-08,27.78,13.33,20.56,0.0,15200.0,0.0
2020-07-09,28.89,12.78,20.84,6.35,14500.0,0.0
2020-07-10,27.78,15.0,21.39,0.0,13700.0,0.0
2020-07-11,31.67,13.89,22.78,0.0,12800.0,0.0
2020-07-12,35.0,13.89,24.44,0.0,12300.0,0.0
2020-07-13,26.11,14.44,20.27,0.0,11700.0,0.0
2020-07-14,26.67,11.11,18.89,0.0,11300.0,0.0
2020-07-15,31.11,11.67,21.39,0.0,10700.0,0.0
2020-07-16,32.78,13.33,23.06,0.0,9920.0,0.0
2020-07-17,35.56,17.22,26.39,0.0,9180.0,0.0
2020-07-18,27.78,16.11,21.94,3.05,8760.0,0.0
2020-07-19,30.0,15.0,22.5,0.0,8440.0,0.0
2020-07-20,26.67,15.0,20.84,0.0,8100.0,0.0
2020-07-21,32.78,14.44,23.61,0.0,7760.0,0.0
2020-07-22,37.22,17.22,27.22,0.0,7410.0,0.0
2020-07-23,30.0,18.33,24.16,0.25,7110.0,0.0
2020-07-24,32.22,15.56,23.89,0.0,6980.0,0.0
2020-07-25,29.44,17.78,23.61,0.0,6910.0,0.0
2020-07-26,30.56,13.33,21.94,0.0,6750.0,0.0
2020-07-27,32.78,15.0,23.89,0.0,6410.0,0.0
2020-07-28,33.33,17.22,25.28,0.51,6090.0,0.0
2020-07-29,32.22,18.89,25.56,0.0,6070.0,0.0
2020-07-30,33.89,18.89,26.39,0.0,6520.0,1.0
2020-07-31,33.33,17.78,25.56,0.25,6660.0,1.0
2020-08-01,33.33,17.22,25.28,0.0,6400.0,0.0
2020-08-02,35.0,17.22,26.11,0.0,6000.0,0.0
2020-08-03,33.89,15.56,24.72,27.43,5780.0,0.0
2020-08-04,28.89,15.56,22.22,0.0,5640.0,0.0
2020-08-05,32.78,16.11,24.44,0.0,5380.0,0.0
2020-08-06,35.0,16.67,25.84,2.54,5190.0,0.0
2020-08-07,31.11,15.0,23.06,0.0,5080.0,0.0
2020-08-08,30.56,15.0,22.78,0.0,4790.0,0.0
2020-08-09,26.67,15.0,20.84,0.0,4610.0,0.0
2020-08-10,31.67,12.22,21.94,0.0,4420.0,0.0
2020-08-11,33.89,15.0,24.44,0.0,4260.0,0.0
2020-08-12,34.44,16.11,25.28,0.0,4070.0,0.0
2020-08-13,28.33,13.33,20.83,4.06,3920.0,0.0
2020-08-14,28.89,11.67,20.28,0.0,3880.0,0.0
2020-08-15,32.78,12.78,22.78,0.0,3750.0,0.0
2020-08-16,35.56,15.0,25.28,0.0,3660.0,0.0
2020-08-17,37.78,18.33,28.06,0.0,3470.0,0.0
2020-08-18,35.56,21.67,28.62,0.0,3300.0,0.0
2020-08-19,33.33,17.78,25.56,0.0,3150.0,0.0
2020-08-20,32.78,19.44,26.11,0.0,3140.0,0.0
2020-08-21,32.22,16.11,24.16,0.0,3190.0,1.0
2020-08-22,35.0,15.0,25.0,0.0,3180.0,0.0
2020-08-23,29.44,16.67,23.06,0.0,3170.0,0.0
2020-08-24,34.44,13.89,24.16,0.0,3110.0,0.0
2020-08-25,32.78,18.33,25.56,0.0,3040.0,0.0
2020-08-26,32.22,16.67,24.44,0.76,3000.0,0.0
2020-08-27,28.89,16.11,22.5,2.03,3050.0,1.0
2020-08-28,27.22,12.22,19.72,0.0,3090.0,1.0
2020-08-29,33.89,12.22,23.06,0.0,3140.0,1.0
2020-08-30,21.67,10.0,15.84,0.0,3170.0,1.0
2020-08-31,18.89,7.78,13.34,0.0,3160.0,0.0
2020-09-01,28.89,9.44,19.16,0.0,3170.0,1.0
2020-09-02,33.89,13.89,23.89,0.0,3030.0,0.0
2020-09-03,31.67,8.89,20.28,0.0,2960.0,0.0
2020-09-04,30.56,12.78,21.67,0.0,2890.0,0.0
2020-09-05,38.89,14.44,26.66,0.0,2830.0,0.0
2020-09-06,27.22,13.33,20.27,0.0,2740.0,0.0
2020-09-07,13.33,3.33,8.33,13.72,2800.0,1.0
2020-09-08,10.0,2.78,6.39,0.0,3200.0,1.0
2020-09-09,19.44,0.56,10.0,0.0,3380.0,1.0
2020-09-10,23.33,6.11,14.72,0.0,3420.0,1.0
2020-09-11,27.22,6.67,16.94,0.0,3410.0,0.0
2020-09-12,30.0,11.67,20.84,0.0,3320.0,0.0
2020-09-13,22.78,10.56,16.67,0.0,3190.0,0.0
2020-09-14,33.33,8.33,20.83,0.0,3090.0,0.0
2020-09-15,29.44,11.67,20.56,0.0,3040.0,0.0
2020-09-16,19.44,8.89,14.16,0.0,2990.0,0.0
2020-09-17,23.89,7.78,15.84,0.0,3010.0,1.0
2020-09-18,25.56,8.89,17.23,0.0,2990.0,0.0
2020-09-19,25.0,13.89,19.44,0.0,3030.0,1.0
2020-09-20,23.89,11.67,17.78,0.0,2980.0,0.0
2020-09-21,26.11,7.22,16.66,0.0,2960.0,0.0
2020-09-22,27.78,7.78,17.78,0.0,2960.0,0.0
2020-09-23,27.78,10.56,19.17,0.0,2910.0,0.0
2020-09-24,33.33,13.33,23.33,0.0,2830.0,0.0
2020-09-25,19.44,8.89,14.16,0.0,2740.0,0.0
2020-09-26,20.0,10.0,15.0,0.0,2740.0,0.0
2020-09-27,17.22,6.67,11.94,0.0,2750.0,1.0
2020-09-28,21.11,5.56,13.34,0.0,2860.0,1.0
2020-09-29,29.44,10.56,20.0,0.0,3030.0,1.0
2020-09-30,17.22,6.67,11.94,0.0,2900.0,0.0
2020-10-01,20.56,5.0,12.78,0.0,2880.0,0.0
2020-10-02,22.78,8.89,15.84,0.0,2900.0,1.0
2020-10-03,21.67,7.22,14.44,0.0,2900.0,0.0
2020-10-04,29.44,5.56,17.5,0.0,2880.0,0.0
2020-10-05,25.56,14.44,20.0,0.0,2880.0,0.0
2020-10-06,31.11,13.33,22.22,0.0,2950.0,1.0
2020-10-07,21.67,7.78,14.73,0.0,2890.0,0.0
2020-10-08,28.33,7.78,18.06,0.0,2890.0,0.0
2020-10-09,24.44,10.56,17.5,0.0,2770.0,0.0
2020-10-10,29.44,6.67,18.06,0.0,2840.0,1.0
2020-10-11,16.67,5.0,10.84,1.52,2890.0,1.0
2020-10-12,20.56,3.33,11.94,0.0,2940.0,1.0
2020-10-13,16.11,2.22,9.16,2.29,3110.0,1.0
2020-10-14,13.33,0.56,6.94,0.0,3270.0,1.0
2020-10-15,9.44,0.56,5.0,0.0,3430.0,1.0
2020-10-16,14.44,-1.11,6.66,1.27,3860.0,1.0
2020-10-17,10.0,-5.56,2.22,13.21,4060.0,1.0
2020-10-18,-3.89,-5.56,-4.72,9.65,4280.0,1.0
2020-10-19,2.22,-5.0,-1.39,13.46,4430.0,1.0
2020-10-20,5.56,-0.56,2.5,0.25,4730.0,1.0
2020-10-21,2.78,-1.11,0.83,1.52,5170.0,1.0
2020-10-22,-1.11,-6.67,-3.89,5.08,5600.0,1.0
2020-10-23,-4.44,-12.22,-8.33,0.25,5260.0,0.0
2020-10-24,-4.44,-13.89,-9.17,6.35,4960.0,0.0
2020-10-25,-8.89,-15.0,-11.94,0.0,4620.0,0.0
2020-10-26,-5.56,-12.78,-9.17,0.0,4240.0,0.0
2020-10-27,2.78,-8.33,-2.78,0.0,3940.0,0.0
2020-10-28,6.67,1.11,3.89,0.0,4380.0,1.0
2020-10-29,17.22,2.78,10.0,0.0,4780.0,1.0
2020-10-30,20.0,1.11,10.56,0.0,4870.0,1.0
2020-10-31,12.22,1.67,6.94,0.0,4910.0,1.0
2020-11-01,17.78,0.0,8.89,0.0,4760.0,0.0
2020-11-02,22.22,5.56,13.89,0.0,4610.0,0.0
2020-11-03,23.33,8.33,15.83,0.0,4470.0,0.0
2020-11-04,22.78,10.56,16.67,0.0,4420.0,0.0
2020-11-05,23.33,8.33,15.83,0.0,4390.0,0.0
2020-11-06,16.11,3.89,10.0,0.0,4380.0,0.0
2020-11-07,10.56,2.22,6.39,0.25,4380.0,0.0
2020-11-08,2.78,-10.0,-3.61,7.37,4670.0,1.0
2020-11-09,-2.78,-11.11,-6.94,0.0,4790.0,1.0
2020-11-10,1.67,-9.44,-3.88,0.0,4510.0,0.0
2020-11-11,-2.22,-10.56,-6.39,1.52,4260.0,0.0
2020-11-12,1.11,-10.0,-4.44,0.0,4200.0,0.0
2020-11-13,7.22,-1.67,2.78,0.0,4080.0,0.0
2020-11-14,5.0,-3.33,0.84,0.0,3980.0,0.0
2020-11-15,9.44,-5.0,2.22,0.0,4050.0,1.0
2020-11-16,7.22,0.56,3.89,0.0,4080.0,1.0
2020-11-17,12.22,-0.56,5.83,0.0,4120.0,1.0
2020-11-18,15.0,3.33,9.16,0.0,4190.0,1.0
2020-11-19,10.56,0.0,5.28,0.25,4190.0,0.0
2020-11-20,7.22,-2.22,2.5,0.0,4150.0,0.0
2020-11-21,8.33,-2.78,2.78,0.0,4050.0,0.0
2020-11-22,8.33,-6.11,1.11,0.0,3800.0,0.0
2020-11-23,7.22,-5.56,0.83,0.0,3510.0,0.0
2020-11-24,6.67,-4.44,1.11,0.0,3410.0,0.0
2020-11-25,7.78,-1.67,3.06,0.0,3550.0,1.0
2020-11-26,5.56,-3.33,1.11,0.0,3590.0,1.0
2020-11-27,8.33,-2.78,2.78,0.0,3560.0,0.0
2020-11-28,10.56,0.0,5.28,0.0,3580.0,1.0
2020-11-29,7.78,-5.0,1.39,0.0,3570.0,0.0
2020-11-30,11.67,2.22,6.94,0.0,3420.0,0.0
2020-12-01,3.89,-5.0,-0.55,0.0,3320.0,0.0
2020-12-02,3.89,-7.78,-1.94,0.0,3310.0,0.0
2020-12-03,7.22,-2.22,2.5,0.0,3260.0,0.0
2020-12-04,14.44,-1.11,6.66,0.0,3240.0,0.0
2020-12-05,12.78,-3.33,4.72,0.0,3310.0,1.0
2020-12-06,11.67,-1.11,5.28,0.0,3170.0,0.0
2020-12-07,15.0,-2.78,6.11,0.0,3200.0,1.0
2020-12-08,17.78,4.44,11.11,0.0,3240.0,1.0
2020-12-09,17.78,1.67,9.73,0.0,3300.0,1.0
2020-12-10,3.89,-4.44,-0.28,0.0,3310.0,1.0
2020-12-11,-2.22,-7.22,-4.72,1.27,3270.0,0.0
2020-12-12,-3.89,-8.33,-6.11,5.08,3250.0,0.0
2020-12-13,-5.0,-12.22,-8.61,0.0,3060.0,0.0
2020-12-14,1.11,-8.89,-3.89,3.81,2930.0,0.0
2020-12-15,1.11,-6.11,-2.5,0.0,2990.0,1.0
2020-12-16,5.56,-2.22,1.67,0.0,3060.0,1.0
2020-12-17,5.56,-3.33,1.11,0.0,3060.0,0.0
2020-12-18,5.0,-1.11,1.94,0.0,3170.0,1.0
2020-12-19,8.33,0.56,4.44,0.0,3180.0,1.0
2020-12-20,12.78,1.67,7.22,0.0,3160.0,0.0
2020-12-21,6.11,-1.11,2.5,0.76,3160.0,0.0
2020-12-22,13.33,-5.0,4.16,0.0,3150.0,0.0
2020-12-23,2.22,-8.89,-3.34,0.0,3090.0,0.0
2020-12-24,6.67,-3.89,1.39,0.0,2800.0,0.0
2020-12-25,10.0,0.0,5.0,0.0,2760.0,0.0
2020-12-26,8.89,0.0,4.44,0.0,2700.0,0.0
2020-12-27,6.11,-5.56,0.28,0.0,2930.0,1.0
2020-12-28,-0.56,-6.67,-3.62,0.0,2890.0,0.0
2020-12-29,3.33,-7.22,-1.94,0.0,2730.0,0.0
2020-12-30,5.56,-7.78,-1.11,0.0,2450.0,0.0
2020-12-31,8.33,-1.67,3.33,0.0,2300.0,0.0
2021-01-01,6.67,-3.33,1.67,0.0,2490.0,1.0
2021-01-02,8.89,-1.11,3.89,0.0,2760.0,1.0
2021-01-03,8.89,0.0,4.44,0.0,2800.0,1.0
2021-01-04,9.44,-3.33,3.06,0.0,2760.0,0.0
2021-01-05,8.33,-3.33,2.5,0.0,2840.0,1.0
2021-01-06,10.0,-5.56,2.22,0.0,2880.0,1.0
2021-01-07,3.89,0.0,1.94,3.05,2910.0,1.0
2021-01-08,3.33,-0.56,1.38,2.03,2980.0,1.0
2021-01-09,1.11,-6.67,-2.78,0.0,2930.0,0.0
2021-01-10,5.56,-5.0,0.28,0.0,2810.0,0.0
2021-01-11,8.33,-1.67,3.33,0.0,2530.0,0.0
2021-01-12,13.89,1.67,7.78,0.0,2520.0,0.0
2021-01-13,17.78,-0.56,8.61,0.0,2750.0,1.0
2021-01-14,3.89,-3.33,0.28,0.0,2730.0,0.0
2021-01-15,7.22,-6.11,0.55,0.0,2560.0,0.0
2021-01-16,7.22,-2.22,2.5,0.0,2580.0,1.0
2021-01-17,8.33,-1.67,3.33,0.25,2700.0,1.0
2021-01-18,2.78,-2.22,0.28,0.51,2700.0,0.0
2021-01-19,3.89,-5.56,-0.83,0.0,2630.0,0.0
2021-01-20,10.56,-3.33,3.62,0.0,2530.0,0.0
2021-01-21,0.0,-3.89,-1.94,0.0,2490.0,0.0
2021-01-22,-0.56,-8.33,-4.44,0.0,2540.0,1.0
2021-01-23,-0.56,-11.11,-5.84,0.0,2570.0,1.0
2021-01-24,4.44,-10.56,-3.06,0.0,2410.0,0.0
2021-01-25,-6.11,-11.11,-8.61,0.0,2290.0,0.0
2021-01-26,-5.56,-10.56,-8.06,0.0,2270.0,0.0
2021-01-27,-2.22,-10.56,-6.39,0.0,2310.0,1.0
2021-01-28,7.22,-7.22,0.0,0.0,2300.0,0.0
2021-01-29,6.67,-3.89,1.39,0.0,2480.0,1.0
2021-01-30,7.78,-2.22,2.78,0.0,2820.0,1.0
2021-01-31,10.0,-5.0,2.5,0.0,2790.0,0.0
2021-02-01,13.89,-4.44,4.72,0.0,2700.0,0.0
2021-02-02,16.67,5.56,11.12,0.0,2690.0,0.0
2021-02-03,8.89,-6.11,1.39,0.76,2730.0,1.0
2021-02-04,3.89,-7.22,-1.66,0.0,2650.0,0.0
2021-02-05,0.0,-14.44,-7.22,7.87,2640.0,0.0
2021-02-06,-14.44,-17.78,-16.11,9.4,2520.0,0.0
2021-02-07,-17.78,-21.11,-19.44,1.52,1680.0,0.0
2021-02-08,-19.44,-25.0,-22.22,0.76,1230.0,0.0
2021-02-09,-19.44,-22.78,-21.11,0.25,866.0,0.0
2021-02-10,-19.44,-24.44,-21.94,0.25,1030.0,1.0
2021-02-11,,,,1.02,1060.0,1.0
2021-02-12,,,,0.0,1350.0,1.0
2021-02-13,,,,0.0,1180.0,0.0
2021-02-14,,,,0.0,1280.0,1.0
2021-02-15,-13.33,-21.67,-17.5,0.0,1310.0,1.0
2021-02-16,-4.44,-13.33,-8.88,0.76,1510.0,1.0
2021-02-17,-4.44,-10.0,-7.22,0.25,1660.0,1.0
2021-02-18,-3.33,-14.44,-8.88,0.0,2240.0,1.0
2021-02-19,2.78,-11.67,-4.44,0.0,2580.0,1.0
2021-02-20,2.22,-5.56,-1.67,0.0,2410.0,0.0
2021-02-21,6.67,-5.0,0.84,0.0,2410.0,0.0
2021-02-22,11.67,2.22,6.94,0.0,2570.0,1.0
2021-02-23,6.67,-3.33,1.67,3.81,2970.0,1.0
2021-02-24,1.67,-6.11,-2.22,0.25,3160.0,1.0
2021-02-25,4.44,-5.0,-0.28,0.0,3060.0,0.0
2021-02-26,5.56,-3.33,1.11,0.0,2850.0,0.0
2021-02-27,-0.56,-7.22,-3.89,0.51,2700.0,0.0
2021-02-28,5.56,-8.89,-1.67,0.0,2720.0,1.0
2021-03-01,8.89,-2.78,3.06,0.0,2810.0,1.0
2021-03-02,13.33,0.0,6.66,0.0,2810.0,0.0
2021-03-03,13.89,-1.11,6.39,0.0,3050.0,1.0
2021-03-04,14.44,-2.78,5.83,0.0,3290.0,1.0
2021-03-05,15.56,0.0,7.78,0.0,3410.0,1.0
2021-03-06,16.67,1.11,8.89,0.0,3430.0,1.0
2021-03-07,13.89,0.56,7.22,0.0,3510.0,1.0
2021-03-08,11.11,-2.22,4.44,0.0,3480.0,0.0
2021-03-09,8.33,-1.67,3.33,0.0,3330.0,0.0
2021-03-10,8.89,-3.33,2.78,0.0,3220.0,0.0
2021-03-11,6.67,-5.56,0.56,0.0,2970.0,0.0
2021-03-12,11.67,-1.67,5.0,0.0,2840.0,0.0
2021-03-13,12.22,-5.56,3.33,0.0,2740.0,0.0
2021-03-14,13.33,0.0,6.66,0.0,2680.0,0.0
2021-03-15,8.89,-3.89,2.5,0.0,2700.0,1.0
2021-03-16,6.11,0.0,3.06,0.25,2730.0,1.0
2021-03-17,12.22,-5.0,3.61,0.0,2820.0,1.0
2021-03-18,16.67,-4.44,6.12,0.0,2860.0,1.0
2021-03-19,21.67,6.11,13.89,0.0,2830.0,0.0
2021-03-20,9.44,1.11,5.28,16.0,3040.0,1.0
2021-03-21,10.0,0.0,5.0,0.0,3230.0,1.0
2021-03-22,7.78,0.0,3.89,0.0,3220.0,0.0
2021-03-23,5.56,-2.22,1.67,0.0,3030.0,0.0
2021-03-24,8.89,-5.56,1.67,0.0,2950.0,0.0
2021-03-25,8.89,0.56,4.73,0.0,2870.0,0.0
2021-03-26,10.0,-0.56,4.72,0.76,2800.0,0.0
2021-03-27,13.33,1.11,7.22,0.0,2790.0,0.0
2021-03-28,21.11,5.56,13.34,0.0,2770.0,0.0
2021-03-29,16.11,-5.0,5.56,0.0,2750.0,0.0
2021-03-30,3.89,-6.67,-1.39,0.0,2770.0,1.0
2021-03-31,11.67,-4.44,3.62,0.0,2890.0,1.0
2021-04-01,22.78,2.78,12.78,0.0,2740.0,0.0
2021-04-02,21.67,6.11,13.89,0.0,2680.0,0.0
2021-04-03,24.44,6.11,15.28,0.0,2740.0,1.0
2021-04-04,25.0,5.0,15.0,0.0,2880.0,1.0
2021-04-05,15.0,5.56,10.28,0.0,3110.0,1.0
2021-04-06,6.67,0.56,3.62,3.05,3520.0,1.0
2021-04-07,17.78,2.22,10.0,0.0,3970.0,1.0
2021-04-08,17.78,1.67,9.73,1.78,3800.0,0.0
2021-04-09,12.78,-1.67,5.56,0.0,3640.0,0.0
2021-04-10,20.0,0.0,10.0,2.29,3650.0,1.0
2021-04-11,7.78,-3.89,1.94,0.0,3580.0,0.0
2021-04-12,6.11,-4.44,0.84,0.0,3520.0,0.0
2021-04-13,2.78,-5.0,-1.11,0.0,3600.0,1.0
2021-04-14,1.11,-3.33,-1.11,0.0,3460.0,0.0
2021-04-15,2.22,-2.78,-0.28,1.52,3400.0,0.0
2021-04-16,10.56,0.0,5.28,0.51,3420.0,1.0
2021-04-17,16.67,1.11,8.89,0.0,3350.0,0.0
2021-04-18,16.11,-2.78,6.66,5.84,3280.0,0.0
2021-04-19,3.33,-3.89,-0.28,1.78,3370.0,1.0
2021-04-20,6.11,-3.89,1.11,0.0,3540.0,1.0
2021-04-21,10.56,-5.0,2.78,0.0,3610.0,1.0
2021-04-22,17.22,-0.56,8.33,2.03,3460.0,0.0
2021-04-23,3.33,-2.22,0.55,2.03,3520.0,1.0
2021-04-24,13.33,-2.78,5.28,0.0,3720.0,1.0
2021-04-25,12.78,2.78,7.78,10.92,3970.0,1.0
2021-04-26,11.67,4.44,8.06,0.0,4130.0,1.0
2021-04-27,17.78,1.67,9.73,0.0,4200.0,1.0
2021-04-28,20.56,5.0,12.78,0.0,4130.0,0.0
2021-04-29,24.44,8.33,16.39,0.0,3960.0,0.0
2021-04-30,28.89,11.67,20.28,0.0,4160.0,1.0
2021-05-01,24.44,10.0,17.22,7.87,5180.0,1.0
2021-05-02,10.56,5.0,7.78,4.32,8800.0,1.0
2021-05-03,15.0,1.11,8.06,0.0,11700.0,1.0
2021-05-04,17.22,5.56,11.39,0.0,10400.0,0.0
2021-05-05,17.22,3.89,10.56,0.25,8850.0,0.0
2021-05-06,20.56,3.33,11.94,0.0,8010.0,0.0
2021-05-07,22.22,6.11,14.16,0.76,7760.0,0.0
2021-05-08,11.11,3.33,7.22,6.86,9680.0,1.0
2021-05-09,10.0,3.89,6.94,1.78,13100.0,1.0
2021-05-10,10.56,3.89,7.22,0.0,11300.0,0.0
2021-05-11,15.56,2.22,8.89,0.0,9220.0,0.0
2021-05-12,18.89,3.89,11.39,0.0,8040.0,0.0
2021-05-13,18.89,7.22,13.06,0.76,7240.0,0.0
2021-05-14,21.11,7.22,14.16,1.27,6800.0,0.0
2021-05-15,21.67,6.67,14.17,0.0,7680.0,1.0
2021-05-16,23.89,7.78,15.84,0.0,8740.0,1.0
2021-05-17,27.78,9.44,18.61,0.0,9910.0,1.0
2021-05-18,30.56,11.67,21.12,0.0,13400.0,1.0
2021-05-19,21.67,9.44,15.56,1.27,17000.0,1.0
2021-05-20,13.33,0.0,6.66,2.29,20100.0,1.0
2021-05-21,,,,1.02,20500.0,1.0
2021-05-22,8.33,-0.56,3.88,0.0,20400.0,0.0
2021-05-23,18.89,5.56,12.22,1.52,17500.0,0.0
2021-05-24,21.67,7.78,14.73,0.0,18000.0,1.0
2021-05-25,21.11,8.33,14.72,0.0,16300.0,0.0
2021-05-26,12.78,6.67,9.72,0.25,14200.0,0.0
2021-05-27,21.11,6.67,13.89,0.0,14200.0,0.0
2021-05-28,22.78,8.33,15.56,0.51,14100.0,0.0
2021-05-29,21.11,6.67,13.89,0.0,14700.0,1.0
2021-05-30,23.33,4.44,13.88,0.0,15900.0,1.0
2021-05-31,28.33,5.56,16.94,0.0,16500.0,1.0
2021-06-01,27.78,12.78,20.28,0.0,17800.0,1.0
2021-06-02,31.11,13.33,22.22,0.0,19800.0,1.0
2021-06-03,36.67,15.56,26.12,0.0,23400.0,1.0
2021-06-04,36.67,19.44,28.06,1.02,28700.0,1.0
2021-06-05,35.0,14.44,24.72,0.0,33400.0,1.0
2021-06-06,24.44,12.22,18.33,0.76,36400.0,1.0
2021-06-07,26.11,10.0,18.06,0.0,35800.0,0.0
2021-06-08,27.78,14.44,21.11,0.0,29300.0,0.0
2021-06-09,33.89,11.11,22.5,0.0,26500.0,0.0
2021-06-10,31.67,11.11,21.39,2.03,24100.0,0.0
2021-06-11,25.0,10.56,17.78,0.0,23100.0,0.0
2021-06-12,32.22,8.89,20.56,0.0,20200.0,0.0
2021-06-13,33.33,13.89,23.61,0.0,17100.0,0.0
2021-06-14,39.44,15.56,27.5,0.0,16200.0,0.0
2021-06-15,40.56,18.89,29.72,0.0,16600.0,1.0
2021-06-16,30.56,17.22,23.89,0.0,17000.0,1.0
2021-06-17,31.67,13.89,22.78,0.0,16900.0,0.0
2021-06-18,29.44,13.89,21.66,0.0,15700.0,0.0
2021-06-19,33.33,13.33,23.33,0.0,14200.0,0.0
2021-06-20,21.67,13.33,17.5,0.51,13200.0,0.0
2021-06-21,27.22,11.11,19.16,0.0,12500.0,0.0
2021-06-22,36.11,13.33,24.72,0.0,11300.0,0.0
2021-06-23,34.44,19.44,26.94,0.0,10300.0,0.0
2021-06-24,32.22,15.56,23.89,2.54,9890.0,0.0
2021-06-25,26.11,13.33,19.72,0.0,9550.0,0.0
2021-06-26,28.33,15.0,21.66,0.51,9290.0,0.0
2021-06-27,31.67,17.78,24.72,0.0,8750.0,0.0
2021-06-28,30.0,15.0,22.5,0.0,8200.0,0.0
2021-06-29,33.33,14.44,23.88,0.0,7810.0,0.0
2021-06-30,35.56,16.11,25.84,0.0,7410.0,0.0
2021-07-01,37.78,17.22,27.5,0.0,7030.0,0.0
2021-07-02,36.67,20.56,28.62,0.0,6710.0,0.0
2021-07-03,37.78,20.56,29.17,0.25,6360.0,0.0
2021-07-04,35.0,19.44,27.22,0.0,6320.0,0.0
2021-07-05,25.0,18.33,21.66,0.25,6420.0,1.0
2021-07-06,33.89,13.89,23.89,0.0,6590.0,1.0
2021-07-07,35.0,15.56,25.28,0.51,6420.0,0.0
2021-07-08,36.67,15.0,25.84,0.0,6100.0,0.0
2021-07-09,30.0,15.0,22.5,1.78,5720.0,0.0
2021-07-10,32.22,13.33,22.78,0.0,5430.0,0.0
2021-07-11,36.67,15.0,25.84,0.0,5120.0,0.0
2021-07-12,30.56,16.11,23.34,0.0,4830.0,0.0
2021-07-13,28.89,16.11,22.5,1.27,4580.0,0.0
2021-07-14,29.44,12.22,20.83,0.0,4410.0,0.0
2021-07-15,36.67,15.0,25.84,0.0,4270.0,0.0
2021-07-16,36.11,21.67,28.89,0.0,4080.0,0.0
2021-07-17,38.33,20.56,29.44,0.0,3910.0,0.0
2021-07-18,39.44,18.33,28.88,0.0,3760.0,0.0
2021-07-19,41.67,20.0,30.84,0.0,3600.0,0.0
2021-07-20,33.33,19.44,26.38,0.0,3400.0,0.0
2021-07-21,34.44,18.33,26.38,0.0,3310.0,0.0
2021-07-22,35.56,19.44,27.5,0.0,3420.0,1.0
2021-07-23,35.56,17.78,26.67,0.0,3450.0,1.0
2021-07-24,33.33,16.11,24.72,0.0,3400.0,0.0
2021-07-25,36.67,16.11,26.39,0.0,3260.0,0.0
2021-07-26,38.33,17.78,28.06,0.0,3160.0,0.0
2021-07-27,41.11,18.33,29.72,0.0,3060.0,0.0
2021-07-28,31.11,22.22,26.66,0.0,2960.0,0.0
2021-07-29,32.22,20.0,26.11,0.0,2870.0,0.0
2021-07-30,35.0,20.0,27.5,0.0,2890.0,1.0
2021-07-31,35.56,20.0,27.78,0.0,2980.0,1.0
2021-08-01,35.0,17.78,26.39,0.0,3000.0,1.0
2021-08-02,35.56,18.33,26.94,0.0,2960.0,0.0
2021-08-03,26.67,17.22,21.94,16.0,2990.0,1.0
2021-08-04,35.0,18.33,26.66,0.51,3110.0,1.0
2021-08-05,32.78,17.78,25.28,0.0,3520.0,1.0
2021-08-06,30.56,19.44,25.0,0.0,3320.0,0.0
2021-08-07,32.78,17.22,25.0,0.0,3270.0,0.0
2021-08-08,36.11,13.33,24.72,1.27,3310.0,1.0
2021-08-09,25.56,12.78,19.17,1.02,3370.0,1.0
2021-08-10,32.22,11.67,21.94,0.0,3110.0,0.0
2021-08-11,34.44,16.67,25.56,0.0,2890.0,0.0
2021-08-12,26.11,15.56,20.84,0.0,2720.0,0.0
2021-08-13,30.56,12.22,21.39,0.0,2550.0,0.0
2021-08-14,35.0,15.0,25.0,0.0,2450.0,0.0
2021-08-15,35.56,20.0,27.78,0.0,2420.0,0.0
2021-08-16,37.78,20.56,29.17,0.0,2350.0,0.0
2021-08-17,33.33,15.0,24.16,0.0,2340.0,0.0
2021-08-18,15.0,8.89,11.94,14.73,2500.0,1.0
2021-08-19,13.89,10.0,11.94,1.78,2790.0,1.0
2021-08-20,20.56,11.11,15.84,15.49,3480.0,1.0
2021-08-21,23.33,9.44,16.38,0.0,4050.0,1.0
2021-08-22,26.67,12.78,19.73,0.51,4110.0,1.0
2021-08-23,30.56,11.11,20.84,0.0,3930.0,0.0
2021-08-24,22.78,12.22,17.5,0.0,3670.0,0.0
2021-08-25,23.89,10.0,16.94,0.0,3490.0,0.0
2021-08-26,27.78,13.33,20.56,0.51,3320.0,0.0
2021-08-27,24.44,11.67,18.06,0.0,3200.0,0.0
2021-08-28,21.11,11.67,16.39,10.16,3170.0,0.0
2021-08-29,28.89,9.44,19.16,0.0,3120.0,0.0
2021-08-30,31.67,11.67,21.67,0.0,3050.0,0.0
2021-08-31,31.11,13.33,22.22,0.0,2910.0,0.0
2021-09-01,23.89,11.67,17.78,0.0,2710.0,0.0
2021-09-02,22.22,10.56,16.39,0.0,2620.0,0.0
2021-09-03,20.0,10.0,15.0,0.25,2560.0,0.0
2021-09-04,27.22,8.33,17.77,0.0,2570.0,1.0
2021-09-05,32.22,12.22,22.22,0.0,2530.0,0.0
2021-09-06,32.78,14.44,23.61,0.0,2470.0,0.0
2021-09-07,30.56,12.22,21.39,0.0,2340.0,0.0
2021-09-08,30.0,10.56,20.28,0.0,2260.0,0.0
2021-09-09,30.56,15.0,22.78,0.0,2220.0,0.0
2021-09-10,32.22,15.56,23.89,0.0,2210.0,0.0
2021-09-11,27.22,14.44,20.83,0.0,2210.0,0.0
2021-09-12,28.89,11.11,20.0,0.0,2220.0,1.0
2021-09-13,26.11,11.67,18.89,0.0,2220.0,0.0
2021-09-14,24.44,8.89,16.66,0.0,2220.0,0.0
2021-09-15,31.11,11.67,21.39,0.0,2220.0,0.0
2021-09-16,17.78,7.22,12.5,0.0,2210.0,0.0
2021-09-17,26.11,1.67,13.89,0.0,2190.0,0.0
2021-09-18,32.22,15.56,23.89,0.0,2210.0,1.0
2021-09-19,21.11,10.56,15.84,0.51,2200.0,0.0
2021-09-20,17.22,8.33,12.77,0.25,2230.0,1.0
2021-09-21,22.78,5.0,13.89,0.0,2270.0,1.0
2021-09-22,28.33,10.0,19.16,0.0,2380.0,1.0
2021-09-23,24.44,13.33,18.89,0.0,2400.0,1.0
2021-09-24,22.78,6.67,14.73,0.0,2340.0,0.0
2021-09-25,30.56,11.67,21.12,0.0,2320.0,0.0
2021-09-26,31.67,12.22,21.94,0.0,2300.0,0.0
2021-09-27,31.11,11.67,21.39,0.0,2250.0,0.0
2021-09-28,27.22,11.67,19.44,0.0,2200.0,0.0
2021-09-29,17.22,7.78,12.5,0.0,2190.0,0.0
2021-09-30,21.67,3.33,12.5,0.0,2160.0,0.0
2021-10-01,25.0,5.56,15.28,0.0,2190.0,1.0
2021-10-02,25.0,7.78,16.39,0.0,2210.0,1.0
2021-10-03,27.78,8.33,18.06,0.0,2220.0,1.0
2021-10-04,29.44,8.89,19.16,0.0,2240.0,1.0
2021-10-05,30.0,15.56,22.78,0.0,2220.0,0.0
2021-10-06,25.0,13.33,19.16,0.0,2210.0,0.0
2021-10-07,17.22,9.44,13.33,0.0,2230.0,1.0
2021-10-08,16.11,6.11,11.11,0.25,2280.0,1.0
2021-10-09,16.67,7.78,12.23,5.59,2460.0,1.0
2021-10-10,20.0,4.44,12.22,0.0,2540.0,1.0
2021-10-11,10.56,-0.56,5.0,11.94,2700.0,1.0
2021-10-12,0.0,-0.56,-0.28,7.62,3070.0,1.0
2021-10-13,7.22,-0.56,3.33,0.0,3170.0,1.0
2021-10-14,8.33,1.11,4.72,0.25,3130.0,0.0
2021-10-15,13.89,0.0,6.94,0.0,3140.0,1.0
2021-10-16,18.89,6.11,12.5,0.0,3210.0,1.0
2021-10-17,22.78,6.11,14.44,0.0,3190.0,0.0
2021-10-18,21.11,6.67,13.89,0.0,3160.0,0.0
2021-10-19,7.22,2.78,5.0,0.0,3150.0,0.0
2021-10-20,11.67,1.67,6.67,0.0,3140.0,0.0
2021-10-21,20.56,4.44,12.5,0.0,3140.0,0.0
2021-10-22,18.89,2.22,10.56,0.0,3090.0,0.0
2021-10-23,15.56,6.67,11.12,0.0,3030.0,0.0
2021-10-24,17.22,3.89,10.56,0.0,2990.0,0.0
2021-10-25,16.11,6.11,11.11,0.51,2950.0,0.0
2021-10-26,11.67,5.0,8.34,6.6,3050.0,1.0
2021-10-27,13.89,3.33,8.61,0.0,3070.0,1.0
2021-10-28,15.0,1.67,8.34,0.0,3270.0,1.0
2021-10-29,21.11,11.11,16.11,0.0,3170.0,0.0
2021-10-30,11.67,0.0,5.84,4.06,3090.0,0.0
2021-10-31,3.33,-3.89,-0.28,0.0,2990.0,0.0
2021-11-01,5.0,-5.56,-0.28,0.0,3010.0,1.0
2021-11-02,12.78,-5.56,3.61,0.0,3000.0,0.0
2021-11-03,14.44,2.22,8.33,0.0,2940.0,0.0
2021-11-04,21.11,7.22,14.16,0.25,2930.0,0.0
2021-11-05,18.33,6.67,12.5,0.0,2920.0,0.0
2021-11-06,17.78,3.89,10.84,0.0,2900.0,0.0
2021-11-07,9.44,4.44,6.94,0.0,2900.0,0.0
2021-11-08,10.0,-2.78,3.61,0.0,2900.0,0.0
2021-11-09,10.0,-4.44,2.78,0.0,2910.0,1.0
2021-11-10,10.0,1.67,5.84,0.0,2910.0,0.0
2021-11-11,5.56,-1.67,1.94,0.0,2820.0,0.0
2021-11-12,10.0,-2.78,3.61,0.0,2840.0,1.0
2021-11-13,16.11,7.22,11.66,0.0,2810.0,0.0
2021-11-14,17.78,3.33,10.56,1.02,2800.0,0.0
2021-11-15,19.44,13.33,16.39,0.0,2890.0,1.0
2021-11-16,18.33,-2.78,7.78,0.0,2890.0,0.0
2021-11-17,3.89,-6.67,-1.39,0.0,2890.0,0.0
2021-11-18,5.0,-8.33,-1.66,0.0,2850.0,0.0
2021-11-19,11.67,1.11,6.39,0.0,2700.0,0.0
2021-11-20,10.0,1.67,5.84,1.27,2630.0,0.0
2021-11-21,12.78,-1.67,5.56,0.0,2790.0,1.0
2021-11-22,16.67,5.0,10.84,0.0,2830.0,1.0
2021-11-23,13.33,1.11,7.22,0.0,2750.0,0.0
2021-11-24,1.11,-6.67,-2.78,3.3,2740.0,0.0
2021-11-25,10.56,-6.67,1.95,0.0,2680.0,0.0
2021-11-26,15.56,8.33,11.94,0.0,2670.0,0.0
2021-11-27,10.0,3.89,6.94,0.0,2650.0,0.0
2021-11-28,15.56,6.67,11.12,0.0,2700.0,1.0
2021-11-29,14.44,2.22,8.33,2.79,2710.0,1.0
2021-11-30,9.44,1.67,5.56,0.0,2740.0,1.0
2021-12-01,18.33,8.33,13.33,0.0,2720.0,0.0
2021-12-02,20.56,7.22,13.89,0.76,2680.0,0.0
2021-12-03,7.78,-1.67,3.06,0.0,2640.0,0.0
2021-12-04,8.89,-2.78,3.06,0.0,2630.0,0.0
2021-12-05,8.33,-10.56,-1.12,6.1,2720.0,1.0
2021-12-06,-6.67,-13.89,-10.28,4.06,2690.0,0.0
2021-12-07,3.33,-9.44,-3.06,0.0,2640.0,0.0
2021-12-08,7.22,-1.67,2.78,0.0,2530.0,0.0
2021-12-09,1.67,-6.67,-2.5,0.0,2490.0,0.0
2021-12-10,1.11,-7.78,-3.34,0.0,2540.0,1.0
2021-12-11,3.33,-5.56,-1.11,0.0,2410.0,0.0
2021-12-12,8.89,0.0,4.44,0.0,2220.0,0.0
2021-12-13,5.0,-2.22,1.39,0.0,2300.0,1.0
2021-12-14,13.33,-3.33,5.0,0.0,2480.0,1.0
2021-12-15,-1.11,-10.56,-5.84,7.62,2520.0,1.0
2021-12-16,-1.67,-13.89,-7.78,0.0,2490.0,0.0
2021-12-17,-2.78,-17.78,-10.28,0.25,2170.0,0.0
2021-12-18,3.33,-16.67,-6.67,0.0,1960.0,0.0
2021-12-19,7.78,-10.0,-1.11,0.25,1610.0,0.0
2021-12-20,5.56,-11.67,-3.06,1.52,2090.0,1.0
2021-12-21,8.33,-5.0,1.66,0.25,1850.0,0.0
2021-12-22,10.56,2.78,6.67,0.0,2480.0,1.0
2021-12-23,11.11,1.11,6.11,0.0,2620.0,1.0
2021-12-24,2.22,-9.44,-3.61,0.51,2580.0,0.0
2021-12-25,-8.33,-17.22,-12.77,0.0,2790.0,1.0
2021-12-26,-14.44,-21.11,-17.77,0.25,2220.0,0.0
2021-12-27,,,,0.25,1360.0,0.0
2021-12-28,-7.78,-18.33,-13.06,0.0,950.0,0.0
2021-12-29,-8.89,-19.44,-14.16,0.25,958.0,1.0
2021-12-30,-6.67,-18.89,-12.78,0.0,1190.0,1.0
2021-12-31,,,,2.54,1120.0,0.0
2022-01-01,-8.89,-26.11,-17.5,0.0,850.0,0.0
2022-01-02,0.56,-8.89,-4.16,0.0,988.0,1.0
2022-01-03,6.11,-3.28,1.42,0.0,1100.0,1.0
2022-01-04,5.0,-22.0,-8.5,0.25,1310.0,1.0
2022-01-05,,,,0.0,1750.0,1.0
2022-01-06,,,,6.86,1640.0,0.0
2022-01-07,8.33,-10.61,-1.14,0.0,1740.0,1.0
2022-01-08,5.56,-16.11,-5.28,0.0,1820.0,1.0
2022-01-09,4.44,-15.0,-5.28,0.0,2160.0,1.0
2022-01-10,8.33,-0.61,3.86,0.0,2400.0,1.0
2022-01-11,5.56,-0.61,2.47,0.0,2420.0,1.0
2022-01-12,11.67,3.33,7.5,0.0,2410.0,0.0
2022-01-13,10.56,4.44,7.5,0.0,2440.0,1.0
2022-01-14,5.56,-1.72,1.92,0.0,2550.0,1.0
2022-01-15,6.11,-2.78,1.67,0.0,2580.0,1.0
2022-01-16,7.22,-1.11,3.06,0.0,2470.0,0.0
2022-01-17,13.33,2.22,7.78,0.0,2410.0,0.0
2022-01-18,6.67,-12.78,-3.06,1.78,2420.0,1.0
2022-01-19,-12.22,-16.72,-14.47,0.25,2360.0,0.0
2022-01-20,2.22,-15.0,-6.39,0.0,2140.0,0.0
2022-01-21,6.11,-2.22,1.94,0.0,1840.0,0.0
2022-01-22,5.0,-2.78,1.11,0.0,2100.0,1.0
2022-01-23,11.11,-0.61,5.25,0.0,2240.0,1.0
2022-01-24,5.0,-1.72,1.64,1.27,2230.0,0.0
2022-01-25,3.33,-4.39,-0.53,0.0,2170.0,0.0
2022-01-26,7.78,-1.72,3.03,0.0,2170.0,0.0
2022-01-27,5.0,-2.22,1.39,0.0,2090.0,0.0
2022-01-28,5.56,-3.28,1.14,0.0,2070.0,0.0
2022-01-29,12.22,1.11,6.66,0.0,1970.0,0.0
2022-01-30,8.89,1.11,5.0,0.0,1970.0,0.0
2022-01-31,7.22,-6.72,0.25,0.0,1990.0,1.0
2022-02-01,-7.78,-16.72,-12.25,1.27,2010.0,1.0
2022-02-02,,,,0.76,1820.0,0.0
2022-02-03,-2.78,-22.22,-12.5,0.0,1330.0,0.0
2022-02-04,5.56,-11.72,-3.08,0.0,1190.0,0.0
2022-02-05,7.78,0.56,4.17,0.0,1400.0,1.0
2022-02-06,9.44,-0.61,4.42,0.0,2000.0,1.0
2022-02-07,11.67,0.0,5.84,0.0,2290.0,1.0
2022-02-08,10.56,3.33,6.94,0.0,2240.0,0.0
2022-02-09,12.78,3.33,8.06,0.0,2270.0,1.0
2022-02-10,16.67,1.11,8.89,0.0,2410.0,1.0
2022-02-11,2.22,-6.11,-1.94,0.25,2560.0,1.0
2022-02-12,9.44,-6.72,1.36,0.0,2580.0,1.0
2022-02-13,13.89,-0.61,6.64,0.0,2350.0,0.0
2022-02-14,13.33,-5.0,4.16,0.0,2330.0,0.0
2022-02-15,6.67,-1.72,2.48,3.05,2310.0,0.0
2022-02-16,-1.72,-11.72,-6.72,3.56,2270.0,0.0
2022-02-17,4.44,-11.11,-3.33,0.0,2120.0,0.0
2022-02-18,5.56,-4.39,0.58,0.25,2070.0,0.0
2022-02-19,12.22,-4.0,4.11,0.0,2130.0,1.0
2022-02-20,8.33,-15.0,-3.34,7.62,2120.0,0.0
2022-02-21,,,,3.56,1750.0,0.0
2022-02-22,,,,0.51,1240.0,0.0
2022-02-23,,,,0.0,698.0,0.0
2022-02-24,-6.72,-25.0,-15.86,0.0,635.0,0.0
2022-02-25,-3.89,-12.22,-8.06,0.0,863.0,1.0
2022-02-26,1.11,-10.61,-4.75,0.0,1700.0,1.0
2022-02-27,5.56,-1.72,1.92,0.0,1800.0,1.0
2022-02-28,11.11,3.33,7.22,0.0,1940.0,1.0
2022-03-01,17.22,7.22,12.22,0.0,2070.0,1.0
2022-03-02,11.67,1.67,6.67,0.0,2440.0,1.0
2022-03-03,3.89,0.56,2.22,0.0,2800.0,1.0
2022-03-04,1.0,-5.0,-2.0,2.54,2920.0,1.0
2022-03-05,-1.72,-7.0,-4.36,1.52,2520.0,0.0
2022-03-06,-2.78,-7.22,-5.0,0.25,2440.0,0.0
2022-03-07,5.0,-7.78,-1.39,1.52,2270.0,0.0
2022-03-08,-2.78,-12.78,-7.78,4.32,2050.0,0.0
2022-03-09,-8.89,-16.11,-12.5,0.0,2000.0,0.0
2022-03-10,-3.28,-17.78,-10.53,0.0,1620.0,0.0
2022-03-11,-0.61,-12.78,-6.69,0.0,1400.0,0.0
2022-03-12,14.44,-0.61,6.92,0.0,1780.0,1.0
2022-03-13,9.44,1.11,5.28,0.25,2410.0,1.0
2022-03-14,13.89,1.67,7.78,0.0,2400.0,0.0
2022-03-15,15.56,5.56,10.56,0.0,2290.0,0.0
2022-03-16,10.56,1.67,6.12,0.0,2220.0,0.0
2022-03-17,10.56,-1.11,4.73,0.0,2180.0,0.0
2022-03-18,13.33,2.78,8.06,0.0,2140.0,0.0
2022-03-19,17.22,2.22,9.72,0.0,2090.0,0.0
2022-03-20,10.0,0.56,5.28,5.08,2110.0,1.0
2022-03-21,10.0,-2.22,3.89,0.0,2140.0,1.0
2022-03-22,12.78,2.78,7.78,0.0,2120.0,0.0
2022-03-23,19.44,0.56,10.0,0.0,2080.0,0.0
2022-03-24,17.22,2.78,10.0,0.0,2060.0,0.0
2022-03-25,11.11,-1.11,5.0,0.0,2100.0,1.0
2022-03-26,12.78,-0.61,6.08,0.0,2170.0,1.0
2022-03-27,19.44,0.56,10.0,0.0,2290.0,1.0
2022-03-28,24.44,6.11,15.28,0.0,2330.0,1.0
2022-03-29,15.0,-2.22,6.39,3.3,2420.0,1.0
2022-03-30,15.0,-4.39,5.3,0.0,2600.0,1.0
2022-03-31,11.11,1.0,6.06,1.02,2780.0,1.0
2022-04-01,10.0,-1.72,4.14,0.0,2630.0,0.0
2022-04-02,16.67,-2.78,6.95,1.27,2610.0,0.0
2022-04-03,12.78,2.22,7.5,0.0,2540.0,0.0
2022-04-04,14.44,2.22,8.33,0.25,2440.0,0.0
2022-04-05,9.44,1.67,5.56,0.0,2430.0,0.0
2022-04-06,10.0,0.56,5.28,0.0,2390.0,0.0
2022-04-07,13.89,-2.22,5.84,0.0,2370.0,0.0
2022-04-08,23.33,-1.72,10.8,0.0,2270.0,0.0
2022-04-09,15.56,0.56,8.06,0.0,2250.0,0.0
2022-04-10,6.11,-0.61,2.75,0.0,2250.0,0.0
2022-04-11,4.44,-1.72,1.36,0.0,2440.0,1.0
2022-04-12,-0.61,-11.11,-5.86,13.97,2710.0,1.0
2022-04-13,-5.0,-12.78,-8.89,0.51,2630.0,0.0
2022-04-14,-3.89,-15.0,-9.44,0.25,2450.0,0.0
2022-04-15,-2.22,-11.72,-6.97,0.51,2350.0,0.0
2022-04-16,3.33,-9.39,-3.03,0.76,2370.0,1.0
2022-04-17,5.0,-3.89,0.55,0.0,2480.0,1.0
2022-04-18,12.22,-2.78,4.72,0.0,2480.0,0.0
2022-04-19,16.67,0.56,8.62,0.0,2500.0,1.0
2022-04-20,12.22,1.11,6.66,0.0,2420.0,0.0
2022-04-21,10.56,-2.78,3.89,0.0,2440.0,1.0
2022-04-22,10.56,0.0,5.28,17.78,2540.0,1.0
2022-04-23,5.0,1.11,3.06,10.67,2980.0,1.0
2022-04-24,11.11,2.78,6.94,0.0,2990.0,1.0
2022-04-25,16.11,-0.61,7.75,0.0,2830.0,0.0
2022-04-26,20.0,6.67,13.34,0.0,2630.0,0.0
2022-04-27,16.67,4.44,10.56,0.0,2520.0,0.0
2022-04-28,13.89,3.89,8.89,0.76,2600.0,1.0
2022-04-29,7.0,3.33,5.16,15.24,2920.0,1.0
2022-04-30,13.33,1.67,7.5,0.0,3070.0,1.0
2022-05-01,10.56,5.0,7.78,5.59,3050.0,0.0
2022-05-02,15.0,3.89,9.44,0.0,2980.0,0.0
2022-05-03,10.56,5.56,8.06,0.0,3160.0,1.0
2022-05-04,20.0,4.44,12.22,0.0,3400.0,1.0
2022-05-05,25.0,8.33,16.66,0.0,3710.0,1.0
2022-05-06,23.33,11.11,17.22,0.0,3780.0,1.0
2022-05-07,17.78,9.44,13.61,0.0,4740.0,1.0
2022-05-08,13.33,5.56,9.44,0.25,6990.0,1.0
2022-05-09,11.11,2.22,6.66,1.27,7130.0,1.0
2022-05-10,15.0,1.11,8.06,0.0,5950.0,0.0
2022-05-11,15.56,5.0,10.28,0.0,5140.0,0.0
2022-05-12,9.44,6.11,7.78,13.21,4760.0,0.0
2022-05-13,17.78,5.0,11.39,0.25,4590.0,0.0
2022-05-14,17.22,2.78,10.0,0.0,4510.0,0.0
2022-05-15,20.56,5.56,13.06,0.0,4370.0,0.0
2022-05-16,23.33,10.0,16.66,7.62,4240.0,0.0
2022-05-17,22.78,11.11,16.94,0.0,4700.0,1.0
2022-05-18,20.0,7.78,13.89,0.0,7320.0,1.0
2022-05-19,15.0,5.56,10.28,0.51,10800.0,1.0
2022-05-20,9.44,0.0,4.72,0.76,12000.0,1.0
2022-05-21,11.11,1.67,6.39,0.0,11000.0,0.0
2022-05-22,14.44,0.0,7.22,0.0,9000.0,0.0
2022-05-23,17.22,4.44,10.83,0.0,7790.0,0.0
2022-05-24,18.89,5.56,12.22,0.25,6900.0,0.0
2022-05-25,22.22,7.22,14.72,0.0,6240.0,0.0
2022-05-26,26.67,10.56,18.62,0.0,6110.0,0.0
2022-05-27,26.11,15.0,20.56,0.0,7290.0,1.0
2022-05-28,17.22,11.11,14.16,5.59,14100.0,1.0
2022-05-29,17.22,9.44,13.33,15.75,22800.0,1.0
2022-05-30,13.89,9.44,11.66,1.78,25500.0,1.0
2022-05-31,15.56,7.22,11.39,0.0,26900.0,1.0
2022-06-01,18.89,5.0,11.94,0.0,21600.0,0.0
2022-06-02,20.0,9.44,14.72,0.0,17400.0,0.0
2022-06-03,22.78,10.0,16.39,8.89,15900.0,0.0
2022-06-04,21.67,10.0,15.84,5.84,17200.0,1.0
2022-06-05,23.89,12.22,18.06,4.83,21800.0,1.0
2022-06-06,19.44,10.56,15.0,0.51,29800.0,1.0
2022-06-07,22.22,9.44,15.83,0.0,33700.0,1.0
2022-06-08,21.67,7.78,14.73,0.0,31000.0,0.0
2022-06-09,26.67,13.33,20.0,0.0,27000.0,0.0
2022-06-10,27.78,14.44,21.11,0.76,26600.0,0.0
2022-06-11,27.0,14.44,20.72,1.02,34600.0,1.0
2022-06-12,17.78,13.33,15.56,6.6,44400.0,1.0
2022-06-13,20.56,10.0,15.28,0.25,53800.0,1.0
2022-06-14,17.78,7.22,12.5,0.0,68700.0,1.0
2022-06-15,23.33,12.22,17.77,0.0,74600.0,1.0
2022-06-16,27.22,10.0,18.61,0.0,41100.0,0.0
2022-06-17,33.33,12.22,22.78,0.0,34300.0,0.0
2022-06-18,33.33,19.44,26.38,0.0,37300.0,1.0
2022-06-19,19.44,12.0,15.72,35.81,44400.0,1.0
2022-06-20,20.0,10.56,15.28,2.29,47200.0,1.0
2022-06-21,23.33,11.11,17.22,0.0,41400.0,0.0
2022-06-22,28.89,10.0,19.44,0.0,34000.0,0.0
2022-06-23,31.67,13.33,22.5,0.0,32400.0,0.0
2022-06-24,19.44,10.0,14.72,5.59,33700.0,1.0
2022-06-25,20.56,8.33,14.44,0.0,35900.0,1.0
2022-06-26,23.89,9.44,16.66,0.0,34200.0,0.0
2022-06-27,29.44,11.67,20.56,0.0,30600.0,0.0
2022-06-28,31.67,13.33,22.5,0.76,29500.0,0.0
2022-06-29,30.0,16.67,23.34,0.0,30100.0,1.0
2022-06-30,26.11,12.22,19.16,0.0,30800.0,1.0
2022-07-01,29.44,13.33,21.38,0.0,29400.0,0.0
2022-07-02,30.56,15.0,22.78,0.0,27200.0,0.0
2022-07-03,28.33,16.11,22.22,0.76,26200.0,0.0
2022-07-04,26.11,14.0,20.06,2.03,26800.0,1.0
2022-07-05,27.22,14.44,20.83,1.52,26600.0,0.0
2022-07-06,30.56,16.11,23.34,0.0,24700.0,0.0
2022-07-07,29.44,15.0,22.22,0.0,22900.0,0.0
2022-07-08,35.56,17.78,26.67,0.0,21900.0,0.0
2022-07-09,33.33,18.89,26.11,0.0,20800.0,0.0
2022-07-10,30.0,16.11,23.06,1.78,19700.0,0.0
2022-07-11,28.33,13.33,20.83,0.0,18900.0,0.0
2022-07-12,32.78,13.89,23.34,0.0,17700.0,0.0
2022-07-13,36.67,17.78,27.22,0.51,16500.0,0.0
2022-07-14,33.89,18.89,26.39,1.02,16000.0,0.0
2022-07-15,35.56,17.22,26.39,7.87,16300.0,1.0
2022-07-16,34.44,17.22,25.83,0.0,15800.0,0.0
2022-07-17,38.33,18.33,28.33,0.0,14600.0,0.0
2022-07-18,36.11,19.44,27.78,0.0,13500.0,0.0
2022-07-19,31.67,17.22,24.44,0.0,12700.0,0.0
2022-07-20,35.0,17.78,26.39,0.0,11900.0,0.0
2022-07-21,35.0,16.67,25.84,0.0,10700.0,0.0
2022-07-22,37.22,17.22,27.22,0.0,9760.0,0.0
2022-07-23,30.56,18.89,24.72,0.0,8930.0,0.0
2022-07-24,33.89,12.78,23.34,38.1,8520.0,0.0
2022-07-25,30.56,15.0,22.78,0.0,8150.0,0.0
2022-07-26,27.22,16.11,21.66,1.78,7730.0,0.0
2022-07-27,28.89,17.22,23.06,0.0,7420.0,0.0
2022-07-28,30.0,15.0,22.5,0.0,7030.0,0.0
2022-07-29,33.89,16.11,25.0,0.0,6780.0,0.0
2022-07-30,36.11,21.11,28.61,0.0,6500.0,0.0
2022-07-31,34.44,17.78,26.11,0.0,6270.0,0.0
2022-08-01,38.33,21.11,29.72,0.0,6010.0,0.0
2022-08-02,34.44,22.78,28.61,0.0,5710.0,0.0
2022-08-03,35.0,16.67,25.84,0.0,5390.0,0.0
2022-08-04,37.78,18.33,28.06,0.0,5150.0,0.0
2022-08-05,26.67,20.0,23.34,0.0,5060.0,0.0
2022-08-06,18.89,10.56,14.73,3.56,5100.0,1.0
2022-08-07,28.89,11.11,20.0,0.0,5290.0,1.0
2022-08-08,34.44,15.56,25.0,0.0,5310.0,1.0
2022-08-09,32.78,18.33,25.56,0.0,5050.0,0.0
2022-08-10,34.44,17.22,25.83,0.0,4780.0,0.0
2022-08-11,35.0,22.22,28.61,0.0,4670.0,0.0
2022-08-12,35.0,20.56,27.78,0.0,4540.0,0.0
2022-08-13,32.78,18.89,25.84,6.86,4470.0,0.0
2022-08-14,31.11,17.22,24.16,0.0,4470.0,0.0
2022-08-15,32.78,17.22,25.0,0.0,4590.0,1.0
2022-08-16,33.89,16.67,25.28,0.0,4630.0,1.0
2022-08-17,33.89,18.33,26.11,0.0,4350.0,0.0
2022-08-18,30.0,17.78,23.89,0.0,4040.0,0.0
2022-08-19,30.0,17.22,23.61,0.0,3840.0,0.0
2022-08-20,32.22,15.0,23.61,0.0,3680.0,0.0
2022-08-21,34.44,17.78,26.11,0.0,3580.0,0.0
2022-08-22,32.78,18.89,25.84,0.51,3490.0,0.0
2022-08-23,28.89,18.89,23.89,0.0,3320.0,0.0
2022-08-24,27.78,16.11,21.94,0.0,3320.0,0.0
2022-08-25,25.0,16.11,20.56,0.0,3320.0,0.0
2022-08-26,30.0,17.78,23.89,0.25,3360.0,1.0
2022-08-27,31.11,14.44,22.78,0.76,3610.0,1.0
2022-08-28,25.56,13.89,19.73,0.0,3660.0,1.0
2022-08-29,28.33,12.22,20.27,0.0,3460.0,0.0
2022-08-30,33.33,14.44,23.88,0.0,3340.0,0.0
2022-08-31,35.56,16.67,26.12,0.0,3140.0,0.0
2022-09-01,36.11,17.22,26.66,0.0,3020.0,0.0
2022-09-02,32.78,17.78,25.28,0.0,2920.0,0.0
2022-09-03,37.78,15.56,26.67,0.0,2860.0,0.0
2022-09-04,37.22,21.11,29.16,0.0,2830.0,0.0
2022-09-05,35.0,15.0,25.0,0.0,2770.0,0.0
2022-09-06,31.11,16.67,23.89,0.0,2690.0,0.0
2022-09-07,37.78,15.56,26.67,0.0,2610.0,0.0
2022-09-08,25.0,10.0,17.5,10.16,2630.0,1.0
2022-09-09,15.56,8.89,12.23,0.76,2850.0,1.0
2022-09-10,21.11,5.0,13.06,0.0,2980.0,1.0
2022-09-11,28.89,10.0,19.44,0.0,2940.0,0.0
2022-09-12,30.0,15.0,22.5,0.0,2900.0,0.0
2022-09-13,28.33,12.22,20.27,0.0,2870.0,0.0
2022-09-14,21.11,13.89,17.5,0.25,2790.0,0.0
2022-09-15,23.89,11.11,17.5,0.0,2800.0,1.0
2022-09-16,22.78,11.67,17.23,2.29,2840.0,1.0
2022-09-17,22.78,9.44,16.11,0.0,2930.0,1.0
2022-09-18,26.11,12.78,19.44,0.51,3010.0,1.0
2022-09-19,30.56,10.56,20.56,0.0,3070.0,1.0
2022-09-20,14.44,9.44,11.94,0.0,3040.0,0.0
2022-09-21,16.67,8.89,12.78,0.0,3040.0,0.0
2022-09-22,20.56,8.89,14.72,2.03,3100.0,1.0
2022-09-23,25.0,13.89,19.44,0.0,3080.0,0.0
2022-09-24,23.89,12.22,18.06,0.0,3080.0,0.0
2022-09-25,23.89,8.33,16.11,0.0,3290.0,1.0
2022-09-26,26.67,11.11,18.89,0.0,3280.0,0.0
2022-09-27,28.33,10.0,19.16,0.0,3120.0,0.0
2022-09-28,31.11,11.11,21.11,0.0,3000.0,0.0
2022-09-29,27.78,12.78,20.28,0.0,2950.0,0.0
2022-09-30,17.78,10.56,14.17,13.72,3080.0,1.0
2022-10-01,11.67,10.0,10.84,9.4,3410.0,1.0
2022-10-02,15.0,10.0,12.5,0.25,3640.0,1.0
2022-10-03,17.22,10.0,13.61,0.25,4130.0,1.0
2022-10-04,22.22,7.78,15.0,0.0,4500.0,1.0
2022-10-05,23.89,10.0,16.94,0.0,4560.0,1.0
2022-10-06,12.22,5.56,8.89,0.0,4350.0,0.0
2022-10-07,14.44,4.44,9.44,0.0,4210.0,0.0
2022-10-08,20.56,4.44,12.5,0.0,4130.0,0.0
2022-10-09,22.22,6.11,14.16,0.0,4040.0,0.0
2022-10-10,25.0,7.22,16.11,0.0,3940.0,0.0
2022-10-11,16.67,7.78,12.23,0.0,3840.0,0.0
2022-10-12,15.56,7.22,11.39,0.0,3790.0,0.0
2022-10-13,20.56,5.56,13.06,0.0,3730.0,0.0
2022-10-14,22.22,7.22,14.72,0.0,3790.0,1.0
2022-10-15,17.22,8.89,13.06,0.0,3810.0,1.0
2022-10-16,16.67,3.89,10.28,0.0,3750.0,0.0
2022-10-17,21.67,3.33,12.5,0.0,3730.0,0.0
2022-10-18,23.89,6.11,15.0,0.0,3710.0,0.0
2022-10-19,23.89,7.78,15.84,0.0,3690.0,0.0
2022-10-20,26.67,8.89,17.78,0.0,3690.0,0.0
2022-10-21,18.89,6.67,12.78,1.27,3600.0,0.0
2022-10-22,10.0,6.67,8.34,4.32,3660.0,1.0
2022-10-23,6.67,-0.61,3.03,1.78,3940.0,1.0
2022-10-24,10.56,-0.61,4.98,0.0,4270.0,1.0
2022-10-25,11.11,2.22,6.66,0.0,4250.0,0.0
2022-10-26,8.89,-1.11,3.89,0.0,3970.0,0.0
2022-10-27,10.0,-0.61,4.7,0.0,3890.0,0.0
2022-10-28,11.67,3.89,7.78,0.0,3830.0,0.0
2022-10-29,16.67,1.11,8.89,0.0,3770.0,0.0
2022-10-30,15.0,0.0,7.5,0.0,3680.0,0.0
2022-10-31,18.89,5.0,11.94,0.0,3640.0,0.0
2022-11-01,15.56,8.89,12.23,0.0,3670.0,1.0
2022-11-02,15.0,0.56,7.78,0.0,3640.0,0.0
2022-11-03,3.89,-3.28,0.31,0.0,3590.0,0.0
2022-11-04,8.33,-3.28,2.53,0.0,3600.0,1.0
2022-11-05,11.11,-0.61,5.25,0.76,3550.0,0.0
2022-11-06,3.33,-7.78,-2.22,0.0,3440.0,0.0
2022-11-07,-1.72,-8.89,-5.31,3.05,3450.0,1.0
2022-11-08,-8.28,-13.28,-10.78,1.78,3450.0,0.0
2022-11-09,-11.72,-14.0,-12.86,6.6,3400.0,0.0
2022-11-10,-8.89,-13.28,-11.08,5.33,3290.0,0.0
2022-11-11,-3.28,-11.11,-7.19,0.0,3070.0,0.0
2022-11-12,0.56,-10.0,-4.72,0.0,3060.0,0.0
2022-11-13,-3.28,-9.39,-6.34,0.0,3120.0,1.0
2022-11-14,0.56,-7.22,-3.33,0.25,3230.0,1.0
2022-11-15,1.11,-7.22,-3.06,0.0,3300.0,1.0
2022-11-16,2.78,-3.28,-0.25,0.25,3320.0,1.0
2022-11-17,-3.28,-15.0,-9.14,0.0,3350.0,1.0
2022-11-18,-7.22,-17.22,-12.22,0.0,3140.0,0.0
2022-11-19,-1.11,-11.11,-6.11,0.0,2690.0,0.0
2022-11-20,3.89,-6.11,-1.11,0.0,2540.0,0.0
2022-11-21,5.0,-4.39,0.31,0.0,2740.0,1.0
2022-11-22,8.33,-2.22,3.06,0.0,3130.0,1.0
2022-11-23,6.11,0.0,3.06,0.51,3440.0,1.0
2022-11-24,6.11,-3.28,1.42,0.0,3440.0,0.0
2022-11-25,12.22,2.78,7.5,0.0,3390.0,0.0
2022-11-26,8.89,-1.72,3.59,0.76,3460.0,1.0
2022-11-27,6.67,-1.72,2.48,0.0,3410.0,0.0
2022-11-28,0.0,-11.72,-5.86,0.0,3240.0,0.0
2022-11-29,-7.78,-13.89,-10.84,0.0,2990.0,0.0
2022-11-30,-2.22,-15.56,-8.89,0.0,2680.0,0.0
2022-12-01,7.22,-10.61,-1.69,1.27,2380.0,0.0
2022-12-02,-10.61,-16.11,-13.36,1.78,2910.0,1.0
2022-12-03,1.67,-11.72,-5.03,0.0,2820.0,0.0
2022-12-04,4.44,-6.11,-0.84,1.52,2230.0,0.0
2022-12-05,-1.72,-8.28,-5.0,2.54,2520.0,1.0
2022-12-06,-2.78,-17.22,-10.0,0.0,2630.0,1.0
2022-12-07,1.67,-17.78,-8.06,0.0,2660.0,1.0
2022-12-08,1.11,-8.28,-3.58,0.0,2520.0,0.0
2022-12-09,2.22,-4.39,-1.08,0.0,2510.0,0.0
2022-12-10,-1.72,-9.39,-5.56,0.0,2640.0,1.0
2022-12-11,2.22,-7.22,-2.5,0.0,2810.0,1.0
2022-12-12,-5.61,-10.61,-8.11,3.81,2770.0,0.0
2022-12-13,-7.22,-11.72,-9.47,0.25,2590.0,0.0
2022-12-14,-0.61,-13.28,-6.94,0.0,2530.0,0.0
2022-12-15,-3.89,-10.61,-7.25,0.0,2480.0,0.0
2022-12-16,-2.22,-9.39,-5.81,0.0,2530.0,1.0
2022-12-17,-1.72,-10.61,-6.16,0.0,2640.0,1.0
2022-12-18,-11.11,-17.78,-14.44,0.0,2510.0,0.0
2022-12-19,-16.72,-21.11,-18.92,0.0,2230.0,0.0
2022-12-20,,,,0.0,1900.0,0.0
2022-12-21,,,,4.32,1610.0,0.0
2022-12-22,,,,0.0,1380.0,0.0
2022-12-23,-16.11,-26.11,-21.11,0.0,1300.0,0.0
2022-12-24,3.33,-15.56,-6.12,0.0,1500.0,1.0
2022-12-25,7.22,1.67,4.44,0.0,2330.0,1.0
2022-12-26,8.33,0.56,4.44,0.0,2540.0,1.0
2022-12-27,11.11,4.44,7.78,0.0,2720.0,1.0
2022-12-28,6.11,2.22,4.16,0.0,2700.0,0.0
2022-12-29,4.44,-3.89,0.28,0.0,2550.0,0.0
2022-12-30,3.33,-4.39,-0.53,0.0,2460.0,0.0
2022-12-31,4.44,-1.72,1.36,0.0,2560.0,1.0
2023-01-01,1.67,-5.61,-1.97,0.0,2410.0,0.0
2023-01-02,2.22,-8.28,-3.03,0.0,2200.0,0.0
2023-01-03,-0.61,-7.78,-4.2,0.0,2070.0,0.0
2023-01-04,5.0,-5.0,0.0,0.0,2050.0,0.0
2023-01-05,1.11,-7.22,-3.06,0.0,2170.0,1.0
2023-01-06,6.67,-5.0,0.84,0.0,2320.0,1.0
2023-01-07,7.78,-2.78,2.5,0.0,2380.0,1.0
2023-01-08,6.67,0.0,3.34,0.0,2410.0,1.0
2023-01-09,9.44,0.56,5.0,0.0,2420.0,1.0
2023-01-10,7.78,-3.28,2.25,0.0,2410.0,0.0
2023-01-11,3.89,-5.61,-0.86,0.0,2380.0,0.0
2023-01-12,9.44,-2.78,3.33,0.0,2370.0,0.0
2023-01-13,10.0,3.89,6.94,0.0,2390.0,1.0
2023-01-14,12.22,0.56,6.39,0.0,2420.0,1.0
2023-01-15,6.11,-2.78,1.67,0.0,2440.0,1.0
2023-01-16,2.78,-1.72,0.53,1.27,2430.0,0.0
2023-01-17,5.56,-4.39,0.58,0.0,2410.0,0.0
2023-01-18,3.89,-3.28,0.31,0.0,2380.0,0.0
2023-01-19,6.67,-5.0,0.84,0.0,2350.0,0.0
2023-01-20,4.44,-2.22,1.11,0.0,2340.0,0.0
2023-01-21,4.44,-2.78,0.83,0.0,2340.0,0.0
2023-01-22,3.33,-1.11,1.11,1.02,2340.0,0.0
2023-01-23,3.33,-4.39,-0.53,0.0,2350.0,1.0
2023-01-24,3.89,-2.22,0.84,0.0,2360.0,1.0
2023-01-25,3.89,-1.11,1.39,0.0,2370.0,1.0
2023-01-26,8.89,0.56,4.73,0.0,2360.0,0.0
2023-01-27,2.22,-5.0,-1.39,7.62,2320.0,0.0
2023-01-28,-5.61,-18.89,-12.25,2.54,2210.0,0.0
2023-01-29,,,,0.25,2050.0,0.0
2023-01-30,-14.44,-21.11,-17.77,0.0,1820.0,0.0
2023-01-31,-5.0,-15.56,-10.28,0.0,1630.0,0.0
2023-02-01,2.22,-6.72,-2.25,0.0,1750.0,1.0
2023-02-02,3.33,-8.89,-2.78,0.0,1940.0,1.0
2023-02-03,6.11,1.67,3.89,0.0,2060.0,1.0
2023-02-04,9.44,0.0,4.72,0.0,2170.0,1.0
2023-02-05,5.0,-2.22,1.39,0.0,2260.0,1.0
2023-02-06,7.78,0.0,3.89,0.0,2300.0,1.0
2023-02-07,10.0,-0.61,4.7,0.0,2320.0,1.0
2023-02-08,5.0,-2.22,1.39,0.0,2310.0,0.0
2023-02-09,5.0,-3.28,0.86,0.0,2300.0,0.0
2023-02-10,8.89,-1.11,3.89,0.0,2290.0,0.0
2023-02-11,10.0,-2.22,3.89,0.0,2260.0,0.0
2023-02-12,10.0,-3.28,3.36,0.0,2240.0,0.0
2023-02-13,12.78,1.11,6.94,0.25,2190.0,0.0
2023-02-14,0.56,-13.28,-6.36,6.35,2130.0,0.0
2023-02-15,-5.0,-16.11,-10.56,0.0,2040.0,0.0
2023-02-16,-1.72,-10.61,-6.16,0.0,2010.0,0.0
2023-02-17,2.78,-3.89,-0.56,0.0,2010.0,0.0
2023-02-18,3.89,-5.0,-0.55,1.02,2030.0,1.0
2023-02-19,3.89,-6.11,-1.11,0.0,2060.0,1.0
2023-02-20,3.33,-2.78,0.28,3.3,2080.0,1.0
2023-02-21,5.0,-16.72,-5.86,1.52,2050.0,0.0
2023-02-22,,,,3.56,1930.0,0.0
2023-02-23,,,,0.51,1760.0,0.0
2023-02-24,,,,0.0,1610.0,0.0
2023-02-25,5.0,-7.78,-1.39,0.0,1660.0,1.0
2023-02-26,9.44,0.56,5.0,0.0,1820.0,1.0
2023-02-27,4.44,-2.78,0.83,0.0,2010.0,1.0
2023-02-28,3.89,-4.39,-0.25,0.0,2090.0,1.0
2023-03-01,-0.61,-7.22,-3.92,0.0,2090.0,0.0
2023-03-02,5.56,-6.11,-0.28,0.0,2080.0,0.0
2023-03-03,2.22,-3.28,-0.53,0.0,2050.0,0.0
2023-03-04,3.33,-6.72,-1.69,0.0,2020.0,0.0
2023-03-05,-2.22,-6.11,-4.16,1.27,1990.0,0.0
2023-03-06,-3.28,-7.78,-5.53,1.78,1970.0,0.0
2023-03-07,-0.61,-8.28,-4.44,0.0,1950.0,0.0
2023-03-08,-6.11,-9.39,-7.75,1.27,1940.0,0.0
2023-03-09,-5.0,-11.72,-8.36,1.52,1950.0,1.0
2023-03-10,-2.78,-10.61,-6.69,1.02,1960.0,1.0
2023-03-11,-2.78,-10.61,-6.69,0.0,1960.0,0.0
2023-03-12,-1.72,-12.22,-6.97,0.0,1990.0,1.0
2023-03-13,8.33,-9.39,-0.53,0.0,2070.0,1.0
2023-03-14,11.67,0.56,6.12,0.0,2160.0,1.0
2023-03-15,2.22,-3.89,-0.84,0.0,2230.0,1.0
2023-03-16,4.44,-5.0,-0.28,0.0,2280.0,1.0
2023-03-17,4.44,-6.11,-0.84,0.0,2250.0,0.0
2023-03-18,10.0,-7.78,1.11,0.0,2160.0,0.0
2023-03-19,11.11,-0.61,5.25,0.0,2080.0,0.0
2023-03-20,5.0,-5.0,0.0,0.76,2050.0,0.0
2023-03-21,2.22,-5.61,-1.7,0.25,2060.0,1.0
2023-03-22,5.56,-4.39,0.58,0.0,2100.0,1.0
2023-03-23,11.67,-5.61,3.03,0.0,2190.0,1.0
2023-03-24,10.0,0.0,5.0,5.33,2220.0,1.0
2023-03-25,1.11,-5.0,-1.94,12.95,2270.0,1.0
2023-03-26,-2.78,-5.61,-4.2,10.16,2310.0,1.0
2023-03-27,-1.72,-7.78,-4.75,1.52,2300.0,0.0
2023-03-28,-1.11,-8.28,-4.69,0.0,2150.0,0.0
2023-03-29,-0.61,-8.28,-4.44,0.0,2060.0,0.0
2023-03-30,1.67,-4.39,-1.36,0.25,2040.0,0.0
2023-03-31,5.0,-2.22,1.39,0.0,2040.0,0.0
2023-04-01,12.22,1.11,6.66,0.0,2100.0,1.0
2023-04-02,7.22,-1.72,2.75,0.0,2210.0,1.0
2023-04-03,5.0,-5.0,0.0,0.0,2260.0,1.0
2023-04-04,-1.72,-5.61,-3.66,0.51,2230.0,0.0
2023-04-05,6.11,-6.72,-0.3,0.25,2180.0,0.0
2023-04-06,10.0,-2.22,3.89,0.0,2190.0,1.0
2023-04-07,17.22,-0.61,8.3,0.0,2220.0,1.0
2023-04-08,16.67,5.0,10.84,0.0,2320.0,1.0
2023-04-09,18.89,3.89,11.39,0.0,2560.0,1.0
2023-04-10,25.0,7.78,16.39,0.0,3110.0,1.0
2023-04-11,26.67,11.67,19.17,0.0,4540.0,1.0
2023-04-12,11.67,3.89,7.78,0.0,7450.0,1.0
2023-04-13,4.44,0.0,2.22,11.18,9230.0,1.0
2023-04-14,6.11,-3.28,1.42,0.76,7000.0,0.0
2023-04-15,11.67,-1.11,5.28,0.0,5520.0,0.0
2023-04-16,18.89,0.56,9.72,0.0,4730.0,0.0
2023-04-17,19.44,6.67,13.06,0.0,4450.0,0.0
2023-04-18,12.22,5.0,8.61,3.05,4560.0,1.0
2023-04-19,5.56,0.0,2.78,2.29,4840.0,1.0
2023-04-20,4.44,-2.22,1.11,0.0,4680.0,0.0
2023-04-21,2.22,-5.0,-1.39,0.0,4410.0,0.0
2023-04-22,7.22,-2.78,2.22,0.0,4130.0,0.0
2023-04-23,14.44,-1.11,6.66,0.0,3860.0,0.0
2023-04-24,18.33,2.22,10.27,0.0,3720.0,0.0
2023-04-25,17.78,3.33,10.56,0.0,3710.0,0.0
2023-04-26,18.89,6.11,12.5,0.0,3950.0,1.0
2023-04-27,13.33,3.33,8.33,1.78,4320.0,1.0
2023-04-28,20.56,0.0,10.28,0.0,4800.0,1.0
2023-04-29,20.0,6.11,13.06,0.0,5120.0,1.0
2023-04-30,20.56,4.44,12.5,0.0,5130.0,1.0
2023-05-01,23.33,5.56,14.44,0.0,5890.0,1.0
2023-05-02,25.56,6.67,16.11,0.0,7380.0,1.0
2023-05-03,25.56,12.78,19.17,0.0,9650.0,1.0
2023-05-04,26.67,10.56,18.62,0.0,12300.0,1.0
2023-05-05,21.11,8.89,15.0,18.8,15200.0,1.0
2023-05-06,19.44,6.11,12.78,0.0,16600.0,1.0
2023-05-07,16.67,6.11,11.39,8.38,15300.0,0.0
2023-05-08,19.44,5.0,12.22,0.0,13200.0,0.0
2023-05-09,21.11,7.22,14.16,0.0,11400.0,0.0
2023-05-10,18.33,5.56,11.94,1.27,10700.0,0.0
2023-05-11,14.44,9.0,11.72,0.76,10900.0,1.0
2023-05-12,16.11,7.78,11.94,0.0,11000.0,1.0
2023-05-13,11.67,8.33,10.0,6.6,11400.0,1.0
2023-05-14,15.56,8.33,11.94,1.02,12900.0,1.0
2023-05-15,25.0,7.78,16.39,0.0,15600.0,1.0
2023-05-16,27.78,12.78,20.28,0.25,20100.0,1.0
2023-05-17,18.33,10.0,14.16,2.54,23200.0,1.0
2023-05-18,19.44,8.33,13.89,0.0,24900.0,1.0
2023-05-19,23.33,5.0,14.16,0.0,24600.0,0.0
2023-05-20,28.89,8.89,18.89,0.0,25100.0,1.0
2023-05-21,28.33,12.22,20.27,0.0,26000.0,1.0
2023-05-22,28.33,13.89,21.11,0.0,28700.0,1.0
2023-05-23,25.0,11.67,18.34,0.0,31600.0,1.0
2023-05-24,26.67,12.78,19.73,25.4,35000.0,1.0
2023-05-25,22.78,12.22,17.5,2.29,36000.0,1.0
2023-05-26,19.44,10.56,15.0,0.51,34100.0,0.0
2023-05-27,23.89,10.0,16.94,3.05,31000.0,0.0
2023-05-28,24.44,10.0,17.22,0.0,29700.0,0.0
2023-05-29,26.67,12.22,19.44,1.27,28300.0,0.0
2023-05-30,27.22,13.33,20.27,0.0,27100.0,0.0
2023-05-31,26.67,12.78,19.73,0.76,27300.0,1.0
2023-06-01,26.67,11.67,19.17,12.45,27800.0,1.0
2023-06-02,16.0,12.78,14.39,55.63,29500.0,1.0
2023-06-03,21.11,12.78,16.94,25.4,32900.0,1.0
2023-06-04,20.56,13.89,17.23,8.13,35000.0,1.0
2023-06-05,26.67,13.89,20.28,0.0,35400.0,1.0
2023-06-06,26.67,15.0,20.84,0.0,35100.0,0.0
2023-06-07,26.11,13.33,19.72,5.08,35000.0,0.0
2023-06-08,26.11,16.11,21.11,2.29,35600.0,1.0
2023-06-09,23.33,15.56,19.44,0.0,35900.0,1.0
2023-06-10,18.33,15.0,16.66,3.05,34700.0,0.0
2023-06-11,23.33,12.22,17.77,0.0,32600.0,0.0
2023-06-12,23.89,12.78,18.34,0.0,30000.0,0.0
2023-06-13,25.56,12.78,19.17,0.0,30500.0,1.0
2023-06-14,25.0,14.44,19.72,3.05,30000.0,0.0
2023-06-15,19.44,12.78,16.11,0.0,30100.0,1.0
2023-06-16,21.67,12.22,16.94,0.0,28700.0,0.0
2023-06-17,22.78,14.44,18.61,1.02,25100.0,0.0
2023-06-18,22.78,12.78,17.78,0.0,22700.0,0.0
2023-06-19,20.0,8.89,14.44,2.29,24900.0,1.0
2023-06-20,14.44,10.56,12.5,3.05,27100.0,1.0
2023-06-21,15.0,7.22,11.11,3.81,25900.0,0.0
2023-06-22,19.44,5.56,12.5,0.0,22700.0,0.0
2023-06-23,19.44,12.22,15.83,23.11,20900.0,0.0
2023-06-24,18.89,11.67,15.28,13.21,25800.0,1.0
2023-06-25,25.56,10.56,18.06,0.0,30000.0,1.0
2023-06-26,25.0,12.78,18.89,0.0,26600.0,0.0
2023-06-27,25.0,11.11,18.06,0.0,25300.0,0.0
2023-06-28,26.11,14.44,20.27,0.0,24400.0,0.0
2023-06-29,27.22,11.67,19.44,0.0,23100.0,0.0
2023-06-30,30.56,14.44,22.5,0.0,21800.0,0.0
2023-07-01,32.22,15.56,23.89,0.76,20600.0,0.0
2023-07-02,30.0,17.78,23.89,0.0,20600.0,0.0
2023-07-03,21.67,14.44,18.06,2.29,21100.0,1.0
2023-07-04,17.78,11.11,14.44,4.32,20900.0,0.0
2023-07-05,24.44,10.0,17.22,0.0,20800.0,0.0
2023-07-06,24.44,12.78,18.61,0.51,18600.0,0.0
2023-07-07,26.11,11.11,18.61,0.0,17300.0,0.0
2023-07-08,28.33,13.33,20.83,0.0,16200.0,0.0
2023-07-09,31.67,15.0,23.34,2.79,15100.0,0.0
2023-07-10,31.67,16.67,24.17,1.02,14300.0,0.0
2023-07-11,30.0,16.67,23.34,1.27,13900.0,0.0
2023-07-12,30.56,15.0,22.78,0.0,13700.0,0.0
2023-07-13,30.0,16.67,23.34,0.0,13100.0,0.0
2023-07-14,27.78,14.44,21.11,0.0,12300.0,0.0
2023-07-15,30.56,15.0,22.78,0.0,11400.0,0.0
2023-07-16,31.67,16.11,23.89,0.0,10600.0,0.0
2023-07-17,30.0,15.56,22.78,0.0,10000.0,0.0
2023-07-18,30.56,17.78,24.17,0.0,9570.0,0.0
2023-07-19,27.22,14.44,20.83,0.0,9080.0,0.0
2023-07-20,29.44,13.89,21.66,0.0,8540.0,0.0
2023-07-21,33.33,16.11,24.72,0.0,8060.0,0.0
2023-07-22,35.56,16.67,26.12,0.0,7590.0,0.0
2023-07-23,35.56,18.89,27.22,0.0,7150.0,0.0
2023-07-24,37.78,21.67,29.72,0.0,6700.0,0.0
2023-07-25,35.56,19.44,27.5,0.0,6510.0,0.0
2023-07-26,33.33,20.0,26.66,0.0,6370.0,0.0
2023-07-27,32.22,16.67,24.44,0.51,6110.0,0.0
2023-07-28,28.33,15.0,21.66,0.51,5920.0,0.0
2023-07-29,30.56,15.0,22.78,0.0,5840.0,0.0
2023-07-30,33.89,19.44,26.66,0.0,5640.0,0.0
2023-07-31,34.44,17.22,25.83,0.0,5440.0,0.0
2023-08-01,36.11,21.11,28.61,0.0,5250.0,0.0
2023-08-02,33.33,18.89,26.11,0.0,4970.0,0.0
2023-08-03,26.11,19.44,22.78,0.0,4920.0,0.0
2023-08-04,27.78,18.33,23.06,0.0,5140.0,1.0
2023-08-05,22.78,16.11,19.44,0.0,5310.0,1.0
2023-08-06,23.33,15.56,19.44,1.02,5690.0,1.0
2023-08-07,25.0,14.44,19.72,4.83,6380.0,1.0
2023-08-08,26.11,13.33,19.72,9.14,6520.0,1.0
2023-08-09,30.56,14.44,22.5,0.0,6110.0,0.0
2023-08-10,30.56,15.56,23.06,2.03,5890.0,0.0
2023-08-11,30.0,15.56,22.78,0.0,5710.0,0.0
2023-08-12,29.44,15.0,22.22,0.51,5450.0,0.0
2023-08-13,25.56,13.33,19.44,0.76,5160.0,0.0
2023-08-14,31.11,11.11,21.11,0.0,4860.0,0.0
2023-08-15,38.33,17.22,27.78,0.0,4670.0,0.0
2023-08-16,29.44,21.11,25.28,0.0,4410.0,0.0
2023-08-17,36.67,16.67,26.67,0.0,4150.0,0.0
2023-08-18,36.11,24.44,30.28,0.0,3960.0,0.0
2023-08-19,25.0,12.22,18.61,3.3,3830.0,0.0
2023-08-20,16.11,11.67,13.89,3.3,3970.0,1.0
2023-08-21,28.33,14.44,21.38,7.87,4290.0,1.0
2023-08-22,32.22,17.78,25.0,0.0,4790.0,1.0
2023-08-23,31.67,20.0,25.84,0.0,4990.0,1.0
2023-08-24,31.11,16.11,23.61,0.0,4710.0,0.0
2023-08-25,26.67,13.89,20.28,0.0,4400.0,0.0
2023-08-26,32.78,17.22,25.0,0.0,4200.0,0.0
2023-08-27,30.56,17.78,24.17,0.0,4150.0,0.0
2023-08-28,32.22,15.56,23.89,0.0,4110.0,0.0
2023-08-29,34.44,13.33,23.88,0.0,4150.0,1.0
2023-08-30,28.33,18.33,23.33,0.0,4160.0,1.0
2023-08-31,28.33,16.67,22.5,0.0,3980.0,0.0
2023-09-01,31.11,15.0,23.06,0.0,3900.0,0.0
2023-09-02,34.44,18.33,26.38,0.0,3850.0,0.0
2023-09-03,31.67,18.33,25.0,0.51,3780.0,0.0
2023-09-04,23.33,13.33,18.33,0.0,3850.0,1.0
2023-09-05,22.22,11.11,16.66,0.25,3970.0,1.0
2023-09-06,28.33,11.11,19.72,0.0,4350.0,1.0
2023-09-07,27.78,16.67,22.22,0.51,4330.0,0.0
2023-09-08,25.0,13.89,19.44,1.27,4110.0,0.0
2023-09-09,21.67,12.22,16.94,0.25,4110.0,0.0
2023-09-10,22.78,10.56,16.67,0.0,4150.0,1.0
2023-09-11,26.11,9.44,17.77,0.0,4140.0,0.0
2023-09-12,28.89,11.11,20.0,0.0,4050.0,0.0
2023-09-13,26.67,15.0,20.84,0.51,3930.0,0.0
2023-09-14,24.44,13.33,18.89,0.0,3810.0,0.0
2023-09-15,25.56,10.0,17.78,0.0,3800.0,0.0
2023-09-16,29.44,10.56,20.0,0.0,3850.0,1.0
2023-09-17,31.11,13.33,22.22,0.0,3750.0,0.0
2023-09-18,30.0,15.0,22.5,0.0,3600.0,0.0
2023-09-19,24.44,15.0,19.72,0.0,3520.0,0.0
2023-09-20,19.44,8.33,13.89,0.0,3480.0,0.0
2023-09-21,13.89,10.0,11.94,2.54,3490.0,1.0
2023-09-22,14.44,10.0,12.22,7.37,3960.0,1.0
2023-09-23,18.89,9.44,14.16,1.27,4730.0,1.0
2023-09-24,23.33,7.78,15.56,0.0,5540.0,1.0
2023-09-25,27.78,10.0,18.89,0.0,5450.0,0.0
2023-09-26,30.56,8.89,19.73,0.0,5170.0,0.0
2023-09-27,23.33,11.11,17.22,0.0,4890.0,0.0
2023-09-28,18.33,8.89,13.61,0.0,4660.0,0.0
2023-09-29,20.56,6.11,13.34,0.0,4510.0,0.0
2023-09-30,20.0,8.33,14.16,0.0,4430.0,0.0
2023-10-01,12.22,9.44,10.83,0.0,4350.0,0.0
2023-10-02,14.44,8.89,11.66,0.76,4330.0,0.0
2023-10-03,13.89,8.89,11.39,9.91,4470.0,1.0
2023-10-04,18.33,8.33,13.33,2.03,4580.0,1.0
2023-10-05,12.22,6.67,9.44,0.51,4650.0,1.0
2023-10-06,15.0,2.22,8.61,0.0,4660.0,1.0
2023-10-07,22.78,8.89,15.84,0.0,4630.0,0.0
2023-10-08,24.44,7.22,15.83,0.0,4580.0,0.0
2023-10-09,26.67,9.44,18.06,0.0,4550.0,0.0
2023-10-10,25.56,10.56,18.06,0.0,4540.0,0.0
2023-10-11,18.33,10.0,14.16,4.06,4570.0,1.0
2023-10-12,10.0,5.0,7.5,14.48,5130.0,1.0
2023-10-13,8.89,3.33,6.11,0.0,6310.0,1.0
2023-10-14,12.22,0.56,6.39,0.0,5850.0,0.0
2023-10-15,20.0,4.44,12.22,0.0,5600.0,0.0
2023-10-16,22.22,10.0,16.11,0.0,5450.0,0.0
2023-10-17,22.22,10.56,16.39,0.0,5430.0,0.0
2023-10-18,23.33,6.67,15.0,0.0,5500.0,1.0
2023-10-19,26.67,10.56,18.62,0.0,5560.0,1.0
2023-10-20,27.22,12.78,20.0,0.0,5450.0,0.0
2023-10-21,15.0,5.56,10.28,0.0,5370.0,0.0
2023-10-22,15.0,5.0,10.0,2.29,5320.0,0.0
2023-10-23,8.33,5.0,6.66,6.1,5380.0,1.0
2023-10-24,6.11,-2.22,1.94,0.25,5470.0,1.0
2023-10-25,-2.22,-9.44,-5.83,6.1,5660.0,1.0
2023-10-26,,,,3.56,5840.0,1.0
2023-10-27,-7.22,-12.78,-10.0,1.27,5810.0,0.0
2023-10-28,-3.89,-12.78,-8.33,0.0,5700.0,0.0
2023-10-29,1.11,-7.22,-3.06,0.0,5570.0,0.0
2023-10-30,6.67,-4.44,1.11,0.0,5460.0,0.0
2023-10-31,10.56,-3.89,3.34,0.0,5300.0,0.0
2023-11-01,13.89,1.11,7.5,0.0,5280.0,0.0
2023-11-02,11.11,3.33,7.22,0.76,5330.0,1.0
2023-11-03,16.67,4.44,10.56,0.25,5370.0,1.0
2023-11-04,15.56,2.78,9.17,0.0,5410.0,1.0
2023-11-05,16.67,6.11,11.39,0.0,5380.0,0.0
2023-11-06,13.33,2.22,7.78,0.0,5360.0,0.0
2023-11-07,13.89,5.0,9.44,0.0,5620.0,1.0
2023-11-08,11.11,2.22,6.66,0.0,5700.0,1.0
2023-11-09,8.33,0.0,4.16,0.0,5540.0,0.0
2023-11-10,11.11,-1.11,5.0,0.0,5320.0,0.0
2023-11-11,11.11,-2.22,4.44,0.0,5090.0,0.0
2023-11-12,15.56,2.22,8.89,0.0,4980.0,0.0
2023-11-13,16.11,1.67,8.89,0.0,4950.0,0.0
2023-11-14,12.78,1.11,6.94,0.0,4880.0,0.0
2023-11-15,17.78,2.78,10.28,0.0,4760.0,0.0
2023-11-16,13.33,-1.11,6.11,0.0,4700.0,0.0
2023-11-17,15.56,-1.11,7.22,0.0,4630.0,0.0
2023-11-18,13.33,1.67,7.5,0.0,4600.0,0.0
2023-11-19,13.33,-0.56,6.38,0.0,4530.0,0.0
2023-11-20,10.0,-0.56,4.72,0.0,4450.0,0.0
2023-11-21,11.67,-2.22,4.72,0.0,4400.0,0.0
2023-11-22,12.78,5.0,8.89,0.0,4340.0,0.0
2023-11-23,3.89,-6.67,-1.39,0.0,4220.0,0.0
2023-11-24,-4.44,-7.22,-5.83,0.0,4280.0,1.0
2023-11-25,0.0,-10.0,-5.0,0.0,4080.0,0.0
2023-11-26,1.67,-6.67,-2.5,0.0,3820.0,0.0
2023-11-27,5.56,-5.0,0.28,0.0,3730.0,0.0
2023-11-28,8.89,-2.22,3.34,0.0,3740.0,1.0
2023-11-29,10.56,-2.22,4.17,0.0,3760.0,1.0
2023-11-30,-0.56,-6.11,-3.34,0.0,3790.0,1.0
2023-12-01,3.33,-6.11,-1.39,0.0,3670.0,0.0
2023-12-02,6.11,-3.33,1.39,0.0,3700.0,1.0
2023-12-03,5.56,1.67,3.62,0.0,3790.0,1.0
2023-12-04,9.44,4.44,6.94,0.0,3810.0,1.0
2023-12-05,16.11,6.11,11.11,0.0,3830.0,1.0
2023-12-06,15.56,8.33,11.94,0.0,3940.0,1.0
2023-12-07,10.0,2.78,6.39,1.52,3960.0,1.0
2023-12-08,4.44,-3.33,0.56,0.0,3880.0,0.0
2023-12-09,3.89,-2.22,0.84,0.0,3800.0,0.0
2023-12-10,9.44,1.11,5.28,0.0,3680.0,0.0
2023-12-11,4.44,-1.11,1.66,1.02,3500.0,0.0
2023-12-12,5.56,-3.33,1.11,0.0,3690.0,1.0
2023-12-13,7.78,-4.44,1.67,0.0,3750.0,1.0
2023-12-14,10.56,-4.44,3.06,0.0,3490.0,0.0
2023-12-15,8.33,-3.33,2.5,0.0,3320.0,0.0
2023-12-16,10.56,-1.67,4.44,0.0,3440.0,1.0
2023-12-17,9.44,-2.78,3.33,0.0,3520.0,1.0
2023-12-18,10.0,-4.44,2.78,0.0,3560.0,1.0
2023-12-19,11.11,3.33,7.22,0.0,3490.0,0.0
2023-12-20,13.33,2.78,8.06,0.0,3480.0,0.0
2023-12-21,11.67,1.67,6.67,0.0,3480.0,0.0
2023-12-22,13.89,1.11,7.5,0.0,3540.0,1.0
2023-12-23,5.56,-3.89,0.83,5.84,3530.0,0.0
2023-12-24,-1.67,-7.22,-4.44,0.0,3470.0,0.0
2023-12-25,-1.67,-10.0,-5.84,0.0,3290.0,0.0
2023-12-26,0.0,-8.89,-4.44,0.0,3010.0,0.0
2023-12-27,3.33,-5.56,-1.11,0.0,2780.0,0.0
2023-12-28,4.44,-2.78,0.83,0.0,2770.0,0.0
2023-12-29,5.56,-3.33,1.11,0.0,3060.0,1.0
2023-12-30,6.11,-3.89,1.11,0.0,3240.0,1.0
2023-12-31,5.0,-4.44,0.28,0.0,3320.0,1.0
2024-01-01,7.78,-3.33,2.22,0.0,3280.0,0.0
2024-01-02,7.22,-6.67,0.27,0.0,3220.0,0.0
2024-01-03,2.78,-7.78,-2.5,0.0,3090.0,0.0
2024-01-04,6.67,-7.22,-0.27,0.0,3040.0,0.0
2024-01-05,5.0,-3.33,0.84,0.0,3070.0,1.0
2024-01-06,3.89,-6.67,-1.39,0.0,3070.0,0.0
2024-01-07,0.0,-10.56,-5.28,2.54,2920.0,0.0
2024-01-08,-3.33,-16.11,-9.72,0.0,2980.0,1.0
2024-01-09,3.33,-8.33,-2.5,0.0,2760.0,0.0
2024-01-10,1.67,-15.56,-6.94,0.25,2770.0,1.0
2024-01-11,-15.56,-21.67,-18.62,0.0,2160.0,0.0
2024-01-12,,,,1.52,1390.0,0.0
2024-01-13,,,,0.0,1320.0,0.0
2024-01-14,,,,2.79,1410.0,1.0
2024-01-15,,,,0.0,1550.0,1.0
2024-01-16,-6.67,-20.56,-13.61,0.0,1740.0,1.0
2024-01-17,-6.11,-13.89,-10.0,0.51,2040.0,1.0
2024-01-18,-12.22,-19.44,-15.83,2.03,2230.0,1.0
2024-01-19,-11.67,-20.56,-16.11,0.0,2290.0,1.0
2024-01-20,5.56,-12.78,-3.61,0.0,2510.0,1.0
2024-01-21,9.44,2.78,6.11,0.0,2850.0,1.0
2024-01-22,7.22,-1.11,3.06,0.0,2960.0,1.0
2024-01-23,7.78,-3.33,2.22,0.0,2980.0,1.0
2024-01-24,8.89,0.0,4.44,0.0,3050.0,1.0
2024-01-25,10.0,-1.67,4.16,0.0,3110.0,1.0
2024-01-26,9.44,-2.78,3.33,0.0,3120.0,1.0
2024-01-27,10.56,-2.22,4.17,0.0,3260.0,1.0
2024-01-28,15.56,2.78,9.17,0.0,3530.0,1.0
2024-01-29,15.56,5.0,10.28,0.0,3760.0,1.0
2024-01-30,16.67,3.89,10.28,0.0,3870.0,1.0
2024-01-31,16.67,1.11,8.89,0.0,3680.0,0.0
2024-02-01,14.44,-0.56,6.94,0.0,3510.0,0.0
2024-02-02,12.78,-1.11,5.84,0.0,3410.0,0.0
2024-02-03,9.44,1.11,5.28,1.52,3330.0,0.0
2024-02-04,3.33,1.11,2.22,2.03,3420.0,1.0
2024-02-05,12.22,0.0,6.11,0.0,3530.0,1.0
2024-02-06,6.11,0.56,3.34,0.0,3380.0,0.0
2024-02-07,2.78,-4.44,-0.83,1.52,3230.0,0.0
2024-02-08,6.11,-3.89,1.11,0.0,3110.0,0.0
2024-02-09,1.11,-5.0,-1.94,0.25,3080.0,0.0
2024-02-10,4.44,-5.0,-0.28,0.0,3010.0,0.0
2024-02-11,7.22,-2.78,2.22,0.0,3050.0,1.0
2024-02-12,7.78,0.56,4.17,0.0,2770.0,0.0
2024-02-13,3.33,-3.89,-0.28,2.54,2730.0,0.0
2024-02-14,-3.89,-8.33,-6.11,1.27,2710.0,0.0
2024-02-15,-7.78,-12.22,-10.0,6.35,2700.0,0.0
2024-02-16,-10.0,-16.11,-13.06,0.0,2410.0,0.0
2024-02-17,-2.78,-11.67,-7.22,0.0,2170.0,0.0
2024-02-18,3.89,-9.44,-2.77,0.0,1870.0,0.0
2024-02-19,10.0,-1.67,4.16,0.0,2560.0,1.0
2024-02-20,15.0,0.0,7.5,0.0,3050.0,1.0
2024-02-21,12.78,-1.11,5.84,0.0,3040.0,0.0
2024-02-22,12.22,-1.11,5.56,0.0,2980.0,0.0
2024-02-23,11.67,0.56,6.12,0.0,2880.0,0.0
2024-02-24,13.33,3.33,8.33,0.0,2800.0,0.0
2024-02-25,14.44,4.44,9.44,0.0,2780.0,0.0
2024-02-26,15.0,-11.11,1.95,6.35,2820.0,1.0
2024-02-27,-11.11,-15.56,-13.34,0.25,2990.0,1.0
2024-02-28,6.67,-13.89,-3.61,0.0,2850.0,0.0
2024-02-29,12.78,3.89,8.33,0.0,2710.0,0.0
2024-03-01,8.89,1.11,5.0,1.02,2700.0,0.0
2024-03-02,8.33,-0.56,3.88,2.54,2940.0,1.0
2024-03-03,3.89,-8.89,-2.5,0.25,2970.0,1.0
2024-03-04,0.56,-11.67,-5.56,0.0,2810.0,0.0
2024-03-05,3.89,-6.67,-1.39,0.0,2650.0,0.0
2024-03-06,4.44,-6.11,-0.84,0.0,2620.0,0.0
2024-03-07,6.11,-8.89,-1.39,0.0,2710.0,1.0
2024-03-08,8.89,-6.11,1.39,0.0,2650.0,0.0
2024-03-09,16.11,1.11,8.61,0.0,2630.0,0.0
2024-03-10,17.22,2.78,10.0,0.0,2650.0,1.0
2024-03-11,12.78,2.22,7.5,0.0,2730.0,1.0
2024-03-12,13.33,1.11,7.22,0.51,2810.0,1.0
2024-03-13,7.78,1.11,4.44,0.0,2990.0,1.0
2024-03-14,8.33,0.0,4.16,0.0,3260.0,1.0
2024-03-15,15.0,-3.89,5.56,0.0,3140.0,0.0
2024-03-16,11.67,3.89,7.78,0.0,2950.0,0.0
2024-03-17,11.11,1.67,6.39,0.0,2920.0,0.0
2024-03-18,21.67,-1.67,10.0,0.0,3070.0,1.0
2024-03-19,18.89,0.56,9.72,0.0,3210.0,1.0
2024-03-20,13.33,-3.89,4.72,0.0,3320.0,1.0
2024-03-21,7.78,-5.56,1.11,1.78,3440.0,1.0
2024-03-22,-0.56,-5.0,-2.78,1.02,3530.0,1.0
2024-03-23,-1.11,-4.44,-2.78,0.0,3570.0,1.0
2024-03-24,-3.89,-7.78,-5.84,2.29,3410.0,0.0
2024-03-25,-2.78,-9.44,-6.11,0.0,3270.0,0.0
2024-03-26,4.44,-8.33,-1.94,0.51,3180.0,0.0
2024-03-27,11.67,-3.33,4.17,0.0,3090.0,0.0
2024-03-28,13.33,1.67,7.5,0.0,3020.0,0.0
2024-03-29,7.22,-2.22,2.5,0.25,2990.0,0.0
2024-03-30,2.22,-2.22,0.0,0.51,3010.0,1.0
2024-03-31,2.22,-0.56,0.83,2.79,3020.0,1.0
2024-04-01,15.0,-2.78,6.11,0.0,3050.0,1.0
2024-04-02,20.56,2.78,11.67,0.0,2980.0,0.0
2024-04-03,23.89,6.67,15.28,0.0,2920.0,0.0
2024-04-04,19.44,5.56,12.5,0.0,2940.0,1.0
2024-04-05,15.0,2.78,8.89,0.0,3180.0,1.0
2024-04-06,6.67,0.0,3.34,16.76,3930.0,1.0
2024-04-07,5.56,1.67,3.62,5.59,4410.0,1.0
2024-04-08,11.67,2.78,7.22,0.0,4360.0,0.0
2024-04-09,15.0,1.67,8.34,0.0,3920.0,0.0
2024-04-10,12.22,3.33,7.78,0.0,3680.0,0.0
2024-04-11,16.67,-0.56,8.06,0.0,3550.0,0.0
2024-04-12,25.56,3.89,14.72,0.0,3490.0,0.0
2024-04-13,25.0,10.0,17.5,0.0,3440.0,0.0
2024-04-14,26.67,7.22,16.94,0.0,3690.0,1.0
2024-04-15,20.0,10.0,15.0,0.0,4400.0,1.0
2024-04-16,17.78,1.11,9.44,4.32,5400.0,1.0
2024-04-17,8.33,-1.67,3.33,2.79,6240.0,1.0
2024-04-18,7.78,-5.0,1.39,0.0,6060.0,0.0
2024-04-19,5.0,-3.33,0.84,0.0,5460.0,0.0
2024-04-20,8.89,-5.56,1.67,0.0,4890.0,0.0
2024-04-21,20.0,-1.67,9.16,0.0,4680.0,0.0
2024-04-22,15.56,2.22,8.89,0.0,4510.0,0.0
2024-04-23,17.22,1.11,9.16,0.0,4490.0,0.0
2024-04-24,23.33,2.22,12.77,0.0,4740.0,1.0
2024-04-25,21.11,10.0,15.56,0.0,5000.0,1.0
2024-04-26,13.33,8.33,10.83,2.03,5760.0,1.0
2024-04-27,17.78,4.44,11.11,0.0,7250.0,1.0
2024-04-28,17.78,6.11,11.94,0.0,7320.0,1.0
2024-04-29,20.0,5.0,12.5,5.59,7100.0,0.0
2024-04-30,13.33,2.78,8.06,2.54,7020.0,0.0
2024-05-01,9.44,1.67,5.56,2.03,6750.0,0.0
2024-05-02,9.44,1.11,5.28,0.0,6350.0,0.0
2024-05-03,8.89,-1.67,3.61,0.0,5850.0,0.0
2024-05-04,18.33,-2.22,8.06,0.0,5490.0,0.0
2024-05-05,17.78,4.44,11.11,1.27,5190.0,0.0
2024-05-06,11.11,7.78,9.44,4.32,5160.0,0.0
2024-05-07,10.56,2.22,6.39,6.35,5450.0,1.0
2024-05-08,10.56,2.22,6.39,18.54,6200.0,1.0
2024-05-09,14.44,7.22,10.83,3.3,6820.0,1.0
2024-05-10,21.11,5.56,13.34,0.0,6880.0,1.0
2024-05-11,26.11,8.89,17.5,0.0,6420.0,0.0
2024-05-12,26.11,10.0,18.06,0.0,7030.0,1.0
2024-05-13,26.67,10.56,18.62,0.76,8660.0,1.0
2024-05-14,18.33,9.44,13.88,1.78,11200.0,1.0
2024-05-15,22.22,7.78,15.0,0.0,13500.0,1.0
2024-05-16,24.44,10.0,17.22,0.0,13300.0,0.0
2024-05-17,22.78,7.22,15.0,0.76,13800.0,1.0
2024-05-18,18.33,6.11,12.22,0.0,16200.0,1.0
2024-05-19,13.89,5.56,9.72,3.3,16300.0,1.0
2024-05-20,15.0,3.89,9.44,0.51,14400.0,0.0
2024-05-21,17.22,5.0,11.11,0.0,12800.0,0.0
2024-05-22,18.89,8.89,13.89,0.0,11500.0,0.0
2024-05-23,10.0,2.78,6.39,51.31,12600.0,1.0
2024-05-24,18.33,1.67,10.0,0.0,14300.0,1.0
2024-05-25,20.56,7.22,13.89,0.0,12800.0,0.0
2024-05-26,20.0,8.89,14.44,0.51,12200.0,0.0
2024-05-27,22.22,6.67,14.44,0.0,12300.0,1.0
2024-05-28,26.67,8.33,17.5,0.0,11900.0,0.0
2024-05-29,22.22,8.89,15.56,3.56,12200.0,1.0
2024-05-30,17.78,7.22,12.5,0.0,16500.0,1.0
2024-05-31,20.56,7.22,13.89,0.0,19200.0,1.0
2024-06-01,25.0,5.56,15.28,0.0,16800.0,0.0
2024-06-02,23.33,11.11,17.22,0.0,17000.0,1.0
2024-06-03,26.67,11.11,18.89,2.03,18700.0,1.0
2024-06-04,23.33,8.89,16.11,0.0,21400.0,1.0
2024-06-05,25.56,13.89,19.73,0.0,30300.0,1.0
2024-06-06,27.22,8.89,18.06,0.0,32200.0,1.0
2024-06-07,26.11,11.67,18.89,0.0,36700.0,1.0
2024-06-08,26.67,11.11,18.89,0.0,37800.0,1.0
2024-06-09,23.89,11.67,17.78,0.51,38300.0,1.0
2024-06-10,27.78,15.0,21.39,1.02,38500.0,1.0
2024-06-11,30.0,13.33,21.66,0.0,44800.0,1.0
2024-06-12,30.56,16.11,23.34,0.0,40200.0,0.0
2024-06-13,27.22,10.56,18.89,0.0,35700.0,0.0
2024-06-14,27.78,13.33,20.56,0.0,32500.0,0.0
2024-06-15,29.44,11.67,20.56,0.0,30800.0,0.0
2024-06-16,22.22,6.67,14.44,0.0,29800.0,0.0
2024-06-17,18.33,7.22,12.77,4.57,26000.0,0.0
2024-06-18,11.67,3.33,7.5,3.81,22100.0,0.0
2024-06-19,22.78,3.89,13.34,0.0,19000.0,0.0
2024-06-20,26.11,8.33,17.22,0.0,16400.0,0.0
2024-06-21,23.89,13.33,18.61,0.0,14600.0,0.0
2024-06-22,31.11,13.33,22.22,0.0,14300.0,0.0
2024-06-23,36.67,15.0,25.84,3.3,15000.0,1.0
2024-06-24,31.11,17.78,24.44,0.0,16500.0,1.0
2024-06-25,32.22,15.56,23.89,0.0,18000.0,1.0
2024-06-26,28.89,12.78,20.84,0.0,17400.0,0.0
2024-06-27,30.56,15.0,22.78,0.0,16400.0,0.0
2024-06-28,23.33,8.89,16.11,0.0,17300.0,1.0
2024-06-29,25.0,8.33,16.66,0.0,15900.0,0.0
2024-06-30,30.56,10.56,20.56,0.0,13400.0,0.0
2024-07-01,27.22,14.44,20.83,0.51,12300.0,0.0
2024-07-02,26.67,13.33,20.0,0.0,12800.0,1.0
2024-07-03,22.78,12.22,17.5,1.78,12900.0,1.0
2024-07-04,23.33,10.56,16.94,2.54,11900.0,0.0
2024-07-05,29.44,10.56,20.0,0.76,10800.0,0.0
2024-07-06,25.56,10.56,18.06,0.0,9900.0,0.0
2024-07-07,27.78,10.56,19.17,0.0,9370.0,0.0
2024-07-08,33.89,12.22,23.06,0.0,8820.0,0.0
2024-07-09,34.44,16.67,25.56,0.0,8220.0,0.0
2024-07-10,37.22,16.11,26.66,0.0,7860.0,0.0
2024-07-11,37.78,19.44,28.61,0.0,7640.0,0.0
2024-07-12,37.78,18.89,28.34,0.0,7470.0,0.0
2024-07-13,35.0,18.33,26.66,0.0,7280.0,0.0
2024-07-14,37.22,17.22,27.22,0.0,7110.0,0.0
2024-07-15,33.33,17.78,25.56,0.0,6850.0,0.0
2024-07-16,32.78,18.33,25.56,0.0,6610.0,0.0
2024-07-17,33.89,17.78,25.84,0.25,6230.0,0.0
2024-07-18,35.56,16.67,26.12,0.0,5910.0,0.0
2024-07-19,33.33,18.33,25.83,0.0,5760.0,0.0
2024-07-20,33.33,17.22,25.28,0.0,5620.0,0.0
2024-07-21,32.78,17.22,25.0,0.0,5510.0,0.0
2024-07-22,33.89,16.11,25.0,0.0,5310.0,0.0
2024-07-23,37.78,18.89,28.34,0.0,5030.0,0.0
2024-07-24,40.56,22.22,31.39,0.0,4700.0,0.0
2024-07-25,36.11,22.78,29.44,0.0,4480.0,0.0
2024-07-26,30.0,16.67,23.34,0.0,4380.0,0.0
2024-07-27,31.67,16.11,23.89,0.0,4320.0,0.0
2024-07-28,29.44,17.22,23.33,0.0,4400.0,1.0
2024-07-29,33.33,14.44,23.88,0.0,4330.0,0.0
2024-07-30,30.56,16.67,23.62,0.0,4270.0,0.0
2024-07-31,31.67,15.56,23.62,0.0,4100.0,0.0
2024-08-01,35.56,16.11,25.84,0.0,3970.0,0.0
2024-08-02,40.56,17.22,28.89,0.0,3800.0,0.0
2024-08-03,37.22,18.33,27.78,0.0,3560.0,0.0
2024-08-04,32.78,16.67,24.72,10.41,3430.0,0.0
2024-08-05,30.0,15.0,22.5,0.0,3490.0,1.0
2024-08-06,33.89,15.0,24.44,9.65,3660.0,1.0
2024-08-07,18.33,14.44,16.38,0.51,3560.0,0.0
2024-08-08,21.11,11.11,16.11,0.0,3510.0,0.0
2024-08-09,23.89,10.56,17.23,0.0,3520.0,1.0
2024-08-10,24.44,12.78,18.61,0.25,3470.0,0.0
2024-08-11,26.67,13.33,20.0,0.0,3550.0,1.0
2024-08-12,29.44,13.33,21.38,0.0,3560.0,1.0
2024-08-13,30.0,13.89,21.94,0.51,3580.0,1.0
2024-08-14,30.0,15.0,22.5,0.0,3470.0,0.0
2024-08-15,29.44,13.89,21.66,0.0,3410.0,0.0
2024-08-16,30.56,14.44,22.5,0.0,3430.0,1.0
2024-08-17,31.11,14.44,22.78,0.0,3340.0,0.0
2024-08-18,33.89,17.22,25.56,0.0,3260.0,0.0
2024-08-19,30.56,20.56,25.56,0.0,3120.0,0.0
2024-08-20,33.89,16.11,25.0,0.0,2870.0,0.0
2024-08-21,31.67,13.33,22.5,0.0,2820.0,0.0
2024-08-22,31.11,13.33,22.22,0.0,2800.0,0.0
2024-08-23,34.44,14.44,24.44,0.0,2770.0,0.0
2024-08-24,33.33,15.0,24.16,0.0,2710.0,0.0
2024-08-25,27.22,15.0,21.11,0.25,2680.0,0.0
2024-08-26,20.0,14.44,17.22,1.27,2690.0,1.0
2024-08-27,31.11,11.67,21.39,0.0,2770.0,1.0
2024-08-28,24.44,11.67,18.06,0.0,2740.0,0.0
2024-08-29,27.22,11.67,19.44,0.0,2590.0,0.0
2024-08-30,31.67,10.56,21.12,0.0,2530.0,0.0
2024-08-31,30.0,13.33,21.66,0.0,2490.0,0.0
2024-09-01,31.11,12.22,21.66,0.0,2410.0,0.0
2024-09-02,36.11,13.89,25.0,0.0,2380.0,0.0
2024-09-03,32.22,16.11,24.16,0.51,2350.0,0.0
2024-09-04,28.33,12.22,20.27,0.0,2370.0,1.0
2024-09-05,27.78,11.11,19.44,0.0,2390.0,1.0
2024-09-06,30.0,11.67,20.84,0.0,2400.0,1.0
2024-09-07,31.67,12.78,22.22,0.0,2400.0,0.0
2024-09-08,33.33,12.78,23.06,0.0,2340.0,0.0
2024-09-09,32.78,18.33,25.56,0.0,2290.0,0.0
2024-09-10,24.44,15.0,19.72,0.0,2260.0,0.0
2024-09-11,26.67,13.89,20.28,2.29,2260.0,0.0
2024-09-12,20.0,11.67,15.84,7.87,2440.0,1.0
2024-09-13,21.67,10.0,15.84,0.0,2460.0,1.0
2024-09-14,25.0,7.78,16.39,0.0,2490.0,1.0
2024-09-15,30.0,10.56,20.28,0.0,2640.0,1.0
2024-09-16,27.22,11.67,19.44,0.0,2620.0,0.0
2024-09-17,23.89,11.67,17.78,1.78,2570.0,0.0
2024-09-18,16.11,10.0,13.06,31.24,3180.0,1.0
2024-09-19,23.89,12.78,18.34,0.0,3680.0,1.0
2024-09-20,25.56,10.0,17.78,0.0,5970.0,1.0
2024-09-21,15.56,6.11,10.84,0.0,5550.0,0.0
2024-09-22,23.89,3.89,13.89,0.0,4840.0,0.0
2024-09-23,24.44,12.78,18.61,0.0,4380.0,0.0
2024-09-24,27.22,12.22,19.72,0.0,4010.0,0.0
2024-09-25,33.33,15.0,24.16,0.0,3750.0,0.0
2024-09-26,30.56,13.89,22.22,0.0,3560.0,0.0
2024-09-27,30.56,9.44,20.0,0.0,3370.0,0.0
2024-09-28,27.78,11.11,19.44,0.0,3250.0,0.0
2024-09-29,34.44,11.67,23.06,0.0,3150.0,0.0
2024-09-30,17.22,6.11,11.66,0.0,3010.0,0.0
2024-10-01,23.89,3.33,13.61,0.0,2920.0,0.0
2024-10-02,24.44,9.44,16.94,0.0,2920.0,0.0
2024-10-03,17.78,5.0,11.39,0.0,2870.0,0.0
2024-10-04,30.56,3.33,16.94,0.0,2830.0,0.0
2024-10-05,20.0,9.44,14.72,0.0,2810.0,0.0
2024-10-06,22.78,3.89,13.34,0.0,2730.0,0.0
2024-10-07,25.0,8.33,16.66,0.0,2750.0,1.0
2024-10-08,27.22,8.33,17.77,0.0,2760.0,1.0
2024-10-09,27.78,10.0,18.89,0.0,2710.0,0.0
2024-10-10,22.22,10.0,16.11,0.0,2690.0,0.0
2024-10-11,20.0,7.78,13.89,0.0,2630.0,0.0
2024-10-12,19.44,7.78,13.61,0.0,2750.0,1.0
2024-10-13,17.78,2.78,10.28,0.0,2880.0,1.0
2024-10-14,26.67,5.56,16.12,0.0,2880.0,0.0
2024-10-15,25.56,8.33,16.94,0.0,2910.0,1.0
2024-10-16,28.33,12.22,20.27,0.0,2930.0,1.0
2024-10-17,14.44,6.11,10.28,7.11,3060.0,1.0
2024-10-18,11.67,3.89,7.78,0.0,3070.0,1.0
2024-10-19,17.78,2.22,10.0,0.0,3230.0,1.0
2024-10-20,23.33,10.56,16.94,0.0,3270.0,1.0
2024-10-21,22.78,8.89,15.84,0.0,3190.0,0.0
2024-10-22,15.0,5.56,10.28,2.54,3220.0,1.0
2024-10-23,15.56,0.56,8.06,0.0,3190.0,0.0
2024-10-24,13.89,1.67,7.78,0.51,3190.0,0.0
2024-10-25,12.22,-1.11,5.56,0.0,3160.0,0.0
2024-10-26,22.78,1.11,11.94,0.0,3170.0,1.0
2024-10-27,21.11,4.44,12.78,0.0,3170.0,0.0
2024-10-28,13.89,2.22,8.06,0.25,3100.0,0.0
2024-10-29,8.33,0.56,4.44,0.0,3100.0,0.0
2024-10-30,9.44,-2.78,3.33,0.0,3150.0,1.0
2024-10-31,10.56,-1.67,4.44,0.0,3160.0,1.0
2024-11-01,12.22,0.0,6.11,0.0,3190.0,1.0
2024-11-02,7.78,-1.11,3.34,0.0,3140.0,0.0
2024-11-03,10.56,1.11,5.84,0.0,3160.0,1.0
2024-11-04,10.0,-1.67,4.16,0.0,3130.0,0.0
2024-11-05,6.11,-0.56,2.78,0.25,3150.0,1.0
2024-11-06,7.22,-3.33,1.94,0.0,3100.0,0.0
2024-11-07,11.11,0.56,5.84,0.0,3060.0,0.0
2024-11-08,15.56,-1.11,7.22,0.0,3010.0,0.0
2024-11-09,17.22,2.22,9.72,0.0,2970.0,0.0
2024-11-10,13.89,4.44,9.17,0.0,3000.0,1.0
2024-11-11,12.22,0.0,6.11,0.0,3040.0,1.0
2024-11-12,9.44,1.11,5.28,3.05,3090.0,1.0
2024-11-13,11.11,-1.67,4.72,0.0,3110.0,1.0
2024-11-14,14.44,0.56,7.5,0.0,3150.0,1.0
2024-11-15,6.67,-2.78,1.94,0.0,3090.0,0.0
2024-11-16,7.22,0.0,3.61,0.51,3100.0,1.0
2024-11-17,11.11,-2.22,4.44,0.0,3100.0,0.0
2024-11-18,8.33,-1.67,3.33,1.78,3050.0,0.0
2024-11-19,2.78,-4.44,-0.83,0.0,3020.0,0.0
2024-11-20,2.22,-8.33,-3.06,0.0,2940.0,0.0
2024-11-21,7.22,-7.22,0.0,0.0,2780.0,0.0
2024-11-22,3.89,-5.0,-0.55,0.0,2740.0,0.0
2024-11-23,4.44,-5.56,-0.56,0.0,2790.0,1.0
2024-11-24,-3.89,-11.67,-7.78,4.32,2800.0,1.0
2024-11-25,-5.0,-14.44,-9.72,0.0,2780.0,0.0
2024-11-26,5.0,-7.78,-1.39,0.0,2760.0,0.0
2024-11-27,3.33,-5.56,-1.11,0.0,2730.0,0.0
2024-11-28,-0.56,-6.67,-3.62,0.0,2700.0,0.0
2024-11-29,-2.78,-7.78,-5.28,0.0,2660.0,0.0
2024-11-30,5.0,-6.67,-0.84,0.0,2620.0,0.0
2024-12-01,2.22,-8.89,-3.34,0.0,2580.0,0.0
2024-12-02,10.0,-11.11,-0.55,0.0,2550.0,0.0
2024-12-03,16.67,2.22,9.44,0.0,2520.0,0.0
2024-12-04,5.56,-5.56,0.0,0.0,2500.0,0.0
2024-12-05,11.67,-5.56,3.06,0.0,2470.0,0.0
2024-12-06,12.78,1.11,6.94,0.0,2460.0,0.0
2024-12-07,13.89,5.0,9.44,0.0,2460.0,0.0
2024-12-08,12.78,0.56,6.67,0.0,2450.0,0.0
2024-12-09,2.78,-2.22,0.28,0.0,2440.0,0.0
2024-12-10,3.89,-3.33,0.28,0.0,2410.0,0.0
2024-12-11,8.33,-0.56,3.88,0.0,2390.0,0.0
2024-12-12,5.0,-5.56,-0.28,0.0,2360.0,0.0
2024-12-13,8.33,-5.56,1.39,0.0,2330.0,0.0
2024-12-14,7.78,-2.78,2.5,1.27,2320.0,0.0
2024-12-15,3.89,-1.67,1.11,5.08,2320.0,0.0
2024-12-16,2.22,-5.0,-1.39,0.0,2310.0,0.0
2024-12-17,3.33,-5.0,-0.84,0.0,2300.0,0.0
2024-12-18,11.67,-3.89,3.89,0.0,2300.0,0.0
2024-12-19,7.22,-4.44,1.39,0.0,2290.0,0.0
2024-12-20,14.44,-5.56,4.44,0.0,2290.0,0.0
2024-12-21,14.44,2.22,8.33,0.0,2290.0,0.0
2024-12-22,12.22,-0.56,5.83,0.0,2290.0,0.0
2024-12-23,12.22,-3.89,4.16,0.0,2290.0,0.0
2024-12-24,6.11,-2.78,1.67,0.0,2270.0,0.0
2024-12-25,10.0,-0.56,4.72,0.0,2260.0,0.0
2024-12-26,5.56,-1.67,1.94,0.0,2260.0,0.0
2024-12-27,8.33,-1.67,3.33,0.0,2260.0,0.0
2024-12-28,11.67,0.56,6.12,0.0,2250.0,0.0
2024-12-29,5.56,-0.56,2.5,2.29,2240.0,0.0
2024-12-30,1.67,-6.11,-2.22,3.05,2220.0,0.0
2024-12-31,-1.11,-7.22,-4.16,1.02,2200.0,0.0
2025-01-01,-1.67,-8.89,-5.28,0.0,2160.0,0.0
2025-01-02,-5.56,-8.33,-6.94,0.0,2050.0,0.0
2025-01-03,-8.33,-10.56,-9.44,6.86,1870.0,0.0
2025-01-04,-7.78,-10.56,-9.17,8.13,1670.0,0.0
2025-01-05,-2.78,-12.78,-7.78,0.0,1490.0,0.0
2025-01-06,-3.33,-10.0,-6.66,2.29,1500.0,1.0
2025-01-07,-1.11,-8.89,-5.0,0.0,1660.0,1.0
2025-01-08,2.78,-3.89,-0.56,0.51,1810.0,1.0
2025-01-09,2.22,-3.89,-0.84,0.0,1940.0,1.0
2025-01-10,5.56,-6.11,-0.28,0.0,2060.0,1.0
2025-01-11,3.33,-0.56,1.38,0.0,2110.0,1.0
2025-01-12,1.11,-3.89,-1.39,0.0,2100.0,0.0
2025-01-13,1.67,-2.22,-0.28,0.0,2070.0,0.0
2025-01-14,3.33,-2.78,0.28,0.0,2060.0,0.0
2025-01-15,3.89,-2.22,0.84,0.0,2050.0,0.0
2025-01-16,8.89,0.56,4.73,0.0,2040.0,0.0
2025-01-17,3.33,-10.56,-3.62,3.3,1930.0,0.0
2025-01-18,-10.0,-19.44,-14.72,0.25,1710.0,0.0
2025-01-19,-13.89,-19.44,-16.66,0.0,1280.0,0.0
2025-01-20,-13.33,-22.22,-17.77,0.0,944.0,0.0
2025-01-21,1.67,-13.33,-5.83,0.0,779.0,0.0
2025-01-22,-1.67,-5.0,-3.34,0.0,901.0,1.0
2025-01-23,0.0,-7.78,-3.89,0.0,1080.0,1.0
2025-01-24,0.0,-7.78,-3.89,0.0,1310.0,1.0
2025-01-25,-5.56,-15.0,-10.28,0.0,1660.0,1.0
2025-01-26,-3.89,-16.67,-10.28,0.0,1890.0,1.0
2025-01-27,2.78,-5.0,-1.11,0.0,1760.0,0.0
2025-01-28,6.11,-3.33,1.39,0.0,1800.0,1.0
2025-01-29,10.0,-1.67,4.16,0.0,1900.0,1.0
2025-01-30,11.67,-1.11,5.28,0.0,2040.0,1.0
2025-01-31,8.33,2.22,5.28,0.0,2150.0,1.0
2025-02-01,,,,0.0,2170.0,1.0
2025-02-02,-2.78,-16.11,-9.44,6.86,2110.0,0.0
2025-02-03,-16.67,-20.56,-18.62,9.14,1680.0,0.0
2025-02-04,-16.67,-19.44,-18.06,0.0,1250.0,0.0
2025-02-05,-12.78,-19.44,-16.11,1.52,1040.0,0.0
2025-02-06,-2.22,-12.22,-7.22,0.0,1080.0,1.0
2025-02-07,-12.78,-17.78,-15.28,8.89,1300.0,1.0
2025-02-08,-9.44,-21.67,-15.56,0.0,1480.0,1.0
2025-02-09,-9.44,-15.56,-12.5,0.25,1620.0,1.0
2025-02-10,-14.44,-27.22,-20.83,0.76,1690.0,1.0
2025-02-11,-14.44,-27.78,-21.11,0.0,1650.0,0.0
2025-02-12,-14.44,-23.89,-19.16,0.0,1600.0,0.0
2025-02-13,-8.89,-17.78,-13.34,0.0,1560.0,0.0
2025-02-14,-8.89,-14.44,-11.66,1.02,1540.0,0.0
2025-02-15,-12.78,-15.56,-14.17,1.78,1520.0,0.0
2025-02-16,-15.56,-18.33,-16.94,5.08,1490.0,0.0
2025-02-17,-18.33,-21.0,-19.66,9.65,1520.0,1.0
2025-02-18,-18.33,-25.56,-21.94,1.52,1510.0,0.0
2025-02-19,-18.33,-26.11,-22.22,0.0,1390.0,0.0
2025-02-20,0.56,-20.0,-9.72,0.0,1480.0,1.0
2025-02-21,1.67,-5.0,-1.66,0.0,1670.0,1.0
2025-02-22,5.0,-1.67,1.66,0.0,1820.0,1.0
2025-02-23,8.89,3.33,6.11,0.0,1970.0,1.0
2025-02-24,10.56,5.0,7.78,0.0,2150.0,1.0
2025-02-25,8.89,3.89,6.39,0.0,2440.0,1.0
2025-02-26,8.89,1.11,5.0,0.0,2890.0,1.0
2025-02-27,12.78,2.22,7.5,0.0,3140.0,1.0
2025-02-28,13.33,3.89,8.61,0.0,3080.0,0.0
2025-03-01,16.11,1.67,8.89,0.0,3090.0,1.0
2025-03-02,16.11,1.11,8.61,0.0,3210.0,1.0
2025-03-03,7.78,-1.11,3.34,1.27,3470.0,1.0
2025-03-04,3.33,-2.22,0.55,1.52,3400.0,0.0
2025-03-05,10.0,-1.11,4.44,0.0,3320.0,0.0
2025-03-06,1.67,-3.33,-0.83,0.0,3170.0,0.0
2025-03-07,7.22,-5.0,1.11,0.0,3010.0,0.0
2025-03-08,11.67,-0.56,5.56,0.0,2740.0,0.0
2025-03-09,16.11,6.67,11.39,0.0,2610.0,0.0
2025-03-10,16.67,0.0,8.34,0.0,2520.0,0.0
2025-03-11,13.89,-2.78,5.56,0.0,2570.0,1.0
2025-03-12,17.78,-1.67,8.06,0.0,2580.0,1.0
2025-03-13,17.22,2.78,10.0,2.54,2560.0,0.0
2025-03-14,6.67,0.56,3.62,0.25,2580.0,1.0
2025-03-15,8.89,-3.89,2.5,0.0,2600.0,1.0
2025-03-16,12.78,0.56,6.67,0.0,2590.0,0.0
2025-03-17,10.0,1.11,5.56,4.32,2550.0,0.0
2025-03-18,4.44,-1.11,1.66,10.67,2660.0,1.0
2025-03-19,7.78,-2.78,2.5,0.0,2580.0,0.0
2025-03-20,9.44,1.67,5.56,0.0,2480.0,0.0
2025-03-21,12.78,0.0,6.39,0.0,2400.0,0.0
2025-03-22,7.78,1.11,4.44,0.51,2400.0,0.0
2025-03-23,9.44,-1.67,3.88,0.0,2420.0,1.0
2025-03-24,16.67,7.78,12.23,0.0,2420.0,0.0
2025-03-25,14.44,7.78,11.11,0.0,2430.0,1.0
2025-03-26,22.22,5.0,13.61,0.0,2490.0,1.0
2025-03-27,25.56,5.0,15.28,0.0,2720.0,1.0
2025-03-28,13.33,4.44,8.88,0.0,2870.0,1.0
2025-03-29,3.33,-0.56,1.38,0.0,3110.0,1.0
2025-03-30,0.0,-2.22,-1.11,8.13,3520.0,1.0
2025-03-31,7.22,-2.0,2.61,0.0,3660.0,1.0
2025-04-01,8.89,0.56,4.73,3.05,3520.0,0.0
2025-04-02,7.78,0.0,3.89,9.91,3430.0,0.0
2025-04-03,7.22,-2.22,2.5,4.57,3330.0,0.0
2025-04-04,4.44,-2.78,0.83,0.0,3240.0,0.0
2025-04-05,13.33,-3.89,4.72,0.0,3130.0,0.0
2025-04-06,18.33,2.22,10.27,0.0,3030.0,0.0
2025-04-07,21.67,2.22,11.94,0.0,2930.0,0.0
2025-04-08,17.22,7.78,12.5,0.25,2970.0,1.0
2025-04-09,17.22,4.44,10.83,0.0,3080.0,1.0
2025-04-10,20.0,2.22,11.11,0.0,3270.0,1.0
2025-04-11,26.67,10.56,18.62,0.0,3390.0,1.0
2025-04-12,17.22,6.11,11.66,3.3,3400.0,1.0
2025-04-13,9.44,2.78,6.11,0.0,3870.0,1.0
2025-04-14,13.33,-1.67,5.83,0.0,4530.0,1.0
2025-04-15,22.78,3.89,13.34,0.0,4540.0,1.0
2025-04-16,18.33,-0.56,8.88,12.95,4310.0,0.0
2025-04-17,1.67,-1.11,0.28,8.64,4850.0,1.0
2025-04-18,5.56,-3.33,1.11,0.0,5490.0,1.0
2025-04-19,15.56,0.56,8.06,0.0,5420.0,0.0
2025-04-20,16.67,7.78,12.23,0.51,4960.0,0.0
2025-04-21,13.33,2.78,8.06,6.86,4860.0,0.0
2025-04-22,11.67,3.33,7.5,0.0,5000.0,1.0
2025-04-23,10.0,2.78,6.39,0.0,5000.0,0.0
2025-04-24,7.78,3.89,5.84,0.0,4860.0,0.0
2025-04-25,12.22,2.78,7.5,0.0,4780.0,0.0
2025-04-26,20.0,1.11,10.56,0.51,4670.0,0.0
2025-04-27,18.89,7.78,13.34,11.18,4620.0,0.0
2025-04-28,10.0,4.44,7.22,13.97,6820.0,1.0
2025-04-29,18.89,6.67,12.78,9.4,9800.0,1.0
2025-04-30,13.33,7.78,10.56,0.76,8880.0,0.0
2025-05-01,17.22,6.67,11.94,0.0,8530.0,0.0
2025-05-02,22.22,3.33,12.77,0.0,8510.0,0.0
2025-05-03,26.11,10.0,18.06,0.0,8140.0,0.0
2025-05-04,26.11,10.56,18.34,0.0,8870.0,1.0
2025-05-05,11.67,2.78,7.22,9.4,11600.0,1.0
2025-05-06,9.44,3.89,6.66,0.76,14500.0,1.0
2025-05-07,22.22,2.22,12.22,0.0,13000.0,0.0
2025-05-08,25.56,11.67,18.61,0.0,11700.0,0.0
2025-05-09,23.89,8.89,16.39,0.0,13000.0,1.0
2025-05-10,30.56,11.67,21.12,0.0,15900.0,1.0
2025-05-11,24.44,14.44,19.44,0.25,20200.0,1.0
2025-05-12,28.33,13.33,20.83,0.0,25900.0,1.0
2025-05-13,17.78,8.33,13.06,19.05,28400.0,1.0
2025-05-14,13.89,7.22,10.56,6.35,29300.0,1.0
2025-05-15,15.0,7.78,11.39,0.0,24300.0,0.0
2025-05-16,17.22,4.44,10.83,1.78,19600.0,0.0
2025-05-17,19.44,7.78,13.61,0.0,16700.0,0.0
2025-05-18,13.89,8.0,10.94,21.08,15300.0,0.0
2025-05-19,12.22,5.56,8.89,3.81,16200.0,1.0
2025-05-20,18.33,5.56,11.94,0.0,15200.0,0.0
2025-05-21,17.22,7.78,12.5,0.0,14300.0,0.0
2025-05-22,20.56,5.56,13.06,0.25,13200.0,0.0
2025-05-23,20.0,7.78,13.89,0.0,12500.0,0.0
2025-05-24,19.44,7.78,13.61,0.0,12300.0,0.0
2025-05-25,21.67,7.0,14.34,0.0,13100.0,1.0
2025-05-26,22.78,8.33,15.56,0.0,14800.0,1.0
2025-05-27,23.33,12.22,17.77,0.0,18100.0,1.0
2025-05-28,22.22,13.89,18.06,3.3,22200.0,1.0
2025-05-29,24.44,10.0,17.22,0.0,25100.0,1.0
2025-05-30,26.11,13.89,20.0,0.0,26900.0,1.0
2025-05-31,28.89,11.11,20.0,0.0,31000.0,1.0
2025-06-01,27.22,10.56,18.89,3.81,32600.0,1.0
2025-06-02,13.89,8.33,11.11,8.13,35200.0,1.0
2025-06-03,18.33,5.56,11.94,2.54,37600.0,1.0
2025-06-04,18.33,7.78,13.06,0.0,29700.0,0.0
2025-06-05,20.56,7.22,13.89,0.0,23700.0,0.0
2025-06-06,25.56,7.78,16.67,0.0,20100.0,0.0
2025-06-07,22.22,12.78,17.5,0.0,18500.0,0.0
2025-06-08,23.89,12.22,18.06,0.0,19100.0,1.0
2025-06-09,32.22,10.0,21.11,0.0,21600.0,1.0
2025-06-10,30.0,17.22,23.61,0.0,23600.0,1.0
2025-06-11,26.11,15.0,20.56,0.51,23900.0,1.0
2025-06-12,25.56,12.78,19.17,0.0,23900.0,0.0
2025-06-13,26.67,13.33,20.0,0.0,23500.0,0.0
2025-06-14,25.56,13.89,19.73,0.0,23000.0,0.0
2025-06-15,27.78,15.56,21.67,3.3,22400.0,0.0
2025-06-16,24.44,12.22,18.33,0.25,21300.0,0.0
2025-06-17,24.44,11.67,18.06,0.0,20200.0,0.0
2025-06-18,30.0,12.78,21.39,0.0,18400.0,0.0
2025-06-19,31.11,13.33,22.22,0.0,16800.0,0.0
2025-06-20,25.56,13.89,19.73,8.89,16200.0,0.0
2025-06-21,21.11,11.67,16.39,1.52,16900.0,1.0
2025-06-22,14.44,6.67,10.56,12.7,17800.0,1.0
2025-06-23,21.11,5.56,13.34,0.0,16100.0,0.0
2025-06-24,24.44,9.44,16.94,5.33,14100.0,0.0
2025-06-25,28.33,11.11,19.72,0.0,12400.0,0.0
2025-06-26,30.56,15.0,22.78,0.76,11100.0,0.0
2025-06-27,28.89,14.44,21.66,0.0,10400.0,0.0
2025-06-28,26.11,15.0,20.56,1.02,10100.0,0.0
2025-06-29,26.67,13.33,20.0,0.0,10200.0,1.0
2025-06-30,28.89,12.78,20.84,0.0,9970.0,0.0
2025-07-01,33.89,14.44,24.16,0.25,9570.0,0.0
2025-07-02,35.56,18.33,26.94,0.0,9120.0,0.0
2025-07-03,31.11,18.89,25.0,0.0,8920.0,0.0
2025-07-04,28.89,17.22,23.06,0.0,8960.0,1.0
2025-07-05,23.33,13.89,18.61,9.14,8820.0,0.0
2025-07-06,28.33,11.67,20.0,0.0,8710.0,0.0
2025-07-07,28.33,15.56,21.94,0.0,8210.0,0.0
2025-07-08,35.56,16.67,26.12,0.0,7580.0,0.0
2025-07-09,35.56,21.67,28.62,0.0,6960.0,0.0
2025-07-10,32.78,18.89,25.84,0.0,6530.0,0.0
2025-07-11,23.89,13.89,18.89,0.0,6150.0,0.0
2025-07-12,32.78,12.22,22.5,0.0,5790.0,0.0
2025-07-13,34.44,16.67,25.56,0.0,5520.0,0.0
2025-07-14,36.67,18.33,27.5,0.0,5180.0,0.0
2025-07-15,18.33,11.11,14.72,6.35,4980.0,0.0
2025-07-16,16.11,10.56,13.34,3.3,5330.0,1.0
2025-07-17,28.89,10.56,19.73,0.0,5570.0,1.0
2025-07-18,27.78,14.44,21.11,0.0,5150.0,0.0
2025-07-19,32.78,16.11,24.44,0.0,4710.0,0.0
2025-07-20,30.56,15.0,22.78,0.0,4450.0,0.0
2025-07-21,28.0,15.0,21.5,0.0,4300.0,0.0
2025-07-22,23.89,15.56,19.73,1.52,4200.0,0.0
2025-07-23,23.89,15.56,19.73,0.0,4120.0,0.0
2025-07-24,30.0,14.44,22.22,0.0,4000.0,0.0
2025-07-25,33.33,17.22,25.28,0.0,3820.0,0.0
2025-07-26,32.0,17.22,24.61,0.0,3610.0,0.0
2025-07-27,31.67,15.0,23.34,0.0,3500.0,0.0
2025-07-28,30.56,15.56,23.06,3.56,3430.0,0.0
2025-07-29,25.0,15.0,20.0,0.0,3460.0,1.0
2025-07-30,25.0,15.56,20.28,0.0,3210.0,0.0
2025-07-31,28.89,16.11,22.5,0.0,3240.0,1.0
2025-08-01,32.22,17.22,24.72,0.0,3210.0,0.0
2025-08-02,31.11,16.67,23.89,0.0,3170.0,0.0
2025-08-03,31.11,16.11,23.61,0.0,3130.0,0.0
2025-08-04,31.67,16.11,23.89,2.54,3060.0,0.0
2025-08-05,28.33,15.0,21.66,0.0,2980.0,0.0
2025-08-06,32.22,15.56,23.89,0.0,2860.0,0.0
2025-08-07,27.78,13.33,20.56,3.05,2750.0,0.0
2025-08-08,23.33,12.78,18.06,0.0,2710.0,0.0
2025-08-09,26.67,13.89,20.28,0.0,2630.0,0.0
2025-08-10,29.44,11.67,20.56,0.0,2600.0,0.0
2025-08-11,27.22,17.22,22.22,0.0,2560.0,0.0
2025-08-12,32.78,15.56,24.17,8.89,2520.0,0.0
2025-08-13,36.67,16.67,26.67,0.0,2460.0,0.0
2025-08-14,29.44,19.44,24.44,0.0,2280.0,0.0
2025-08-15,31.11,15.0,23.06,0.0,2200.0,0.0
2025-08-16,32.78,18.33,25.56,0.0,2180.0,0.0
2025-08-17,30.56,17.22,23.89,0.0,2140.0,0.0
2025-08-18,32.22,15.0,23.61,0.0,2130.0,0.0
2025-08-19,37.78,16.11,26.94,0.0,2140.0,1.0
2025-08-20,33.33,19.44,26.38,0.0,2150.0,1.0
2025-08-21,27.22,19.44,23.33,0.0,2060.0,0.0
2025-08-22,23.89,15.0,19.44,0.0,1990.0,0.0
2025-08-23,26.11,11.67,18.89,0.0,1970.0,0.0
2025-08-24,27.22,12.78,20.0,0.0,1980.0,1.0
2025-08-25,28.89,13.33,21.11,0.0,1950.0,0.0
2025-08-26,31.11,14.44,22.78,0.0,1900.0,0.0
2025-08-27,26.67,16.11,21.39,0.0,1870.0,0.0
2025-08-28,25.56,17.22,21.39,0.0,1900.0,1.0
2025-08-29,24.44,15.56,20.0,5.59,2010.0,1.0
2025-08-30,26.67,14.44,20.56,0.0,2130.0,1.0
2025-08-31,30.56,13.33,21.94,0.0,2190.0,1.0
2025-09-01,32.22,13.89,23.06,0.0,2150.0,0.0
2025-09-02,32.78,16.11,24.44,0.0,2090.0,0.0
2025-09-03,26.67,11.67,19.17,0.0,2080.0,0.0
2025-09-04,22.22,15.0,18.61,0.0,2010.0,0.0
2025-09-05,20.0,9.44,14.72,0.0,1990.0,0.0
2025-09-06,26.67,6.67,16.67,0.0,1960.0,0.0
2025-09-07,28.89,10.56,19.73,0.0,1960.0,0.0
2025-09-08,29.44,16.67,23.06,0.0,1970.0,1.0
2025-09-09,30.0,12.22,21.11,0.0,1980.0,1.0
2025-09-10,29.44,16.67,23.06,1.02,1970.0,0.0
2025-09-11,23.89,16.11,20.0,0.0,2010.0,1.0
2025-09-12,26.67,12.78,19.73,0.0,1990.0,0.0
2025-09-13,18.33,12.78,15.56,10.41,2080.0,1.0
2025-09-14,27.22,10.56,18.89,0.0,2110.0,1.0
2025-09-15,21.67,11.67,16.67,2.79,2170.0,1.0
2025-09-16,19.44,11.11,15.28,3.81,2330.0,1.0
2025-09-17,22.22,10.56,16.39,0.0,2630.0,1.0
2025-09-18,25.56,9.44,17.5,0.0,2740.0,1.0
2025-09-19,23.33,10.0,16.66,0.0,2500.0,0.0
2025-09-20,27.78,12.22,20.0,0.0,2350.0,0.0
2025-09-21,30.56,14.44,22.5,0.0,2240.0,0.0
2025-09-22,17.78,11.11,14.44,4.83,2230.0,0.0
2025-09-23,21.67,6.67,14.17,0.0,2330.0,1.0
2025-09-24,27.78,12.78,20.28,0.0,2460.0,1.0
2025-09-25,26.11,11.11,18.61,0.0,2560.0,1.0
2025-09-26,25.56,12.78,19.17,0.0,2430.0,0.0
2025-09-27,26.67,7.78,17.23,0.0,2320.0,0.0
2025-09-28,27.22,9.44,18.33,0.0,2310.0,0.0
2025-09-29,27.22,12.78,20.0,0.0,2270.0,0.0
2025-09-30,28.33,13.89,21.11,1.02,2230.0,0.0
2025-10-01,25.0,13.33,19.16,0.0,2220.0,0.0
2025-10-02,25.0,11.11,18.06,0.0,2230.0,1.0
2025-10-03,21.11,10.0,15.56,0.0,2270.0,1.0
2025-10-04,14.44,7.78,11.11,19.56,2510.0,1.0
2025-10-05,7.78,3.89,5.84,6.86,2910.0,1.0
2025-10-06,13.33,3.89,8.61,0.0,3160.0,1.0
2025-10-07,18.33,4.44,11.38,0.0,3220.0,1.0
2025-10-08,23.33,9.44,16.38,0.0,3200.0,0.0
2025-10-09,19.44,7.78,13.61,0.0,3140.0,0.0
2025-10-10,20.56,6.67,13.61,0.0,3070.0,0.0
2025-10-11,22.78,8.33,15.56,12.95,3070.0,0.0
2025-10-12,10.0,2.22,6.11,2.54,3460.0,1.0
2025-10-13,2.22,-0.56,0.83,0.25,3720.0,1.0
2025-10-14,5.56,1.67,3.62,0.0,4100.0,1.0
2025-10-15,6.11,2.22,4.16,4.83,4140.0,1.0
2025-10-16,8.89,5.0,6.94,0.25,4120.0,0.0
2025-10-17,17.78,5.56,11.67,0.0,4350.0,1.0
2025-10-18,13.33,4.44,8.88,0.0,4520.0,1.0
2025-10-19,18.89,6.67,12.78,1.27,4350.0,0.0
2025-10-20,12.78,3.89,8.33,0.0,4250.0,0.0
2025-10-21,18.33,0.56,9.44,0.0,4200.0,0.0
2025-10-22,17.78,1.67,9.73,0.0,4190.0,0.0
2025-10-23,19.44,2.22,10.83,0.0,4050.0,0.0
2025-10-24,20.0,6.11,13.06,0.0,3950.0,0.0
2025-10-25,15.0,8.89,11.94,0.0,3880.0,0.0
2025-10-26,13.33,-11.11,1.11,0.0,3820.0,0.0
2025-10-27,8.89,0.56,4.73,0.0,3780.0,0.0
2025-10-28,9.44,-2.22,3.61,0.0,3790.0,1.0
2025-10-29,16.11,1.11,8.61,0.0,3760.0,0.0
2025-10-30,11.67,2.78,7.22,0.0,3670.0,0.0
2025-10-31,10.0,-1.67,4.16,0.0,3640.0,0.0
2025-11-01,19.44,3.89,11.66,0.0,3690.0,1.0
2025-11-02,15.56,3.33,9.44,0.0,3590.0,0.0
2025-11-03,12.78,0.0,6.39,0.0,3550.0,0.0
2025-11-04,9.44,1.67,5.56,0.0,3550.0,0.0
2025-11-05,7.78,0.0,3.89,0.0,3580.0,1.0
2025-11-06,16.11,6.11,11.11,0.0,3550.0,0.0
2025-11-07,12.22,3.33,7.78,0.0,3550.0,0.0
2025-11-08,10.0,1.11,5.56,0.0,3530.0,0.0
2025-11-09,10.0,-4.44,2.78,0.0,3490.0,0.0
2025-11-10,15.56,7.78,11.67,0.0,3410.0,0.0
2025-11-11,18.89,5.0,11.94,0.0,3350.0,0.0
2025-11-12,18.33,1.11,9.72,0.0,3370.0,1.0
2025-11-13,21.11,6.11,13.61,0.0,3380.0,1.0
2025-11-14,17.78,8.33,13.06,0.51,3360.0,0.0
2025-11-15,15.56,4.44,10.0,0.0,3370.0,1.0
2025-11-16,10.56,3.33,6.94,0.0,3440.0,1.0
2025-11-17,13.89,2.22,8.06,0.0,3510.0,1.0
2025-11-18,13.89,6.67,10.28,0.0,3530.0,1.0
2025-11-19,10.56,-0.56,5.0,0.0,3460.0,0.0
2025-11-20,7.22,-3.33,1.94,0.0,3400.0,0.0
2025-11-21,13.33,-0.56,6.38,0.0,3370.0,0.0
2025-11-22,13.89,2.78,8.34,0.0,3370.0,0.0
2025-11-23,13.33,2.78,8.06,0.0,3310.0,0.0
2025-11-24,10.56,-1.67,4.44,1.52,3290.0,0.0
2025-11-25,2.22,-4.44,-1.11,0.0,3290.0,0.0
2025-11-26,4.44,-3.33,0.56,0.0,3270.0,0.0
2025-11-27,1.67,-1.11,0.28,0.0,3140.0,0.0
2025-11-28,-0.56,-10.56,-5.56,12.45,3150.0,1.0
2025-11-29,-7.22,-17.22,-12.22,0.25,3260.0,1.0
2025-11-30,-7.78,-20.0,-13.89,0.0,3100.0,0.0
2025-12-01,1.11,-8.89,-3.89,0.0,2760.0,0.0
2025-12-02,2.78,-1.67,0.55,0.51,2720.0,0.0
2025-12-03,0.56,-4.44,-1.94,0.0,3020.0,1.0
2025-12-04,3.33,-2.78,0.28,0.0,3230.0,1.0
2025-12-05,4.44,0.0,2.22,2.29,3180.0,0.0
2025-12-06,1.67,-7.22,-2.78,1.78,3140.0,0.0
2025-12-07,5.0,-1.11,1.94,0.0,3180.0,1.0
2025-12-08,7.22,2.22,4.72,0.0,3170.0,0.0
2025-12-09,13.89,0.56,7.22,0.0,3150.0,0.0
2025-12-10,13.33,0.56,6.94,0.25,3130.0,0.0
2025-12-11,16.11,-10.56,2.77,9.4,3220.0,1.0
2025-12-12,-11.11,-16.0,-13.56,18.29,3340.0,1.0
2025-12-13,-11.11,-15.0,-13.06,0.0,3290.0,0.0
2025-12-14,10.56,-7.78,1.39,0.0,3390.0,1.0
2025-12-15,12.22,3.33,7.78,0.0,3410.0,1.0
2025-12-16,13.89,7.22,10.56,0.0,3320.0,0.0
2025-12-17,12.78,2.78,7.78,0.0,3150.0,0.0
2025-12-18,6.11,-3.33,1.39,0.0,3080.0,0.0
2025-12-19,12.22,-1.11,5.56,0.0,3100.0,1.0
2025-12-20,5.0,-3.33,0.84,0.0,3060.0,0.0
2025-12-21,2.22,-3.33,-0.55,0.51,2920.0,0.0
2025-12-22,7.78,0.0,3.89,2.29,2900.0,0.0
2025-12-23,3.89,-2.22,0.84,0.0,3070.0,1.0
2025-12-24,5.56,1.11,3.34,0.0,3430.0,1.0
2025-12-25,15.56,1.67,8.62,0.0,3600.0,1.0
2025-12-26,13.33,4.44,8.88,0.0,3540.0,0.0
2025-12-27,4.44,-15.0,-5.28,0.0,3720.0,1.0
2025-12-28,-3.33,-16.11,-9.72,0.0,3740.0,1.0
2025-12-29,2.22,-5.0,-1.39,0.0,3320.0,0.0
2025-12-30,6.67,-1.11,2.78,0.0,2800.0,0.0
2025-12-31,12.78,2.78,7.78,0.0,3000.0,1.0
2026-01-01,8.89,2.22,5.56,0.0,3280.0,1.0
2026-01-02,12.22,4.44,8.33,0.25,3340.0,1.0
2026-01-03,13.89,2.22,8.06,0.0,3340.0,0.0
2026-01-04,12.22,2.78,7.5,0.0,3320.0,0.0
2026-01-05,11.11,1.11,6.11,0.0,3290.0,0.0
2026-01-06,8.89,-1.67,3.61,0.0,3220.0,0.0
2026-01-07,13.33,-2.22,5.56,0.0,3160.0,0.0
2026-01-08,5.0,-4.44,0.28,0.0,3070.0,0.0
2026-01-09,5.0,-3.89,0.55,0.0,2910.0,0.0
2026-01-10,11.67,2.78,7.22,0.0,2660.0,0.0
2026-01-11,9.44,3.33,6.38,0.0,2570.0,0.0
2026-01-12,15.56,5.56,10.56,0.0,2630.0,1.0
2026-01-13,15.56,7.22,11.39,0.25,2730.0,1.0
2026-01-14,18.89,3.89,11.39,0.0,2810.0,1.0
2026-01-15,15.0,-1.67,6.66,0.0,2860.0,1.0
2026-01-16,-0.56,-6.11,-3.34,0.0,2820.0,0.0
2026-01-17,8.33,-8.89,-0.28,0.0,2630.0,0.0
2026-01-18,7.22,-6.67,0.27,0.0,2610.0,0.0
2026-01-19,7.78,-6.67,0.56,0.0,2670.0,1.0
2026-01-20,2.78,-4.44,-0.83,0.0,2600.0,0.0
2026-01-21,1.67,-7.22,-2.78,0.0,2630.0,1.0
2026-01-22,-5.56,-18.33,-11.94,0.0,2340.0,0.0
2026-01-23,,,,0.51,1780.0,0.0
2026-01-24,-5.56,-18.89,-12.22,0.25,1110.0,0.0
2026-01-25,-10.0,-19.44,-14.72,0.51,1060.0,0.0
2026-01-26,2.78,-10.56,-3.89,0.0,1170.0,1.0
2026-01-27,8.89,-1.67,3.61,0.0,1510.0,1.0
2026-01-28,8.33,-2.22,3.06,0.0,1800.0,1.0
2026-01-29,9.44,1.67,5.56,0.0,2170.0,1.0
2026-01-30,11.67,0.0,5.84,0.0,2680.0,1.0
2026-01-31,15.0,3.33,9.16,0.0,2840.0,1.0
2026-02-01,16.67,3.33,10.0,0.0,2990.0,1.0
2026-02-02,12.78,3.33,8.06,0.0,2830.0,0.0
2026-02-03,11.67,0.0,5.84,0.0,2660.0,0.0
2026-02-04,17.22,-3.33,6.94,0.0,2480.0,0.0
2026-02-05,19.44,5.0,12.22,0.0,2390.0,0.0
2026-02-06,16.11,-1.67,7.22,0.0,2380.0,0.0
2026-02-07,18.89,6.11,12.5,0.0,2330.0,0.0
2026-02-08,16.11,5.0,10.56,0.25,2330.0,0.0
2026-02-09,5.0,-2.78,1.11,4.06,2360.0,1.0
2026-02-10,6.67,-3.33,1.67,0.0,2480.0,1.0
2026-02-11,10.0,-5.0,2.5,0.0,2500.0,1.0
2026-02-12,13.33,-4.44,4.44,0.0,2430.0,0.0
2026-02-13,12.22,-4.44,3.89,0.0,2350.0,0.0
2026-02-14,13.33,-1.67,5.83,0.0,2350.0,0.0
2026-02-15,15.56,1.11,8.34,0.0,2380.0,1.0
2026-02-16,15.56,0.0,7.78,0.0,2390.0,1.0
2026-02-17,9.44,-8.89,0.27,0.0,2400.0,1.0
2026-02-18,,,,2.29,2370.0,0.0
2026-02-19,,,,0.76,2120.0,0.0
2026-02-20,-0.56,-18.89,-9.72,0.51,1950.0,0.0
2026-02-21,-3.33,-12.78,-8.06,0.0,2010.0,1.0
2026-02-22,1.11,-12.22,-5.56,0.0,2170.0,1.0
2026-02-23,15.0,-7.22,3.89,0.0,2330.0,1.0
2026-02-24,10.56,1.67,6.12,1.02,2500.0,1.0
2026-02-25,14.44,1.67,8.06,0.25,2520.0,1.0
2026-02-26,16.67,6.11,11.39,0.0,2490.0,0.0
2026-02-27,16.67,-0.56,8.06,0.0,2450.0,0.0
2026-02-28,3.33,-6.67,-1.67,0.0,2420.0,0.0
2026-03-01,13.89,-7.78,3.06,0.0,2390.0,0.0
2026-03-02,15.0,1.67,8.34,0.0,2390.0,0.0
2026-03-03,18.33,-0.56,8.88,0.0,2380.0,0.0
2026-03-04,16.67,4.44,10.56,0.0,2370.0,0.0
2026-03-05,10.56,1.67,6.12,0.25,2380.0,1.0
2026-03-06,8.33,-1.67,3.33,0.0,2380.0,0.0
2026-03-07,16.11,-1.11,7.5,0.0,2440.0,1.0
2026-03-08,20.56,-0.56,10.0,0.0,2400.0,0.0
2026-03-09,1.11,-3.33,-1.11,0.0,2320.0,0.0
2026-03-10,5.0,-4.44,0.28,0.25,2310.0,0.0
2026-03-11,9.44,-6.67,1.38,0.0,2400.0,1.0
2026-03-12,15.56,-2.22,6.67,6.6,2400.0,0.0
2026-03-13,-1.67,-2.78,-2.22,14.22,2380.0,0.0
2026-03-14,-2.22,-8.89,-5.56,4.57,2410.0,1.0
2026-03-15,,,,0.25,2510.0,1.0
2026-03-16,5.56,-10.56,-2.5,0.0,2510.0,0.0
2026-03-17,20.0,5.56,12.78,0.0,2500.0,0.0
2026-03-18,20.0,8.89,14.44,0.0,2480.0,0.0
2026-03-19,26.11,7.78,16.94,0.0,2560.0,1.0
2026-03-20,28.33,10.0,19.16,0.0,2670.0,1.0
2026-03-21,19.44,2.78,11.11,0.0,2910.0,1.0
2026-03-22,16.11,1.11,8.61,0.0,3370.0,1.0
2026-03-23,15.56,2.78,9.17,0.0,3970.0,1.0
2026-03-24,21.67,3.89,12.78,0.0,4090.0,1.0
2026-03-25,25.56,6.11,15.84,0.0,4050.0,0.0
2026-03-26,11.67,-3.33,4.17,0.0,3990.0,0.0
2026-03-27,14.44,-6.11,4.16,0.0,4700.0,1.0
2026-03-28,21.67,3.89,12.78,0.0,5590.0,1.0
2026-03-29,21.11,5.56,13.34,0.0,5270.0,0.0
2026-03-30,12.78,-1.67,5.56,4.57,5160.0,0.0
2026-03-31,1.11,-3.33,-1.11,2.29,5510.0,1.0
2026-04-01,11.11,-1.67,4.72,0.25,5910.0,1.0
2026-04-02,11.11,1.67,6.39,1.27,5850.0,0.0
2026-04-03,5.56,1.11,3.34,0.51,5720.0,0.0
2026-04-04,16.67,1.67,9.17,0.0,5550.0,0.0
2026-04-05,13.89,2.22,8.06,0.0,5100.0,0.0
2026-04-06,8.33,-0.56,3.88,0.0,4800.0,0.0
2026-04-07,22.78,0.56,11.67,0.0,4750.0,0.0
2026-04-08,12.78,-0.56,6.11,0.0,4930.0,1.0
2026-04-09,11.11,-0.56,5.28,0.0,5280.0,1.0
2026-04-10,18.33,-1.11,8.61,0.0,5730.0,1.0
2026-04-11,25.0,7.22,16.11,0.0,6050.0,1.0
2026-04-12,18.89,6.67,12.78,3.05,6510.0,1.0
2026-04-13,13.89,5.0,9.44,0.0,7030.0,1.0
2026-04-14,18.89,3.33,11.11,0.0,7040.0,1.0
2026-04-15,19.44,7.22,13.33,0.0,6620.0,0.0
2026-04-16,7.78,-2.78,2.5,0.25,6200.0,0.0
2026-04-17,9.44,-4.44,2.5,0.0,6050.0,0.0
2026-04-18,15.56,-1.67,6.94,0.0,5890.0,0.0
2026-04-19,21.11,0.0,10.56,0.0,5420.0,0.0
2026-04-20,26.67,8.33,17.5,0.0,5120.0,0.0
2026-04-21,29.44,6.67,18.06,0.0,4990.0,0.0
2026-04-22,25.0,6.67,15.84,0.0,5080.0,1.0
2026-04-23,10.0,-1.11,4.44,4.06,5730.0,1.0
2026-04-24,6.67,-2.22,2.22,0.0,6600.0,1.0
2026-04-25,7.78,-1.11,3.34,0.0,6500.0,0.0
2026-04-26,3.33,-2.78,0.28,5.84,6120.0,0.0
2026-04-27,3.33,-2.22,0.55,0.25,5820.0,0.0
2026-04-28,13.33,-2.78,5.28,0.0,5600.0,0.0
2026-04-29,14.44,2.22,8.33,0.0,5350.0,0.0
2026-04-30,16.11,1.11,8.61,0.0,5070.0,0.0
2026-05-01,22.22,3.89,13.06,0.0,4840.0,0.0
2026-05-02,21.67,7.78,14.73,0.0,4560.0,0.0
2026-05-03,25.0,7.22,16.11,0.0,4380.0,0.0
2026-05-04,13.89,3.89,8.89,0.0,4460.0,1.0
2026-05-05,10.56,1.67,6.12,0.0,4950.0,1.0
2026-05-06,20.56,-2.22,9.17,0.0,5790.0,1.0
2026-05-07,18.33,10.0,14.16,1.02,6170.0,1.0
2026-05-08,25.0,7.78,16.39,0.0,5790.0,0.0
2026-05-09,18.33,10.56,14.44,0.51,6540.0,1.0
2026-05-10,26.67,6.11,16.39,0.0,7850.0,1.0
2026-05-11,27.78,11.67,19.73,0.0,8600.0,1.0
2026-05-12,23.89,7.22,15.56,0.0,10200.0,1.0
2026-05-13,35.0,8.89,21.94,0.0,12700.0,1.0
2026-05-14,23.89,11.11,17.5,0.0,15500.0,1.0
2026-05-15,21.67,7.22,14.44,0.0,19100.0,1.0
2026-05-16,21.67,4.44,13.06,0.0,15800.0,0.0
2026-05-17,12.78,1.67,7.22,0.76,13400.0,0.0
2026-05-18,10.0,1.11,5.56,0.0,11600.0,0.0
2026-05-19,17.22,-1.67,7.78,0.0,10100.0,0.0
2026-05-20,19.44,6.11,12.78,5.84,8930.0,0.0
2026-05-21,12.78,5.56,9.17,5.59,8620.0,0.0
2026-05-22,20.0,5.0,12.5,0.0,8420.0,0.0
2026-05-23,25.0,8.33,16.66,0.0,7920.0,0.0
2026-05-24,29.44,10.0,19.72,0.0,7470.0,0.0
2026-05-25,31.11,11.67,21.39,0.0,7620.0,1.0
2026-05-26,31.11,12.78,21.94,0.0,9440.0,1.0
2026-05-27,30.56,15.56,23.06,0.0,12800.0,1.0
2026-05-28,30.56,15.0,22.78,0.0,16700.0,1.0
2026-05-29,33.33,14.44,23.88,0.0,20700.0,1.0
2026-05-30,23.33,13.89,18.61,26.42,22200.0,1.0
2026-05-31,15.0,8.89,11.94,9.14,25400.0,1.0
2026-06-01,22.78,7.22,15.0,0.0,28000.0,1.0
2026-06-02,20.56,8.33,14.44,0.0,23800.0,0.0
2026-06-03,23.33,10.56,16.94,0.0,20000.0,0.0
2026-06-04,25.0,12.78,18.89,0.0,18500.0,0.0
2026-06-05,30.0,11.67,20.84,0.0,18400.0,0.0
2026-06-06,27.22,14.44,20.83,0.0,18400.0,0.0
2026-06-07,23.33,7.78,15.56,4.57,19900.0,1.0
2026-06-08,23.89,7.22,15.56,0.0,20500.0,1.0
2026-06-09,24.44,12.22,18.33,0.0,18200.0,0.0
2026-06-10,19.44,7.22,13.33,1.52,16300.0,0.0
2026-06-11,22.78,7.78,15.28,0.0,15600.0,0.0
2026-06-12,23.89,10.0,16.94,3.05,13600.0,0.0
2026-06-13,17.78,8.89,13.34,9.14,12900.0,0.0
2026-06-14,21.11,6.67,13.89,0.0,12300.0,0.0
2026-06-15,26.11,10.0,18.06,0.0,11700.0,0.0
2026-06-16,32.78,15.56,24.17,0.0,11500.0,0.0
2026-06-17,23.33,12.22,17.77,0.0,12100.0,1.0
2026-06-18,24.44,8.89,16.66,0.0,14100.0,1.0
2026-06-19,23.33,10.56,16.94,0.0,13600.0,0.0
2026-06-20,21.67,12.78,17.23,0.0,13000.0,0.0
2026-06-21,25.56,14.44,20.0,0.0,13000.0,0.0
2026-06-22,19.44,12.22,15.83,0.0,13500.0,1.0
2026-06-23,22.78,7.22,15.0,0.0,13500.0,0.0
2026-06-24,23.33,11.67,17.5,0.0,12800.0,0.0
2026-06-25,24.44,11.67,18.06,7.62,12400.0,0.0
2026-06-26,26.11,13.33,19.72,0.25,12600.0,1.0
2026-06-27,23.33,13.33,18.33,10.16,12900.0,1.0
2026-06-28,20.0,11.11,15.56,0.0,12600.0,0.0
2026-06-29,17.22,7.22,12.22,0.0,12200.0,0.0
2026-06-30,25.56,15.0,20.28,0.0,11600.0,0.0
2026-07-01,28.33,11.67,20.0,0.0,11600.0,0.0
2026-07-02,29.44,12.22,20.83,0.51,11600.0,0.0
2026-07-03,31.11,13.89,22.5,0.0,10900.0,0.0
2026-07-04,33.33,14.44,23.88,0.0,10200.0,0.0
2026-07-05,33.89,16.67,25.28,0.0,9910.0,0.0
2026-07-06,26.11,16.67,21.39,0.25,9890.0,0.0
2026-07-07,28.89,14.44,21.66,0.25,10000.0,1.0
2026-07-08,32.78,16.11,24.44,2.54,10300.0,1.0
2026-07-09,33.33,18.33,25.83,0.0,10400.0,1.0
2026-07-10,36.11,16.67,26.39,1.02,9690.0,0.0
2026-07-11,40.0,17.22,28.61,0.0,9000.0,0.0
2026-07-12,43.89,18.89,31.39,0.0,8460.0,0.0
2026-07-13,36.67,22.22,29.44,0.0,8020.0,0.0
2026-07-14,35.56,20.0,27.78,2.79,7620.0,0.0
2026-07-15,30.56,18.33,24.44,10.92,7560.0,0.0
2026-07-16,32.78,17.78,25.28,0.0,8060.0,1.0
2026-07-17,32.78,17.22,25.0,8.38,8100.0,1.0
2026-07-18,35.0,18.89,26.94,0.0,8960.0,1.0
2026-07-19,36.11,20.0,28.06,0.0,9450.0,1.0
2026-07-20,31.67,18.89,25.28,0.0,8710.0,0.0
2026-07-21,30.0,18.33,24.16,0.0,7710.0,0.0
2026-07-22,30.0,18.33,24.16,0.0,6910.0,0.0
2026-07-23,33.33,20.56,26.94,0.0,6630.0,0.0
2026-07-24,39.44,20.56,30.0,2.03,6850.0,1.0
2026-07-25,38.89,21.11,30.0,0.0,6570.0,0.0
2026-07-26,33.89,19.44,26.66,0.25,6160.0,0.0
2026-07-27,33.33,20.0,26.66,0.0,5960.0,0.0
2026-07-28,35.56,21.67,28.62,0.0,5650.0,0.0
2026-07-29,35.0,21.11,28.06,0.0,5240.0,0.0
2026-07-30,33.33,21.67,27.5,0.0,4790.0,0.0
2026-07-31,36.11,20.0,28.06,1.27,4500.0,0.0
2026-08-01,40.0,18.89,29.44,0.0,4180.0,0.0
2026-08-02,32.78,21.11,26.94,0.0,3930.0,0.0
2026-08-03,21.11,13.33,17.22,0.0,3690.0,0.0
2026-08-04,24.44,8.89,16.66,0.0,3580.0,0.0
2026-08-05,31.67,11.67,21.67,0.0,3500.0,0.0
2026-08-06,33.89,13.33,23.61,0.0,3350.0,0.0
2026-08-07,32.22,15.0,23.61,0.0,3160.0,0.0
2026-08-08,36.11,16.67,26.39,0.0,3030.0,0.0
2026-08-09,34.44,16.67,25.56,0.0,2910.0,0.0
2026-08-10,30.56,15.56,23.06,0.0,2860.0,0.0
2026-08-11,33.89,16.67,25.28,0.0,2820.0,0.0
2026-08-12,27.78,17.22,22.5,8.13,2730.0,0.0
2026-08-13,18.33,14.44,16.38,0.76,2900.0,1.0
2026-08-14,23.33,14.44,18.88,0.76,2900.0,0.0
2026-08-15,25.56,15.0,20.28,0.0,3040.0,1.0
2026-08-16,31.11,13.89,22.5,0.0,3300.0,1.0
2026-08-17,30.56,16.11,23.34,0.0,3230.0,0.0
2026-08-18,31.11,16.67,23.89,0.76,3050.0,0.0
2026-08-19,32.78,16.11,24.44,0.0,2980.0,0.0
2026-08-20,33.89,15.0,24.44,0.0,2910.0,0.0
2026-08-21,32.78,16.67,24.72,0.0,2770.0,0.0
2026-08-22,31.67,15.56,23.62,0.76,2680.0,0.0
2026-08-23,35.0,17.22,26.11,0.0,2690.0,1.0
2026-08-24,29.44,17.22,23.33,0.0,2710.0,1.0
2026-08-25,27.78,13.89,20.84,0.0,2690.0,0.0
2026-08-26,32.78,13.33,23.06,0.0,2680.0,0.0
2026-08-27,34.44,17.78,26.11,3.81,2660.0,0.0
2026-08-28,26.67,18.33,22.5,0.25,2620.0,0.0
2026-08-29,27.78,16.67,22.22,0.0,2600.0,0.0
2026-08-30,23.89,12.22,18.06,6.86,2800.0,1.0
2026-08-31,27.22,10.0,18.61,0.0,3090.0,1.0
2026-09-01,27.22,10.0,18.61,0.0,3000.0,0.0
2026-09-02,31.11,13.33,22.22,0.0,3000.0,0.0
2026-09-03,28.89,16.11,22.5,0.0,2790.0,0.0
2026-09-04,33.33,12.78,23.06,0.0,2680.0,0.0
2026-09-05,27.78,15.0,21.39,0.0,2580.0,0.0
2026-09-06,26.67,15.0,20.84,0.0,2420.0,0.0
2026-09-07,25.0,13.89,19.44,34.8,2690.0,1.0
2026-09-08,23.33,11.11,17.22,0.0,2420.0,0.0
2026-09-09,26.67,7.78,17.23,0.0,2270.0,0.0
2026-09-10,31.67,10.0,20.84,0.0,2240.0,0.0
2026-09-11,19.44,10.0,14.72,0.0,2200.0,0.0
2026-09-12,18.89,8.89,13.89,0.25,2210.0,1.0
2026-09-13,26.11,7.22,16.66,0.0,2210.0,0.0
2026-09-14,20.56,8.89,14.72,0.51,2190.0,0.0
2026-09-15,22.22,6.11,14.16,0.0,2120.0,0.0
2026-09-16,21.11,7.22,14.16,0.0,2160.0,1.0
2026-09-17,25.0,8.89,16.94,0.0,2190.0,1.0
2026-09-18,27.22,11.67,19.44,41.91,2270.0,1.0
2026-09-19,14.44,11.11,12.77,32.51,3230.0,1.0
2026-09-20,17.22,11.11,14.16,4.06,3270.0,1.0
2026-09-21,21.67,10.56,16.12,0.0,3100.0,0.0
2026-09-22,24.44,10.0,17.22,0.0,2980.0,0.0
2026-09-23,24.44,12.78,18.61,3.56,2860.0,0.0
2026-09-24,26.67,11.11,18.89,0.0,2700.0,0.0
2026-09-25,27.22,12.22,19.72,0.0,2640.0,0.0
2026-09-26,20.56,10.0,15.28,0.0,2550.0,0.0
2026-09-27,16.67,6.67,11.67,0.0,2460.0,0.0
2026-09-28,20.0,6.67,13.34,0.0,2480.0,1.0
2026-09-29,25.0,8.33,16.66,0.0,2520.0,1.0
2026-09-30,26.11,10.0,18.06,0.0,2520.0,0.0
2026-10-01,19.50,8.00,13.75,0.00,2510.0,0.0
2026-10-02,25.90,6.60,16.25,0.00,2470.0,0.0
2026-10-03,20.80,10.60,15.70,0.00,2470.0,0.0
2026-10-04,24.80,6.80,15.80,0.00,2420.0,0.0
2026-10-05,29.60,10.60,20.10,0.00,2400.0,0.0
2026-10-06,26.50,11.00,18.75,0.00,2410.0,1.0
2026-10-07,25.70,8.70,17.20,0.00,2410.0,0.0
2026-10-08,26.30,8.00,17.15,0.00,2410.0,0.0
