date,tmax_c,tmin_c,tmean_c,precip_mm,flow_cfs,rising
2016-10-01,20.56,13.89,17.23,0.0,87000.0,
2016-10-02,21.11,13.89,17.5,0.0,81400.0,0.0
2016-10-03,24.44,11.67,18.06,0.0,75800.0,0.0
2016-10-04,28.33,13.89,21.11,0.0,72100.0,0.0
2016-10-05,27.78,16.67,22.22,4.06,71200.0,0.0
2016-10-06,26.67,19.44,23.06,0.25,70500.0,0.0
2016-10-07,20.56,7.78,14.17,0.0,74800.0,1.0
2016-10-08,22.22,4.44,13.33,0.0,83000.0,1.0
2016-10-09,23.89,5.56,14.72,0.0,91800.0,1.0
2016-10-10,23.33,7.78,15.56,0.0,90000.0,0.0
2016-10-11,27.78,10.0,18.89,0.0,87000.0,0.0
2016-10-12,21.67,10.0,15.84,0.51,93000.0,1.0
2016-10-13,16.11,5.0,10.56,0.0,92500.0,0.0
2016-10-14,22.22,10.0,16.11,0.0,89200.0,0.0
2016-10-15,27.78,16.67,22.22,0.0,89500.0,1.0
2016-10-16,31.11,19.44,25.28,0.0,80500.0,0.0
2016-10-17,32.22,21.11,26.66,0.0,72500.0,0.0
2016-10-18,28.89,16.11,22.5,0.0,73700.0,1.0
2016-10-19,18.89,14.44,16.66,9.14,80500.0,1.0
2016-10-20,15.56,5.56,10.56,1.52,79900.0,0.0
2016-10-21,16.11,3.33,9.72,0.0,78900.0,0.0
2016-10-22,22.78,2.22,12.5,0.0,76700.0,0.0
2016-10-23,26.67,8.33,17.5,0.0,71500.0,0.0
2016-10-24,20.0,6.67,13.34,0.0,63100.0,0.0
2016-10-25,22.22,9.44,15.83,0.0,62400.0,0.0
2016-10-26,21.11,12.78,16.94,0.0,65000.0,1.0
2016-10-27,20.0,10.56,15.28,0.0,61800.0,0.0
2016-10-28,28.33,8.89,18.61,0.0,60600.0,0.0
2016-10-29,28.89,16.67,22.78,0.0,58200.0,0.0
2016-10-30,20.0,10.0,15.0,0.0,56500.0,0.0
2016-10-31,26.67,7.78,17.23,0.0,55800.0,0.0
2016-11-01,28.89,16.67,22.78,0.0,55400.0,0.0
2016-11-02,28.33,17.78,23.06,11.94,56900.0,1.0
2016-11-03,20.0,10.0,15.0,2.03,62100.0,1.0
2016-11-04,22.22,6.67,14.44,0.0,61300.0,0.0
2016-11-05,19.44,5.0,12.22,0.0,57800.0,0.0
2016-11-06,19.44,1.67,10.56,0.0,58300.0,1.0
2016-11-07,18.89,5.56,12.22,0.51,57000.0,0.0
2016-11-08,18.33,7.22,12.77,6.1,55200.0,0.0
2016-11-09,17.22,1.67,9.44,0.0,55500.0,1.0
2016-11-10,19.44,-0.56,9.44,0.0,55300.0,0.0
2016-11-11,17.22,4.44,10.83,0.0,53800.0,0.0
2016-11-12,13.33,-1.11,6.11,0.0,52800.0,0.0
2016-11-13,17.22,-3.33,6.94,0.0,52500.0,0.0
2016-11-14,20.56,2.78,11.67,0.0,52800.0,1.0
2016-11-15,20.56,2.22,11.39,0.0,52700.0,0.0
2016-11-16,23.89,2.78,13.34,0.0,53700.0,1.0
2016-11-17,27.78,10.56,19.17,0.0,54300.0,1.0
2016-11-18,21.11,3.89,12.5,0.0,53500.0,0.0
2016-11-19,8.33,-2.22,3.06,0.0,53300.0,0.0
2016-11-20,9.44,-5.0,2.22,0.0,52800.0,0.0
2016-11-21,14.44,-3.89,5.28,0.0,51800.0,0.0
2016-11-22,11.67,6.11,8.89,7.11,50900.0,0.0
2016-11-23,12.78,6.67,9.72,0.0,51900.0,1.0
2016-11-24,9.44,1.11,5.28,0.0,52700.0,1.0
2016-11-25,7.22,-2.22,2.5,0.0,53200.0,1.0
2016-11-26,10.56,-4.44,3.06,0.0,53100.0,0.0
2016-11-27,11.67,2.78,7.22,0.51,53500.0,1.0
2016-11-28,14.44,10.0,12.22,0.0,53500.0,0.0
2016-11-29,17.78,2.78,10.28,0.0,52700.0,0.0
2016-11-30,5.0,0.0,2.5,0.0,51900.0,0.0
2016-12-01,7.78,-3.33,2.22,0.0,50800.0,0.0
2016-12-02,10.56,-5.0,2.78,0.0,50300.0,0.0
2016-12-03,7.78,-3.33,2.22,0.25,49600.0,0.0
2016-12-04,5.56,-2.78,1.39,6.6,48800.0,0.0
2016-12-05,8.33,-3.33,2.5,0.0,49100.0,1.0
2016-12-06,5.56,-2.78,1.39,0.0,49500.0,1.0
2016-12-07,2.78,-4.44,-0.83,0.0,49700.0,1.0
2016-12-08,-2.22,-7.78,-5.0,0.0,49600.0,0.0
2016-12-09,-1.67,-11.11,-6.39,0.0,50100.0,1.0
2016-12-10,2.78,-3.89,-0.56,0.0,53400.0,1.0
2016-12-11,9.44,1.11,5.28,0.76,52500.0,0.0
2016-12-12,1.67,-5.0,-1.66,0.0,49700.0,0.0
2016-12-13,2.22,-9.44,-3.61,0.0,48400.0,0.0
2016-12-14,-1.11,-10.0,-5.56,0.0,46900.0,0.0
2016-12-15,-5.0,-8.33,-6.66,0.0,44800.0,0.0
2016-12-16,1.67,-5.56,-1.94,0.0,50900.0,1.0
2016-12-17,3.89,-11.67,-3.89,0.76,55400.0,1.0
2016-12-18,-11.11,-18.89,-15.0,0.0,47800.0,0.0
2016-12-19,-3.33,-20.0,-11.66,0.0,44400.0,0.0
2016-12-20,5.56,-10.0,-2.22,0.0,43400.0,0.0
2016-12-21,10.0,-7.78,1.11,0.0,43900.0,1.0
2016-12-22,6.67,-3.89,1.39,0.0,44000.0,1.0
2016-12-23,5.56,0.56,3.06,2.79,43300.0,0.0
2016-12-24,6.67,-0.56,3.06,0.0,43000.0,0.0
2016-12-25,20.56,6.11,13.34,1.27,43900.0,1.0
2016-12-26,13.89,0.56,7.22,4.06,44700.0,1.0
2016-12-27,10.0,-3.89,3.06,0.0,44600.0,0.0
2016-12-28,13.89,-5.0,4.44,0.0,45100.0,1.0
2016-12-29,8.89,1.11,5.0,0.0,45900.0,1.0
2016-12-30,13.33,-6.11,3.61,0.0,46600.0,1.0
2016-12-31,10.56,5.56,8.06,0.0,52900.0,1.0
2017-01-01,8.89,-7.78,0.56,0.0,59900.0,1.0
2017-01-02,8.33,5.0,6.66,0.25,56500.0,0.0
2017-01-03,7.78,-6.11,0.84,0.0,53400.0,0.0
2017-01-04,-3.89,-10.0,-6.94,0.0,52500.0,0.0
2017-01-05,-5.56,-11.67,-8.62,0.0,52200.0,0.0
2017-01-06,-10.0,-15.56,-12.78,0.0,51700.0,0.0
2017-01-07,0.0,-17.78,-8.89,0.0,52900.0,1.0
2017-01-08,-1.11,-15.0,-8.06,0.0,51800.0,0.0
2017-01-09,9.44,-5.56,1.94,0.0,48700.0,0.0
2017-01-10,19.44,-4.44,7.5,0.0,48700.0,0.0
2017-01-11,23.33,-4.44,9.44,0.0,46600.0,0.0
2017-01-12,5.56,-3.89,0.83,0.0,43300.0,0.0
2017-01-13,-1.67,-4.44,-3.06,0.0,42200.0,0.0
2017-01-14,0.56,-1.67,-0.55,0.0,42100.0,0.0
2017-01-15,1.67,-0.56,0.55,9.14,43700.0,1.0
2017-01-16,13.89,1.67,7.78,6.35,42500.0,0.0
2017-01-17,6.11,3.89,5.0,0.0,41000.0,0.0
2017-01-18,10.0,2.22,6.11,0.0,40700.0,0.0
2017-01-19,9.44,6.67,8.06,0.25,43600.0,1.0
2017-01-20,13.33,5.56,9.44,0.0,50900.0,1.0
2017-01-21,17.78,5.56,11.67,1.02,61000.0,1.0
2017-01-22,11.11,4.44,7.78,4.32,66100.0,1.0
2017-01-23,5.56,-2.22,1.67,0.0,61900.0,0.0
2017-01-24,13.33,-3.89,4.72,0.0,57900.0,0.0
2017-01-25,12.22,1.11,6.66,0.0,62100.0,1.0
2017-01-26,1.11,-1.67,-0.28,0.0,63600.0,1.0
2017-01-27,4.44,-3.89,0.28,0.0,66500.0,1.0
2017-01-28,8.33,-1.67,3.33,1.02,70600.0,1.0
2017-01-29,8.33,1.11,4.72,0.25,66600.0,0.0
2017-01-30,16.67,-4.44,6.12,0.0,59800.0,0.0
2017-01-31,11.11,2.78,6.94,0.0,57600.0,0.0
2017-02-01,8.33,0.0,4.16,0.0,54800.0,0.0
2017-02-02,2.22,-3.33,-0.55,0.0,52700.0,0.0
2017-02-03,2.22,-7.22,-2.5,0.0,52600.0,0.0
2017-02-04,4.44,-10.0,-2.78,0.0,59000.0,1.0
2017-02-05,13.33,-4.44,4.44,0.0,59300.0,1.0
2017-02-06,18.33,-2.22,8.06,0.0,57700.0,0.0
2017-02-07,18.89,1.67,10.28,0.0,55500.0,0.0
2017-02-08,2.22,-6.67,-2.22,0.0,49600.0,0.0
2017-02-09,0.0,-7.78,-3.89,0.0,48600.0,0.0
2017-02-10,21.67,-4.44,8.62,0.0,54600.0,1.0
2017-02-11,24.44,4.44,14.44,0.0,54500.0,0.0
2017-02-12,12.78,-2.22,5.28,0.0,49000.0,0.0
2017-02-13,9.44,-5.56,1.94,0.0,46300.0,0.0
2017-02-14,12.78,1.11,6.94,0.0,45300.0,0.0
2017-02-15,9.44,-2.78,3.33,0.0,47000.0,1.0
2017-02-16,20.56,-5.0,7.78,0.0,46400.0,0.0
2017-02-17,23.33,7.78,15.56,0.0,53900.0,1.0
2017-02-18,21.67,5.56,13.62,0.0,59000.0,1.0
2017-02-19,25.0,0.0,12.5,0.0,59800.0,1.0
2017-02-20,25.0,14.44,19.72,12.45,56500.0,0.0
2017-02-21,20.0,9.44,14.72,0.51,55100.0,0.0
2017-02-22,21.11,8.33,14.72,0.0,54300.0,0.0
2017-02-23,22.78,6.11,14.44,0.0,53800.0,0.0
2017-02-24,17.78,-1.11,8.34,0.0,53300.0,0.0
2017-02-25,5.0,-3.89,0.55,0.0,53800.0,1.0
2017-02-26,8.89,-5.56,1.67,0.0,52500.0,0.0
2017-02-27,18.89,-2.78,8.06,0.0,52100.0,0.0
2017-02-28,25.56,15.0,20.28,0.0,51700.0,0.0
2017-03-01,18.33,1.11,9.72,10.41,51000.0,0.0
2017-03-02,12.78,-2.78,5.0,0.0,51300.0,1.0
2017-03-03,10.56,-3.89,3.34,0.0,51100.0,0.0
2017-03-04,21.67,5.56,13.62,0.0,52300.0,1.0
2017-03-05,16.67,11.67,14.17,0.0,51100.0,0.0
2017-03-06,23.33,10.56,16.94,9.91,48800.0,0.0
2017-03-07,14.44,4.44,9.44,1.02,48100.0,0.0
2017-03-08,19.44,2.22,10.83,0.0,48300.0,1.0
2017-03-09,23.89,1.67,12.78,7.87,49000.0,1.0
2017-03-10,7.78,0.56,4.17,0.0,48700.0,0.0
2017-03-11,3.33,-1.11,1.11,1.78,48400.0,0.0
2017-03-12,7.78,-1.67,3.06,0.51,48900.0,1.0
2017-03-13,5.56,0.56,3.06,2.54,49400.0,1.0
2017-03-14,1.11,-3.89,-1.39,0.0,50000.0,1.0
2017-03-15,5.56,-8.89,-1.67,0.0,53600.0,1.0
2017-03-16,17.78,1.67,9.73,0.0,52900.0,0.0
2017-03-17,25.0,8.33,16.66,0.0,51200.0,0.0
2017-03-18,17.78,4.44,11.11,0.0,49900.0,0.0
2017-03-19,16.67,2.78,9.73,1.52,48600.0,0.0
2017-03-20,30.56,13.33,21.94,0.0,46600.0,0.0
2017-03-21,17.78,8.89,13.34,5.33,45000.0,0.0
2017-03-22,13.33,4.44,8.88,0.0,44300.0,0.0
2017-03-23,27.22,7.78,17.5,0.0,43900.0,0.0
2017-03-24,25.0,15.0,20.0,16.76,43800.0,0.0
2017-03-25,17.22,11.11,14.16,13.46,45200.0,1.0
2017-03-26,17.22,10.56,13.89,0.25,49300.0,1.0
2017-03-27,14.44,11.67,13.06,10.92,51900.0,1.0
2017-03-28,16.11,11.67,13.89,0.0,58100.0,1.0
2017-03-29,20.0,11.67,15.84,42.16,66000.0,1.0
2017-03-30,17.78,10.0,13.89,3.05,88000.0,1.0
2017-03-31,11.67,7.78,9.72,0.0,100000.0,1.0
2017-04-01,16.67,6.67,11.67,0.0,127000.0,1.0
2017-04-02,23.89,9.44,16.66,9.4,145000.0,1.0
2017-04-03,18.89,13.33,16.11,5.84,132000.0,0.0
2017-04-04,16.67,8.89,12.78,23.11,118000.0,0.0
2017-04-05,15.0,6.67,10.84,0.76,142000.0,1.0
2017-04-06,15.56,6.11,10.84,0.0,180000.0,1.0
2017-04-07,19.44,2.22,10.83,0.0,219000.0,1.0
2017-04-08,27.22,6.11,16.66,0.0,227000.0,1.0
2017-04-09,29.44,16.67,23.06,0.0,208000.0,0.0
2017-04-10,26.11,12.78,19.44,0.0,186000.0,0.0
2017-04-11,20.0,8.33,14.16,0.0,167000.0,0.0
2017-04-12,26.11,5.0,15.56,0.0,147000.0,0.0
2017-04-13,27.78,15.0,21.39,0.0,130000.0,0.0
2017-04-14,29.44,16.11,22.78,0.0,120000.0,0.0
2017-04-15,29.44,17.78,23.61,0.0,114000.0,0.0
2017-04-16,25.0,16.67,20.84,1.52,106000.0,0.0
2017-04-17,23.33,12.78,18.06,1.02,99100.0,0.0
2017-04-18,27.22,8.89,18.06,0.0,103000.0,1.0
2017-04-19,31.11,15.56,23.34,0.0,110000.0,1.0
2017-04-20,24.44,13.89,19.16,0.25,113000.0,1.0
2017-04-21,15.56,11.11,13.34,1.27,107000.0,0.0
2017-04-22,18.33,8.33,13.33,5.59,101000.0,0.0
2017-04-23,23.89,4.44,14.16,0.0,98100.0,0.0
2017-04-24,26.67,3.89,15.28,0.0,100000.0,1.0
2017-04-25,29.44,12.22,20.83,0.0,112000.0,1.0
2017-04-26,22.22,8.89,15.56,26.67,117000.0,1.0
2017-04-27,17.78,7.78,12.78,0.0,117000.0,0.0
2017-04-28,16.67,12.78,14.73,4.83,123000.0,1.0
2017-04-29,17.22,11.11,14.16,96.01,152000.0,1.0
2017-04-30,25.0,10.0,17.5,27.18,316000.0,1.0
2017-05-01,13.33,8.89,11.11,0.0,387000.0,1.0
2017-05-02,21.11,7.22,14.16,0.0,442000.0,1.0
2017-05-03,16.11,8.33,12.22,60.45,467000.0,1.0
2017-05-04,18.89,8.89,13.89,4.57,492000.0,1.0
2017-05-05,22.78,7.22,15.0,0.0,422000.0,0.0
2017-05-06,24.44,10.0,17.22,0.0,318000.0,0.0
2017-05-07,27.22,7.22,17.22,0.0,235000.0,0.0
2017-05-08,30.56,12.78,21.67,0.0,205000.0,0.0
2017-05-09,30.0,15.56,22.78,0.0,187000.0,0.0
2017-05-10,29.44,17.22,23.33,2.29,165000.0,0.0
2017-05-11,22.78,17.78,20.28,4.57,158000.0,0.0
2017-05-12,25.0,15.0,20.0,0.0,155000.0,0.0
2017-05-13,27.22,12.22,19.72,0.0,157000.0,1.0
2017-05-14,28.33,12.78,20.56,0.0,160000.0,1.0
2017-05-15,31.11,14.44,22.78,0.0,161000.0,1.0
2017-05-16,30.56,20.0,25.28,0.0,157000.0,0.0
2017-05-17,29.44,23.33,26.38,0.0,150000.0,0.0
2017-05-18,31.67,21.11,26.39,0.0,145000.0,0.0
2017-05-19,26.11,17.78,21.94,40.13,144000.0,0.0
2017-05-20,25.56,15.56,20.56,23.11,180000.0,1.0
2017-05-21,21.11,11.67,16.39,0.0,214000.0,1.0
2017-05-22,24.44,9.44,16.94,0.0,227000.0,1.0
2017-05-23,21.11,12.78,16.94,2.79,238000.0,1.0
2017-05-24,20.56,11.67,16.11,0.0,245000.0,1.0
2017-05-25,25.0,10.0,17.5,0.0,230000.0,0.0
2017-05-26,28.33,17.22,22.78,0.0,208000.0,0.0
2017-05-27,28.33,17.22,22.78,40.89,192000.0,0.0
2017-05-28,27.22,16.67,21.94,0.0,197000.0,1.0
2017-05-29,29.44,13.89,21.66,0.0,189000.0,0.0
2017-05-30,27.22,12.78,20.0,0.0,187000.0,0.0
2017-05-31,28.89,14.44,21.66,0.0,183000.0,0.0
2017-06-01,28.33,16.11,22.22,0.0,177000.0,0.0
2017-06-02,31.67,17.78,24.72,0.0,170000.0,0.0
2017-06-03,32.22,18.33,25.28,0.0,162000.0,0.0
2017-06-04,31.67,22.22,26.94,0.51,155000.0,0.0
2017-06-05,33.33,20.56,26.94,0.0,149000.0,0.0
2017-06-06,29.44,19.44,24.44,0.0,144000.0,0.0
2017-06-07,28.33,13.89,21.11,0.0,139000.0,0.0
2017-06-08,28.89,12.22,20.56,0.0,130000.0,0.0
2017-06-09,30.0,15.0,22.5,0.0,123000.0,0.0
2017-06-10,31.67,19.44,25.56,0.0,123000.0,0.0
2017-06-11,32.78,21.11,26.94,0.0,123000.0,0.0
2017-06-12,34.44,20.56,27.5,0.0,122000.0,0.0
2017-06-13,34.44,25.0,29.72,0.0,122000.0,0.0
2017-06-14,33.89,25.56,29.72,0.0,120000.0,0.0
2017-06-15,35.0,18.89,26.94,17.02,119000.0,0.0
2017-06-16,33.89,23.89,28.89,0.0,118000.0,0.0
2017-06-17,32.78,21.67,27.22,22.61,116000.0,0.0
2017-06-18,28.33,19.44,23.88,13.46,121000.0,1.0
2017-06-19,29.44,16.67,23.06,0.0,124000.0,1.0
2017-06-20,32.22,17.22,24.72,0.0,140000.0,1.0
2017-06-21,33.33,20.56,26.94,0.0,142000.0,1.0
2017-06-22,30.56,21.67,26.12,0.0,128000.0,0.0
2017-06-23,29.44,19.44,24.44,0.25,117000.0,0.0
2017-06-24,26.11,15.0,20.56,0.0,109000.0,0.0
2017-06-25,27.78,14.44,21.11,0.0,99500.0,0.0
2017-06-26,25.56,11.67,18.61,4.57,90400.0,0.0
2017-06-27,27.78,13.33,20.56,0.0,83100.0,0.0
2017-06-28,31.67,20.56,26.12,0.0,79500.0,0.0
2017-06-29,29.44,20.56,25.0,2.54,79100.0,0.0
2017-06-30,28.89,18.89,23.89,10.41,98500.0,1.0
2017-07-01,29.44,18.89,24.16,0.0,175000.0,1.0
2017-07-02,31.72,16.67,24.2,0.0,199000.0,1.0
2017-07-03,33.89,18.89,26.39,0.0,195000.0,0.0
2017-07-04,27.78,20.0,23.89,0.0,175000.0,0.0
2017-07-05,25.61,21.67,23.64,37.59,158000.0,0.0
2017-07-06,31.72,21.11,26.42,0.0,144000.0,0.0
2017-07-07,32.78,21.11,26.94,0.0,132000.0,0.0
2017-07-08,32.22,17.78,25.0,0.0,122000.0,0.0
2017-07-09,33.33,19.39,26.36,0.0,104000.0,0.0
2017-07-10,33.89,23.89,28.89,0.0,92400.0,0.0
2017-07-11,34.44,24.39,29.42,0.0,94300.0,1.0
2017-07-12,35.61,24.39,30.0,0.0,94800.0,1.0
2017-07-13,32.78,22.22,27.5,4.32,93500.0,0.0
2017-07-14,31.72,22.78,27.25,8.13,91900.0,0.0
2017-07-15,31.72,20.56,26.14,0.0,97400.0,1.0
2017-07-16,33.33,19.39,26.36,0.0,106000.0,1.0
2017-07-17,35.0,22.22,28.61,0.0,105000.0,0.0
2017-07-18,34.44,22.78,28.61,0.0,94100.0,0.0
2017-07-19,34.44,23.28,28.86,0.0,84900.0,0.0
2017-07-20,36.72,23.89,30.3,0.0,74100.0,0.0
2017-07-21,36.72,23.89,30.3,0.0,72700.0,0.0
2017-07-22,38.33,26.11,32.22,0.0,72100.0,0.0
2017-07-23,33.33,21.67,27.5,6.35,69800.0,0.0
2017-07-24,31.72,22.22,26.97,0.0,67900.0,0.0
2017-07-25,33.33,20.56,26.94,0.0,66300.0,0.0
2017-07-26,34.44,22.22,28.33,0.25,63900.0,0.0
2017-07-27,28.33,22.78,25.56,39.88,61500.0,0.0
2017-07-28,29.44,22.78,26.11,0.0,64800.0,1.0
2017-07-29,28.33,18.28,23.3,0.0,96200.0,1.0
2017-07-30,28.33,14.39,21.36,0.0,106000.0,1.0
2017-07-31,28.33,16.11,22.22,0.25,81500.0,0.0
2017-08-01,29.44,20.56,25.0,0.0,73500.0,0.0
2017-08-02,31.67,19.44,25.56,0.0,74400.0,1.0
2017-08-03,31.67,18.89,25.28,3.56,75000.0,1.0
2017-08-04,25.0,14.44,19.72,0.0,72500.0,0.0
2017-08-05,22.22,11.67,16.94,34.54,64700.0,0.0
2017-08-06,24.44,18.89,21.66,9.4,59400.0,0.0
2017-08-07,27.78,17.78,22.78,0.0,88000.0,1.0
2017-08-08,27.78,16.11,21.94,0.0,124000.0,1.0
2017-08-09,28.33,15.56,21.94,0.0,120000.0,0.0
2017-08-10,29.44,20.0,24.72,0.76,94200.0,0.0
2017-08-11,28.33,20.56,24.44,9.14,87500.0,0.0
2017-08-12,27.22,15.56,21.39,0.0,88500.0,1.0
2017-08-13,26.67,13.33,20.0,0.0,81900.0,0.0
2017-08-14,26.11,19.44,22.78,0.0,79500.0,0.0
2017-08-15,31.11,18.33,24.72,0.0,72500.0,0.0
2017-08-16,28.89,20.56,24.72,55.12,67400.0,0.0
2017-08-17,28.33,18.89,23.61,0.25,66200.0,0.0
2017-08-18,28.89,15.56,22.22,0.0,65600.0,0.0
2017-08-19,32.78,20.0,26.39,0.0,69500.0,1.0
2017-08-20,32.22,20.0,26.11,0.0,68800.0,0.0
2017-08-21,32.78,21.67,27.22,0.0,63100.0,0.0
2017-08-22,27.78,17.78,22.78,29.97,70100.0,1.0
2017-08-23,26.11,13.33,19.72,0.0,105000.0,1.0
2017-08-24,26.67,13.89,20.28,0.0,181000.0,1.0
2017-08-25,26.67,15.0,20.84,0.0,173000.0,0.0
2017-08-26,28.89,15.0,21.94,0.0,141000.0,0.0
2017-08-27,27.78,15.56,21.67,1.02,126000.0,0.0
2017-08-28,28.33,17.22,22.78,0.0,113000.0,0.0
2017-08-29,27.22,15.56,21.39,0.0,106000.0,0.0
2017-08-30,28.33,15.0,21.66,0.0,105000.0,0.0
2017-08-31,26.72,16.11,21.42,0.0,96600.0,0.0
2017-09-01,25.56,14.44,20.0,0.0,92400.0,0.0
2017-09-02,28.33,10.0,19.16,0.0,89600.0,0.0
2017-09-03,31.11,17.78,24.44,0.0,83700.0,0.0
2017-09-04,32.78,18.33,25.56,0.0,78900.0,0.0
2017-09-05,23.89,11.67,17.78,0.0,80600.0,1.0
2017-09-06,21.67,9.44,15.56,0.0,80600.0,0.0
2017-09-07,25.0,8.33,16.66,0.0,73300.0,0.0
2017-09-08,28.33,9.44,18.88,0.0,66300.0,0.0
2017-09-09,28.89,14.44,21.66,0.0,60000.0,0.0
2017-09-10,27.22,12.78,20.0,0.0,55900.0,0.0
2017-09-11,26.67,8.89,17.78,0.0,53100.0,0.0
2017-09-12,23.89,13.89,18.89,0.0,51800.0,0.0
2017-09-13,27.78,13.33,20.56,0.0,53700.0,1.0
2017-09-14,30.0,11.11,20.56,0.0,51200.0,0.0
2017-09-15,31.11,14.44,22.78,0.0,51600.0,1.0
2017-09-16,31.11,17.22,24.16,0.0,49800.0,0.0
2017-09-17,25.0,18.33,21.66,13.46,49900.0,1.0
2017-09-18,27.78,16.67,22.22,43.18,48700.0,0.0
2017-09-19,30.56,17.22,23.89,0.0,52400.0,1.0
2017-09-20,32.22,20.56,26.39,0.0,58200.0,1.0
2017-09-21,33.33,21.67,27.5,0.0,60200.0,1.0
2017-09-22,32.78,20.56,26.67,0.0,60100.0,0.0
2017-09-23,33.33,18.89,26.11,0.0,59100.0,0.0
2017-09-24,33.33,18.89,26.11,0.0,57800.0,0.0
2017-09-25,31.11,18.33,24.72,0.0,51600.0,0.0
2017-09-26,30.0,18.33,24.16,0.0,50700.0,0.0
2017-09-27,21.11,13.33,17.22,0.0,59500.0,1.0
2017-09-28,25.0,11.11,18.06,0.0,57600.0,0.0
2017-09-29,27.78,9.44,18.61,0.0,50000.0,0.0
2017-09-30,25.0,11.11,18.06,0.0,50300.0,1.0
2017-10-01,27.22,11.67,19.44,0.0,56400.0,1.0
2017-10-02,30.56,18.33,24.44,0.0,54600.0,0.0
2017-10-03,26.11,21.11,23.61,35.31,54900.0,1.0
2017-10-04,24.44,21.11,22.78,43.69,62100.0,1.0
2017-10-05,25.0,20.56,22.78,0.0,64700.0,1.0
2017-10-06,25.56,20.56,23.06,0.76,58900.0,0.0
2017-10-07,24.44,13.89,19.16,5.33,57000.0,0.0
2017-10-08,27.78,11.11,19.44,0.0,58700.0,1.0
2017-10-09,29.44,13.28,21.36,0.0,64500.0,1.0
2017-10-10,20.56,9.44,15.0,20.57,102000.0,1.0
2017-10-11,13.33,9.44,11.38,0.0,120000.0,1.0
2017-10-12,20.0,11.67,15.84,0.0,107000.0,0.0
2017-10-13,29.44,12.78,21.11,0.0,96300.0,0.0
2017-10-14,30.56,20.0,25.28,13.72,98700.0,1.0
2017-10-15,20.0,6.67,13.34,11.94,105000.0,1.0
2017-10-16,20.0,3.89,11.94,0.0,102000.0,0.0
2017-10-17,21.67,5.0,13.34,0.0,99500.0,0.0
2017-10-18,23.89,6.11,15.0,0.0,95500.0,0.0
2017-10-19,26.67,8.33,17.5,0.0,91400.0,0.0
2017-10-20,23.89,7.22,15.56,0.0,84900.0,0.0
2017-10-21,26.11,16.67,21.39,0.51,79900.0,0.0
2017-10-22,20.56,11.11,15.84,11.18,75500.0,0.0
2017-10-23,20.56,7.78,14.17,0.0,74200.0,0.0
2017-10-24,13.33,5.0,9.16,0.25,85000.0,1.0
2017-10-25,21.11,2.22,11.66,0.0,95800.0,1.0
2017-10-26,28.33,5.0,16.66,0.0,81400.0,0.0
2017-10-27,10.56,3.89,7.22,0.0,74100.0,0.0
2017-10-28,5.0,-3.33,0.84,0.0,78200.0,1.0
2017-10-29,13.89,-3.33,5.28,0.0,73800.0,0.0
2017-10-30,11.67,2.78,7.22,0.0,66900.0,0.0
2017-10-31,5.61,-3.89,0.86,0.0,66900.0,0.0
2017-11-01,11.67,1.11,6.39,0.0,72300.0,1.0
2017-11-02,25.0,8.89,16.94,0.0,72800.0,1.0
2017-11-03,16.11,7.22,11.66,0.0,70200.0,0.0
2017-11-04,18.33,13.89,16.11,0.0,68300.0,0.0
2017-11-05,18.33,7.22,12.77,0.0,63900.0,0.0
2017-11-06,8.89,2.78,5.84,0.25,60300.0,0.0
2017-11-07,10.0,5.0,7.5,0.0,58600.0,0.0
2017-11-08,11.67,-0.56,5.56,0.0,57500.0,0.0
2017-11-09,13.33,-2.78,5.28,0.0,56800.0,0.0
2017-11-10,6.11,-3.33,1.39,0.0,55900.0,0.0
2017-11-11,15.0,-1.67,6.66,0.0,56000.0,1.0
2017-11-12,11.11,7.22,9.16,0.0,59000.0,1.0
2017-11-13,13.89,6.67,10.28,0.0,56500.0,0.0
2017-11-14,12.78,8.33,10.56,0.0,55900.0,0.0
2017-11-15,16.11,2.22,9.16,2.54,60800.0,1.0
2017-11-16,10.56,-2.22,4.17,0.0,62100.0,1.0
2017-11-17,20.56,5.0,12.78,0.0,62100.0,0.0
2017-11-18,20.0,3.33,11.66,6.86,59100.0,0.0
2017-11-19,8.33,-1.11,3.61,0.0,55100.0,0.0
2017-11-20,17.78,1.11,9.44,0.0,52600.0,0.0
2017-11-21,12.78,-1.11,5.84,0.0,52400.0,0.0
2017-11-22,6.11,-5.56,0.28,0.0,52800.0,1.0
2017-11-23,15.56,-2.22,6.67,0.0,53500.0,1.0
2017-11-24,24.44,0.56,12.5,0.0,52800.0,0.0
2017-11-25,16.67,1.11,8.89,0.0,51700.0,0.0
2017-11-26,17.78,-1.67,8.06,0.0,51600.0,0.0
2017-11-27,21.67,1.11,11.39,0.0,51400.0,0.0
2017-11-28,21.67,13.33,17.5,0.0,51100.0,0.0
2017-11-29,16.67,10.0,13.34,0.0,50700.0,0.0
2017-11-30,14.44,-0.56,6.94,0.0,51400.0,1.0
2017-12-01,14.44,-3.89,5.28,0.0,53000.0,1.0
2017-12-02,17.78,3.33,10.56,0.0,53800.0,1.0
2017-12-03,21.11,0.56,10.84,0.0,51100.0,0.0
2017-12-04,21.67,5.56,13.62,13.46,50500.0,0.0
2017-12-05,7.22,-0.56,3.33,0.0,50200.0,0.0
2017-12-06,10.0,0.56,5.28,0.0,50100.0,0.0
2017-12-07,0.56,-7.78,-3.61,0.0,50300.0,1.0
2017-12-08,4.44,-9.44,-2.5,0.0,52200.0,1.0
2017-12-09,3.89,-6.11,-1.11,0.0,58000.0,1.0
2017-12-10,12.22,-5.56,3.33,0.0,58400.0,1.0
2017-12-11,13.89,-3.89,5.0,0.0,53600.0,0.0
2017-12-12,4.44,-4.44,0.0,0.0,52300.0,0.0
2017-12-13,15.56,-2.78,6.39,0.0,50700.0,0.0
2017-12-14,5.0,-0.56,2.22,0.0,55000.0,1.0
2017-12-15,6.67,-3.33,1.67,0.0,52100.0,0.0
2017-12-16,16.67,1.11,8.89,0.0,47800.0,0.0
2017-12-17,8.89,5.56,7.22,0.51,47300.0,0.0
2017-12-18,11.67,3.33,7.5,0.0,48300.0,1.0
2017-12-19,12.22,1.67,6.94,0.0,46900.0,0.0
2017-12-20,11.11,2.22,6.66,0.0,46300.0,0.0
2017-12-21,16.67,3.33,10.0,0.0,46300.0,0.0
2017-12-22,7.22,1.11,4.16,0.51,46800.0,1.0
2017-12-23,2.78,-2.78,0.0,0.25,46800.0,0.0
2017-12-24,-1.11,-7.22,-4.16,0.0,46800.0,0.0
2017-12-25,-1.11,-7.22,-4.16,0.0,46400.0,0.0
2017-12-26,-3.89,-11.67,-7.78,0.0,45200.0,0.0
2017-12-27,-8.89,-16.67,-12.78,0.0,44500.0,0.0
2017-12-28,-4.44,-11.11,-7.78,0.0,44300.0,0.0
2017-12-29,0.56,-8.33,-3.88,0.0,45200.0,1.0
2017-12-30,-2.22,-13.89,-8.06,0.0,43200.0,0.0
2017-12-31,-10.0,-16.67,-13.34,0.0,40700.0,0.0
2018-01-01,,,,,38100.0,0.0
2018-01-02,,,,,35700.0,0.0
2018-01-03,,,,,34400.0,0.0
2018-01-04,,,,,35400.0,1.0
2018-01-05,,,,,37100.0,1.0
2018-01-06,,,,,39800.0,1.0
2018-01-07,,,,,42600.0,1.0
2018-01-08,,,,,41000.0,0.0
2018-01-09,,,,,39900.0,0.0
2018-01-10,,,,,40400.0,1.0
2018-01-11,,,,,40200.0,0.0
2018-01-12,,,,,40000.0,0.0
2018-01-13,,,,,39200.0,0.0
2018-01-14,,,,,39600.0,1.0
2018-01-15,,,,,39800.0,1.0
2018-01-16,,,,,41900.0,1.0
2018-01-17,,,,,44300.0,1.0
2018-01-18,,,,,50300.0,1.0
2018-01-19,,,,,44600.0,0.0
2018-01-20,,,,,38800.0,0.0
2018-01-21,,,,,37900.0,0.0
2018-01-22,,,,,39500.0,1.0
2018-01-23,,,,,42200.0,1.0
2018-01-24,,,,,41300.0,0.0
2018-01-25,,,,,40300.0,0.0
2018-01-26,,,,,41100.0,1.0
2018-01-27,,,,,43100.0,1.0
2018-01-28,,,,,43300.0,1.0
2018-01-29,,,,,43000.0,0.0
2018-01-30,,,,,42500.0,0.0
2018-01-31,,,,,41900.0,0.0
2018-02-01,,,,,44700.0,1.0
2018-02-02,,,,,44600.0,0.0
2018-02-03,,,,,43100.0,0.0
2018-02-04,,,,,43200.0,1.0
2018-02-05,,,,,41200.0,0.0
2018-02-06,,,,,40700.0,0.0
2018-02-07,,,,,44000.0,1.0
2018-02-08,,,,,44200.0,1.0
2018-02-09,,,,,40700.0,0.0
2018-02-10,,,,,38400.0,0.0
2018-02-11,,,,,38200.0,0.0
2018-02-12,,,,,38500.0,1.0
2018-02-13,,,,,38500.0,0.0
2018-02-14,,,,,38800.0,1.0
2018-02-15,,,,,38400.0,0.0
2018-02-16,,,,,37500.0,0.0
2018-02-17,,,,,37100.0,0.0
2018-02-18,,,,,36600.0,0.0
2018-02-19,,,,,36500.0,0.0
2018-02-20,,,,,40400.0,1.0
2018-02-21,,,,,65700.0,1.0
2018-02-22,,,,,82900.0,1.0
2018-02-23,,,,,85400.0,1.0
2018-02-24,,,,,90400.0,1.0
2018-02-25,,,,,108000.0,1.0
2018-02-26,,,,,111000.0,1.0
2018-02-27,,,,,111000.0,0.0
2018-02-28,,,,,119000.0,1.0
2018-03-01,,,,,116000.0,0.0
2018-03-02,,,,,91900.0,0.0
2018-03-03,,,,,82100.0,0.0
2018-03-04,,,,,73800.0,0.0
2018-03-05,,,,,73900.0,1.0
2018-03-06,,,,,77100.0,1.0
2018-03-07,,,,,74300.0,0.0
2018-03-08,,,,,72200.0,0.0
2018-03-09,,,,,78900.0,1.0
2018-03-10,,,,,87500.0,1.0
2018-03-11,,,,,80700.0,0.0
2018-03-12,,,,,71000.0,0.0
2018-03-13,,,,,67600.0,0.0
2018-03-14,,,,,67000.0,0.0
2018-03-15,,,,,65100.0,0.0
2018-03-16,,,,,59600.0,0.0
2018-03-17,,,,,57800.0,0.0
2018-03-18,,,,,56400.0,0.0
2018-03-19,,,,,58100.0,1.0
2018-03-20,,,,,76600.0,1.0
2018-03-21,,,,,79100.0,1.0
2018-03-22,,,,,82200.0,1.0
2018-03-23,,,,,83200.0,1.0
2018-03-24,,,,,82500.0,0.0
2018-03-25,,,,,75900.0,0.0
2018-03-26,,,,,70300.0,0.0
2018-03-27,,,,,98300.0,1.0
2018-03-28,,,,,125000.0,1.0
2018-03-29,,,,,126000.0,1.0
2018-03-30,,,,,128000.0,1.0
2018-03-31,,,,,127000.0,0.0
2018-04-01,,,,,122000.0,0.0
2018-04-02,,,,,111000.0,0.0
2018-04-03,,,,,105000.0,0.0
2018-04-04,,,,,97300.0,0.0
2018-04-05,,,,,89500.0,0.0
2018-04-06,,,,,86100.0,0.0
2018-04-07,,,,,84200.0,0.0
2018-04-08,,,,,82500.0,0.0
2018-04-09,,,,,80600.0,0.0
2018-04-10,,,,,78500.0,0.0
2018-04-11,,,,,78500.0,0.0
2018-04-12,,,,,75000.0,0.0
2018-04-13,,,,,78700.0,1.0
2018-04-14,,,,,91700.0,1.0
2018-04-15,,,,,82400.0,0.0
2018-04-16,,,,,77200.0,0.0
2018-04-17,,,,,84900.0,1.0
2018-04-18,,,,,85700.0,1.0
2018-04-19,,,,,80900.0,0.0
2018-04-20,,,,,77300.0,0.0
2018-04-21,,,,,77300.0,0.0
2018-04-22,,,,,76100.0,0.0
2018-04-23,,,,,74500.0,0.0
2018-04-24,,,,,75200.0,1.0
2018-04-25,,,,,83800.0,1.0
2018-04-26,,,,,86100.0,1.0
2018-04-27,,,,,81900.0,0.0
2018-04-28,,,,,81000.0,0.0
2018-04-29,,,,,80400.0,0.0
2018-04-30,,,,,80400.0,0.0
2018-05-01,,,,,81100.0,1.0
2018-05-02,,,,,81100.0,0.0
2018-05-03,,,,,81500.0,1.0
2018-05-04,,,,,81500.0,0.0
2018-05-05,,,,,83500.0,1.0
2018-05-06,,,,,88200.0,1.0
2018-05-07,,,,,99600.0,1.0
2018-05-08,,,,,105000.0,1.0
2018-05-09,,,,,102000.0,0.0
2018-05-10,,,,,96200.0,0.0
2018-05-11,,,,,95000.0,0.0
2018-05-12,,,,,94100.0,0.0
2018-05-13,,,,,88200.0,0.0
2018-05-14,,,,,84800.0,0.0
2018-05-15,,,,,83200.0,0.0
2018-05-16,,,,,83500.0,1.0
2018-05-17,,,,,82600.0,0.0
2018-05-18,,,,,83000.0,1.0
2018-05-19,,,,,86900.0,1.0
2018-05-20,,,,,90600.0,1.0
2018-05-21,,,,,105000.0,1.0
2018-05-22,,,,,135000.0,1.0
2018-05-23,,,,,127000.0,0.0
2018-05-24,,,,,120000.0,0.0
2018-05-25,,,,,109000.0,0.0
2018-05-26,,,,,103000.0,0.0
2018-05-27,,,,,100000.0,0.0
2018-05-28,,,,,97700.0,0.0
2018-05-29,,,,,98400.0,1.0
2018-05-30,,,,,104000.0,1.0
2018-05-31,,,,,104000.0,0.0
2018-06-01,,,,,105000.0,1.0
2018-06-02,,,,,107000.0,1.0
2018-06-03,,,,,98900.0,0.0
2018-06-04,,,,,91200.0,0.0
2018-06-05,,,,,88100.0,0.0
2018-06-06,,,,,84400.0,0.0
2018-06-07,,,,,85300.0,1.0
2018-06-08,,,,,88500.0,1.0
2018-06-09,,,,,94800.0,1.0
2018-06-10,,,,,89200.0,0.0
2018-06-11,,,,,80200.0,0.0
2018-06-12,,,,,77700.0,0.0
2018-06-13,,,,,76800.0,0.0
2018-06-14,,,,,77600.0,1.0
2018-06-15,,,,,80900.0,1.0
2018-06-16,,,,,90200.0,1.0
2018-06-17,,,,,93500.0,1.0
2018-06-18,,,,,85600.0,0.0
2018-06-19,,,,,82200.0,0.0
2018-06-20,,,,,85400.0,1.0
2018-06-21,,,,,81700.0,0.0
2018-06-22,,,,,78900.0,0.0
2018-06-23,,,,,84300.0,1.0
2018-06-24,,,,,97000.0,1.0
2018-06-25,,,,,102000.0,1.0
2018-06-26,,,,,99200.0,0.0
2018-06-27,,,,,118000.0,1.0
2018-06-28,,,,,124000.0,1.0
2018-06-29,,,,,122000.0,0.0
2018-06-30,,,,,127000.0,1.0
2018-07-01,,,,,132000.0,1.0
2018-07-02,,,,,131000.0,0.0
2018-07-03,,,,,137000.0,1.0
2018-07-04,,,,,138000.0,1.0
2018-07-05,,,,,137000.0,0.0
2018-07-06,,,,,137000.0,0.0
2018-07-07,,,,,135000.0,0.0
2018-07-08,,,,,131000.0,0.0
2018-07-09,,,,,126000.0,0.0
2018-07-10,,,,,121000.0,0.0
2018-07-11,,,,,115000.0,0.0
2018-07-12,,,,,111000.0,0.0
2018-07-13,,,,,109000.0,0.0
2018-07-14,,,,,110000.0,1.0
2018-07-15,,,,,111000.0,1.0
2018-07-16,,,,,105000.0,0.0
2018-07-17,,,,,103000.0,0.0
2018-07-18,,,,,101000.0,0.0
2018-07-19,,,,,107000.0,1.0
2018-07-20,,,,,117000.0,1.0
2018-07-21,,,,,120000.0,1.0
2018-07-22,,,,,116000.0,0.0
2018-07-23,,,,,108000.0,0.0
2018-07-24,,,,,106000.0,0.0
2018-07-25,,,,,104000.0,0.0
2018-07-26,,,,,104000.0,0.0
2018-07-27,,,,,104000.0,0.0
2018-07-28,,,,,100000.0,0.0
2018-07-29,,,,,99300.0,0.0
2018-07-30,,,,,98000.0,0.0
2018-07-31,,,,,97000.0,0.0
2018-08-01,,,,,96100.0,0.0
2018-08-02,,,,,93400.0,0.0
2018-08-03,,,,,92600.0,0.0
2018-08-04,,,,,91200.0,0.0
2018-08-05,,,,,89600.0,0.0
2018-08-06,,,,,87700.0,0.0
2018-08-07,,,,,88500.0,1.0
2018-08-08,,,,,91400.0,1.0
2018-08-09,,,,,90500.0,0.0
2018-08-10,,,,,92900.0,1.0
2018-08-11,,,,,87300.0,0.0
2018-08-12,,,,,85200.0,0.0
2018-08-13,,,,,84400.0,0.0
2018-08-14,,,,,83800.0,0.0
2018-08-15,,,,,83400.0,0.0
2018-08-16,,,,,83600.0,1.0
2018-08-17,,,,,89300.0,1.0
2018-08-18,,,,,93300.0,1.0
2018-08-19,,,,,86600.0,0.0
2018-08-20,,,,,83500.0,0.0
2018-08-21,,,,,82400.0,0.0
2018-08-22,,,,,85000.0,1.0
2018-08-23,,,,,87500.0,1.0
2018-08-24,,,,,96500.0,1.0
2018-08-25,,,,,111000.0,1.0
2018-08-26,,,,,108000.0,0.0
2018-08-27,,,,,97600.0,0.0
2018-08-28,,,,,91100.0,0.0
2018-08-29,,,,,91300.0,1.0
2018-08-30,,,,,92300.0,1.0
2018-08-31,,,,,94600.0,1.0
2018-09-01,,,,,100000.0,1.0
2018-09-02,,,,,102000.0,1.0
2018-09-03,,,,,100000.0,0.0
2018-09-04,,,,,101000.0,1.0
2018-09-05,,,,,107000.0,1.0
2018-09-06,,,,,137000.0,1.0
2018-09-07,,,,,152000.0,1.0
2018-09-08,,,,,165000.0,1.0
2018-09-09,,,,,175000.0,1.0
2018-09-10,,,,,166000.0,0.0
2018-09-11,,,,,150000.0,0.0
2018-09-12,,,,,136000.0,0.0
2018-09-13,,,,,125000.0,0.0
2018-09-14,,,,,121000.0,0.0
2018-09-15,,,,,121000.0,0.0
2018-09-16,,,,,118000.0,0.0
2018-09-17,,,,,112000.0,0.0
2018-09-18,,,,,113000.0,1.0
2018-09-19,,,,,115000.0,1.0
2018-09-20,,,,,111000.0,0.0
2018-09-21,,,,,108000.0,0.0
2018-09-22,,,,,105000.0,0.0
2018-09-23,,,,,101000.0,0.0
2018-09-24,,,,,102000.0,1.0
2018-09-25,,,,,101000.0,0.0
2018-09-26,,,,,101000.0,0.0
2018-09-27,,,,,104000.0,1.0
2018-09-28,,,,,110000.0,1.0
2018-09-29,,,,,115000.0,1.0
2018-09-30,,,,,120000.0,1.0
2018-10-01,,,,,124000.0,1.0
2018-10-02,,,,,126000.0,1.0
2018-10-03,,,,,128000.0,1.0
2018-10-04,,,,,130000.0,1.0
2018-10-05,,,,,127000.0,0.0
2018-10-06,,,,,127000.0,0.0
2018-10-07,,,,,130000.0,1.0
2018-10-08,,,,,148000.0,1.0
2018-10-09,,,,,176000.0,1.0
2018-10-10,,,,,230000.0,1.0
2018-10-11,,,,,248000.0,1.0
2018-10-12,,,,,254000.0,1.0
2018-10-13,,,,,260000.0,1.0
2018-10-14,,,,,262000.0,1.0
2018-10-15,,,,,251000.0,0.0
2018-10-16,,,,,241000.0,0.0
2018-10-17,,,,,218000.0,0.0
2018-10-18,,,,,190000.0,0.0
2018-10-19,,,,,174000.0,0.0
2018-10-20,,,,,163000.0,0.0
2018-10-21,,,,,152000.0,0.0
2018-10-22,,,,,142000.0,0.0
2018-10-23,,,,,143000.0,1.0
2018-10-24,,,,,142000.0,0.0
2018-10-25,,,,,142000.0,0.0
2018-10-26,,,,,140000.0,0.0
2018-10-27,,,,,134000.0,0.0
2018-10-28,,,,,125000.0,0.0
2018-10-29,,,,,119000.0,0.0
2018-10-30,,,,,126000.0,1.0
2018-10-31,,,,,132000.0,1.0
2018-11-01,,,,,129000.0,0.0
2018-11-02,,,,,126000.0,0.0
2018-11-03,,,,,124000.0,0.0
2018-11-04,,,,,120000.0,0.0
2018-11-05,,,,,119000.0,0.0
2018-11-06,,,,,122000.0,1.0
2018-11-07,,,,,124000.0,1.0
2018-11-08,,,,,121000.0,0.0
2018-11-09,,,,,119000.0,0.0
2018-11-10,,,,,118000.0,0.0
2018-11-11,,,,,116000.0,0.0
2018-11-12,,,,,116000.0,0.0
2018-11-13,,,,,115000.0,0.0
2018-11-14,,,,,117000.0,1.0
2018-11-15,,,,,121000.0,1.0
2018-11-16,,,,,119000.0,0.0
2018-11-17,,,,,115000.0,0.0
2018-11-18,,,,,112000.0,0.0
2018-11-19,,,,,110000.0,0.0
2018-11-20,,,,,114000.0,1.0
2018-11-21,,,,,116000.0,1.0
2018-11-22,,,,,112000.0,0.0
2018-11-23,,,,,111000.0,0.0
2018-11-24,,,,,115000.0,1.0
2018-11-25,,,,,113000.0,0.0
2018-11-26,,,,,114000.0,1.0
2018-11-27,,,,,115000.0,1.0
2018-11-28,,,,,116000.0,1.0
2018-11-29,,,,,114000.0,0.0
2018-11-30,,,,,112000.0,0.0
2018-12-01,,,,,120000.0,1.0
2018-12-02,,,,,146000.0,1.0
2018-12-03,,,,,158000.0,1.0
2018-12-04,,,,,189000.0,1.0
2018-12-05,,,,,202000.0,1.0
2018-12-06,,,,,181000.0,0.0
2018-12-07,,,,,155000.0,0.0
2018-12-08,,,,,139000.0,0.0
2018-12-09,,,,,127000.0,0.0
2018-12-10,,,,,117000.0,0.0
2018-12-11,,,,,113000.0,0.0
2018-12-12,,,,,117000.0,1.0
2018-12-13,,,,,114000.0,0.0
2018-12-14,,,,,112000.0,0.0
2018-12-15,,,,,110000.0,0.0
2018-12-16,,,,,109000.0,0.0
2018-12-17,,,,,104000.0,0.0
2018-12-18,,,,,102000.0,0.0
2018-12-19,,,,,101000.0,0.0
2018-12-20,,,,,95600.0,0.0
2018-12-21,,,,,92000.0,0.0
2018-12-22,,,,,88500.0,0.0
2018-12-23,,,,,84600.0,0.0
2018-12-24,,,,,83300.0,0.0
2018-12-25,,,,,83600.0,1.0
2018-12-26,,,,,82800.0,0.0
2018-12-27,,,,,83800.0,1.0
2018-12-28,,,,,90700.0,1.0
2018-12-29,,,,,98600.0,1.0
2018-12-30,,,,,123000.0,1.0
2018-12-31,,,,,185000.0,1.0
2019-01-01,3.89,-2.22,0.84,0.0,236000.0,1.0
2019-01-02,-1.11,-2.22,-1.66,0.0,206000.0,0.0
2019-01-03,5.56,-6.11,-0.28,0.0,176000.0,0.0
2019-01-04,12.22,-2.22,5.0,0.0,152000.0,0.0
2019-01-05,17.22,-2.78,7.22,0.0,136000.0,0.0
2019-01-06,15.56,-0.56,7.5,0.0,116000.0,0.0
2019-01-07,20.56,5.0,12.78,1.78,100000.0,0.0
2019-01-08,11.67,1.67,6.67,0.0,101000.0,1.0
2019-01-09,3.89,-3.33,0.28,0.0,113000.0,1.0
2019-01-10,3.89,-6.67,-1.39,0.0,122000.0,1.0
2019-01-11,2.78,-0.56,1.11,2.79,126000.0,1.0
2019-01-12,1.67,-0.56,0.55,3.3,126000.0,0.0
2019-01-13,0.56,-1.11,-0.28,1.27,116000.0,0.0
2019-01-14,0.0,-1.11,-0.56,,112000.0,0.0
2019-01-15,1.67,-1.11,0.28,0.0,109000.0,0.0
2019-01-16,2.78,-3.33,-0.28,0.0,112000.0,1.0
2019-01-17,2.78,1.11,1.94,0.0,112000.0,0.0
2019-01-18,4.44,0.56,2.5,2.03,122000.0,1.0
2019-01-19,2.78,-9.44,-3.33,1.52,130000.0,1.0
2019-01-20,-7.22,-11.67,-9.44,0.0,130000.0,0.0
2019-01-21,-1.11,-8.89,-5.0,0.0,119000.0,0.0
2019-01-22,7.78,-1.67,3.06,7.62,106000.0,0.0
2019-01-23,6.67,-6.67,0.0,5.59,123000.0,1.0
2019-01-24,-1.11,-9.44,-5.28,0.0,128000.0,1.0
2019-01-25,2.22,-13.33,-5.56,0.0,116000.0,0.0
2019-01-26,7.22,-4.44,1.39,0.0,109000.0,0.0
2019-01-27,5.56,-2.78,1.39,0.0,93800.0,0.0
2019-01-28,8.89,-8.33,0.28,2.03,84200.0,0.0
2019-01-29,-1.11,-12.22,-6.66,0.0,90200.0,1.0
2019-01-30,-12.22,-20.56,-16.39,0.0,105000.0,1.0
2019-01-31,-1.11,-16.67,-8.89,0.0,109000.0,1.0
2019-02-01,10.56,-5.56,2.5,0.0,106000.0,0.0
2019-02-02,17.78,-2.22,7.78,0.0,93100.0,0.0
2019-02-03,20.0,5.56,12.78,0.0,79000.0,0.0
2019-02-04,18.33,-0.56,8.88,0.0,76000.0,0.0
2019-02-05,8.33,-5.0,1.66,0.76,96400.0,1.0
2019-02-06,2.78,1.11,1.94,4.83,126000.0,1.0
2019-02-07,1.67,-8.89,-3.61,14.99,161000.0,1.0
2019-02-08,-6.67,-11.67,-9.17,0.0,173000.0,1.0
2019-02-09,0.56,-11.11,-5.28,0.0,142000.0,0.0
2019-02-10,2.22,-2.22,0.0,0.25,118000.0,0.0
2019-02-11,3.33,0.56,1.94,5.33,98100.0,0.0
2019-02-12,5.0,-1.67,1.66,0.0,97400.0,0.0
2019-02-13,13.33,-4.44,4.44,0.0,114000.0,1.0
2019-02-14,17.22,-1.67,7.78,0.0,115000.0,1.0
2019-02-15,-1.67,-7.78,-4.72,0.0,110000.0,0.0
2019-02-16,0.0,-10.56,-5.28,0.25,113000.0,1.0
2019-02-17,-0.56,-2.22,-1.39,0.0,111000.0,0.0
2019-02-18,-1.11,-5.56,-3.34,0.0,97200.0,0.0
2019-02-19,0.56,-6.67,-3.06,0.0,94100.0,0.0
2019-02-20,4.44,0.0,2.22,0.51,98100.0,1.0
2019-02-21,6.67,-2.22,2.22,0.0,92000.0,0.0
2019-02-22,6.11,-0.56,2.78,1.27,92800.0,1.0
2019-02-23,16.67,3.33,10.0,7.11,99900.0,1.0
2019-02-24,5.0,-3.89,0.55,0.0,116000.0,1.0
2019-02-25,9.44,-7.22,1.11,0.0,148000.0,1.0
2019-02-26,13.89,-2.78,5.56,0.0,160000.0,1.0
2019-02-27,7.78,-3.33,2.22,0.0,157000.0,0.0
2019-02-28,-2.22,-6.67,-4.44,0.0,143000.0,0.0
2019-03-01,3.33,-2.78,0.28,0.0,124000.0,0.0
2019-03-02,1.11,-2.22,-0.56,0.0,107000.0,0.0
2019-03-03,-2.22,-13.89,-8.06,0.0,90300.0,0.0
2019-03-04,-7.78,-17.22,-12.5,0.0,80600.0,0.0
2019-03-05,-3.33,-12.22,-7.78,0.0,83200.0,1.0
2019-03-06,2.22,-12.78,-5.28,0.0,90500.0,1.0
2019-03-07,6.67,-1.11,2.78,0.0,95800.0,1.0
2019-03-08,10.56,1.11,5.84,0.51,86100.0,0.0
2019-03-09,17.78,3.89,10.84,30.23,90800.0,1.0
2019-03-10,8.33,0.56,4.44,0.0,129000.0,1.0
2019-03-11,11.67,1.11,6.39,0.0,155000.0,1.0
2019-03-12,12.78,1.11,6.94,19.3,199000.0,1.0
2019-03-13,18.89,9.44,14.16,3.56,229000.0,1.0
2019-03-14,16.67,5.56,11.12,0.25,246000.0,1.0
2019-03-15,10.0,0.0,5.0,0.0,262000.0,1.0
2019-03-16,13.33,-3.89,4.72,0.0,290000.0,1.0
2019-03-17,9.44,1.67,5.56,0.0,296000.0,1.0
2019-03-18,12.22,0.0,6.11,0.0,290000.0,0.0
2019-03-19,14.44,-1.11,6.66,0.0,283000.0,0.0
2019-03-20,13.33,8.33,10.83,0.0,273000.0,0.0
2019-03-21,13.89,1.11,7.5,0.0,261000.0,0.0
2019-03-22,20.0,-0.56,9.72,0.0,254000.0,0.0
2019-03-23,18.33,3.33,10.83,0.25,251000.0,0.0
2019-03-24,20.0,8.33,14.16,0.0,253000.0,1.0
2019-03-25,14.44,7.78,11.11,0.0,258000.0,1.0
2019-03-26,15.56,3.33,9.44,0.0,268000.0,1.0
2019-03-27,21.11,2.22,11.66,0.0,279000.0,1.0
2019-03-28,18.89,12.22,15.56,22.35,282000.0,1.0
2019-03-29,17.22,11.67,14.44,9.4,287000.0,1.0
2019-03-30,14.44,2.22,8.33,19.56,302000.0,1.0
2019-03-31,7.78,-1.11,3.34,0.0,315000.0,1.0
2019-04-01,12.78,-1.67,5.56,0.0,306000.0,0.0
2019-04-02,17.22,2.22,9.72,0.0,303000.0,0.0
2019-04-03,21.11,4.44,12.78,0.0,298000.0,0.0
2019-04-04,16.11,10.56,13.34,14.22,289000.0,0.0
2019-04-05,12.22,8.33,10.28,0.0,264000.0,0.0
2019-04-06,23.33,5.56,14.44,0.0,230000.0,0.0
2019-04-07,27.78,14.44,21.11,0.0,209000.0,0.0
2019-04-08,26.11,11.11,18.61,0.0,193000.0,0.0
2019-04-09,24.44,10.0,17.22,0.0,191000.0,0.0
2019-04-10,30.56,15.56,23.06,0.0,190000.0,0.0
2019-04-11,23.89,7.22,15.56,0.0,185000.0,0.0
2019-04-12,15.56,3.33,9.44,0.0,178000.0,0.0
2019-04-13,15.0,2.78,8.89,2.54,172000.0,0.0
2019-04-14,13.33,0.56,6.94,18.29,173000.0,1.0
2019-04-15,23.89,0.56,12.22,0.0,175000.0,1.0
2019-04-16,28.89,12.78,20.84,0.0,172000.0,0.0
2019-04-17,26.11,18.33,22.22,3.56,170000.0,0.0
2019-04-18,18.89,9.44,14.16,3.05,174000.0,1.0
2019-04-19,16.67,7.22,11.94,0.0,178000.0,1.0
2019-04-20,21.67,2.78,12.23,0.0,176000.0,0.0
2019-04-21,28.89,6.11,17.5,0.0,170000.0,0.0
2019-04-22,27.78,16.11,21.94,0.0,166000.0,0.0
2019-04-23,18.33,12.22,15.27,5.08,162000.0,0.0
2019-04-24,17.22,13.33,15.27,7.11,163000.0,1.0
2019-04-25,21.67,10.56,16.12,0.76,165000.0,1.0
2019-04-26,21.11,8.89,15.0,0.0,165000.0,0.0
2019-04-27,27.22,7.78,17.5,0.76,164000.0,0.0
2019-04-28,16.67,5.56,11.12,0.0,162000.0,0.0
2019-04-29,22.22,11.67,16.94,6.35,158000.0,0.0
2019-04-30,21.11,13.89,17.5,43.94,161000.0,1.0
2019-05-01,24.44,15.56,20.0,19.56,267000.0,1.0
2019-05-02,20.0,14.44,17.22,1.52,334000.0,1.0
2019-05-03,15.56,12.78,14.17,0.0,340000.0,1.0
2019-05-04,20.56,9.44,15.0,0.0,331000.0,0.0
2019-05-05,23.89,7.22,15.56,0.0,317000.0,0.0
2019-05-06,24.44,13.89,19.16,2.29,280000.0,0.0
2019-05-07,26.11,16.11,21.11,1.27,241000.0,0.0
2019-05-08,24.44,16.11,20.27,1.78,227000.0,0.0
2019-05-09,17.78,10.0,13.89,0.0,231000.0,1.0
2019-05-10,17.78,8.33,13.06,0.0,251000.0,1.0
2019-05-11,12.78,9.44,11.11,1.27,260000.0,1.0
2019-05-12,15.56,8.33,11.94,0.0,268000.0,1.0
2019-05-13,19.44,6.11,12.78,0.0,266000.0,0.0
2019-05-14,26.67,8.33,17.5,0.0,257000.0,0.0
2019-05-15,30.0,15.56,22.78,0.25,253000.0,0.0
2019-05-16,32.22,16.67,24.44,0.0,241000.0,0.0
2019-05-17,31.11,20.0,25.56,0.0,230000.0,0.0
2019-05-18,29.44,17.22,23.33,1.02,220000.0,0.0
2019-05-19,23.33,12.78,18.06,0.25,211000.0,0.0
2019-05-20,20.0,9.44,14.72,0.25,222000.0,1.0
2019-05-21,22.78,10.56,16.67,20.07,259000.0,1.0
2019-05-22,28.28,13.89,21.08,,314000.0,1.0
2019-05-23,,,,,350000.0,1.0
2019-05-24,,,,,373000.0,1.0
2019-05-25,,,,,383000.0,1.0
2019-05-26,,,,,385000.0,1.0
2019-05-27,,,,,375000.0,0.0
2019-05-28,,,,,368000.0,0.0
2019-05-29,,,,,369000.0,1.0
2019-05-30,,,,,372000.0,1.0
2019-05-31,,,,,374000.0,1.0
2019-06-01,,,,,379000.0,1.0
2019-06-02,,,,,379000.0,0.0
2019-06-03,,,,,376000.0,0.0
2019-06-04,,,,,382000.0,1.0
2019-06-05,,,,,390000.0,1.0
2019-06-06,,,,,400000.0,1.0
2019-06-07,,,,,400000.0,0.0
2019-06-08,,,,,400000.0,0.0
2019-06-09,,,,,390000.0,0.0
2019-06-10,,,,,377000.0,0.0
2019-06-11,,,,,363000.0,0.0
2019-06-12,,,,,356000.0,0.0
2019-06-13,,,,,356000.0,0.0
2019-06-14,,,,,353000.0,0.0
2019-06-15,,,,,346000.0,0.0
2019-06-16,,,,,337000.0,0.0
2019-06-17,,,,,328000.0,0.0
2019-06-18,,,,,324000.0,0.0
2019-06-19,,,,,308000.0,0.0
2019-06-20,,,,,291000.0,0.0
2019-06-21,,,,,277000.0,0.0
2019-06-22,,,,,292000.0,1.0
2019-06-23,,,,,308000.0,1.0
2019-06-24,,,,,301000.0,0.0
2019-06-25,,,,,304000.0,1.0
2019-06-26,,,,,314000.0,1.0
2019-06-27,,,,,326000.0,1.0
2019-06-28,,,,,334000.0,1.0
2019-06-29,,,,,341000.0,1.0
2019-06-30,,,,,345000.0,1.0
2019-07-01,,,,,342000.0,0.0
2019-07-02,,,,,334000.0,0.0
2019-07-03,,,,,322000.0,0.0
2019-07-04,,,,,307000.0,0.0
2019-07-05,,,,,292000.0,0.0
2019-07-06,,,,,282000.0,0.0
2019-07-07,,,,,275000.0,0.0
2019-07-08,,,,,268000.0,0.0
2019-07-09,,,,,262000.0,0.0
2019-07-10,,,,,257000.0,0.0
2019-07-11,,,,,253000.0,0.0
2019-07-12,,,,,248000.0,0.0
2019-07-13,,,,,241000.0,0.0
2019-07-14,,,,,236000.0,0.0
2019-07-15,,,,,230000.0,0.0
2019-07-16,,,,,228000.0,0.0
2019-07-17,,,,,226000.0,0.0
2019-07-18,,,,,229000.0,1.0
2019-07-19,,,,,224000.0,0.0
2019-07-20,,,,,223000.0,0.0
2019-07-21,,,,,224000.0,1.0
2019-07-22,,,,,228000.0,1.0
2019-07-23,,,,,235000.0,1.0
2019-07-24,,,,,242000.0,1.0
2019-07-25,,,,,242000.0,0.0
2019-07-26,,,,,240000.0,0.0
2019-07-27,,,,,235000.0,0.0
2019-07-28,,,,,231000.0,0.0
2019-07-29,,,,,229000.0,0.0
2019-07-30,,,,,230000.0,1.0
2019-07-31,,,,,228000.0,0.0
2019-08-01,,,,,221000.0,0.0
2019-08-02,,,,,215000.0,0.0
2019-08-03,,,,,209000.0,0.0
2019-08-04,,,,,207000.0,0.0
2019-08-05,,,,,202000.0,0.0
2019-08-06,,,,,194000.0,0.0
2019-08-07,,,,,190000.0,0.0
2019-08-08,,,,,188000.0,0.0
2019-08-09,,,,,186000.0,0.0
2019-08-10,,,,,185000.0,0.0
2019-08-11,,,,,184000.0,0.0
2019-08-12,,,,,182000.0,0.0
2019-08-13,,,,,183000.0,1.0
2019-08-14,,,,,179000.0,0.0
2019-08-15,,,,,175000.0,0.0
2019-08-16,,,,,175000.0,0.0
2019-08-17,,,,,177000.0,1.0
2019-08-18,,,,,180000.0,1.0
2019-08-19,,,,,189000.0,1.0
2019-08-20,33.89,23.33,28.61,0.0,203000.0,1.0
2019-08-21,32.78,22.22,27.5,9.91,207000.0,1.0
2019-08-22,27.22,22.22,24.72,2.79,200000.0,0.0
2019-08-23,28.89,20.56,24.72,0.0,197000.0,0.0
2019-08-24,25.0,18.33,21.66,3.3,193000.0,0.0
2019-08-25,25.0,18.89,21.94,11.68,192000.0,0.0
2019-08-26,26.67,21.67,24.17,6.86,213000.0,1.0
2019-08-27,28.33,19.44,23.88,0.0,215000.0,1.0
2019-08-28,28.89,17.22,23.06,0.0,219000.0,1.0
2019-08-29,32.22,17.22,24.72,0.76,216000.0,0.0
2019-08-30,24.44,17.22,20.83,39.88,208000.0,0.0
2019-08-31,22.78,18.33,20.56,0.0,221000.0,1.0
2019-09-01,23.89,18.33,21.11,0.0,236000.0,1.0
2019-09-02,29.44,17.22,23.33,0.0,239000.0,1.0
2019-09-03,33.33,22.22,27.78,0.0,231000.0,0.0
2019-09-04,28.89,18.89,23.89,0.0,218000.0,0.0
2019-09-05,30.0,16.67,23.34,0.0,202000.0,0.0
2019-09-06,31.67,20.0,25.84,0.0,190000.0,0.0
2019-09-07,28.33,17.78,23.06,0.0,188000.0,0.0
2019-09-08,27.22,19.44,23.33,36.83,187000.0,0.0
2019-09-09,33.89,21.67,27.78,0.0,188000.0,1.0
2019-09-10,31.11,24.44,27.78,0.0,190000.0,1.0
2019-09-11,33.0,23.28,28.14,,187000.0,0.0
2019-09-12,33.0,23.0,28.0,,181000.0,0.0
2019-09-13,26.67,17.22,21.94,0.0,175000.0,0.0
2019-09-14,31.11,14.44,22.78,0.0,170000.0,0.0
2019-09-15,33.89,21.67,27.78,0.0,169000.0,0.0
2019-09-16,33.89,20.56,27.22,0.0,167000.0,0.0
2019-09-17,34.44,20.56,27.5,0.0,166000.0,0.0
2019-09-18,33.89,21.67,27.78,0.0,163000.0,0.0
2019-09-19,33.89,21.11,27.5,0.0,164000.0,1.0
2019-09-20,31.11,21.11,26.11,0.76,167000.0,1.0
2019-09-21,28.33,23.33,25.83,3.81,167000.0,0.0
2019-09-22,25.0,22.22,23.61,13.46,162000.0,0.0
2019-09-23,27.78,16.67,22.22,0.0,162000.0,0.0
2019-09-24,24.44,13.89,19.16,0.0,181000.0,1.0
2019-09-25,27.78,18.33,23.06,0.0,200000.0,1.0
2019-09-26,23.89,15.0,19.44,0.0,200000.0,0.0
2019-09-27,33.89,17.78,25.84,0.0,189000.0,0.0
2019-09-28,26.11,21.11,23.61,12.7,180000.0,0.0
2019-09-29,31.67,20.56,26.12,1.78,175000.0,0.0
2019-09-30,32.22,21.67,26.94,0.0,197000.0,1.0
2019-10-01,32.78,21.11,26.94,0.0,228000.0,1.0
2019-10-02,32.78,22.78,27.78,0.0,241000.0,1.0
2019-10-03,25.0,13.89,19.44,0.0,245000.0,1.0
2019-10-04,20.56,10.56,15.56,0.0,247000.0,1.0
2019-10-05,25.56,12.78,19.17,2.03,252000.0,1.0
2019-10-06,18.89,11.67,15.28,0.51,248000.0,0.0
2019-10-07,22.78,7.78,15.28,0.0,247000.0,0.0
2019-10-08,23.33,7.78,15.56,0.0,251000.0,1.0
2019-10-09,22.78,7.78,15.28,0.0,244000.0,0.0
2019-10-10,20.56,11.67,16.11,70.36,244000.0,0.0
2019-10-11,11.67,3.89,7.78,3.56,260000.0,1.0
2019-10-12,17.22,2.22,9.72,0.0,256000.0,0.0
2019-10-13,20.0,5.0,12.5,0.0,235000.0,0.0
2019-10-14,23.33,5.0,14.16,0.0,219000.0,0.0
2019-10-15,22.78,9.44,16.11,0.51,210000.0,0.0
2019-10-16,10.56,3.89,7.22,0.0,205000.0,0.0
2019-10-17,17.78,2.78,10.28,0.0,207000.0,1.0
2019-10-18,21.11,7.22,14.16,0.0,204000.0,0.0
2019-10-19,16.11,8.33,12.22,2.79,203000.0,0.0
2019-10-20,18.33,8.89,13.61,0.0,201000.0,0.0
2019-10-21,16.67,12.22,14.44,28.7,198000.0,0.0
2019-10-22,15.56,6.67,11.12,0.0,195000.0,0.0
2019-10-23,23.89,6.11,15.0,0.0,185000.0,0.0
2019-10-24,13.89,6.67,10.28,0.51,182000.0,0.0
2019-10-25,10.56,7.22,8.89,0.0,180000.0,0.0
2019-10-26,10.0,7.22,8.61,5.08,177000.0,0.0
2019-10-27,19.44,5.0,12.22,0.0,163000.0,0.0
2019-10-28,11.11,5.0,8.06,1.52,154000.0,0.0
2019-10-29,5.0,2.78,3.89,23.88,152000.0,0.0
2019-10-30,4.44,0.56,2.5,16.51,167000.0,1.0
2019-10-31,4.44,-0.56,1.94,0.0,191000.0,1.0
2019-11-01,14.44,-0.56,6.94,0.0,191000.0,0.0
2019-11-02,11.11,1.11,6.11,0.0,183000.0,0.0
2019-11-03,17.22,0.0,8.61,0.0,181000.0,0.0
2019-11-04,12.78,7.78,10.28,0.0,181000.0,0.0
2019-11-05,13.33,2.78,8.06,0.0,172000.0,0.0
2019-11-06,11.67,5.56,8.62,0.0,159000.0,0.0
2019-11-07,5.56,-3.33,1.11,0.0,153000.0,0.0
2019-11-08,5.56,-6.11,-0.28,0.0,151000.0,0.0
2019-11-09,18.33,2.22,10.27,0.0,150000.0,0.0
2019-11-10,19.44,3.89,11.66,0.0,148000.0,0.0
2019-11-11,6.11,-7.78,-0.84,2.29,150000.0,1.0
2019-11-12,-4.44,-11.67,-8.06,0.0,151000.0,1.0
2019-11-13,6.67,-8.33,-0.83,0.0,156000.0,1.0
2019-11-14,6.67,-3.33,1.67,0.0,152000.0,0.0
2019-11-15,10.0,-5.56,2.22,0.0,148000.0,0.0
2019-11-16,12.78,-3.89,4.44,0.0,148000.0,0.0
2019-11-17,10.0,2.78,6.39,0.76,148000.0,0.0
2019-11-18,13.33,-1.11,6.11,0.51,146000.0,0.0
2019-11-19,16.67,3.89,10.28,0.0,145000.0,0.0
2019-11-20,21.11,0.56,10.84,0.76,145000.0,0.0
2019-11-21,16.67,5.56,11.12,4.06,144000.0,0.0
2019-11-22,6.11,1.11,3.61,2.79,144000.0,0.0
2019-11-23,6.11,1.11,3.61,1.27,144000.0,0.0
2019-11-24,16.67,-0.56,8.06,0.0,143000.0,0.0
2019-11-25,19.44,1.67,10.56,0.0,143000.0,0.0
2019-11-26,18.33,4.44,11.38,0.51,144000.0,1.0
2019-11-27,15.0,-2.22,6.39,0.0,144000.0,0.0
2019-11-28,2.22,-2.22,0.0,2.79,145000.0,1.0
2019-11-29,6.11,2.22,4.16,22.86,145000.0,0.0
2019-11-30,20.56,6.11,13.34,6.6,165000.0,1.0
2019-12-01,6.67,1.11,3.89,0.0,178000.0,1.0
2019-12-02,6.11,-1.67,2.22,0.0,173000.0,0.0
2019-12-03,12.22,-2.78,4.72,0.0,163000.0,0.0
2019-12-04,14.44,1.11,7.78,0.0,163000.0,0.0
2019-12-05,17.22,-1.67,7.78,0.0,164000.0,1.0
2019-12-06,8.89,-2.78,3.06,0.0,164000.0,0.0
2019-12-07,8.89,-5.0,1.95,0.0,159000.0,0.0
2019-12-08,15.0,0.56,7.78,0.0,148000.0,0.0
2019-12-09,11.67,-4.44,3.62,0.0,140000.0,0.0
2019-12-10,3.33,-5.56,-1.11,0.0,139000.0,0.0
2019-12-11,10.56,-6.11,2.22,0.0,139000.0,0.0
2019-12-12,13.33,-1.11,6.11,0.0,134000.0,0.0
2019-12-13,12.22,-1.11,5.56,0.0,126000.0,0.0
2019-12-14,7.22,-1.67,2.78,5.33,120000.0,0.0
2019-12-15,-1.67,-3.33,-2.5,,117000.0,0.0
2019-12-16,-2.22,-4.44,-3.33,,112000.0,0.0
2019-12-17,-2.78,-9.44,-6.11,0.0,107000.0,0.0
2019-12-18,1.67,-9.44,-3.88,0.0,101000.0,0.0
2019-12-19,10.56,-5.0,2.78,0.0,97000.0,0.0
2019-12-20,8.89,-2.78,3.06,0.0,91000.0,0.0
2019-12-21,12.22,-2.78,4.72,0.0,85700.0,0.0
2019-12-22,13.89,-2.78,5.56,0.0,82700.0,0.0
2019-12-23,17.22,-2.22,7.5,0.0,80800.0,0.0
2019-12-24,17.78,-0.56,8.61,0.0,79400.0,0.0
2019-12-25,22.22,4.44,13.33,0.0,78400.0,0.0
2019-12-26,19.44,3.33,11.39,0.0,77900.0,0.0
2019-12-27,7.22,1.67,4.44,0.0,78900.0,1.0
2019-12-28,16.67,6.11,11.39,20.32,84600.0,1.0
2019-12-29,13.33,3.33,8.33,1.02,91500.0,1.0
2019-12-30,3.33,1.67,2.5,0.0,121000.0,1.0
2019-12-31,7.22,0.0,3.61,0.0,149000.0,1.0
2020-01-01,14.44,-1.11,6.66,0.0,154000.0,1.0
2020-01-02,12.78,4.44,8.61,0.0,150000.0,0.0
2020-01-03,7.78,2.78,5.28,0.0,143000.0,0.0
2020-01-04,6.11,-1.11,2.5,0.0,133000.0,0.0
2020-01-05,12.78,-1.72,5.53,0.0,122000.0,0.0
2020-01-06,10.0,-5.0,2.5,0.0,113000.0,0.0
2020-01-07,9.44,0.0,4.72,0.0,115000.0,1.0
2020-01-08,11.11,-1.72,4.69,0.0,113000.0,0.0
2020-01-09,15.56,10.0,12.78,1.78,111000.0,0.0
2020-01-10,17.22,2.78,10.0,71.12,114000.0,1.0
2020-01-11,2.78,-5.61,-1.42,,235000.0,1.0
2020-01-12,0.0,-5.0,-2.5,0.0,255000.0,1.0
2020-01-13,4.44,-2.22,1.11,0.0,215000.0,0.0
2020-01-14,12.22,0.0,6.11,0.0,187000.0,0.0
2020-01-15,14.44,0.56,7.5,0.0,180000.0,0.0
2020-01-16,0.0,-5.0,-2.5,0.0,167000.0,0.0
2020-01-17,1.67,-3.28,-0.8,,144000.0,0.0
2020-01-18,11.0,-2.78,4.11,,177000.0,1.0
2020-01-19,-3.28,-10.0,-6.64,0.0,189000.0,1.0
2020-01-20,-7.22,-10.61,-8.91,0.0,164000.0,0.0
2020-01-21,1.11,-10.0,-4.44,0.0,143000.0,0.0
2020-01-22,1.67,-2.22,-0.28,3.56,125000.0,0.0
2020-01-23,2.22,0.56,1.39,6.35,116000.0,0.0
2020-01-24,1.67,0.56,1.12,2.29,115000.0,0.0
2020-01-25,2.22,-2.78,-0.28,0.0,112000.0,0.0
2020-01-26,6.11,-3.89,1.11,0.0,117000.0,1.0
2020-01-27,2.22,-1.11,0.56,0.0,121000.0,1.0
2020-01-28,1.11,-0.61,0.25,0.0,124000.0,1.0
2020-01-29,1.11,-1.11,0.0,3.3,125000.0,1.0
2020-01-30,2.78,-1.0,0.89,0.0,120000.0,0.0
2020-01-31,7.22,1.67,4.44,0.0,116000.0,0.0
2020-02-01,8.89,0.0,4.44,0.0,118000.0,1.0
2020-02-02,21.11,4.44,12.78,0.0,122000.0,1.0
2020-02-03,21.67,3.33,12.5,0.0,128000.0,1.0
2020-02-04,6.67,0.56,3.62,3.05,135000.0,1.0
2020-02-05,0.56,-2.22,-0.83,,144000.0,1.0
2020-02-06,-0.61,-5.61,-3.11,0.0,152000.0,1.0
2020-02-07,2.78,-7.22,-2.22,0.0,149000.0,0.0
2020-02-08,3.89,-3.28,0.31,0.0,142000.0,0.0
2020-02-09,13.89,2.22,8.06,8.89,139000.0,0.0
2020-02-10,3.89,-0.61,1.64,0.0,141000.0,1.0
2020-02-11,6.67,0.0,3.34,0.0,135000.0,0.0
2020-02-12,2.22,-0.61,0.81,11.43,125000.0,0.0
2020-02-13,1.11,-11.11,-5.0,,125000.0,0.0
2020-02-14,-1.11,-2.78,-1.94,,128000.0,1.0
2020-02-15,7.22,-2.78,2.22,0.0,127000.0,0.0
2020-02-16,12.22,-3.28,4.47,0.0,117000.0,0.0
2020-02-17,10.0,3.89,6.94,0.51,109000.0,0.0
2020-02-18,7.22,-1.11,3.06,0.0,105000.0,0.0
2020-02-19,7.22,-3.89,1.66,0.0,103000.0,0.0
2020-02-20,0.0,-7.22,-3.61,0.0,105000.0,1.0
2020-02-21,6.67,-9.39,-1.36,0.0,110000.0,1.0
2020-02-22,12.22,-1.72,5.25,0.0,112000.0,1.0
2020-02-23,16.67,5.56,11.12,1.27,109000.0,0.0
2020-02-24,8.33,5.56,6.94,26.92,108000.0,0.0
2020-02-25,5.0,1.67,3.34,2.29,132000.0,1.0
2020-02-26,2.78,-2.22,0.28,,134000.0,1.0
2020-02-27,7.22,-3.89,1.66,0.0,134000.0,0.0
2020-02-28,9.44,-1.72,3.86,0.0,132000.0,0.0
2020-02-29,15.0,-3.28,5.86,0.0,128000.0,0.0
2020-03-01,19.44,8.33,13.89,0.0,124000.0,0.0
2020-03-02,12.22,5.0,8.61,0.0,121000.0,0.0
2020-03-03,16.11,3.33,9.72,0.0,120000.0,0.0
2020-03-04,13.89,3.89,8.89,0.0,119000.0,0.0
2020-03-05,15.56,1.11,8.34,0.0,119000.0,0.0
2020-03-06,12.22,0.0,6.11,0.0,118000.0,0.0
2020-03-07,18.33,-2.22,8.06,0.0,114000.0,0.0
2020-03-08,22.22,7.22,14.72,0.0,113000.0,0.0
2020-03-09,16.67,7.78,12.23,18.29,117000.0,1.0
2020-03-10,7.22,3.89,5.56,0.0,139000.0,1.0
2020-03-11,18.89,3.89,11.39,0.0,175000.0,1.0
2020-03-12,17.22,6.11,11.66,29.21,200000.0,1.0
2020-03-13,10.0,3.89,6.94,0.0,194000.0,0.0
2020-03-14,7.22,3.33,5.28,11.94,175000.0,0.0
2020-03-15,5.0,2.22,3.61,0.0,179000.0,1.0
2020-03-16,7.22,3.33,5.28,0.51,182000.0,1.0
2020-03-17,11.11,6.11,8.61,0.0,184000.0,1.0
2020-03-18,17.78,7.78,12.78,8.64,184000.0,0.0
2020-03-19,21.11,13.33,17.22,19.05,210000.0,1.0
2020-03-20,18.33,-1.11,8.61,0.0,262000.0,1.0
2020-03-21,8.89,-2.22,3.34,0.0,261000.0,0.0
2020-03-22,4.44,0.56,2.5,16.51,242000.0,0.0
2020-03-23,8.33,5.0,6.66,0.0,256000.0,1.0
2020-03-24,8.33,5.56,6.94,9.65,250000.0,0.0
2020-03-25,17.78,6.11,11.94,0.0,230000.0,0.0
2020-03-26,27.78,10.0,18.89,0.0,210000.0,0.0
2020-03-27,27.22,13.33,20.27,,200000.0,0.0
2020-03-28,26.11,15.56,20.84,,203000.0,1.0
2020-03-29,20.0,8.33,14.16,0.0,201000.0,0.0
2020-03-30,20.56,3.89,12.22,0.0,191000.0,0.0
2020-03-31,18.89,9.44,14.16,0.0,178000.0,0.0
2020-04-01,20.56,5.0,12.78,0.0,170000.0,0.0
2020-04-02,23.33,11.67,17.5,0.0,164000.0,0.0
2020-04-03,16.67,2.78,9.73,2.54,159000.0,0.0
2020-04-04,6.11,1.67,3.89,0.76,160000.0,1.0
2020-04-05,12.78,5.56,9.17,0.0,159000.0,0.0
2020-04-06,23.89,9.44,16.66,0.0,161000.0,1.0
2020-04-07,29.44,17.78,23.61,0.0,164000.0,1.0
2020-04-08,32.78,13.89,23.34,0.0,161000.0,0.0
2020-04-09,15.56,6.11,10.84,0.0,155000.0,0.0
2020-04-10,14.44,0.56,7.5,0.0,149000.0,0.0
2020-04-11,17.78,9.44,13.61,2.29,146000.0,0.0
2020-04-12,20.0,3.33,11.66,13.72,142000.0,0.0
2020-04-13,7.22,1.11,4.16,0.0,139000.0,0.0
2020-04-14,10.0,2.22,6.11,0.0,141000.0,1.0
2020-04-15,11.11,5.0,8.06,0.0,144000.0,1.0
2020-04-16,16.67,5.56,11.12,0.0,139000.0,0.0
2020-04-17,9.44,2.22,5.83,9.91,137000.0,0.0
2020-04-18,18.33,-0.61,8.86,0.0,137000.0,0.0
2020-04-19,20.56,8.33,14.44,0.0,141000.0,1.0
2020-04-20,20.56,5.0,12.78,0.0,149000.0,1.0
2020-04-21,20.56,7.78,14.17,0.0,152000.0,1.0
2020-04-22,21.11,5.0,13.06,1.78,140000.0,0.0
2020-04-23,21.11,11.67,16.39,13.72,130000.0,0.0
2020-04-24,23.89,8.89,16.39,1.27,130000.0,0.0
2020-04-25,16.11,8.33,12.22,17.78,150000.0,1.0
2020-04-26,20.56,4.44,12.5,0.0,184000.0,1.0
2020-04-27,22.78,11.67,17.23,3.81,197000.0,1.0
2020-04-28,28.89,12.78,20.84,18.29,200000.0,1.0
2020-04-29,15.56,11.11,13.34,3.81,198000.0,0.0
2020-04-30,22.22,8.33,15.27,0.0,188000.0,0.0
2020-05-01,27.22,7.78,17.5,0.0,170000.0,0.0
2020-05-02,31.11,15.0,23.06,0.0,154000.0,0.0
2020-05-03,23.33,12.22,17.77,0.0,144000.0,0.0
2020-05-04,20.0,9.44,14.72,9.65,139000.0,0.0
2020-05-05,21.11,11.67,16.39,0.51,138000.0,0.0
2020-05-06,16.67,8.89,12.78,0.0,143000.0,1.0
2020-05-07,20.0,6.67,13.34,2.29,156000.0,1.0
2020-05-08,16.11,6.11,11.11,2.29,159000.0,1.0
2020-05-09,18.33,2.78,10.56,0.0,146000.0,0.0
2020-05-10,16.11,6.11,11.11,0.0,138000.0,0.0
2020-05-11,15.0,2.78,8.89,0.0,136000.0,0.0
2020-05-12,11.67,8.89,10.28,0.0,139000.0,1.0
2020-05-13,18.33,10.0,14.16,0.0,137000.0,0.0
2020-05-14,27.78,16.11,21.94,0.0,134000.0,0.0
2020-05-15,22.22,16.67,19.44,19.05,134000.0,0.0
2020-05-16,23.89,16.11,20.0,10.16,156000.0,1.0
2020-05-17,22.22,15.56,18.89,0.76,191000.0,1.0
2020-05-18,17.78,13.89,15.84,0.25,200000.0,1.0
2020-05-19,20.0,13.89,16.94,0.25,190000.0,0.0
2020-05-20,21.11,15.56,18.34,0.0,181000.0,0.0
2020-05-21,20.56,15.56,18.06,0.0,180000.0,0.0
2020-05-22,24.0,15.0,19.5,0.0,163000.0,0.0
2020-05-23,30.56,17.22,23.89,0.0,140000.0,0.0
2020-05-24,31.67,18.33,25.0,2.03,136000.0,0.0
2020-05-25,29.44,18.89,24.16,1.02,132000.0,0.0
2020-05-26,28.33,20.56,24.44,11.18,151000.0,1.0
2020-05-27,25.0,20.0,22.5,0.51,186000.0,1.0
2020-05-28,25.0,18.89,21.94,4.32,221000.0,1.0
2020-05-29,25.56,15.56,20.56,0.0,250000.0,1.0
2020-05-30,26.11,12.22,19.16,0.0,270000.0,1.0
2020-05-31,27.22,14.44,20.83,0.0,264000.0,0.0
2020-06-01,30.0,17.78,23.89,0.0,248000.0,0.0
2020-06-02,31.11,20.0,25.56,0.0,224000.0,0.0
2020-06-03,32.78,20.0,26.39,18.54,194000.0,0.0
2020-06-04,28.33,20.0,24.16,9.91,187000.0,0.0
2020-06-05,30.56,20.56,25.56,1.27,215000.0,1.0
2020-06-06,33.33,20.0,26.66,0.0,215000.0,0.0
2020-06-07,33.33,21.11,27.22,0.0,209000.0,0.0
2020-06-08,31.11,21.11,26.11,0.51,193000.0,0.0
2020-06-09,32.22,23.33,27.78,62.48,182000.0,0.0
2020-06-10,26.11,16.11,21.11,0.0,221000.0,1.0
2020-06-11,28.89,13.89,21.39,0.0,207000.0,0.0
2020-06-12,31.67,17.22,24.44,0.0,179000.0,0.0
2020-06-13,31.11,18.89,25.0,0.0,167000.0,0.0
2020-06-14,30.0,17.78,23.89,0.0,155000.0,0.0
2020-06-15,29.44,20.0,24.72,0.0,148000.0,0.0
2020-06-16,27.78,17.22,22.5,0.0,140000.0,0.0
2020-06-17,29.44,16.11,22.78,0.0,133000.0,0.0
2020-06-18,30.56,18.33,24.44,0.0,132000.0,0.0
2020-06-19,31.11,20.0,25.56,0.0,129000.0,0.0
2020-06-20,30.0,21.11,25.56,,133000.0,1.0
2020-06-21,31.11,20.56,25.84,,133000.0,0.0
2020-06-22,29.44,22.22,25.83,,133000.0,0.0
2020-06-23,26.67,18.33,22.5,0.0,132000.0,0.0
2020-06-24,28.89,15.0,21.94,0.0,128000.0,0.0
2020-06-25,32.22,17.78,25.0,0.0,126000.0,0.0
2020-06-26,33.33,22.78,28.06,0.0,121000.0,0.0
2020-06-27,27.78,22.78,25.28,0.25,115000.0,0.0
2020-06-28,32.78,23.33,28.06,0.0,110000.0,0.0
2020-06-29,31.11,25.0,28.06,0.0,105000.0,0.0
2020-06-30,30.56,22.22,26.39,0.0,114000.0,1.0
2020-07-01,27.78,22.22,25.0,9.4,117000.0,1.0
2020-07-02,31.67,21.11,26.39,0.0,110000.0,0.0
2020-07-03,31.11,23.89,27.5,16.51,118000.0,1.0
2020-07-04,31.11,23.89,27.5,0.0,124000.0,1.0
2020-07-05,33.33,21.67,27.5,0.0,121000.0,0.0
2020-07-06,33.89,22.22,28.06,0.0,111000.0,0.0
2020-07-07,32.78,22.78,27.78,2.03,107000.0,0.0
2020-07-08,33.89,22.78,28.34,0.0,105000.0,0.0
2020-07-09,33.33,23.89,28.61,0.0,95700.0,0.0
2020-07-10,33.33,21.67,27.5,0.0,93300.0,0.0
2020-07-11,35.0,21.11,28.06,0.0,89700.0,0.0
2020-07-12,31.11,22.78,26.94,0.0,83600.0,0.0
2020-07-13,32.22,19.44,25.83,0.0,80300.0,0.0
2020-07-14,32.78,20.56,26.67,0.0,77400.0,0.0
2020-07-15,31.11,22.78,26.94,0.0,76000.0,0.0
2020-07-16,31.11,19.44,25.28,0.0,78400.0,1.0
2020-07-17,33.89,22.78,28.34,0.0,92300.0,1.0
2020-07-18,35.56,25.56,30.56,0.0,116000.0,1.0
2020-07-19,33.89,22.78,28.34,53.85,111000.0,0.0
2020-07-20,28.33,22.22,25.28,12.95,93800.0,0.0
2020-07-21,31.67,23.33,27.5,0.51,83100.0,0.0
2020-07-22,32.22,22.78,27.5,0.0,93100.0,1.0
2020-07-23,32.78,22.78,27.78,0.0,114000.0,1.0
2020-07-24,33.89,22.78,28.34,0.0,117000.0,1.0
2020-07-25,33.33,24.44,28.88,0.0,97300.0,0.0
2020-07-26,33.89,25.56,29.72,0.0,84600.0,0.0
2020-07-27,29.44,23.33,26.38,0.0,79100.0,0.0
2020-07-28,31.67,21.11,26.39,0.0,77000.0,0.0
2020-07-29,30.56,22.78,26.67,35.05,89800.0,1.0
2020-07-30,28.33,22.78,25.56,12.19,105000.0,1.0
2020-07-31,24.44,20.56,22.5,39.88,131000.0,1.0
2020-08-01,27.78,20.0,23.89,0.0,153000.0,1.0
2020-08-02,29.44,20.0,24.72,25.65,191000.0,1.0
2020-08-03,25.56,18.89,22.22,0.0,169000.0,0.0
2020-08-04,23.89,14.44,19.16,0.0,141000.0,0.0
2020-08-05,25.56,13.89,19.73,0.0,134000.0,0.0
2020-08-06,27.22,16.67,21.94,0.0,127000.0,0.0
2020-08-07,30.56,18.33,24.44,0.0,124000.0,0.0
2020-08-08,29.44,23.33,26.38,4.83,115000.0,0.0
2020-08-09,32.22,22.78,27.5,0.0,109000.0,0.0
2020-08-10,34.44,22.22,28.33,5.84,102000.0,0.0
2020-08-11,29.44,21.11,25.28,0.0,123000.0,1.0
2020-08-12,31.67,21.67,26.67,0.0,119000.0,0.0
2020-08-13,30.56,21.67,26.12,0.0,105000.0,0.0
2020-08-14,30.56,21.11,25.84,0.0,99400.0,0.0
2020-08-15,29.44,20.56,25.0,0.0,94900.0,0.0
2020-08-16,29.44,15.0,22.22,0.0,89400.0,0.0
2020-08-17,30.0,18.89,24.44,0.0,85400.0,0.0
2020-08-18,27.22,17.78,22.5,0.0,90000.0,1.0
2020-08-19,27.22,16.11,21.66,0.0,83100.0,0.0
2020-08-20,27.78,12.78,20.28,0.0,74500.0,0.0
2020-08-21,30.0,15.0,22.5,0.0,75700.0,1.0
2020-08-22,32.22,16.67,24.44,0.0,79900.0,1.0
2020-08-23,33.89,18.89,26.39,0.0,72800.0,0.0
2020-08-24,34.44,20.0,27.22,0.0,62000.0,0.0
2020-08-25,33.89,21.11,27.5,0.0,62600.0,1.0
2020-08-26,32.78,20.0,26.39,0.0,63100.0,1.0
2020-08-27,29.44,23.89,26.66,4.06,60700.0,0.0
2020-08-28,32.22,23.89,28.06,0.0,59100.0,0.0
2020-08-29,24.44,18.33,21.38,6.86,57500.0,0.0
2020-08-30,27.78,15.56,21.67,0.0,53800.0,0.0
2020-08-31,26.67,20.0,23.34,22.1,52800.0,0.0
2020-09-01,25.56,21.11,23.34,18.54,53700.0,1.0
2020-09-02,27.22,20.56,23.89,0.0,56300.0,1.0
2020-09-03,30.56,17.22,23.89,0.0,55500.0,0.0
2020-09-04,27.78,13.89,20.84,0.0,55700.0,1.0
2020-09-05,31.67,15.56,23.62,0.0,56000.0,1.0
2020-09-06,32.22,22.78,27.5,0.0,52100.0,0.0
2020-09-07,32.78,22.78,27.78,0.0,50000.0,0.0
2020-09-08,28.33,16.67,22.5,38.1,50000.0,0.0
2020-09-09,26.11,16.67,21.39,0.0,54900.0,1.0
2020-09-10,27.0,17.0,22.0,8.38,61200.0,1.0
2020-09-11,26.11,20.56,23.34,3.81,58900.0,0.0
2020-09-12,23.89,17.22,20.56,20.07,58800.0,0.0
2020-09-13,24.44,15.56,20.0,0.0,72700.0,1.0
2020-09-14,27.22,13.89,20.56,0.0,69500.0,0.0
2020-09-15,26.11,13.33,19.72,0.0,63600.0,0.0
2020-09-16,28.89,14.44,21.66,0.0,59800.0,0.0
2020-09-17,24.44,16.67,20.56,0.0,56900.0,0.0
2020-09-18,22.78,14.44,18.61,0.0,54300.0,0.0
2020-09-19,20.56,10.0,15.28,0.0,52700.0,0.0
2020-09-20,23.33,8.33,15.83,0.0,51600.0,0.0
2020-09-21,25.56,8.33,16.94,0.0,50800.0,0.0
2020-09-22,23.89,12.22,18.06,0.0,50200.0,0.0
2020-09-23,24.44,14.44,19.44,0.0,50100.0,0.0
2020-09-24,22.78,12.78,17.78,0.0,49800.0,0.0
2020-09-25,28.33,12.22,20.27,0.0,49100.0,0.0
2020-09-26,30.0,15.56,22.78,0.0,48700.0,0.0
2020-09-27,25.0,13.33,19.16,16.0,48600.0,0.0
2020-09-28,18.89,10.0,14.44,0.0,50200.0,1.0
2020-09-29,19.44,8.33,13.89,0.0,54900.0,1.0
2020-09-30,26.11,9.44,17.77,0.0,50600.0,0.0
2020-10-01,18.89,6.67,12.78,0.0,50400.0,0.0
2020-10-02,17.22,5.56,11.39,0.0,52300.0,1.0
2020-10-03,17.78,8.33,13.06,1.02,50400.0,0.0
2020-10-04,16.67,5.0,10.84,0.0,49800.0,0.0
2020-10-05,20.56,2.22,11.39,0.0,49000.0,0.0
2020-10-06,25.56,10.56,18.06,0.0,48000.0,0.0
2020-10-07,30.56,11.67,21.12,0.0,48400.0,1.0
2020-10-08,28.33,12.78,20.56,0.0,49500.0,1.0
2020-10-09,28.89,13.33,21.11,0.0,52300.0,1.0
2020-10-10,28.89,13.89,21.39,0.0,52000.0,0.0
2020-10-11,30.0,13.89,21.94,0.0,50300.0,0.0
2020-10-12,22.78,8.33,15.56,0.0,49400.0,0.0
2020-10-13,27.22,5.56,16.39,0.0,48900.0,0.0
2020-10-14,31.11,7.78,19.44,0.0,48200.0,0.0
2020-10-15,20.0,2.22,11.11,0.0,47600.0,0.0
2020-10-16,17.22,-1.11,8.06,0.0,46800.0,0.0
2020-10-17,22.22,5.56,13.89,0.0,46100.0,0.0
2020-10-18,14.44,5.0,9.72,15.24,46600.0,1.0
2020-10-19,8.33,5.0,6.66,0.0,47000.0,1.0
2020-10-20,12.78,6.67,9.72,14.99,46900.0,0.0
2020-10-21,15.56,9.0,12.28,3.05,47200.0,1.0
2020-10-22,30.0,14.44,22.22,0.0,47400.0,1.0
2020-10-23,21.11,5.56,13.34,5.59,47800.0,1.0
2020-10-24,8.33,5.0,6.66,0.0,48100.0,1.0
2020-10-25,8.33,6.67,7.5,0.0,48400.0,1.0
2020-10-26,6.11,1.0,3.56,13.97,48900.0,1.0
2020-10-27,3.89,1.0,2.45,2.79,49700.0,1.0
2020-10-28,8.89,3.89,6.39,11.94,50000.0,1.0
2020-10-29,10.0,0.56,5.28,1.78,50700.0,1.0
2020-10-30,15.0,-1.11,6.94,0.0,52200.0,1.0
2020-10-31,19.44,3.89,11.66,0.0,53600.0,1.0
2020-11-01,11.67,-1.72,4.97,0.0,54700.0,1.0
2020-11-02,17.78,-2.78,7.5,0.0,54800.0,1.0
2020-11-03,25.0,2.22,13.61,0.0,51900.0,0.0
2020-11-04,26.11,7.78,16.94,0.0,49600.0,0.0
2020-11-05,25.0,10.0,17.5,0.0,48400.0,0.0
2020-11-06,24.44,7.22,15.83,0.0,47700.0,0.0
2020-11-07,23.89,5.56,14.72,0.0,47700.0,0.0
2020-11-08,25.0,13.89,19.44,0.0,47900.0,1.0
2020-11-09,23.89,17.78,20.84,0.0,47800.0,0.0
2020-11-10,25.56,3.89,14.72,13.97,47200.0,0.0
2020-11-11,11.67,-0.61,5.53,0.0,47000.0,0.0
2020-11-12,16.11,-0.61,7.75,0.0,46700.0,0.0
2020-11-13,8.89,0.0,4.44,0.0,46600.0,0.0
2020-11-14,16.67,5.56,11.12,9.4,47300.0,1.0
2020-11-15,13.33,2.78,8.06,0.0,48800.0,1.0
2020-11-16,18.89,0.0,9.44,0.0,52500.0,1.0
2020-11-17,11.67,1.67,6.67,0.0,54100.0,1.0
2020-11-18,19.44,3.89,11.66,0.0,54300.0,1.0
2020-11-19,24.44,13.89,19.16,0.0,54200.0,0.0
2020-11-20,17.78,9.44,13.61,7.37,53100.0,0.0
2020-11-21,10.0,6.67,8.34,16.76,51800.0,0.0
2020-11-22,10.0,2.22,6.11,0.0,52900.0,1.0
2020-11-23,6.67,-2.22,2.22,0.25,63700.0,1.0
2020-11-24,15.0,7.22,11.11,23.11,68500.0,1.0
2020-11-25,12.22,6.67,9.44,3.05,75300.0,1.0
2020-11-26,12.78,3.89,8.33,0.0,74800.0,0.0
2020-11-27,12.22,0.56,6.39,0.0,72400.0,0.0
2020-11-28,13.89,-2.22,5.84,0.0,77600.0,1.0
2020-11-29,10.0,1.11,5.56,0.0,70700.0,0.0
2020-11-30,2.78,-5.61,-1.42,0.0,67100.0,0.0
2020-12-01,7.78,-7.78,0.0,0.0,63700.0,0.0
2020-12-02,11.11,-6.11,2.5,0.0,58400.0,0.0
2020-12-03,6.67,2.22,4.44,1.02,54500.0,0.0
2020-12-04,12.22,1.11,6.66,0.0,51600.0,0.0
2020-12-05,13.89,-2.78,5.56,0.0,49100.0,0.0
2020-12-06,10.56,-1.11,4.73,0.0,46800.0,0.0
2020-12-07,5.0,-2.78,1.11,0.0,44700.0,0.0
2020-12-08,7.78,-3.28,2.25,0.0,42900.0,0.0
2020-12-09,20.0,-1.72,9.14,0.0,41600.0,0.0
2020-12-10,21.11,-0.61,10.25,0.0,40700.0,0.0
2020-12-11,13.33,5.0,9.16,8.89,40300.0,0.0
2020-12-12,7.22,2.78,5.0,0.0,42400.0,1.0
2020-12-13,3.33,-1.72,0.8,0.0,42700.0,1.0
2020-12-14,3.33,-3.89,-0.28,0.0,41100.0,0.0
2020-12-15,1.11,-5.0,-1.94,0.0,40600.0,0.0
2020-12-16,1.11,-4.39,-1.64,0.0,41800.0,1.0
2020-12-17,6.11,-5.61,0.25,0.0,39300.0,0.0
2020-12-18,11.11,-5.61,2.75,0.0,39700.0,1.0
2020-12-19,9.44,-3.28,3.08,0.0,40700.0,1.0
2020-12-20,11.67,-5.0,3.34,0.0,40300.0,0.0
2020-12-21,15.0,1.67,8.34,0.0,37700.0,0.0
2020-12-22,17.22,-3.28,6.97,0.0,36400.0,0.0
2020-12-23,17.22,-3.28,6.97,1.78,35400.0,0.0
2020-12-24,-3.28,-9.39,-6.34,0.0,35100.0,0.0
2020-12-25,0.56,-12.22,-5.83,0.0,35700.0,1.0
2020-12-26,12.22,-6.72,2.75,0.0,39800.0,1.0
2020-12-27,16.11,-0.61,7.75,0.0,47900.0,1.0
2020-12-28,4.44,-0.61,1.92,0.0,38200.0,0.0
2020-12-29,8.33,-0.61,3.86,2.29,35500.0,0.0
2020-12-30,8.89,-1.72,3.59,7.87,35600.0,1.0
2020-12-31,1.67,-5.61,-1.97,0.0,35800.0,1.0
2021-01-01,1.67,-1.11,0.28,26.16,36300.0,1.0
2021-01-02,1.11,-2.0,-0.44,0.0,41600.0,1.0
2021-01-03,1.11,-2.22,-0.56,0.0,45000.0,1.0
2021-01-04,5.0,0.0,2.5,0.0,45200.0,1.0
2021-01-05,10.0,-4.39,2.8,0.0,45400.0,1.0
2021-01-06,10.0,1.67,5.84,0.0,44800.0,0.0
2021-01-07,3.89,0.56,2.22,0.0,43500.0,0.0
2021-01-08,2.78,0.56,1.67,0.0,44200.0,1.0
2021-01-09,0.56,-1.11,-0.28,0.0,46100.0,1.0
2021-01-10,1.11,-2.22,-0.56,0.0,44600.0,0.0
2021-01-11,5.0,-1.11,1.94,0.0,41300.0,0.0
2021-01-12,12.78,-3.28,4.75,0.0,39800.0,0.0
2021-01-13,12.78,1.11,6.94,0.0,42900.0,1.0
2021-01-14,9.44,2.78,6.11,1.02,43300.0,1.0
2021-01-15,3.33,0.56,1.94,0.76,41000.0,0.0
2021-01-16,2.22,1.11,1.66,0.25,42500.0,1.0
2021-01-17,3.33,-2.22,0.55,0.0,43900.0,1.0
2021-01-18,5.56,-3.89,0.83,0.0,40200.0,0.0
2021-01-19,7.78,0.0,3.89,0.0,39200.0,0.0
2021-01-20,11.11,-5.0,3.06,0.0,43000.0,1.0
2021-01-21,12.22,0.56,6.39,0.0,46000.0,1.0
2021-01-22,3.33,-3.89,-0.28,0.0,40300.0,0.0
2021-01-23,6.11,-7.22,-0.55,0.0,38300.0,0.0
2021-01-24,5.56,2.0,3.78,0.0,45900.0,1.0
2021-01-25,4.44,2.78,3.61,21.34,45700.0,0.0
2021-01-26,3.33,-1.11,1.11,0.0,69900.0,1.0
2021-01-27,0.0,-3.89,-1.94,1.02,81800.0,1.0
2021-01-28,2.22,-5.0,-1.39,0.0,85300.0,1.0
2021-01-29,8.33,-2.22,3.06,0.0,90400.0,1.0
2021-01-30,9.44,5.0,7.22,26.67,89300.0,0.0
2021-01-31,4.44,1.67,3.06,0.0,120000.0,1.0
2021-02-01,1.11,-1.11,0.0,0.0,99000.0,0.0
2021-02-02,5.56,-2.22,1.67,0.0,107000.0,1.0
2021-02-03,13.89,-3.28,5.31,0.0,111000.0,1.0
2021-02-04,7.22,-2.78,2.22,4.06,96900.0,0.0
2021-02-05,5.56,-2.78,1.39,0.0,86400.0,0.0
2021-02-06,-2.22,-11.72,-6.97,0.0,80300.0,0.0
2021-02-07,-8.89,-15.0,-11.94,0.0,77300.0,0.0
2021-02-08,-6.72,-9.39,-8.06,0.0,74100.0,0.0
2021-02-09,-7.22,-11.11,-9.16,0.0,68500.0,0.0
2021-02-10,-8.28,-10.0,-9.14,0.0,61600.0,0.0
2021-02-11,-6.72,-10.0,-8.36,0.0,55700.0,0.0
2021-02-12,-8.89,-13.89,-11.39,0.0,51800.0,0.0
2021-02-13,-10.61,-16.72,-13.66,0.0,52500.0,1.0
2021-02-14,-14.44,-18.0,-16.22,0.0,54400.0,1.0
2021-02-15,,,,0.0,61000.0,1.0
2021-02-16,-10.0,-21.67,-15.84,0.25,64500.0,1.0
2021-02-17,-7.0,-16.11,-11.56,0.0,59800.0,0.0
2021-02-18,-3.89,-16.72,-10.3,0.0,46900.0,0.0
2021-02-19,0.56,-19.44,-9.44,0.0,36000.0,0.0
2021-02-20,7.22,-12.78,-2.78,0.0,30400.0,0.0
2021-02-21,8.33,0.0,4.16,0.0,30000.0,0.0
2021-02-22,13.89,0.0,6.94,0.0,30600.0,1.0
2021-02-23,21.11,1.11,11.11,0.0,44900.0,1.0
2021-02-24,13.89,3.33,8.61,0.0,76800.0,1.0
2021-02-25,10.0,-1.11,4.44,0.0,67100.0,0.0
2021-02-26,9.44,0.0,4.72,0.0,57400.0,0.0
2021-02-27,18.33,-1.11,8.61,14.48,62400.0,1.0
2021-02-28,13.33,3.33,8.33,4.83,71800.0,1.0
2021-03-01,11.67,-1.72,4.97,0.0,71100.0,0.0
2021-03-02,15.0,-1.72,6.64,0.0,66000.0,0.0
2021-03-03,21.67,0.56,11.12,0.0,65800.0,0.0
2021-03-04,20.56,0.0,10.28,0.0,63600.0,0.0
2021-03-05,12.22,2.78,7.5,0.0,62200.0,0.0
2021-03-06,16.11,0.0,8.06,0.0,62500.0,1.0
2021-03-07,20.56,1.11,10.84,0.0,60300.0,0.0
2021-03-08,21.11,7.78,14.44,0.0,56600.0,0.0
2021-03-09,23.33,10.56,16.94,0.0,54000.0,0.0
2021-03-10,21.67,17.22,19.44,0.0,52500.0,0.0
2021-03-11,20.0,7.78,13.89,18.8,52600.0,1.0
2021-03-12,12.78,7.78,10.28,6.6,55500.0,1.0
2021-03-13,13.33,7.78,10.56,0.0,68400.0,1.0
2021-03-14,13.33,8.89,11.11,14.99,95700.0,1.0
2021-03-15,13.33,7.22,10.28,1.27,119000.0,1.0
2021-03-16,10.56,5.0,7.78,0.0,145000.0,1.0
2021-03-17,10.56,4.44,7.5,36.58,182000.0,1.0
2021-03-18,8.33,2.22,5.28,10.67,273000.0,1.0
2021-03-19,13.89,2.22,8.06,0.0,303000.0,1.0
2021-03-20,17.78,-1.11,8.34,0.0,264000.0,0.0
2021-03-21,21.67,3.33,12.5,0.0,209000.0,0.0
2021-03-22,20.0,10.56,15.28,0.0,165000.0,0.0
2021-03-23,18.33,12.22,15.27,11.43,140000.0,0.0
2021-03-24,14.44,9.44,11.94,0.0,129000.0,0.0
2021-03-25,10.56,7.78,9.17,4.32,123000.0,0.0
2021-03-26,17.22,7.78,12.5,0.0,138000.0,1.0
2021-03-27,25.0,8.89,16.94,0.0,151000.0,1.0
2021-03-28,13.89,5.0,9.44,0.0,163000.0,1.0
2021-03-29,23.33,3.33,13.33,0.0,170000.0,1.0
2021-03-30,21.67,11.67,16.67,0.0,176000.0,1.0
2021-03-31,12.78,1.67,7.22,0.0,171000.0,0.0
2021-04-01,10.0,-1.11,4.44,0.0,156000.0,0.0
2021-04-02,17.78,-1.72,8.03,0.0,147000.0,0.0
2021-04-03,23.33,6.67,15.0,0.0,144000.0,0.0
2021-04-04,26.67,8.33,17.5,0.0,141000.0,0.0
2021-04-05,26.11,13.89,20.0,0.0,136000.0,0.0
2021-04-06,27.22,15.0,21.11,0.0,131000.0,0.0
2021-04-07,21.67,12.22,16.94,39.37,127000.0,0.0
2021-04-08,11.67,8.33,10.0,6.35,139000.0,1.0
2021-04-09,24.44,5.0,14.72,1.02,146000.0,1.0
2021-04-10,16.11,10.0,13.06,32.51,160000.0,1.0
2021-04-11,22.78,8.33,15.56,0.0,224000.0,1.0
2021-04-12,18.33,7.22,12.77,0.0,248000.0,1.0
2021-04-13,17.78,10.0,13.89,0.76,234000.0,0.0
2021-04-14,16.11,8.89,12.5,0.0,198000.0,0.0
2021-04-15,16.11,4.44,10.28,0.0,161000.0,0.0
2021-04-16,14.44,8.89,11.66,2.79,137000.0,0.0
2021-04-17,13.89,7.78,10.84,1.27,119000.0,0.0
2021-04-18,16.11,6.67,11.39,0.0,109000.0,0.0
2021-04-19,21.67,3.33,12.5,0.0,111000.0,1.0
2021-04-20,5.56,1.11,3.34,5.08,114000.0,1.0
2021-04-21,10.56,-1.72,4.42,0.51,114000.0,0.0
2021-04-22,14.44,-1.11,6.66,0.0,108000.0,0.0
2021-04-23,17.78,7.78,12.78,12.19,98800.0,0.0
2021-04-24,20.0,8.89,14.44,10.92,111000.0,1.0
2021-04-25,23.33,4.44,13.88,0.0,113000.0,1.0
2021-04-26,30.0,11.67,20.84,0.0,104000.0,0.0
2021-04-27,27.22,18.33,22.78,,99600.0,0.0
2021-04-28,,,,,98500.0,0.0
2021-04-29,,,,,113000.0,1.0
2021-04-30,,,,0.0,120000.0,1.0
2021-05-01,,,,0.0,123000.0,1.0
2021-05-02,,,,,112000.0,0.0
2021-05-03,,,,,92400.0,0.0
2021-05-04,,,,,85700.0,0.0
2021-05-05,,,,,90800.0,1.0
2021-05-06,,,,,93900.0,1.0
2021-05-07,23.33,16.11,19.72,0.0,88600.0,0.0
2021-05-08,22.22,13.89,18.06,0.0,80500.0,0.0
2021-05-09,17.78,7.22,12.5,18.03,77000.0,0.0
2021-05-10,25.56,6.67,16.11,0.0,80400.0,1.0
2021-05-11,20.0,7.22,13.61,0.0,89100.0,1.0
2021-05-12,18.89,8.89,13.89,0.0,96700.0,1.0
2021-05-13,20.56,4.44,12.5,0.0,105000.0,1.0
2021-05-14,23.33,6.11,14.72,0.0,102000.0,0.0
2021-05-15,17.22,13.33,15.27,3.05,106000.0,1.0
2021-05-16,24.44,12.78,18.61,5.59,109000.0,1.0
2021-05-17,22.78,17.22,20.0,19.81,116000.0,1.0
2021-05-18,25.0,18.33,21.66,2.03,146000.0,1.0
2021-05-19,25.0,20.0,22.5,0.25,197000.0,1.0
2021-05-20,27.22,20.0,23.61,0.76,198000.0,1.0
2021-05-21,23.89,20.56,22.22,1.02,171000.0,0.0
2021-05-22,26.11,20.0,23.06,10.41,163000.0,0.0
2021-05-23,30.0,17.78,23.89,0.0,175000.0,1.0
2021-05-24,29.44,17.22,23.33,0.0,174000.0,0.0
2021-05-25,23.89,20.0,21.94,13.97,164000.0,0.0
2021-05-26,30.0,19.44,24.72,0.0,149000.0,0.0
2021-05-27,23.89,18.89,21.39,9.65,137000.0,0.0
2021-05-28,19.44,11.11,15.28,0.25,133000.0,0.0
2021-05-29,20.0,9.44,14.72,0.0,135000.0,1.0
2021-05-30,22.22,7.0,14.61,0.0,155000.0,1.0
2021-05-31,23.33,14.44,18.88,0.0,160000.0,1.0
2021-06-01,22.22,15.56,18.89,0.51,149000.0,0.0
2021-06-02,23.33,16.67,20.0,0.51,137000.0,0.0
2021-06-03,28.89,17.78,23.34,0.0,128000.0,0.0
2021-06-04,30.0,15.56,22.78,0.0,125000.0,0.0
2021-06-05,30.0,18.33,24.16,0.0,124000.0,0.0
2021-06-06,29.44,21.11,25.28,3.56,121000.0,0.0
2021-06-07,27.78,21.67,24.72,0.0,118000.0,0.0
2021-06-08,28.89,19.44,24.16,0.0,118000.0,0.0
2021-06-09,32.22,20.0,26.11,0.0,114000.0,0.0
2021-06-10,33.89,20.56,27.22,0.0,110000.0,0.0
2021-06-11,35.0,21.11,28.06,0.0,108000.0,0.0
2021-06-12,34.44,22.22,28.33,0.0,104000.0,0.0
2021-06-13,33.33,19.44,26.38,0.0,103000.0,0.0
2021-06-14,35.56,17.22,26.39,0.0,106000.0,1.0
2021-06-15,33.33,18.33,25.83,0.0,105000.0,0.0
2021-06-16,33.89,17.22,25.56,0.0,102000.0,0.0
2021-06-17,36.67,22.78,29.72,0.0,95300.0,0.0
2021-06-18,36.67,26.11,31.39,0.0,91600.0,0.0
2021-06-19,35.0,24.44,29.72,0.0,91000.0,0.0
2021-06-20,34.44,22.78,28.61,7.11,88900.0,0.0
2021-06-21,24.44,14.44,19.44,0.0,95400.0,1.0
2021-06-22,28.33,11.67,20.0,0.0,109000.0,1.0
2021-06-23,30.56,19.44,25.0,0.0,91500.0,0.0
2021-06-24,29.44,23.33,26.38,1.02,75800.0,0.0
2021-06-25,32.78,21.0,26.89,139.95,104000.0,1.0
2021-06-26,28.33,21.67,25.0,15.75,273000.0,1.0
2021-06-27,30.0,23.33,26.66,21.34,305000.0,1.0
2021-06-28,30.56,22.78,26.67,27.69,310000.0,1.0
2021-06-29,31.11,21.67,26.39,0.25,307000.0,0.0
2021-06-30,27.78,23.33,25.56,10.41,287000.0,0.0
2021-07-01,28.89,22.78,25.84,22.86,289000.0,1.0
2021-07-02,28.89,19.44,24.16,0.0,292000.0,1.0
2021-07-03,29.44,21.11,25.28,0.0,268000.0,0.0
2021-07-04,30.56,18.89,24.72,0.0,226000.0,0.0
2021-07-05,30.56,20.56,25.56,0.0,189000.0,0.0
2021-07-06,31.67,21.11,26.39,0.0,165000.0,0.0
2021-07-07,32.22,21.11,26.66,0.76,148000.0,0.0
2021-07-08,29.44,21.67,25.56,0.25,135000.0,0.0
2021-07-09,32.78,20.0,26.39,0.0,127000.0,0.0
2021-07-10,28.33,20.56,24.44,4.32,126000.0,0.0
2021-07-11,25.56,21.67,23.62,0.0,131000.0,1.0
2021-07-12,25.56,20.56,23.06,11.18,162000.0,1.0
2021-07-13,30.0,21.11,25.56,0.0,185000.0,1.0
2021-07-14,32.78,20.0,26.39,0.0,184000.0,0.0
2021-07-15,31.11,22.22,26.66,11.94,176000.0,0.0
2021-07-16,29.44,21.11,25.28,13.72,179000.0,1.0
2021-07-17,28.89,21.67,25.28,0.0,178000.0,0.0
2021-07-18,29.44,21.11,25.28,0.0,161000.0,0.0
2021-07-19,29.44,20.0,24.72,0.0,148000.0,0.0
2021-07-20,30.56,19.44,25.0,0.0,136000.0,0.0
2021-07-21,30.0,19.0,24.5,0.0,126000.0,0.0
2021-07-22,31.67,20.0,25.84,0.0,119000.0,0.0
2021-07-23,32.78,22.22,27.5,0.0,113000.0,0.0
2021-07-24,34.44,25.0,29.72,0.0,108000.0,0.0
2021-07-25,31.67,23.33,27.5,1.52,96200.0,0.0
2021-07-26,32.78,21.11,26.94,0.0,92200.0,0.0
2021-07-27,32.78,20.0,26.39,0.0,98200.0,1.0
2021-07-28,35.56,22.22,28.89,0.0,97500.0,0.0
2021-07-29,35.56,24.44,30.0,0.0,95300.0,0.0
2021-07-30,31.11,24.44,27.78,0.25,94500.0,0.0
2021-07-31,29.44,20.56,25.0,2.29,93300.0,0.0
2021-08-01,30.0,17.78,23.89,0.0,91400.0,0.0
2021-08-02,28.33,19.44,23.88,0.0,84100.0,0.0
2021-08-03,26.67,18.33,22.5,0.0,82700.0,0.0
2021-08-04,28.33,15.0,21.66,0.0,87500.0,1.0
2021-08-05,27.78,16.67,22.22,0.0,86600.0,0.0
2021-08-06,31.11,21.67,26.39,0.0,80200.0,0.0
2021-08-07,32.78,21.11,26.94,0.0,75700.0,0.0
2021-08-08,30.56,24.44,27.5,8.64,71500.0,0.0
2021-08-09,34.44,23.0,28.72,0.76,66200.0,0.0
2021-08-10,33.89,27.22,30.56,0.0,59100.0,0.0
2021-08-11,35.0,25.56,30.28,0.0,53400.0,0.0
2021-08-12,36.11,21.67,28.89,8.13,51700.0,0.0
2021-08-13,28.89,21.67,25.28,0.0,55900.0,1.0
2021-08-14,28.89,19.44,24.16,0.0,59700.0,1.0
2021-08-15,28.33,16.67,22.5,0.0,57400.0,0.0
2021-08-16,28.89,16.67,22.78,0.0,61800.0,1.0
2021-08-17,29.44,18.89,24.16,0.0,63800.0,1.0
2021-08-18,31.11,20.56,25.84,0.0,57200.0,0.0
2021-08-19,30.56,20.0,25.28,0.0,58700.0,1.0
2021-08-20,31.67,22.22,26.94,4.06,60200.0,1.0
2021-08-21,30.0,21.67,25.84,11.68,61300.0,1.0
2021-08-22,31.67,18.89,25.28,0.0,57500.0,0.0
2021-08-23,35.56,21.67,28.62,0.0,50900.0,0.0
2021-08-24,36.11,23.33,29.72,0.0,49900.0,0.0
2021-08-25,35.56,23.33,29.44,0.0,52100.0,1.0
2021-08-26,35.56,23.89,29.72,0.0,57100.0,1.0
2021-08-27,35.0,22.78,28.89,0.0,56600.0,0.0
2021-08-28,34.44,25.0,29.72,0.0,52500.0,0.0
2021-08-29,34.44,22.78,28.61,0.0,48600.0,0.0
2021-08-30,31.11,22.78,26.94,0.0,47200.0,0.0
2021-08-31,30.56,21.11,25.84,0.0,47500.0,1.0
2021-09-01,28.89,20.56,24.72,0.0,47300.0,0.0
2021-09-02,29.44,17.78,23.61,0.0,50600.0,1.0
2021-09-03,30.56,19.44,25.0,0.0,55700.0,1.0
2021-09-04,25.56,20.0,22.78,27.69,56900.0,1.0
2021-09-05,27.78,17.22,22.5,0.0,58900.0,1.0
2021-09-06,30.56,15.56,23.06,0.0,74800.0,1.0
2021-09-07,32.78,18.89,25.84,0.0,92500.0,1.0
2021-09-08,28.33,14.44,21.38,0.0,92900.0,1.0
2021-09-09,28.33,12.78,20.56,0.0,85700.0,0.0
2021-09-10,31.67,16.11,23.89,0.0,74100.0,0.0
2021-09-11,32.22,21.11,26.66,0.0,61100.0,0.0
2021-09-12,32.22,22.22,27.22,0.0,57000.0,0.0
2021-09-13,32.78,16.11,24.44,0.0,55500.0,0.0
2021-09-14,31.67,23.33,27.5,3.56,56900.0,1.0
2021-09-15,28.89,17.22,23.06,0.0,64800.0,1.0
2021-09-16,31.11,13.33,22.22,0.0,60700.0,0.0
2021-09-17,31.67,16.11,23.89,0.0,53200.0,0.0
2021-09-18,32.22,16.67,24.44,0.0,50200.0,0.0
2021-09-19,30.56,18.0,24.28,0.0,48900.0,0.0
2021-09-20,33.33,20.56,26.94,23.37,48000.0,0.0
2021-09-21,22.78,13.89,18.34,15.49,48600.0,1.0
2021-09-22,22.78,11.11,16.94,0.0,53500.0,1.0
2021-09-23,23.89,8.89,16.39,0.0,53300.0,0.0
2021-09-24,27.78,10.0,18.89,0.0,48600.0,0.0
2021-09-25,25.0,12.78,18.89,0.0,46600.0,0.0
2021-09-26,32.22,10.56,21.39,0.0,46000.0,0.0
2021-09-27,32.78,17.78,25.28,0.0,45700.0,0.0
2021-09-28,32.78,15.56,24.17,0.0,45800.0,1.0
2021-09-29,30.56,16.11,23.34,0.0,52200.0,1.0
2021-09-30,30.56,19.44,25.0,0.0,54500.0,1.0
2021-10-01,27.78,18.33,23.06,0.0,51200.0,0.0
2021-10-02,26.11,20.56,23.34,13.72,50200.0,0.0
2021-10-03,23.89,17.78,20.84,3.56,53900.0,1.0
2021-10-04,25.56,14.0,19.78,0.0,52600.0,0.0
2021-10-05,23.89,13.33,18.61,0.0,48200.0,0.0
2021-10-06,23.89,17.78,20.84,7.11,51100.0,1.0
2021-10-07,22.78,15.56,19.17,0.0,51400.0,1.0
2021-10-08,30.0,13.89,21.94,0.0,51000.0,0.0
2021-10-09,31.11,17.78,24.44,0.0,51100.0,1.0
2021-10-10,29.44,18.33,23.88,0.0,48700.0,0.0
2021-10-11,23.89,15.56,19.73,1.52,46900.0,0.0
2021-10-12,26.11,10.56,18.34,0.0,46700.0,0.0
2021-10-13,26.11,16.67,21.39,24.13,50200.0,1.0
2021-10-14,21.11,15.0,18.06,6.35,56000.0,1.0
2021-10-15,18.89,8.33,13.61,0.0,56500.0,1.0
2021-10-16,18.89,6.11,12.5,0.0,56400.0,0.0
2021-10-17,22.22,3.89,13.06,0.0,56700.0,1.0
2021-10-18,24.44,7.22,15.83,0.0,52900.0,0.0
2021-10-19,24.44,8.33,16.39,0.0,50700.0,0.0
2021-10-20,24.44,11.11,17.77,0.0,49100.0,0.0
2021-10-21,16.11,7.78,11.94,0.0,47200.0,0.0
2021-10-22,17.78,5.0,11.39,0.0,49100.0,1.0
2021-10-23,15.56,8.89,12.23,0.0,50300.0,1.0
2021-10-24,27.22,13.89,20.56,6.86,46900.0,0.0
2021-10-25,14.44,7.78,11.11,0.0,45000.0,0.0
2021-10-26,18.89,3.33,11.11,0.0,44700.0,0.0
2021-10-27,19.44,11.11,15.28,12.7,62500.0,1.0
2021-10-28,11.67,10.0,10.84,14.22,68600.0,1.0
2021-10-29,11.67,10.0,10.84,3.56,64900.0,0.0
2021-10-30,17.22,5.56,11.39,0.0,73800.0,1.0
2021-10-31,16.11,3.89,10.0,0.0,96900.0,1.0
2021-11-01,9.44,3.33,6.38,0.25,98300.0,1.0
2021-11-02,10.56,1.67,6.12,0.0,88500.0,0.0
2021-11-03,11.67,-1.11,5.28,0.0,77900.0,0.0
2021-11-04,12.78,-2.22,5.28,0.0,69900.0,0.0
2021-11-05,13.89,-2.22,5.84,0.0,63500.0,0.0
2021-11-06,18.33,0.0,9.16,0.0,63100.0,0.0
2021-11-07,22.22,1.67,11.94,0.0,59500.0,0.0
2021-11-08,25.56,6.11,15.84,0.0,53800.0,0.0
2021-11-09,20.0,8.89,14.44,0.0,54300.0,1.0
2021-11-10,22.78,11.67,17.23,1.27,53900.0,0.0
2021-11-11,15.56,7.22,11.39,1.78,51900.0,0.0
2021-11-12,7.78,2.78,5.28,0.0,59700.0,1.0
2021-11-13,7.22,1.67,4.44,0.0,60000.0,1.0
2021-11-14,11.11,1.11,6.11,1.78,84400.0,1.0
2021-11-15,20.56,2.22,11.39,0.0,85300.0,1.0
2021-11-16,26.11,2.78,14.44,0.0,73500.0,0.0
2021-11-17,20.0,7.78,13.89,0.51,63000.0,0.0
2021-11-18,10.0,-2.78,3.61,0.0,57600.0,0.0
2021-11-19,11.67,-6.11,2.78,0.0,54300.0,0.0
2021-11-20,17.22,5.56,11.39,0.0,52900.0,0.0
2021-11-21,17.22,4.44,10.83,0.0,53200.0,1.0
2021-11-22,7.78,-2.78,2.5,0.0,52000.0,0.0
2021-11-23,16.11,-3.89,6.11,0.0,50400.0,0.0
2021-11-24,17.78,7.22,12.5,8.13,49700.0,0.0
2021-11-25,13.33,-4.39,4.47,3.81,49300.0,0.0
2021-11-26,12.22,-6.11,3.06,0.0,49200.0,0.0
2021-11-27,16.67,-0.61,8.03,0.0,49200.0,0.0
2021-11-28,11.67,-0.61,5.53,0.0,48800.0,0.0
2021-11-29,17.78,-2.22,7.78,0.0,48100.0,0.0
2021-11-30,14.44,1.67,8.06,0.0,47400.0,0.0
2021-12-01,18.33,7.22,12.77,0.25,47200.0,0.0
2021-12-02,22.22,5.0,13.61,0.0,45900.0,0.0
2021-12-03,24.44,3.33,13.89,0.0,43700.0,0.0
2021-12-04,12.78,5.0,8.89,0.0,42100.0,0.0
2021-12-05,21.11,6.67,13.89,0.0,40700.0,0.0
2021-12-06,10.0,0.0,5.0,0.0,39000.0,0.0
2021-12-07,3.33,-1.72,0.8,0.0,37400.0,0.0
2021-12-08,10.56,-1.72,4.42,0.0,36200.0,0.0
2021-12-09,20.0,4.44,12.22,0.0,35500.0,0.0
2021-12-10,21.11,1.67,11.39,0.76,35100.0,0.0
2021-12-11,8.89,1.67,5.28,0.0,35000.0,0.0
2021-12-12,13.33,0.56,6.94,0.0,34600.0,0.0
2021-12-13,16.67,-2.78,6.95,0.0,34200.0,0.0
2021-12-14,21.11,3.33,12.22,0.0,33900.0,0.0
2021-12-15,25.56,18.89,22.22,0.0,34100.0,1.0
2021-12-16,18.33,-2.22,8.06,0.76,34100.0,0.0
2021-12-17,5.56,-2.78,1.39,3.56,33700.0,0.0
2021-12-18,6.11,-2.22,1.94,0.0,33500.0,0.0
2021-12-19,3.33,-6.72,-1.69,0.0,34900.0,1.0
2021-12-20,11.67,-5.0,3.34,0.0,34400.0,0.0
2021-12-21,11.67,-4.39,3.64,0.0,39300.0,1.0
2021-12-22,10.56,-3.28,3.64,0.0,46100.0,1.0
2021-12-23,17.78,4.44,11.11,0.0,42100.0,0.0
2021-12-24,24.44,8.33,16.39,0.0,37500.0,0.0
2021-12-25,17.78,3.89,10.84,0.0,36300.0,0.0
2021-12-26,18.33,1.11,9.72,0.0,36300.0,0.0
2021-12-27,18.89,6.11,12.5,0.0,36300.0,0.0
2021-12-28,11.11,3.89,7.5,49.53,36600.0,1.0
2021-12-29,5.56,1.11,3.34,0.0,40300.0,1.0
2021-12-30,8.33,1.11,4.72,0.0,39500.0,0.0
2021-12-31,18.89,0.0,9.44,0.0,36900.0,0.0
2022-01-01,6.11,-7.78,-0.84,8.89,36300.0,0.0
2022-01-02,-6.72,-11.72,-9.22,0.0,36800.0,1.0
2022-01-03,2.22,-12.22,-5.0,0.0,39700.0,1.0
2022-01-04,9.44,-3.28,3.08,0.0,48000.0,1.0
2022-01-05,6.67,-6.72,-0.02,0.0,43100.0,0.0
2022-01-06,-7.22,-11.72,-9.47,0.0,37300.0,0.0
2022-01-07,-3.28,-12.78,-8.03,0.0,35100.0,0.0
2022-01-08,7.78,-5.0,1.39,1.52,39200.0,1.0
2022-01-09,7.78,-7.78,0.0,0.0,35500.0,0.0
2022-01-10,5.0,-7.78,-1.39,0.0,31800.0,0.0
2022-01-11,15.0,-6.72,4.14,0.0,30200.0,0.0
2022-01-12,14.44,-0.61,6.92,0.0,37200.0,1.0
2022-01-13,14.44,0.56,7.5,0.0,32200.0,0.0
2022-01-14,9.44,-1.11,4.16,1.78,29600.0,0.0
2022-01-15,4.44,-2.78,0.83,13.72,30400.0,1.0
2022-01-16,0.0,-6.72,-3.36,0.0,31200.0,1.0
2022-01-17,4.44,-1.72,1.36,0.0,30700.0,0.0
2022-01-18,15.0,-2.22,6.39,0.0,31100.0,1.0
2022-01-19,5.56,-10.0,-2.22,0.0,32300.0,1.0
2022-01-20,-7.22,-14.44,-10.83,0.0,33500.0,1.0
2022-01-21,-3.28,-16.72,-10.0,0.0,33500.0,0.0
2022-01-22,7.78,-10.61,-1.41,0.0,33700.0,1.0
2022-01-23,5.56,-2.22,1.67,0.0,36000.0,1.0
2022-01-24,12.22,-3.89,4.16,0.0,33100.0,0.0
2022-01-25,-2.78,-10.61,-6.69,0.0,31200.0,0.0
2022-01-26,1.11,-13.28,-6.08,0.0,30400.0,0.0
2022-01-27,6.11,-2.22,1.94,0.0,33000.0,1.0
2022-01-28,-0.61,-9.39,-5.0,0.0,38600.0,1.0
2022-01-29,12.78,-11.11,0.84,0.0,34400.0,0.0
2022-01-30,6.11,-3.89,1.11,0.0,34000.0,0.0
2022-01-31,16.67,-2.78,6.95,0.0,33600.0,0.0
2022-02-01,16.11,1.11,8.61,23.88,30400.0,0.0
2022-02-02,1.11,-8.28,-3.58,0.0,30300.0,0.0
2022-02-03,-7.22,-10.0,-8.61,0.0,35100.0,1.0
2022-02-04,0.56,-13.89,-6.66,0.0,40900.0,1.0
2022-02-05,6.11,-15.56,-4.72,0.0,46800.0,1.0
2022-02-06,7.78,-5.0,1.39,0.0,45000.0,0.0
2022-02-07,7.78,-7.22,0.28,0.0,35200.0,0.0
2022-02-08,15.0,-1.11,6.94,0.0,32000.0,0.0
2022-02-09,12.22,-1.11,5.56,0.0,32100.0,1.0
2022-02-10,10.56,-2.78,3.89,0.0,35500.0,1.0
2022-02-11,11.11,-1.11,5.0,0.76,43400.0,1.0
2022-02-12,-2.22,-8.28,-5.25,0.0,41100.0,0.0
2022-02-13,1.67,-7.22,-2.78,0.0,38700.0,0.0
2022-02-14,10.0,-5.0,2.5,0.0,36500.0,0.0
2022-02-15,20.0,-2.78,8.61,0.0,35000.0,0.0
2022-02-16,19.44,13.33,16.39,0.25,35300.0,1.0
2022-02-17,15.0,-10.0,2.5,2.79,39800.0,1.0
2022-02-18,5.56,-12.78,-3.61,0.0,51900.0,1.0
2022-02-19,2.78,-3.28,-0.25,0.0,83300.0,1.0
2022-02-20,19.44,3.33,11.39,0.0,84800.0,1.0
2022-02-21,22.78,3.89,13.34,0.0,82800.0,0.0
2022-02-22,18.33,-6.11,6.11,0.0,67000.0,0.0
2022-02-23,-6.72,-9.39,-8.06,0.0,57300.0,0.0
2022-02-24,-2.78,-6.11,-4.44,0.0,65500.0,1.0
2022-02-25,-2.78,-8.89,-5.84,,64500.0,0.0
2022-02-26,3.33,-10.0,-3.34,0.0,53900.0,0.0
2022-02-27,11.67,-6.72,2.48,0.0,44500.0,0.0
2022-02-28,18.89,-4.39,7.25,0.0,41300.0,0.0
2022-03-01,23.89,-1.72,11.08,0.0,40300.0,0.0
2022-03-02,28.33,1.11,14.72,0.0,39400.0,0.0
2022-03-03,15.0,4.44,9.72,0.0,37600.0,0.0
2022-03-04,23.33,1.67,12.5,0.0,35500.0,0.0
2022-03-05,24.44,11.67,18.06,6.86,33600.0,0.0
2022-03-06,10.56,2.22,6.39,22.35,32500.0,0.0
2022-03-07,3.33,0.0,1.66,0.0,43200.0,1.0
2022-03-08,5.56,-2.78,1.39,0.0,55300.0,1.0
2022-03-09,10.0,-1.72,4.14,0.0,52200.0,0.0
2022-03-10,3.33,-3.89,-0.28,0.0,51800.0,0.0
2022-03-11,0.56,-6.11,-2.78,0.0,50600.0,0.0
2022-03-12,2.22,-11.72,-4.75,0.0,48100.0,0.0
2022-03-13,20.56,2.78,11.67,0.0,46700.0,0.0
2022-03-14,18.89,6.67,12.78,0.0,43700.0,0.0
2022-03-15,20.56,9.44,15.0,0.0,42000.0,0.0
2022-03-16,23.33,3.89,13.61,0.0,41200.0,0.0
2022-03-17,25.56,5.56,15.56,0.0,41900.0,1.0
2022-03-18,17.22,5.0,11.11,10.41,40400.0,0.0
2022-03-19,14.44,3.89,9.16,0.76,40900.0,1.0
2022-03-20,23.89,0.56,12.22,0.0,44200.0,1.0
2022-03-21,23.89,8.33,16.11,13.72,46100.0,1.0
2022-03-22,17.78,10.56,14.17,6.35,48100.0,1.0
2022-03-23,12.22,5.0,8.61,2.03,56600.0,1.0
2022-03-24,6.67,4.0,5.34,2.29,83200.0,1.0
2022-03-25,13.33,5.0,9.16,0.0,127000.0,1.0
2022-03-26,12.22,2.22,7.22,0.0,139000.0,1.0
2022-03-27,8.33,1.11,4.72,0.0,123000.0,0.0
2022-03-28,13.33,1.67,7.5,0.0,107000.0,0.0
2022-03-29,22.78,7.22,15.0,0.0,96300.0,0.0
2022-03-30,21.67,3.33,12.5,24.89,98500.0,1.0
2022-03-31,3.89,1.67,2.78,0.0,128000.0,1.0
2022-04-01,12.22,-2.78,4.72,0.0,143000.0,1.0
2022-04-02,16.67,4.44,10.56,0.0,153000.0,1.0
2022-04-03,20.56,0.56,10.56,0.76,128000.0,0.0
2022-04-04,17.78,8.89,13.34,0.25,103000.0,0.0
2022-04-05,23.33,11.11,17.22,7.11,94400.0,0.0
2022-04-06,17.22,7.22,12.22,2.79,91000.0,0.0
2022-04-07,10.0,3.89,6.94,0.0,87500.0,0.0
2022-04-08,5.56,1.67,3.62,0.25,84000.0,0.0
2022-04-09,16.67,-1.72,7.48,0.0,76100.0,0.0
2022-04-10,29.44,6.67,18.06,1.02,68100.0,0.0
2022-04-11,22.22,10.0,16.11,6.6,64000.0,0.0
2022-04-12,27.78,8.33,18.06,0.0,59900.0,0.0
2022-04-13,22.78,3.33,13.06,12.19,64600.0,1.0
2022-04-14,16.67,2.22,9.44,0.0,79800.0,1.0
2022-04-15,21.67,7.22,14.44,0.0,94200.0,1.0
2022-04-16,14.44,5.0,9.72,0.0,88100.0,0.0
2022-04-17,9.44,4.44,6.94,9.14,82600.0,0.0
2022-04-18,12.78,3.33,8.06,0.0,73500.0,0.0
2022-04-19,15.0,-1.72,6.64,2.29,74400.0,1.0
2022-04-20,13.89,7.22,10.56,24.38,83300.0,1.0
2022-04-21,25.0,12.78,18.89,0.0,98900.0,1.0
2022-04-22,30.0,17.78,23.89,0.0,85900.0,0.0
2022-04-23,30.0,21.67,25.84,0.0,72600.0,0.0
2022-04-24,23.89,13.89,18.89,3.05,70400.0,0.0
2022-04-25,15.0,7.22,11.11,0.0,67900.0,0.0
2022-04-26,17.22,1.67,9.44,0.0,65800.0,0.0
2022-04-27,25.0,6.67,15.84,0.0,66000.0,1.0
2022-04-28,19.44,12.78,16.11,9.65,66000.0,0.0
2022-04-29,21.11,12.78,16.94,21.59,67300.0,1.0
2022-04-30,23.89,14.44,19.16,11.68,94400.0,1.0
2022-05-01,21.67,11.11,16.39,0.0,103000.0,1.0
2022-05-02,17.22,10.56,13.89,22.1,134000.0,1.0
2022-05-03,16.0,11.11,13.56,0.25,159000.0,1.0
2022-05-04,14.0,10.56,12.28,8.89,166000.0,1.0
2022-05-05,16.67,12.22,14.44,37.59,208000.0,1.0
2022-05-06,19.44,12.78,16.11,3.3,249000.0,1.0
2022-05-07,23.33,9.44,16.38,0.0,220000.0,0.0
2022-05-08,27.22,13.33,20.27,0.0,196000.0,0.0
2022-05-09,33.89,20.0,26.94,0.0,179000.0,0.0
2022-05-10,33.33,22.78,28.06,0.0,173000.0,0.0
2022-05-11,34.44,21.67,28.06,0.0,152000.0,0.0
2022-05-12,35.0,19.44,27.22,0.0,128000.0,0.0
2022-05-13,32.78,19.44,26.11,0.0,120000.0,0.0
2022-05-14,32.22,18.33,25.28,0.0,115000.0,0.0
2022-05-15,25.0,16.11,20.56,1.02,110000.0,0.0
2022-05-16,27.22,11.67,19.44,0.0,110000.0,0.0
2022-05-17,28.33,12.22,20.27,0.0,110000.0,0.0
2022-05-18,28.33,18.33,23.33,4.83,104000.0,0.0
2022-05-19,24.44,16.11,20.27,0.25,100000.0,0.0
2022-05-20,31.67,19.44,25.56,0.0,103000.0,1.0
2022-05-21,18.89,12.22,15.56,23.88,119000.0,1.0
2022-05-22,17.22,9.44,13.33,0.0,140000.0,1.0
2022-05-23,19.44,6.67,13.06,0.0,134000.0,0.0
2022-05-24,21.67,15.0,18.34,11.18,126000.0,0.0
2022-05-25,26.67,19.0,22.84,3.3,116000.0,0.0
2022-05-26,20.0,16.11,18.06,5.08,111000.0,0.0
2022-05-27,25.0,14.44,19.72,0.0,112000.0,1.0
2022-05-28,28.89,12.22,20.56,0.0,122000.0,1.0
2022-05-29,34.44,21.67,28.06,0.0,151000.0,1.0
2022-05-30,32.78,22.78,27.78,0.0,157000.0,1.0
2022-05-31,29.44,23.89,26.66,0.0,136000.0,0.0
2022-06-01,25.56,18.89,22.22,39.12,132000.0,0.0
2022-06-02,24.44,15.0,19.72,0.0,193000.0,1.0
2022-06-03,28.89,11.11,20.0,0.0,220000.0,1.0
2022-06-04,28.89,13.89,21.39,0.0,185000.0,0.0
2022-06-05,28.89,17.78,23.34,0.0,151000.0,0.0
2022-06-06,28.33,19.44,23.88,0.25,132000.0,0.0
2022-06-07,30.0,21.11,25.56,0.0,125000.0,0.0
2022-06-08,26.67,19.44,23.06,5.33,122000.0,0.0
2022-06-09,28.33,14.44,21.38,0.0,130000.0,1.0
2022-06-10,29.44,18.89,24.16,20.32,141000.0,1.0
2022-06-11,32.22,19.44,25.83,0.0,147000.0,1.0
2022-06-12,34.44,26.11,30.28,0.0,143000.0,0.0
2022-06-13,37.22,26.0,31.61,0.0,127000.0,0.0
2022-06-14,36.11,27.22,31.66,0.0,121000.0,0.0
2022-06-15,35.0,26.67,30.84,0.0,119000.0,0.0
2022-06-16,35.56,26.67,31.12,0.0,118000.0,0.0
2022-06-17,35.56,23.89,29.72,5.08,115000.0,0.0
2022-06-18,32.22,23.33,27.78,0.0,109000.0,0.0
2022-06-19,31.67,17.78,24.72,0.0,99800.0,0.0
2022-06-20,34.44,17.22,25.83,0.0,102000.0,1.0
2022-06-21,35.56,20.56,28.06,0.0,112000.0,1.0
2022-06-22,32.22,23.89,28.06,0.0,113000.0,1.0
2022-06-23,32.78,18.33,25.56,0.0,107000.0,0.0
2022-06-24,31.67,21.11,26.39,0.0,99900.0,0.0
2022-06-25,37.78,25.0,31.39,0.0,91500.0,0.0
2022-06-26,28.89,19.44,24.16,6.6,86000.0,0.0
2022-06-27,28.89,15.56,22.22,0.0,88600.0,1.0
2022-06-28,30.0,16.11,23.06,0.0,90400.0,1.0
2022-06-29,33.33,16.11,24.72,0.0,84400.0,0.0
2022-06-30,34.44,18.89,26.66,0.0,72500.0,0.0
2022-07-01,35.56,20.0,27.78,0.0,61500.0,0.0
2022-07-02,26.67,21.67,24.17,38.86,57600.0,0.0
2022-07-03,32.78,22.78,27.78,20.83,55800.0,0.0
2022-07-04,36.11,25.0,30.56,0.0,54000.0,0.0
2022-07-05,37.78,26.67,32.22,0.0,53100.0,0.0
2022-07-06,36.11,25.56,30.84,0.0,53600.0,1.0
2022-07-07,31.67,26.0,28.84,0.0,58300.0,1.0
2022-07-08,33.89,23.89,28.89,6.86,64000.0,1.0
2022-07-09,29.44,22.78,26.11,0.0,69900.0,1.0
2022-07-10,32.22,20.0,26.11,0.0,80200.0,1.0
2022-07-11,37.22,21.11,29.16,0.0,86000.0,1.0
2022-07-12,32.22,22.22,27.22,0.0,92000.0,1.0
2022-07-13,32.78,18.89,25.84,0.0,84300.0,0.0
2022-07-14,35.56,18.89,27.22,0.0,79500.0,0.0
2022-07-15,36.67,25.0,30.84,0.0,71200.0,0.0
2022-07-16,36.67,26.11,31.39,0.0,69200.0,0.0
2022-07-17,30.0,23.33,26.66,3.56,64900.0,0.0
2022-07-18,32.22,20.56,26.39,0.0,59900.0,0.0
2022-07-19,36.67,20.56,28.62,0.0,57800.0,0.0
2022-07-20,36.11,23.89,30.0,0.0,59500.0,1.0
2022-07-21,37.22,20.0,28.61,0.0,57700.0,0.0
2022-07-22,38.89,21.67,30.28,0.0,53900.0,0.0
2022-07-23,39.44,25.56,32.5,0.0,51100.0,0.0
2022-07-24,37.22,25.56,31.39,0.0,50400.0,0.0
2022-07-25,27.78,22.78,25.28,3.3,48400.0,0.0
2022-07-26,27.78,18.89,23.34,2.29,46400.0,0.0
2022-07-27,30.56,22.22,26.39,24.89,50900.0,1.0
2022-07-28,28.89,22.22,25.56,15.75,56600.0,1.0
2022-07-29,27.78,19.44,23.61,0.0,61900.0,1.0
2022-07-30,27.22,18.89,23.06,0.0,57900.0,0.0
2022-07-31,31.11,21.67,26.39,0.0,52300.0,0.0
2022-08-01,35.56,23.89,29.72,0.0,48200.0,0.0
2022-08-02,36.11,24.44,30.28,0.0,45300.0,0.0
2022-08-03,36.11,26.0,31.06,2.79,44400.0,0.0
2022-08-04,32.22,23.89,28.06,3.3,48200.0,1.0
2022-08-05,35.0,23.89,29.44,0.0,51900.0,1.0
2022-08-06,35.56,25.0,30.28,0.0,54200.0,1.0
2022-08-07,35.0,26.11,30.56,0.0,55700.0,1.0
2022-08-08,32.78,23.89,28.34,26.67,52600.0,0.0
2022-08-09,28.89,21.11,25.0,4.83,50400.0,0.0
2022-08-10,29.44,19.44,24.44,0.0,46700.0,0.0
2022-08-11,30.56,16.67,23.62,0.0,44100.0,0.0
2022-08-12,30.0,21.11,25.56,0.0,45600.0,1.0
2022-08-13,32.78,19.44,26.11,0.0,46500.0,1.0
2022-08-14,30.56,23.89,27.22,0.0,45400.0,0.0
2022-08-15,26.67,20.56,23.62,0.0,42200.0,0.0
2022-08-16,22.78,19.44,21.11,39.37,41900.0,0.0
2022-08-17,28.33,17.22,22.78,0.0,49700.0,1.0
2022-08-18,29.44,15.0,22.22,0.0,53800.0,1.0
2022-08-19,30.0,16.67,23.34,0.0,56500.0,1.0
2022-08-20,30.0,21.67,25.84,0.0,53500.0,0.0
2022-08-21,28.89,18.0,23.44,0.0,47300.0,0.0
2022-08-22,28.89,17.78,23.34,0.0,45500.0,0.0
2022-08-23,29.44,17.22,23.33,0.0,45800.0,1.0
2022-08-24,30.56,18.33,24.44,0.0,45600.0,0.0
2022-08-25,32.22,17.78,25.0,0.0,44800.0,0.0
2022-08-26,32.22,20.56,26.39,0.0,44200.0,0.0
2022-08-27,33.33,19.44,26.38,12.95,45200.0,1.0
2022-08-28,29.44,22.22,25.83,0.25,45300.0,1.0
2022-08-29,31.11,22.22,26.66,0.0,46500.0,1.0
2022-08-30,31.11,17.78,24.44,0.0,45600.0,0.0
2022-08-31,30.56,14.44,22.5,0.0,43400.0,0.0
2022-09-01,31.11,15.56,23.34,0.0,43700.0,1.0
2022-09-02,25.0,18.89,21.94,6.1,44200.0,1.0
2022-09-03,29.44,17.78,23.61,0.0,44100.0,0.0
2022-09-04,27.22,18.0,22.61,0.51,43500.0,0.0
2022-09-05,25.0,20.0,22.5,0.0,43300.0,0.0
2022-09-06,27.78,18.89,23.34,0.0,43000.0,0.0
2022-09-07,29.44,16.67,23.06,0.0,44800.0,1.0
2022-09-08,28.33,14.44,21.38,0.0,47300.0,1.0
2022-09-09,29.44,14.44,21.94,0.0,46800.0,0.0
2022-09-10,30.56,15.56,23.06,0.0,43800.0,0.0
2022-09-11,23.89,13.33,18.61,22.1,41600.0,0.0
2022-09-12,27.22,10.56,18.89,0.0,40300.0,0.0
2022-09-13,30.0,11.67,20.84,0.0,39300.0,0.0
2022-09-14,30.56,13.89,22.22,0.0,38900.0,0.0
2022-09-15,28.89,15.56,22.22,0.0,39300.0,1.0
2022-09-16,30.0,15.0,22.5,0.0,39400.0,1.0
2022-09-17,31.11,19.44,25.28,0.0,39600.0,1.0
2022-09-18,30.0,20.0,25.0,0.51,39900.0,1.0
2022-09-19,35.0,25.0,30.0,0.0,39900.0,0.0
2022-09-20,35.56,20.0,27.78,0.0,39500.0,0.0
2022-09-21,35.0,20.0,27.5,0.0,39200.0,0.0
2022-09-22,22.22,16.11,19.16,0.0,39100.0,0.0
2022-09-23,16.11,14.44,15.27,1.02,39200.0,1.0
2022-09-24,31.11,11.11,21.11,0.0,39600.0,1.0
2022-09-25,26.67,12.22,19.44,0.0,39900.0,1.0
2022-09-26,22.78,9.44,16.11,0.0,40100.0,1.0
2022-09-27,26.67,7.22,16.94,0.0,40000.0,0.0
2022-09-28,21.67,7.78,14.73,0.0,39800.0,0.0
2022-09-29,21.67,3.89,12.78,0.0,39800.0,0.0
2022-09-30,23.89,5.56,14.72,0.0,39700.0,0.0
2022-10-01,25.0,5.56,15.28,0.0,39500.0,0.0
2022-10-02,27.22,7.22,17.22,0.0,39200.0,0.0
2022-10-03,26.11,7.78,16.94,0.0,39100.0,0.0
2022-10-04,25.56,5.56,15.56,0.0,39000.0,0.0
2022-10-05,27.22,5.56,16.39,0.0,38800.0,0.0
2022-10-06,27.22,12.22,19.72,0.0,40200.0,1.0
2022-10-07,17.78,8.89,13.34,0.0,39900.0,0.0
2022-10-08,18.33,2.22,10.27,0.0,39100.0,0.0
2022-10-09,24.44,2.78,13.61,0.0,38900.0,0.0
2022-10-10,28.33,7.78,18.06,0.0,39000.0,1.0
2022-10-11,20.56,16.11,18.34,14.22,39400.0,1.0
2022-10-12,22.22,13.33,17.77,10.41,40700.0,1.0
2022-10-13,19.44,5.56,12.5,0.0,40800.0,1.0
2022-10-14,23.33,2.22,12.77,0.0,39900.0,0.0
2022-10-15,20.0,3.33,11.66,0.0,39500.0,0.0
2022-10-16,20.56,5.56,13.06,0.0,39600.0,1.0
2022-10-17,10.0,2.22,6.11,0.0,39800.0,1.0
2022-10-18,10.0,-1.72,4.14,0.0,39700.0,0.0
2022-10-19,11.67,-2.78,4.44,0.0,40600.0,1.0
2022-10-20,23.89,-1.11,11.39,0.0,40400.0,0.0
2022-10-21,29.44,7.78,18.61,0.0,39500.0,0.0
2022-10-22,29.44,15.56,22.5,0.0,39200.0,0.0
2022-10-23,29.44,19.44,24.44,0.0,39100.0,0.0
2022-10-24,24.44,15.56,20.0,14.48,38900.0,0.0
2022-10-25,16.67,6.11,11.39,37.85,39300.0,1.0
2022-10-26,17.78,4.44,11.11,0.0,40000.0,1.0
2022-10-27,18.33,2.22,10.27,0.0,40600.0,1.0
2022-10-28,19.44,3.33,11.39,0.0,41600.0,1.0
2022-10-29,21.67,3.89,12.78,0.76,42500.0,1.0
2022-10-30,14.44,12.78,13.61,11.68,43100.0,1.0
2022-10-31,20.56,8.89,14.72,0.76,43600.0,1.0
2022-11-01,24.44,4.44,14.44,0.0,43300.0,0.0
2022-11-02,25.0,5.0,15.0,0.0,42800.0,0.0
2022-11-03,27.22,12.78,20.0,0.0,42400.0,0.0
2022-11-04,27.22,18.33,22.78,25.65,41700.0,0.0
2022-11-05,19.44,7.22,13.33,1.27,42500.0,1.0
2022-11-06,21.67,6.67,14.17,0.0,43000.0,1.0
2022-11-07,16.67,9.44,13.06,0.0,43700.0,1.0
2022-11-08,20.56,9.44,15.0,0.0,48700.0,1.0
2022-11-09,28.89,11.67,20.28,0.0,52300.0,1.0
2022-11-10,27.22,10.0,18.61,0.0,49500.0,0.0
2022-11-11,9.44,0.0,4.72,2.54,46400.0,0.0
2022-11-12,0.0,-1.72,-0.86,0.0,44400.0,0.0
2022-11-13,5.56,-2.22,1.67,0.0,43200.0,0.0
2022-11-14,7.22,-3.89,1.66,1.52,43700.0,1.0
2022-11-15,3.33,1.11,2.22,1.78,44800.0,1.0
2022-11-16,2.78,-3.89,-0.56,0.0,43400.0,0.0
2022-11-17,8.89,-5.61,1.64,0.0,42400.0,0.0
2022-11-18,-0.61,-5.0,-2.8,0.0,42300.0,0.0
2022-11-19,3.33,-6.72,-1.69,0.0,42100.0,0.0
2022-11-20,8.33,-8.28,0.03,0.0,41900.0,0.0
2022-11-21,15.56,-0.61,7.48,0.0,42000.0,1.0
2022-11-22,16.67,-3.89,6.39,0.0,41900.0,0.0
2022-11-23,17.22,-1.72,7.75,0.25,41000.0,0.0
2022-11-24,12.78,7.78,10.28,3.05,40100.0,0.0
2022-11-25,13.89,-0.61,6.64,0.0,39500.0,0.0
2022-11-26,14.44,-3.89,5.28,21.08,39200.0,0.0
2022-11-27,9.44,6.67,8.06,3.3,40000.0,1.0
2022-11-28,13.33,1.67,7.5,0.0,41600.0,1.0
2022-11-29,21.67,-0.61,10.53,0.0,43500.0,1.0
2022-11-30,3.89,-5.61,-0.86,0.0,45800.0,1.0
2022-12-01,9.44,-6.72,1.36,0.0,45100.0,0.0
2022-12-02,18.33,7.22,12.77,0.0,41700.0,0.0
2022-12-03,3.33,-3.28,0.03,0.0,38600.0,0.0
2022-12-04,7.78,-2.78,2.5,0.0,36300.0,0.0
2022-12-05,15.0,0.0,7.5,0.0,34400.0,0.0
2022-12-06,8.89,1.67,5.28,0.25,32700.0,0.0
2022-12-07,10.56,7.22,8.89,0.0,31400.0,0.0
2022-12-08,10.0,8.33,9.16,0.76,30500.0,0.0
2022-12-09,11.67,3.89,7.78,1.02,30100.0,0.0
2022-12-10,7.78,3.89,5.84,2.54,29300.0,0.0
2022-12-11,5.56,-0.61,2.47,0.0,28900.0,0.0
2022-12-12,5.56,2.22,3.89,0.0,28500.0,0.0
2022-12-13,13.89,3.33,8.61,25.4,28300.0,0.0
2022-12-14,10.56,3.89,7.22,0.0,31300.0,1.0
2022-12-15,3.89,1.67,2.78,0.0,35000.0,1.0
2022-12-16,2.22,-1.11,0.56,0.0,36800.0,1.0
2022-12-17,0.0,-4.39,-2.19,0.0,40800.0,1.0
2022-12-18,2.22,-7.78,-2.78,0.0,42000.0,1.0
2022-12-19,7.22,-5.0,1.11,0.0,37800.0,0.0
2022-12-20,6.11,-2.22,1.94,0.0,33800.0,0.0
2022-12-21,2.22,-5.0,-1.39,0.0,31400.0,0.0
2022-12-22,2.22,-20.0,-8.89,0.0,30000.0,0.0
2022-12-23,-12.22,-20.0,-16.11,0.0,28700.0,0.0
2022-12-24,-6.11,-13.28,-9.7,0.0,26800.0,0.0
2022-12-25,-1.72,-13.28,-7.5,0.0,31500.0,1.0
2022-12-26,2.78,-10.61,-3.92,0.0,32200.0,1.0
2022-12-27,3.89,-12.78,-4.44,0.0,22500.0,0.0
2022-12-28,16.67,1.67,9.17,0.0,21600.0,0.0
2022-12-29,23.33,13.33,18.33,0.0,21800.0,1.0
2022-12-30,11.67,0.56,6.12,0.0,21500.0,0.0
2022-12-31,15.0,-0.61,7.2,0.0,23200.0,1.0
2023-01-01,20.0,1.67,10.84,0.0,32500.0,1.0
2023-01-02,17.78,3.0,10.39,11.94,30200.0,0.0
2023-01-03,18.89,5.56,12.22,5.59,24600.0,0.0
2023-01-04,9.44,2.78,6.11,0.0,24900.0,1.0
2023-01-05,6.11,-1.72,2.2,0.0,26400.0,1.0
2023-01-06,10.56,-5.0,2.78,0.0,32500.0,1.0
2023-01-07,6.67,1.67,4.17,0.76,40100.0,1.0
2023-01-08,3.89,-3.89,0.0,0.0,38500.0,0.0
2023-01-09,16.11,-4.39,5.86,0.0,34500.0,0.0
2023-01-10,14.44,0.0,7.22,0.0,32300.0,0.0
2023-01-11,17.78,1.11,9.44,1.02,31300.0,0.0
2023-01-12,10.0,0.0,5.0,14.48,31000.0,0.0
2023-01-13,1.67,-3.89,-1.11,0.0,30500.0,0.0
2023-01-14,4.44,-7.22,-1.39,0.0,29700.0,0.0
2023-01-15,12.22,1.67,6.94,0.0,28600.0,0.0
2023-01-16,20.56,10.0,15.28,0.25,28000.0,0.0
2023-01-17,10.0,3.33,6.66,0.0,27800.0,0.0
2023-01-18,8.0,3.89,5.94,10.16,27800.0,0.0
2023-01-19,8.33,1.67,5.0,0.0,29000.0,1.0
2023-01-20,5.56,-2.78,1.39,0.0,30400.0,1.0
2023-01-21,8.89,-5.0,1.95,0.0,30300.0,0.0
2023-01-22,4.44,1.67,3.06,1.02,30600.0,1.0
2023-01-23,7.78,-1.72,3.03,0.0,32600.0,1.0
2023-01-24,7.22,-2.22,2.5,1.78,42800.0,1.0
2023-01-25,3.33,0.0,1.66,5.08,41400.0,0.0
2023-01-26,1.11,-5.0,-1.94,0.0,37900.0,0.0
2023-01-27,11.67,-2.22,4.72,0.0,38500.0,1.0
2023-01-28,16.11,0.0,8.06,0.0,37800.0,0.0
2023-01-29,2.78,-5.61,-1.42,0.0,34000.0,0.0
2023-01-30,-5.61,-7.78,-6.7,0.0,30500.0,0.0
2023-01-31,-3.89,-10.0,-6.94,0.0,29600.0,0.0
2023-02-01,2.22,-10.0,-3.89,0.0,29800.0,1.0
2023-02-02,11.67,-6.72,2.48,0.0,32900.0,1.0
2023-02-03,1.11,-9.39,-4.14,0.0,32800.0,0.0
2023-02-04,13.89,-5.0,4.44,0.0,31000.0,0.0
2023-02-05,17.22,0.56,8.89,0.0,33100.0,1.0
2023-02-06,19.44,-2.78,8.33,0.0,31200.0,0.0
2023-02-07,16.67,4.44,10.56,0.0,30800.0,0.0
2023-02-08,8.33,1.67,5.0,10.41,30500.0,0.0
2023-02-09,9.44,3.33,6.38,10.41,32700.0,1.0
2023-02-10,7.78,-2.78,2.5,0.0,43400.0,1.0
2023-02-11,10.56,-6.72,1.92,0.0,53300.0,1.0
2023-02-12,17.78,-5.0,6.39,0.0,70800.0,1.0
2023-02-13,17.22,0.0,8.61,0.0,72700.0,1.0
2023-02-14,14.44,3.89,9.16,13.97,57400.0,0.0
2023-02-15,12.78,4.44,8.61,0.0,47200.0,0.0
2023-02-16,4.44,0.0,2.22,3.81,43300.0,0.0
2023-02-17,5.56,-5.61,-0.03,0.0,42600.0,0.0
2023-02-18,14.44,0.56,7.5,0.0,43000.0,1.0
2023-02-19,16.11,3.89,10.0,0.0,45000.0,1.0
2023-02-20,18.33,1.67,10.0,0.0,45200.0,1.0
2023-02-21,16.67,4.44,10.56,0.0,45900.0,1.0
2023-02-22,20.56,12.78,16.67,25.15,57900.0,1.0
2023-02-23,10.56,-2.22,4.17,0.0,69700.0,1.0
2023-02-24,5.56,-5.0,0.28,0.0,63300.0,0.0
2023-02-25,12.22,1.11,6.66,0.0,64800.0,1.0
2023-02-26,16.11,5.0,10.56,0.0,66200.0,1.0
2023-02-27,19.44,8.89,14.16,9.14,58100.0,0.0
2023-02-28,22.78,1.67,12.23,0.0,51500.0,0.0
2023-03-01,17.22,2.78,10.0,0.0,53800.0,1.0
2023-03-02,11.67,1.67,6.67,1.27,66700.0,1.0
2023-03-03,9.44,2.22,5.83,13.97,87900.0,1.0
2023-03-04,16.67,-0.61,8.03,0.0,105000.0,1.0
2023-03-05,21.67,1.11,11.39,0.0,107000.0,1.0
2023-03-06,22.22,6.67,14.44,0.0,113000.0,1.0
2023-03-07,11.11,5.56,8.33,5.08,114000.0,1.0
2023-03-08,8.33,6.11,7.22,4.83,96300.0,0.0
2023-03-09,7.78,5.56,6.67,7.11,86800.0,0.0
2023-03-10,7.22,2.78,5.0,0.0,84100.0,0.0
2023-03-11,6.67,1.11,3.89,4.32,76800.0,0.0
2023-03-12,8.33,1.11,4.72,0.0,69500.0,0.0
2023-03-13,1.67,-1.0,0.34,0.0,61700.0,0.0
2023-03-14,8.33,0.0,4.16,0.0,62200.0,1.0
2023-03-15,17.22,-0.61,8.3,0.0,68600.0,1.0
2023-03-16,18.89,3.33,11.11,2.54,64600.0,0.0
2023-03-17,6.67,-1.72,2.48,0.0,56500.0,0.0
2023-03-18,1.67,-6.0,-2.16,0.0,52600.0,0.0
2023-03-19,6.11,-7.22,-0.55,0.0,52800.0,1.0
2023-03-20,17.78,-2.22,7.78,0.0,55800.0,1.0
2023-03-21,10.0,6.67,8.34,8.13,62200.0,1.0
2023-03-22,25.0,7.0,16.0,0.0,60500.0,0.0
2023-03-23,20.0,7.0,13.5,14.22,52400.0,0.0
2023-03-24,7.78,6.67,7.22,11.18,62000.0,1.0
2023-03-25,16.67,5.56,11.12,0.0,95500.0,1.0
2023-03-26,17.22,3.89,10.56,0.0,103000.0,1.0
2023-03-27,13.89,5.56,9.72,0.0,129000.0,1.0
2023-03-28,9.44,1.67,5.56,1.78,154000.0,1.0
2023-03-29,16.11,-2.22,6.94,0.0,136000.0,0.0
2023-03-30,21.67,2.78,12.23,2.29,93700.0,0.0
2023-03-31,27.22,14.44,20.83,4.06,73600.0,0.0
2023-04-01,16.67,3.89,10.28,0.0,68100.0,0.0
2023-04-02,26.11,0.0,13.06,0.0,65000.0,0.0
2023-04-03,27.22,9.44,18.33,0.0,63000.0,0.0
2023-04-04,31.0,16.67,23.84,0.0,60200.0,0.0
2023-04-05,26.11,4.44,15.28,12.45,57600.0,0.0
2023-04-06,13.89,2.22,8.06,0.0,56000.0,0.0
2023-04-07,18.89,0.56,9.72,0.0,55000.0,0.0
2023-04-08,21.67,1.11,11.39,0.0,55000.0,0.0
2023-04-09,23.33,2.78,13.06,0.0,52000.0,0.0
2023-04-10,25.0,5.56,15.28,0.0,50600.0,0.0
2023-04-11,27.22,8.33,17.77,0.0,53200.0,1.0
2023-04-12,27.22,13.33,20.27,0.0,56000.0,1.0
2023-04-13,28.33,8.33,18.33,0.0,59300.0,1.0
2023-04-14,28.89,8.89,18.89,0.0,53000.0,0.0
2023-04-15,25.56,7.78,16.67,7.87,49800.0,0.0
2023-04-16,11.11,7.22,9.16,0.25,48700.0,0.0
2023-04-17,21.11,6.67,13.89,0.0,48500.0,0.0
2023-04-18,25.56,5.56,15.56,0.25,47500.0,0.0
2023-04-19,28.33,17.78,23.06,0.0,48300.0,1.0
2023-04-20,27.78,10.56,19.17,0.0,50200.0,1.0
2023-04-21,20.0,6.11,13.06,0.0,50000.0,0.0
2023-04-22,8.33,4.44,6.38,0.0,49300.0,0.0
2023-04-23,14.44,0.0,7.22,0.0,49100.0,0.0
2023-04-24,20.0,-0.61,9.7,0.0,52600.0,1.0
2023-04-25,21.11,10.0,15.56,0.0,54700.0,1.0
2023-04-26,20.56,8.89,14.72,0.0,57500.0,1.0
2023-04-27,20.56,10.56,15.56,0.0,58000.0,1.0
2023-04-28,22.22,9.44,15.83,0.0,53700.0,0.0
2023-04-29,21.67,9.44,15.56,0.25,50700.0,0.0
2023-04-30,16.11,6.67,11.39,0.0,49300.0,0.0
2023-05-01,18.89,8.89,13.89,0.0,48500.0,0.0
2023-05-02,20.0,6.67,13.34,0.0,48300.0,0.0
2023-05-03,22.22,3.33,12.77,0.0,47900.0,0.0
2023-05-04,25.0,4.44,14.72,0.0,45200.0,0.0
2023-05-05,23.89,14.44,19.16,0.0,43600.0,0.0
2023-05-06,30.56,17.78,24.17,0.0,42900.0,0.0
2023-05-07,33.89,22.22,28.06,0.0,42700.0,0.0
2023-05-08,30.0,17.78,23.89,3.05,42200.0,0.0
2023-05-09,27.22,17.22,22.22,0.0,41800.0,0.0
2023-05-10,31.11,19.44,25.28,0.0,44300.0,1.0
2023-05-11,26.11,18.33,22.22,0.0,44500.0,1.0
2023-05-12,31.11,19.44,25.28,0.0,43700.0,0.0
2023-05-13,33.33,21.11,27.22,0.0,44900.0,1.0
2023-05-14,31.67,20.0,25.84,20.57,48400.0,1.0
2023-05-15,21.67,17.22,19.44,5.33,50400.0,1.0
2023-05-16,20.0,16.67,18.34,8.89,53500.0,1.0
2023-05-17,27.78,13.89,20.84,0.0,58100.0,1.0
2023-05-18,27.78,13.89,20.84,0.0,67300.0,1.0
2023-05-19,25.0,14.44,19.72,1.27,71200.0,1.0
2023-05-20,22.78,10.0,16.39,0.0,74200.0,1.0
2023-05-21,26.11,9.0,17.56,0.0,72500.0,0.0
2023-05-22,27.78,11.11,19.44,0.0,67400.0,0.0
2023-05-23,28.89,12.22,20.56,0.0,63200.0,0.0
2023-05-24,30.56,16.67,23.62,0.0,61200.0,0.0
2023-05-25,28.89,14.44,21.66,0.0,57100.0,0.0
2023-05-26,25.56,12.78,19.17,0.0,54400.0,0.0
2023-05-27,27.22,8.89,18.06,0.0,52400.0,0.0
2023-05-28,28.89,11.11,20.0,0.0,51300.0,0.0
2023-05-29,30.56,13.89,22.22,0.0,49900.0,0.0
2023-05-30,31.67,13.89,22.78,0.0,48200.0,0.0
2023-05-31,30.0,17.22,23.61,0.0,46700.0,0.0
2023-06-01,32.22,18.33,25.28,4.57,45200.0,0.0
2023-06-02,32.22,19.44,25.83,5.59,44200.0,0.0
2023-06-03,33.33,17.22,25.28,0.0,43900.0,0.0
2023-06-04,32.22,17.22,24.72,0.0,45900.0,1.0
2023-06-05,31.11,18.33,24.72,0.0,50500.0,1.0
2023-06-06,31.67,13.33,22.5,0.0,50200.0,0.0
2023-06-07,31.11,17.22,24.16,0.0,48700.0,0.0
2023-06-08,25.56,16.67,21.12,0.0,48400.0,0.0
2023-06-09,28.89,11.67,20.28,0.0,49800.0,1.0
2023-06-10,31.11,16.11,23.61,1.02,49200.0,0.0
2023-06-11,21.67,17.22,19.44,4.06,49500.0,1.0
2023-06-12,24.44,12.78,18.61,0.0,45400.0,0.0
2023-06-13,28.33,10.56,19.44,0.0,43900.0,0.0
2023-06-14,31.67,13.33,22.5,0.0,45100.0,1.0
2023-06-15,33.33,16.11,24.72,0.0,43800.0,0.0
2023-06-16,32.22,17.22,24.72,0.0,42100.0,0.0
2023-06-17,32.22,17.78,25.0,0.0,42300.0,1.0
2023-06-18,26.67,20.56,23.62,25.15,42600.0,1.0
2023-06-19,32.22,17.78,25.0,0.0,41900.0,0.0
2023-06-20,32.22,17.22,24.72,0.0,42000.0,1.0
2023-06-21,30.0,18.89,24.44,0.0,43700.0,1.0
2023-06-22,32.78,18.33,25.56,0.0,46100.0,1.0
2023-06-23,34.44,18.33,26.38,0.0,47100.0,1.0
2023-06-24,36.11,20.0,28.06,0.0,43600.0,0.0
2023-06-25,33.33,23.89,28.61,0.0,43900.0,1.0
2023-06-26,31.11,20.56,25.84,0.0,42600.0,0.0
2023-06-27,31.67,17.22,24.44,0.0,41100.0,0.0
2023-06-28,35.56,21.67,28.62,1.02,42700.0,1.0
2023-06-29,38.89,26.11,32.5,0.0,41900.0,0.0
2023-06-30,38.89,22.78,30.84,0.0,40800.0,0.0
2023-07-01,32.78,21.11,26.94,7.11,46000.0,1.0
2023-07-02,30.0,20.56,25.28,0.0,48000.0,1.0
2023-07-03,33.33,18.89,26.11,0.0,44100.0,0.0
2023-07-04,36.67,20.56,28.62,0.0,42600.0,0.0
2023-07-05,32.78,25.0,28.89,0.0,44800.0,1.0
2023-07-06,29.44,21.11,25.28,0.0,47800.0,1.0
2023-07-07,31.11,17.22,24.16,1.52,49300.0,1.0
2023-07-08,26.67,18.89,22.78,0.0,50800.0,1.0
2023-07-09,30.56,16.67,23.62,0.0,50600.0,0.0
2023-07-10,33.33,15.56,24.44,0.0,49200.0,0.0
2023-07-11,35.56,19.44,27.5,0.0,47800.0,0.0
2023-07-12,36.11,22.22,29.16,2.29,47900.0,1.0
2023-07-13,33.33,22.78,28.06,2.03,50400.0,1.0
2023-07-14,36.67,21.67,29.17,1.02,50800.0,1.0
2023-07-15,32.78,21.11,26.94,0.0,49300.0,0.0
2023-07-16,33.33,19.44,26.38,2.54,48900.0,0.0
2023-07-17,32.78,21.0,26.89,36.07,50200.0,1.0
2023-07-18,27.22,20.56,23.89,15.49,52200.0,1.0
2023-07-19,32.78,22.78,27.78,0.0,52300.0,1.0
2023-07-20,33.33,23.33,28.33,2.54,55400.0,1.0
2023-07-21,26.67,19.44,23.06,0.0,56000.0,1.0
2023-07-22,30.56,17.22,23.89,0.0,52900.0,0.0
2023-07-23,33.89,20.0,26.94,1.78,49300.0,0.0
2023-07-24,31.11,22.22,26.66,0.0,47500.0,0.0
2023-07-25,35.0,22.22,28.61,0.0,46200.0,0.0
2023-07-26,35.56,27.78,31.67,1.27,47600.0,1.0
2023-07-27,38.33,25.56,31.94,0.0,46400.0,0.0
2023-07-28,37.22,27.22,32.22,0.0,47400.0,1.0
2023-07-29,35.56,22.78,29.17,5.33,50200.0,1.0
2023-07-30,32.22,21.67,26.94,0.0,49300.0,0.0
2023-07-31,26.67,22.78,24.72,1.27,46500.0,0.0
2023-08-01,28.33,23.0,25.66,10.16,46000.0,0.0
2023-08-02,30.0,22.22,26.11,82.3,69900.0,1.0
2023-08-03,28.33,22.78,25.56,3.3,123000.0,1.0
2023-08-04,28.89,22.22,25.56,50.8,118000.0,0.0
2023-08-05,30.56,22.22,26.39,0.0,103000.0,0.0
2023-08-06,31.67,22.22,26.94,0.0,83600.0,0.0
2023-08-07,27.22,20.56,23.89,0.76,86900.0,1.0
2023-08-08,30.56,18.33,24.44,0.0,95800.0,1.0
2023-08-09,26.11,21.67,23.89,1.52,85900.0,0.0
2023-08-10,30.56,20.56,25.56,0.0,73500.0,0.0
2023-08-11,33.89,21.11,27.5,0.0,64900.0,0.0
2023-08-12,32.22,23.33,27.78,8.64,63900.0,0.0
2023-08-13,26.67,22.78,24.72,19.05,64100.0,1.0
2023-08-14,26.67,20.56,23.62,0.25,67200.0,1.0
2023-08-15,25.56,17.22,21.39,0.0,93600.0,1.0
2023-08-16,27.78,15.0,21.39,0.0,107000.0,1.0
2023-08-17,29.44,17.22,23.33,0.0,94300.0,0.0
2023-08-18,28.33,13.89,21.11,0.0,78800.0,0.0
2023-08-19,34.44,19.44,26.94,0.0,66100.0,0.0
2023-08-20,37.78,25.0,31.39,0.0,57100.0,0.0
2023-08-21,35.0,25.56,30.28,0.0,51600.0,0.0
2023-08-22,36.67,25.56,31.12,0.0,48900.0,0.0
2023-08-23,35.56,25.0,30.28,0.0,51400.0,1.0
2023-08-24,37.22,26.67,31.94,0.0,51700.0,1.0
2023-08-25,38.33,26.11,32.22,0.0,50500.0,0.0
2023-08-26,27.22,22.78,25.0,8.38,50900.0,1.0
2023-08-27,27.22,20.0,23.61,0.0,48200.0,0.0
2023-08-28,28.89,18.33,23.61,0.0,43600.0,0.0
2023-08-29,31.11,17.22,24.16,0.0,42200.0,0.0
2023-08-30,27.78,18.89,23.34,0.0,42600.0,1.0
2023-08-31,27.22,14.44,20.83,0.0,42800.0,1.0
2023-09-01,28.89,11.67,20.28,0.0,42900.0,1.0
2023-09-02,32.22,15.0,23.61,0.0,43400.0,1.0
2023-09-03,34.44,16.67,25.56,0.0,42500.0,0.0
2023-09-04,36.11,22.22,29.16,0.0,41600.0,0.0
2023-09-05,32.22,23.33,27.78,0.76,41400.0,0.0
2023-09-06,26.67,17.78,22.22,0.0,43400.0,1.0
2023-09-07,28.33,15.0,21.66,0.0,46200.0,1.0
2023-09-08,26.11,15.0,20.56,0.0,42700.0,0.0
2023-09-09,26.67,12.22,19.44,0.0,41300.0,0.0
2023-09-10,28.89,13.33,21.11,0.0,41100.0,0.0
2023-09-11,25.56,17.78,21.67,1.02,41200.0,1.0
2023-09-12,26.11,14.44,20.27,0.0,41500.0,1.0
2023-09-13,27.78,10.0,18.89,0.0,41800.0,1.0
2023-09-14,28.33,13.33,20.83,0.0,41500.0,0.0
2023-09-15,28.33,10.0,19.16,0.0,41500.0,0.0
2023-09-16,25.0,13.33,19.16,1.27,41900.0,1.0
2023-09-17,26.11,11.67,18.89,0.0,42200.0,1.0
2023-09-18,28.33,10.0,19.16,0.0,42400.0,1.0
2023-09-19,31.67,13.89,22.78,0.0,42600.0,1.0
2023-09-20,22.78,15.0,18.89,0.25,42500.0,0.0
2023-09-21,30.56,13.33,21.94,0.0,42600.0,1.0
2023-09-22,27.78,18.89,23.34,0.0,42500.0,0.0
2023-09-23,30.0,18.33,24.16,10.16,42800.0,1.0
2023-09-24,28.89,17.78,23.34,0.0,43200.0,1.0
2023-09-25,31.67,15.0,23.34,0.0,43300.0,1.0
2023-09-26,31.67,14.44,23.06,0.51,45000.0,1.0
2023-09-27,29.44,17.78,23.61,0.0,47000.0,1.0
2023-09-28,31.11,16.67,23.89,0.0,46100.0,0.0
2023-09-29,35.0,18.33,26.66,0.0,44800.0,0.0
2023-09-30,35.56,17.22,26.39,0.0,44500.0,0.0
2023-10-01,32.78,18.33,25.56,0.0,44300.0,0.0
2023-10-02,32.78,15.0,23.89,0.0,44100.0,0.0
2023-10-03,30.56,16.11,23.34,0.0,44100.0,0.0
2023-10-04,25.0,18.89,21.94,2.79,45700.0,1.0
2023-10-05,28.33,18.33,23.33,4.32,48400.0,1.0
2023-10-06,19.44,7.22,13.33,0.0,46300.0,0.0
2023-10-07,17.78,5.0,11.39,0.0,44500.0,0.0
2023-10-08,24.44,3.33,13.89,0.0,43700.0,0.0
2023-10-09,21.11,6.67,13.89,0.0,43500.0,0.0
2023-10-10,23.33,2.78,13.06,0.0,44000.0,1.0
2023-10-11,28.89,10.0,19.44,4.06,45600.0,1.0
2023-10-12,26.67,14.44,20.56,0.0,45200.0,0.0
2023-10-13,21.11,13.89,17.5,11.43,44600.0,0.0
2023-10-14,15.56,11.67,13.62,0.76,44000.0,0.0
2023-10-15,14.44,7.22,10.83,1.52,44400.0,1.0
2023-10-16,19.44,5.0,12.22,0.0,44700.0,1.0
2023-10-17,21.11,3.33,12.22,0.0,43900.0,0.0
2023-10-18,25.0,6.67,15.84,3.3,45300.0,1.0
2023-10-19,20.56,10.56,15.56,0.0,45700.0,1.0
2023-10-20,24.44,6.67,15.56,0.0,45800.0,1.0
2023-10-21,28.33,8.89,18.61,0.0,46200.0,1.0
2023-10-22,21.67,5.56,13.62,0.0,46700.0,1.0
2023-10-23,30.0,9.44,19.72,0.0,46500.0,0.0
2023-10-24,28.33,15.56,21.94,0.76,45800.0,0.0
2023-10-25,25.56,18.33,21.94,1.78,45400.0,0.0
2023-10-26,23.89,19.44,21.66,1.78,45400.0,0.0
2023-10-27,25.0,8.89,16.94,0.51,46100.0,1.0
2023-10-28,8.89,5.0,6.94,20.83,50300.0,1.0
2023-10-29,6.11,2.78,4.44,17.27,56400.0,1.0
2023-10-30,5.0,-2.22,1.39,0.0,53400.0,0.0
2023-10-31,5.56,-3.33,1.11,0.0,49000.0,0.0
2023-11-01,9.44,-5.56,1.94,0.0,48700.0,0.0
2023-11-02,19.44,-0.56,9.44,0.0,48900.0,1.0
2023-11-03,22.78,6.11,14.44,0.0,47600.0,0.0
2023-11-04,16.11,9.44,12.77,0.0,46500.0,0.0
2023-11-05,22.22,2.78,12.5,0.0,46300.0,0.0
2023-11-06,25.0,13.33,19.16,0.0,46000.0,0.0
2023-11-07,27.78,11.67,19.73,0.0,45000.0,0.0
2023-11-08,29.44,15.0,22.22,0.0,44300.0,0.0
2023-11-09,13.89,6.67,10.28,0.0,43900.0,0.0
2023-11-10,15.0,-0.56,7.22,0.0,43500.0,0.0
2023-11-11,15.0,-2.22,6.39,0.0,42800.0,0.0
2023-11-12,20.0,0.0,10.0,0.0,42800.0,0.0
2023-11-13,21.67,1.67,11.67,0.0,42900.0,1.0
2023-11-14,20.56,-1.11,9.72,0.0,42600.0,0.0
2023-11-15,22.22,0.0,11.11,0.0,42500.0,0.0
2023-11-16,18.89,2.78,10.84,0.0,42700.0,1.0
2023-11-17,18.33,2.78,10.56,0.0,42900.0,1.0
2023-11-18,16.11,-2.22,6.94,0.0,43100.0,1.0
2023-11-19,16.11,-0.56,7.78,0.0,43300.0,1.0
2023-11-20,10.56,7.22,8.89,9.65,43800.0,1.0
2023-11-21,11.11,3.33,7.22,0.0,44100.0,1.0
2023-11-22,9.44,-1.11,4.16,0.0,44200.0,1.0
2023-11-23,14.44,-1.11,6.66,0.0,44800.0,1.0
2023-11-24,6.11,1.11,3.61,0.0,45800.0,1.0
2023-11-25,7.22,-4.44,1.39,0.0,46100.0,1.0
2023-11-26,3.89,-0.56,1.66,4.83,45900.0,0.0
2023-11-27,8.33,-3.89,2.22,0.0,45400.0,0.0
2023-11-28,5.0,-5.0,0.0,0.0,45300.0,0.0
2023-11-29,15.56,-2.78,6.39,0.0,45400.0,1.0
2023-11-30,12.78,6.11,9.44,4.83,45500.0,1.0
2023-12-01,11.11,4.44,7.78,15.49,45500.0,0.0
2023-12-02,6.11,3.89,5.0,3.05,44000.0,0.0
2023-12-03,11.67,3.89,7.78,0.51,42100.0,0.0
2023-12-04,7.78,2.22,5.0,3.05,41300.0,0.0
2023-12-05,7.22,3.33,5.28,0.0,40900.0,0.0
2023-12-06,10.56,-2.22,4.17,0.0,39100.0,0.0
2023-12-07,21.11,3.33,12.22,0.0,36700.0,0.0
2023-12-08,18.33,11.11,14.72,2.54,34500.0,0.0
2023-12-09,10.56,3.89,7.22,0.76,32700.0,0.0
2023-12-10,7.22,-2.22,2.5,0.0,31500.0,0.0
2023-12-11,11.67,-3.33,4.17,0.0,30700.0,0.0
2023-12-12,10.56,-2.78,3.89,0.0,30400.0,0.0
2023-12-13,13.33,0.56,6.94,0.0,30400.0,0.0
2023-12-14,16.11,-2.78,6.66,0.0,30000.0,0.0
2023-12-15,17.78,1.11,9.44,0.51,29200.0,0.0
2023-12-16,10.56,5.0,7.78,3.3,28700.0,0.0
2023-12-17,12.22,4.44,8.33,0.0,28500.0,0.0
2023-12-18,3.89,-5.0,-0.55,0.0,28100.0,0.0
2023-12-19,8.89,-7.78,0.56,0.0,27700.0,0.0
2023-12-20,16.67,2.78,9.73,0.0,27500.0,0.0
2023-12-21,11.11,6.11,8.61,1.27,27600.0,1.0
2023-12-22,12.78,10.56,11.67,7.11,27400.0,0.0
2023-12-23,16.67,10.0,13.34,0.0,27200.0,0.0
2023-12-24,18.33,11.11,14.72,5.84,27000.0,0.0
2023-12-25,13.33,2.78,8.06,10.16,27200.0,1.0
2023-12-26,8.89,1.67,5.28,0.0,27300.0,1.0
2023-12-27,5.56,1.11,3.34,1.27,27800.0,1.0
2023-12-28,6.67,1.0,3.84,2.03,35700.0,1.0
2023-12-29,3.33,0.0,1.66,3.05,48900.0,1.0
2023-12-30,9.44,-2.78,3.33,0.0,45700.0,0.0
2023-12-31,3.89,1.11,2.5,0.0,41300.0,0.0
2024-01-01,1.67,-3.89,-1.11,0.0,38300.0,0.0
2024-01-02,7.22,-5.56,0.83,0.0,35300.0,0.0
2024-01-03,5.0,-4.44,0.28,0.0,33200.0,0.0
2024-01-04,6.67,-3.89,1.39,0.0,32000.0,0.0
2024-01-05,3.89,-1.67,1.11,0.25,30900.0,0.0
2024-01-06,2.78,1.11,1.94,0.25,29900.0,0.0
2024-01-07,3.89,-1.11,1.39,0.0,29100.0,0.0
2024-01-08,4.44,0.0,2.22,10.92,28800.0,0.0
2024-01-09,2.78,-1.11,0.83,3.81,29000.0,1.0
2024-01-10,7.22,-3.89,1.66,0.0,29200.0,1.0
2024-01-11,9.44,-2.22,3.61,0.0,29100.0,0.0
2024-01-12,8.33,-9.44,-0.55,6.86,29200.0,1.0
2024-01-13,-9.44,-18.33,-13.88,0.0,31200.0,1.0
2024-01-14,,,,0.0,34500.0,1.0
2024-01-15,-13.89,-20.56,-17.23,0.0,37700.0,1.0
2024-01-16,-10.56,-19.44,-15.0,0.0,37300.0,0.0
2024-01-17,5.56,-13.89,-4.17,0.0,35800.0,0.0
2024-01-18,5.0,-3.89,0.55,0.0,34500.0,0.0
2024-01-19,-5.56,-14.44,-10.0,0.0,32200.0,0.0
2024-01-20,-7.22,-17.22,-12.22,0.0,30100.0,0.0
2024-01-21,1.67,-15.0,-6.66,0.0,27500.0,0.0
2024-01-22,2.22,-1.11,0.56,28.19,26500.0,0.0
2024-01-23,6.67,1.67,4.17,5.08,29100.0,1.0
2024-01-24,7.0,3.89,5.44,5.84,33400.0,1.0
2024-01-25,6.0,2.78,4.39,10.41,36400.0,1.0
2024-01-26,5.56,3.0,4.28,0.0,37200.0,1.0
2024-01-27,4.44,2.0,3.22,0.0,40600.0,1.0
2024-01-28,3.33,-3.33,0.0,0.0,84000.0,1.0
2024-01-29,15.56,-3.89,5.84,0.0,87500.0,1.0
2024-01-30,10.56,2.78,6.67,0.0,71900.0,0.0
2024-01-31,13.89,-2.78,5.56,0.0,62000.0,0.0
2024-02-01,21.11,2.22,11.66,0.0,57700.0,0.0
2024-02-02,17.78,6.11,11.94,0.0,56200.0,0.0
2024-02-03,16.67,6.11,11.39,0.0,54400.0,0.0
2024-02-04,12.78,6.11,9.44,0.25,54900.0,1.0
2024-02-05,14.44,-0.56,6.94,0.0,45500.0,0.0
2024-02-06,14.44,-3.89,5.28,0.0,46800.0,1.0
2024-02-07,18.33,2.22,10.27,0.0,50700.0,1.0
2024-02-08,22.78,8.33,15.56,0.0,55900.0,1.0
2024-02-09,20.0,2.78,11.39,0.0,56800.0,1.0
2024-02-10,9.44,-1.11,4.16,0.0,55900.0,0.0
2024-02-11,6.67,-3.89,1.39,0.0,55800.0,0.0
2024-02-12,10.0,-1.11,4.44,0.0,51100.0,0.0
2024-02-13,17.78,-5.0,6.39,0.0,51200.0,1.0
2024-02-14,18.89,-0.56,9.17,0.0,53400.0,1.0
2024-02-15,12.22,5.56,8.89,0.0,54800.0,1.0
2024-02-16,5.56,-3.33,1.11,,54100.0,0.0
2024-02-17,-2.22,-8.33,-5.28,,54400.0,1.0
2024-02-18,11.67,-5.56,3.06,0.0,53900.0,0.0
2024-02-19,14.44,-5.56,4.44,0.0,45000.0,0.0
2024-02-20,18.89,-2.78,8.06,0.0,48700.0,1.0
2024-02-21,23.33,0.56,11.94,0.0,47300.0,0.0
2024-02-22,20.0,5.0,12.5,0.0,42200.0,0.0
2024-02-23,18.33,4.44,11.38,0.0,42700.0,1.0
2024-02-24,11.67,1.11,6.39,0.0,44800.0,1.0
2024-02-25,23.89,5.0,14.44,0.0,42600.0,0.0
2024-02-26,27.78,0.56,14.17,0.0,38800.0,0.0
2024-02-27,27.78,2.22,15.0,0.0,39900.0,1.0
2024-02-28,3.33,-5.56,-1.11,0.0,40400.0,1.0
2024-02-29,12.78,-6.67,3.06,0.0,42400.0,1.0
2024-03-01,11.11,1.11,6.11,0.51,45500.0,1.0
2024-03-02,21.67,-1.11,10.28,0.0,40000.0,0.0
2024-03-03,28.89,13.89,21.39,0.0,35200.0,0.0
2024-03-04,27.22,15.0,21.11,1.27,33100.0,0.0
2024-03-05,14.44,8.89,11.66,6.86,32400.0,0.0
2024-03-06,17.22,6.11,11.66,0.0,33700.0,1.0
2024-03-07,12.78,6.67,9.72,48.51,33500.0,0.0
2024-03-08,12.78,5.56,9.17,1.02,41100.0,1.0
2024-03-09,11.11,1.67,6.39,0.0,43700.0,1.0
2024-03-10,15.0,-2.78,6.11,0.0,41700.0,0.0
2024-03-11,20.56,0.56,10.56,0.0,39700.0,0.0
2024-03-12,24.44,5.56,15.0,0.0,42100.0,1.0
2024-03-13,25.56,12.22,18.89,6.86,40800.0,0.0
2024-03-14,25.56,12.78,19.17,25.65,38200.0,0.0
2024-03-15,17.78,7.22,12.5,0.0,46500.0,1.0
2024-03-16,19.44,3.33,11.39,0.0,47100.0,1.0
2024-03-17,11.11,1.11,6.11,0.0,63700.0,1.0
2024-03-18,3.33,-2.22,0.55,0.0,66900.0,1.0
2024-03-19,20.56,-1.11,9.72,0.0,62500.0,0.0
2024-03-20,15.0,2.78,8.89,0.0,56300.0,0.0
2024-03-21,16.11,2.78,9.44,0.0,53100.0,0.0
2024-03-22,20.0,2.22,11.11,0.0,51900.0,0.0
2024-03-23,11.11,2.78,6.94,0.0,47800.0,0.0
2024-03-24,20.56,5.56,13.06,0.0,43000.0,0.0
2024-03-25,15.0,10.0,12.5,35.05,39300.0,0.0
2024-03-26,12.0,3.33,7.66,0.0,62400.0,1.0
2024-03-27,11.67,-0.56,5.56,0.0,63000.0,1.0
2024-03-28,19.44,-0.56,9.44,0.0,59200.0,0.0
2024-03-29,25.0,3.33,14.16,0.0,68000.0,1.0
2024-03-30,24.44,17.22,20.83,0.0,62400.0,0.0
2024-03-31,27.22,15.0,21.11,0.0,57100.0,0.0
2024-04-01,22.78,16.67,19.73,55.88,56600.0,0.0
2024-04-02,16.67,5.56,11.12,9.91,104000.0,1.0
2024-04-03,12.22,4.44,8.33,1.27,110000.0,1.0
2024-04-04,12.78,3.89,8.33,0.0,78000.0,0.0
2024-04-05,16.11,0.56,8.33,0.0,76100.0,0.0
2024-04-06,20.0,6.11,13.06,0.0,81100.0,1.0
2024-04-07,23.89,12.22,18.06,0.0,76700.0,0.0
2024-04-08,26.67,6.67,16.67,0.0,65400.0,0.0
2024-04-09,21.11,10.0,15.56,0.0,61700.0,0.0
2024-04-10,17.78,12.22,15.0,0.51,60500.0,0.0
2024-04-11,18.89,11.11,15.0,0.0,60400.0,0.0
2024-04-12,21.11,8.89,15.0,0.0,58600.0,0.0
2024-04-13,30.56,3.89,17.22,0.0,55300.0,0.0
2024-04-14,31.11,17.78,24.44,0.0,54600.0,0.0
2024-04-15,30.56,15.0,22.78,0.0,53100.0,0.0
2024-04-16,26.67,20.56,23.62,0.25,52500.0,0.0
2024-04-17,27.78,16.11,21.94,0.0,51800.0,0.0
2024-04-18,27.78,11.11,19.44,4.83,51700.0,0.0
2024-04-19,17.78,7.22,12.5,0.0,50900.0,0.0
2024-04-20,15.0,7.22,11.11,0.0,51400.0,1.0
2024-04-21,15.56,4.44,10.0,0.0,59400.0,1.0
2024-04-22,21.11,1.11,11.11,0.0,71500.0,1.0
2024-04-23,19.44,10.56,15.0,5.08,68900.0,0.0
2024-04-24,22.78,5.56,14.17,0.0,65300.0,0.0
2024-04-25,17.22,10.0,13.61,4.32,61500.0,0.0
2024-04-26,20.0,12.22,16.11,20.32,57700.0,0.0
2024-04-27,24.44,18.33,21.38,0.76,60700.0,1.0
2024-04-28,22.78,15.56,19.17,52.83,88900.0,1.0
2024-04-29,25.0,14.44,19.72,0.0,212000.0,1.0
2024-04-30,29.44,11.11,20.27,0.0,281000.0,1.0
2024-05-01,27.22,18.33,22.78,0.0,269000.0,0.0
2024-05-02,29.44,16.67,23.06,11.68,244000.0,0.0
2024-05-03,23.33,16.11,19.72,0.25,232000.0,0.0
2024-05-04,26.67,15.56,21.12,0.0,220000.0,0.0
2024-05-05,18.89,11.67,15.28,3.05,231000.0,1.0
2024-05-06,26.11,15.56,20.84,0.51,225000.0,0.0
2024-05-07,28.89,14.44,21.66,18.03,218000.0,0.0
2024-05-08,21.67,10.56,16.12,11.68,219000.0,1.0
2024-05-09,24.44,14.44,19.44,0.0,247000.0,1.0
2024-05-10,22.78,12.78,17.78,0.0,247000.0,0.0
2024-05-11,26.11,12.22,19.16,0.0,223000.0,0.0
2024-05-12,28.33,11.67,20.0,0.0,192000.0,0.0
2024-05-13,23.0,17.22,20.11,11.68,169000.0,0.0
2024-05-14,23.0,16.67,19.84,3.05,168000.0,0.0
2024-05-15,23.33,17.22,20.27,0.0,164000.0,0.0
2024-05-16,23.89,17.78,20.84,4.32,174000.0,1.0
2024-05-17,27.78,16.11,21.94,0.0,182000.0,1.0
2024-05-18,30.56,16.67,23.62,0.0,163000.0,0.0
2024-05-19,31.67,18.33,25.0,0.0,139000.0,0.0
2024-05-20,30.0,22.22,26.11,0.0,126000.0,0.0
2024-05-21,32.78,21.11,26.94,2.03,121000.0,0.0
2024-05-22,24.44,14.44,19.44,2.03,118000.0,0.0
2024-05-23,28.33,15.56,21.94,0.0,114000.0,0.0
2024-05-24,31.11,20.0,25.56,0.51,116000.0,1.0
2024-05-25,27.22,15.0,21.11,0.0,129000.0,1.0
2024-05-26,26.11,18.89,22.5,22.86,155000.0,1.0
2024-05-27,27.78,17.78,22.78,0.25,164000.0,1.0
2024-05-28,27.78,14.44,21.11,0.0,148000.0,0.0
2024-05-29,26.11,16.11,21.11,0.0,146000.0,0.0
2024-05-30,27.78,14.44,21.11,0.0,146000.0,0.0
2024-05-31,25.56,17.22,21.39,19.56,134000.0,0.0
2024-06-01,26.67,19.44,23.06,3.56,128000.0,0.0
2024-06-02,28.89,17.22,23.06,0.0,128000.0,0.0
2024-06-03,30.0,20.56,25.28,5.33,131000.0,1.0
2024-06-04,28.89,20.56,24.72,1.78,138000.0,1.0
2024-06-05,27.78,19.44,23.61,7.87,140000.0,1.0
2024-06-06,29.44,17.22,23.33,0.0,133000.0,0.0
2024-06-07,32.22,12.78,22.5,0.51,131000.0,0.0
2024-06-08,31.11,20.56,25.84,22.35,130000.0,0.0
2024-06-09,26.67,17.22,21.94,3.81,126000.0,0.0
2024-06-10,25.56,14.44,20.0,0.0,133000.0,1.0
2024-06-11,28.33,13.89,21.11,0.0,142000.0,1.0
2024-06-12,31.67,17.78,24.72,0.0,142000.0,0.0
2024-06-13,33.33,21.11,27.22,0.76,143000.0,1.0
2024-06-14,32.22,20.0,26.11,0.51,138000.0,0.0
2024-06-15,32.78,17.22,25.0,0.0,122000.0,0.0
2024-06-16,33.89,24.44,29.16,0.0,125000.0,1.0
2024-06-17,34.44,24.44,29.44,0.0,117000.0,0.0
2024-06-18,32.22,23.33,27.78,0.0,114000.0,0.0
2024-06-19,32.78,22.22,27.5,0.0,109000.0,0.0
2024-06-20,32.78,21.67,27.22,0.0,113000.0,1.0
2024-06-21,33.33,21.67,27.5,0.0,115000.0,1.0
2024-06-22,33.89,22.78,28.34,0.0,122000.0,1.0
2024-06-23,33.33,23.89,28.61,0.0,136000.0,1.0
2024-06-24,36.67,20.0,28.34,0.0,127000.0,0.0
2024-06-25,36.11,22.0,29.06,26.67,117000.0,0.0
2024-06-26,29.44,21.11,25.28,17.53,111000.0,0.0
2024-06-27,31.11,19.44,25.28,0.0,111000.0,0.0
2024-06-28,31.11,22.22,26.66,0.0,136000.0,1.0
2024-06-29,32.78,23.33,28.06,4.32,159000.0,1.0
2024-06-30,27.22,21.11,24.16,0.0,159000.0,0.0
2024-07-01,24.44,19.44,21.94,0.25,153000.0,0.0
2024-07-02,35.0,20.56,27.78,0.0,156000.0,1.0
2024-07-03,29.44,23.0,26.22,48.26,211000.0,1.0
2024-07-04,31.11,20.56,25.84,43.94,297000.0,1.0
2024-07-05,28.33,21.67,25.0,0.0,304000.0,1.0
2024-07-06,31.11,18.33,24.72,0.0,272000.0,0.0
2024-07-07,31.67,19.44,25.56,7.87,251000.0,0.0
2024-07-08,30.0,20.0,25.0,0.51,249000.0,0.0
2024-07-09,23.33,20.0,21.66,22.35,238000.0,0.0
2024-07-10,31.67,19.44,25.56,0.0,211000.0,0.0
2024-07-11,30.56,19.44,25.0,0.51,169000.0,0.0
2024-07-12,32.22,22.22,27.22,0.0,146000.0,0.0
2024-07-13,31.11,23.33,27.22,0.25,130000.0,0.0
2024-07-14,33.89,24.44,29.16,0.0,125000.0,0.0
2024-07-15,35.0,25.56,30.28,0.0,121000.0,0.0
2024-07-16,30.0,23.33,26.66,12.45,124000.0,1.0
2024-07-17,29.44,21.67,25.56,0.0,125000.0,1.0
2024-07-18,26.67,17.22,21.94,0.0,117000.0,0.0
2024-07-19,27.22,15.56,21.39,0.0,107000.0,0.0
2024-07-20,26.67,16.11,21.39,0.0,99500.0,0.0
2024-07-21,25.56,18.89,22.22,0.0,92400.0,0.0
2024-07-22,28.89,19.44,24.16,0.0,84400.0,0.0
2024-07-23,31.11,18.33,24.72,0.0,78900.0,0.0
2024-07-24,32.22,19.44,25.83,0.0,74000.0,0.0
2024-07-25,32.78,20.56,26.67,0.0,71800.0,0.0
2024-07-26,32.22,22.22,27.22,0.0,71000.0,0.0
2024-07-27,28.33,22.22,25.28,0.0,70800.0,0.0
2024-07-28,30.0,21.67,25.84,4.32,69100.0,0.0
2024-07-29,35.0,25.0,30.0,4.57,66000.0,0.0
2024-07-30,34.44,25.56,30.0,0.25,62800.0,0.0
2024-07-31,35.0,24.44,29.72,0.0,65100.0,1.0
2024-08-01,33.89,23.89,28.89,0.0,63900.0,0.0
2024-08-02,31.11,22.78,26.94,0.0,71100.0,1.0
2024-08-03,33.33,20.0,26.66,0.0,62900.0,0.0
2024-08-04,35.0,21.67,28.34,0.0,56800.0,0.0
2024-08-05,35.0,22.22,28.61,0.0,56200.0,0.0
2024-08-06,31.11,20.0,25.56,0.0,56400.0,1.0
2024-08-07,26.11,20.0,23.06,0.0,55200.0,0.0
2024-08-08,27.22,17.22,22.22,0.0,52400.0,0.0
2024-08-09,25.0,16.11,20.56,0.0,50400.0,0.0
2024-08-10,25.56,13.89,19.73,0.0,49000.0,0.0
2024-08-11,26.67,17.78,22.22,0.0,47900.0,0.0
2024-08-12,23.33,20.0,21.66,24.38,47400.0,0.0
2024-08-13,25.0,20.0,22.5,0.25,47400.0,0.0
2024-08-14,28.33,21.67,25.0,37.34,48200.0,1.0
2024-08-15,32.78,23.89,28.34,0.0,56800.0,1.0
2024-08-16,33.33,22.22,27.78,0.0,59600.0,1.0
2024-08-17,31.67,20.56,26.12,0.0,61700.0,1.0
2024-08-18,29.44,20.0,24.72,0.0,76600.0,1.0
2024-08-19,28.89,18.89,23.89,0.0,86300.0,1.0
2024-08-20,26.67,17.22,21.94,0.0,83700.0,0.0
2024-08-21,24.44,15.56,20.0,0.0,65700.0,0.0
2024-08-22,26.11,12.22,19.16,0.0,57400.0,0.0
2024-08-23,30.0,13.33,21.66,0.0,53700.0,0.0
2024-08-24,28.33,20.0,24.16,7.87,51200.0,0.0
2024-08-25,33.89,21.11,27.5,0.0,49700.0,0.0
2024-08-26,35.56,22.78,29.17,0.0,49200.0,0.0
2024-08-27,35.56,24.44,30.0,0.0,49300.0,1.0
2024-08-28,30.56,23.33,26.94,2.29,49100.0,0.0
2024-08-29,35.0,21.67,28.34,0.0,48400.0,0.0
2024-08-30,31.67,23.33,27.5,1.78,47900.0,0.0
2024-08-31,28.89,20.0,24.44,0.0,49400.0,1.0
2024-09-01,31.11,17.78,24.44,0.0,49800.0,1.0
2024-09-02,27.22,16.11,21.66,0.0,47700.0,0.0
2024-09-03,25.0,14.44,19.72,0.0,46700.0,0.0
2024-09-04,29.44,11.11,20.27,0.0,46300.0,0.0
2024-09-05,32.78,14.44,23.61,0.0,46200.0,0.0
2024-09-06,26.67,17.22,21.94,0.0,46200.0,0.0
2024-09-07,23.33,13.33,18.33,0.0,46100.0,0.0
2024-09-08,23.33,7.22,15.27,0.0,45900.0,0.0
2024-09-09,27.22,6.67,16.94,0.0,45700.0,0.0
2024-09-10,28.89,8.33,18.61,0.0,45300.0,0.0
2024-09-11,30.56,12.78,21.67,0.0,45000.0,0.0
2024-09-12,28.89,16.11,22.5,0.0,46600.0,1.0
2024-09-13,23.33,20.56,21.94,0.0,48300.0,1.0
2024-09-14,30.0,21.11,25.56,0.0,49100.0,1.0
2024-09-15,30.0,17.78,23.89,0.0,46700.0,0.0
2024-09-16,29.44,20.0,24.72,0.0,45600.0,0.0
2024-09-17,31.11,16.67,23.89,0.0,45600.0,0.0
2024-09-18,30.56,16.11,23.34,0.0,45400.0,0.0
2024-09-19,33.33,16.67,25.0,0.0,45000.0,0.0
2024-09-20,35.0,21.67,28.34,0.0,44700.0,0.0
2024-09-21,29.44,21.67,25.56,2.79,45100.0,1.0
2024-09-22,27.78,19.44,23.61,25.91,49900.0,1.0
2024-09-23,22.22,18.0,20.11,45.72,50800.0,1.0
2024-09-24,22.22,16.11,19.16,0.0,52800.0,1.0
2024-09-25,26.67,13.33,20.0,0.0,50400.0,0.0
2024-09-26,26.67,12.22,19.44,0.0,50500.0,1.0
2024-09-27,21.67,16.11,18.89,0.0,49900.0,0.0
2024-09-28,25.56,17.22,21.39,0.0,48700.0,0.0
2024-09-29,27.78,16.11,21.94,0.0,48600.0,0.0
2024-09-30,29.44,15.56,22.5,0.0,48200.0,0.0
2024-10-01,23.33,11.67,17.5,0.0,46900.0,0.0
2024-10-02,24.44,5.56,15.0,0.0,46200.0,0.0
2024-10-03,31.67,9.44,20.56,0.0,47000.0,1.0
2024-10-04,30.56,14.44,22.5,0.0,46000.0,0.0
2024-10-05,32.22,15.0,23.61,0.0,45100.0,0.0
2024-10-06,27.22,14.44,20.83,0.0,44600.0,0.0
2024-10-07,22.78,8.89,15.84,0.0,44500.0,0.0
2024-10-08,23.89,5.0,14.44,0.0,44600.0,1.0
2024-10-09,26.11,6.11,16.11,0.0,45700.0,1.0
2024-10-10,28.33,8.89,18.61,0.0,45500.0,0.0
2024-10-11,30.56,9.44,20.0,0.0,45200.0,0.0
2024-10-12,32.78,13.33,23.06,0.0,45600.0,1.0
2024-10-13,24.44,11.67,18.06,0.0,46000.0,1.0
2024-10-14,17.78,6.67,12.23,0.0,46500.0,1.0
2024-10-15,15.0,6.11,10.56,0.0,46800.0,1.0
2024-10-16,16.67,0.56,8.62,0.0,48100.0,1.0
2024-10-17,21.11,-0.56,10.28,0.0,46900.0,0.0
2024-10-18,23.33,4.44,13.88,0.0,45500.0,0.0
2024-10-19,25.0,2.78,13.89,0.0,45100.0,0.0
2024-10-20,27.22,4.44,15.83,0.0,44800.0,0.0
2024-10-21,28.89,7.22,18.06,0.0,44400.0,0.0
2024-10-22,31.11,13.33,22.22,0.0,44300.0,0.0
2024-10-23,23.89,11.11,17.5,0.0,44500.0,1.0
2024-10-24,25.0,5.56,15.28,0.0,44800.0,1.0
2024-10-25,21.11,12.78,16.94,1.78,44300.0,0.0
2024-10-26,18.89,5.0,11.94,0.0,44200.0,0.0
2024-10-27,22.78,3.33,13.06,0.0,44400.0,1.0
2024-10-28,30.0,9.44,19.72,0.0,44700.0,1.0
2024-10-29,29.44,22.22,25.83,0.0,44500.0,0.0
2024-10-30,28.33,21.67,25.0,15.75,44500.0,0.0
2024-10-31,23.89,6.11,15.0,12.45,45600.0,1.0
2024-11-01,18.33,2.78,10.56,0.0,46200.0,1.0
2024-11-02,21.11,3.89,12.5,0.0,46300.0,1.0
2024-11-03,22.78,15.0,18.89,9.91,47000.0,1.0
2024-11-04,21.11,16.67,18.89,38.61,49900.0,1.0
2024-11-05,21.0,11.67,16.34,7.62,77400.0,1.0
2024-11-06,16.11,6.11,11.11,0.0,91400.0,1.0
2024-11-07,16.67,2.78,9.73,0.0,93900.0,1.0
2024-11-08,17.78,4.44,11.11,0.0,115000.0,1.0
2024-11-09,14.44,10.0,12.22,8.38,128000.0,1.0
2024-11-10,19.44,6.11,12.78,0.0,100000.0,0.0
2024-11-11,20.0,3.89,11.94,0.0,65400.0,0.0
2024-11-12,16.11,4.44,10.28,0.0,58700.0,0.0
2024-11-13,18.89,7.22,13.06,3.05,56000.0,0.0
2024-11-14,13.33,3.89,8.61,0.0,53400.0,0.0
2024-11-15,18.89,0.0,9.44,0.0,51600.0,0.0
2024-11-16,16.11,2.78,9.44,0.0,51000.0,0.0
2024-11-17,20.56,10.0,15.28,0.0,50600.0,0.0
2024-11-18,22.22,15.0,18.61,22.35,50500.0,0.0
2024-11-19,19.44,10.56,15.0,0.0,55300.0,1.0
2024-11-20,12.22,6.11,9.17,0.0,55800.0,1.0
2024-11-21,7.78,1.67,4.72,0.0,55500.0,0.0
2024-11-22,4.44,0.0,2.22,0.0,56400.0,1.0
2024-11-23,13.33,-2.22,5.56,0.0,57200.0,1.0
2024-11-24,22.78,5.56,14.17,0.0,57500.0,1.0
2024-11-25,17.78,0.0,8.89,0.0,57900.0,1.0
2024-11-26,7.78,-3.89,1.94,0.0,56900.0,0.0
2024-11-27,10.56,3.33,6.94,0.0,55200.0,0.0
2024-11-28,2.78,-2.22,0.28,0.0,54000.0,0.0
2024-11-29,3.33,-5.0,-0.84,0.0,53400.0,0.0
2024-11-30,0.0,-4.44,-2.22,1.78,52400.0,0.0
2024-12-01,0.56,-6.11,-2.78,0.0,50700.0,0.0
2024-12-02,0.56,-6.11,-2.78,0.0,48400.0,0.0
2024-12-03,4.44,-8.89,-2.22,0.0,45900.0,0.0
2024-12-04,14.44,1.67,8.06,0.0,45800.0,0.0
2024-12-05,0.0,-7.78,-3.89,0.0,50500.0,1.0
2024-12-06,6.11,-8.89,-1.39,0.0,44300.0,0.0
2024-12-07,17.22,-4.44,6.39,0.0,38600.0,0.0
2024-12-08,16.67,4.44,10.56,0.51,35700.0,0.0
2024-12-09,11.67,2.22,6.94,0.0,33800.0,0.0
2024-12-10,5.56,-3.89,0.83,0.0,32800.0,0.0
2024-12-11,3.89,-3.33,0.28,0.0,32400.0,0.0
2024-12-12,3.89,-5.0,-0.55,0.0,32100.0,0.0
2024-12-13,4.44,-5.56,-0.56,0.0,31900.0,0.0
2024-12-14,11.11,3.89,7.5,37.85,33400.0,1.0
2024-12-15,14.44,7.22,10.83,0.0,48900.0,1.0
2024-12-16,15.0,1.67,8.34,0.0,47400.0,0.0
2024-12-17,14.44,-1.67,6.38,0.0,45400.0,0.0
2024-12-18,11.11,-1.67,4.72,0.0,46400.0,1.0
2024-12-19,12.78,-3.33,4.72,0.0,47000.0,1.0
2024-12-20,0.0,-4.44,-2.22,0.0,44000.0,0.0
2024-12-21,2.22,-5.56,-1.67,0.0,38200.0,0.0
2024-12-22,10.56,-5.0,2.78,0.0,35100.0,0.0
2024-12-23,13.89,5.0,9.44,0.0,33200.0,0.0
2024-12-24,8.89,3.33,6.11,0.0,31800.0,0.0
2024-12-25,7.78,5.0,6.39,0.0,31200.0,0.0
2024-12-26,13.33,7.78,10.56,1.27,31100.0,0.0
2024-12-27,12.22,8.89,10.56,5.08,30900.0,0.0
2024-12-28,12.78,3.33,8.06,0.0,30400.0,0.0
2024-12-29,13.33,6.11,9.72,0.0,30000.0,0.0
2024-12-30,15.0,5.0,10.0,2.03,29300.0,0.0
2024-12-31,9.44,1.11,5.28,1.02,28700.0,0.0
2025-01-01,5.56,-2.22,1.67,0.0,28800.0,1.0
2025-01-02,8.33,-1.11,3.61,0.0,29500.0,1.0
2025-01-03,2.78,-3.33,-0.28,0.0,30300.0,1.0
2025-01-04,-0.56,-2.22,-1.39,0.0,31300.0,1.0
2025-01-05,-1.11,-7.22,-4.16,0.0,32900.0,1.0
2025-01-06,-6.67,-13.89,-10.28,,33500.0,1.0
2025-01-07,-4.44,-16.11,-10.28,0.0,32900.0,0.0
2025-01-08,-4.44,-13.33,-8.88,0.0,32000.0,0.0
2025-01-09,1.67,-13.89,-6.11,0.0,32800.0,1.0
2025-01-10,1.11,-1.11,0.0,0.51,33400.0,1.0
2025-01-11,3.89,-6.11,-1.11,0.0,32100.0,0.0
2025-01-12,7.22,-3.33,1.94,0.0,30900.0,0.0
2025-01-13,-2.78,-10.56,-6.67,0.0,29700.0,0.0
2025-01-14,0.0,-10.0,-5.0,0.0,28500.0,0.0
2025-01-15,2.22,-12.78,-5.28,0.0,27600.0,0.0
2025-01-16,7.78,-2.78,2.5,0.0,27200.0,0.0
2025-01-17,13.33,-3.33,5.0,0.0,27300.0,1.0
2025-01-18,6.11,-5.56,0.28,0.0,28900.0,1.0
2025-01-19,-6.11,-14.44,-10.28,0.0,30700.0,1.0
2025-01-20,-6.67,-16.11,-11.39,0.0,29600.0,0.0
2025-01-21,-11.11,-18.33,-14.72,0.0,29100.0,0.0
2025-01-22,3.33,-10.56,-3.62,0.0,31000.0,1.0
2025-01-23,1.11,-11.11,-5.0,0.0,42600.0,1.0
2025-01-24,4.44,-13.89,-4.72,0.0,39200.0,0.0
2025-01-25,8.33,-5.0,1.66,0.0,33100.0,0.0
2025-01-26,2.78,-4.44,-0.83,0.0,29100.0,0.0
2025-01-27,8.33,-7.22,0.56,0.0,27400.0,0.0
2025-01-28,12.78,-1.67,5.56,0.0,25900.0,0.0
2025-01-29,15.56,-0.56,7.5,0.0,24300.0,0.0
2025-01-30,11.11,2.22,6.66,6.1,26000.0,1.0
2025-01-31,9.44,5.56,7.5,0.0,32000.0,1.0
2025-02-01,13.89,-2.78,5.56,0.0,33000.0,1.0
2025-02-02,17.78,2.22,10.0,0.0,31200.0,0.0
2025-02-03,,,,0.0,39900.0,1.0
2025-02-04,7.78,2.78,5.28,0.0,62900.0,1.0
2025-02-05,3.33,0.56,1.94,0.51,66200.0,1.0
2025-02-06,7.22,-2.22,2.5,0.0,58200.0,0.0
2025-02-07,3.33,-4.44,-0.56,0.0,48800.0,0.0
2025-02-08,5.0,0.0,2.5,0.51,43600.0,0.0
2025-02-09,0.0,-4.44,-2.22,0.0,41300.0,0.0
2025-02-10,2.22,-6.11,-1.94,0.0,39900.0,0.0
2025-02-11,1.11,0.0,0.56,0.0,38700.0,0.0
2025-02-12,0.0,-6.11,-3.06,4.06,40500.0,1.0
2025-02-13,-3.89,-12.22,-8.06,0.0,39100.0,0.0
2025-02-14,5.0,-13.33,-4.16,0.0,45100.0,1.0
2025-02-15,6.11,-1.67,2.22,0.76,43500.0,0.0
2025-02-16,-2.22,-8.33,-5.28,0.0,35300.0,0.0
2025-02-17,-6.67,-10.0,-8.34,0.0,33900.0,0.0
2025-02-18,-8.89,-15.56,-12.23,0.0,34300.0,1.0
2025-02-19,-10.0,-16.67,-13.34,0.0,33600.0,0.0
2025-02-20,-8.33,-21.11,-14.72,0.0,32400.0,0.0
2025-02-21,-1.67,-20.0,-10.84,0.0,31300.0,0.0
2025-02-22,5.0,-12.78,-3.89,0.0,30200.0,0.0
2025-02-23,15.0,-5.56,4.72,0.0,29300.0,0.0
2025-02-24,18.33,2.22,10.27,0.0,28800.0,0.0
2025-02-25,18.89,0.0,9.44,0.0,29300.0,1.0
2025-02-26,18.89,4.44,11.66,0.0,30200.0,1.0
2025-02-27,16.67,0.56,8.62,0.0,30300.0,1.0
2025-02-28,22.78,0.56,11.67,0.0,30000.0,0.0
2025-03-01,10.56,-1.67,4.44,0.0,29700.0,0.0
2025-03-02,12.22,-5.0,3.61,0.0,30400.0,1.0
2025-03-03,20.56,3.89,12.22,0.0,31700.0,1.0
2025-03-04,16.67,7.78,12.23,10.92,33100.0,1.0
2025-03-05,5.56,-0.56,2.5,0.25,37600.0,1.0
2025-03-06,8.89,-2.78,3.06,0.0,48700.0,1.0
2025-03-07,22.78,5.56,14.17,0.0,63600.0,1.0
2025-03-08,11.67,0.56,6.12,0.0,80000.0,1.0
2025-03-09,17.78,-3.89,6.94,0.0,75500.0,0.0
2025-03-10,24.44,0.56,12.5,0.0,70600.0,0.0
2025-03-11,26.67,6.67,16.67,0.0,61500.0,0.0
2025-03-12,26.67,3.89,15.28,0.0,52900.0,0.0
2025-03-13,29.44,6.11,17.78,0.0,46400.0,0.0
2025-03-14,30.0,14.44,22.22,20.07,43400.0,0.0
2025-03-15,17.78,3.89,10.84,0.25,42000.0,0.0
2025-03-16,11.11,1.0,6.06,0.25,41600.0,0.0
2025-03-17,24.44,-1.11,11.66,0.0,40600.0,0.0
2025-03-18,28.33,14.44,21.38,0.0,39600.0,0.0
2025-03-19,22.78,3.33,13.06,0.0,39500.0,0.0
2025-03-20,10.56,1.11,5.84,0.0,38700.0,0.0
2025-03-21,19.44,3.33,11.39,0.0,37800.0,0.0
2025-03-22,18.89,1.67,10.28,1.02,37000.0,0.0
2025-03-23,17.22,6.67,11.94,23.62,37900.0,1.0
2025-03-24,15.0,3.89,9.44,0.0,44500.0,1.0
2025-03-25,18.33,3.33,10.83,0.0,42100.0,0.0
2025-03-26,18.89,6.11,12.5,0.0,38900.0,0.0
2025-03-27,22.22,8.89,15.56,0.0,38200.0,0.0
2025-03-28,25.56,12.22,18.89,0.0,39200.0,1.0
2025-03-29,23.89,17.78,20.84,0.0,42900.0,1.0
2025-03-30,21.11,8.33,14.72,3.81,49500.0,1.0
2025-03-31,14.44,4.44,9.44,0.0,53700.0,1.0
2025-04-01,18.33,2.22,10.27,0.0,51400.0,0.0
2025-04-02,25.0,16.67,20.84,3.3,55400.0,1.0
2025-04-03,15.56,8.89,12.23,11.18,55300.0,0.0
2025-04-04,10.56,8.0,9.28,26.42,66000.0,1.0
2025-04-05,8.33,7.22,7.78,6.86,119000.0,1.0
2025-04-06,11.11,2.22,6.66,0.0,128000.0,1.0
2025-04-07,17.22,0.0,8.61,0.0,120000.0,0.0
2025-04-08,13.89,-0.56,6.66,0.0,125000.0,1.0
2025-04-09,25.0,7.78,16.39,0.0,124000.0,0.0
2025-04-10,22.78,6.67,14.73,0.0,103000.0,0.0
2025-04-11,15.56,7.22,11.39,0.0,77400.0,0.0
2025-04-12,21.11,2.22,11.66,0.0,68900.0,0.0
2025-04-13,30.56,13.33,21.94,0.0,63800.0,0.0
2025-04-14,21.11,11.67,16.39,0.0,60600.0,0.0
2025-04-15,17.78,6.67,12.23,0.0,56800.0,0.0
2025-04-16,24.44,2.22,13.33,0.0,53900.0,0.0
2025-04-17,28.89,12.78,20.84,6.35,52500.0,0.0
2025-04-18,26.11,16.67,21.39,0.25,50500.0,0.0
2025-04-19,16.11,10.56,13.34,17.27,54300.0,1.0
2025-04-20,26.67,11.11,18.89,46.99,84900.0,1.0
2025-04-21,21.67,11.11,16.39,0.0,168000.0,1.0
2025-04-22,28.33,9.44,18.88,0.0,184000.0,1.0
2025-04-23,27.78,11.67,19.73,0.0,174000.0,0.0
2025-04-24,28.89,12.22,20.56,1.52,149000.0,0.0
2025-04-25,25.0,15.56,20.28,21.08,125000.0,0.0
2025-04-26,16.11,13.89,15.0,0.76,113000.0,0.0
2025-04-27,18.33,11.67,15.0,9.91,103000.0,0.0
2025-04-28,30.56,17.22,23.89,0.0,96000.0,0.0
2025-04-29,25.0,13.89,19.44,10.41,89900.0,0.0
2025-04-30,23.89,13.89,18.89,5.84,94600.0,1.0
2025-05-01,25.0,17.22,21.11,0.0,101000.0,1.0
2025-05-02,22.22,10.56,16.39,3.56,106000.0,1.0
2025-05-03,15.0,9.44,12.22,0.25,110000.0,1.0
2025-05-04,21.11,7.22,14.16,0.0,104000.0,0.0
2025-05-05,20.56,7.78,14.17,0.0,96100.0,0.0
2025-05-06,24.44,8.33,16.39,0.0,90900.0,0.0
2025-05-07,23.33,15.56,19.44,0.0,87100.0,0.0
2025-05-08,23.89,14.44,19.16,2.54,90400.0,1.0
2025-05-09,23.89,12.78,18.34,0.0,89500.0,0.0
2025-05-10,27.22,8.33,17.77,0.0,85600.0,0.0
2025-05-11,27.78,11.67,19.73,0.0,82600.0,0.0
2025-05-12,26.11,12.78,19.44,0.0,80000.0,0.0
2025-05-13,27.22,16.67,21.94,0.0,78100.0,0.0
2025-05-14,30.56,16.11,23.34,0.0,76600.0,0.0
2025-05-15,31.67,20.56,26.12,0.0,75600.0,0.0
2025-05-16,31.11,15.56,23.34,0.0,74200.0,0.0
2025-05-17,25.0,15.56,20.28,0.0,72400.0,0.0
2025-05-18,27.78,16.67,22.22,0.0,68800.0,0.0
2025-05-19,27.78,18.33,23.06,44.7,63000.0,0.0
2025-05-20,25.0,16.11,20.56,0.76,66600.0,1.0
2025-05-21,23.89,13.33,18.61,0.0,76000.0,1.0
2025-05-22,22.78,10.56,16.67,0.0,79400.0,1.0
2025-05-23,22.22,8.89,15.56,0.0,107000.0,1.0
2025-05-24,22.78,15.0,18.89,0.0,109000.0,1.0
2025-05-25,18.89,15.56,17.23,6.35,94600.0,0.0
2025-05-26,20.0,13.89,16.94,1.02,83500.0,0.0
2025-05-27,22.78,16.11,19.44,0.0,79600.0,0.0
2025-05-28,23.33,14.44,18.88,0.0,88600.0,1.0
2025-05-29,18.33,13.89,16.11,3.81,90300.0,1.0
2025-05-30,26.11,12.78,19.44,0.0,84800.0,0.0
2025-05-31,27.78,13.89,20.84,0.0,83600.0,0.0
2025-06-01,30.56,16.67,23.62,0.0,87600.0,1.0
2025-06-02,31.67,16.67,24.17,0.0,87900.0,1.0
2025-06-03,31.11,20.56,25.84,26.42,85400.0,0.0
2025-06-04,22.78,20.0,21.39,30.73,108000.0,1.0
2025-06-05,25.0,19.44,22.22,0.0,132000.0,1.0
2025-06-06,24.0,19.0,21.5,0.51,129000.0,0.0
2025-06-07,25.56,18.33,21.94,12.95,141000.0,1.0
2025-06-08,30.0,15.56,22.78,3.3,138000.0,0.0
2025-06-09,28.89,17.22,23.06,0.0,131000.0,0.0
2025-06-10,28.89,13.89,21.39,0.0,141000.0,1.0
2025-06-11,31.11,16.11,23.61,0.0,138000.0,0.0
2025-06-12,26.11,21.67,23.89,2.03,122000.0,0.0
2025-06-13,25.0,21.67,23.34,13.97,109000.0,0.0
2025-06-14,29.44,21.11,25.28,0.0,111000.0,1.0
2025-06-15,28.33,19.0,23.66,0.0,107000.0,0.0
2025-06-16,31.11,20.56,25.84,0.0,100000.0,0.0
2025-06-17,31.11,20.56,25.84,0.0,97100.0,0.0
2025-06-18,29.44,21.11,25.28,31.75,103000.0,1.0
2025-06-19,30.56,20.0,25.28,0.0,112000.0,1.0
2025-06-20,34.44,19.44,26.94,0.0,109000.0,0.0
2025-06-21,35.0,26.11,30.56,0.0,96800.0,0.0
2025-06-22,35.0,24.44,29.72,0.0,88900.0,0.0
2025-06-23,34.44,24.44,29.44,0.0,85300.0,0.0
2025-06-24,33.33,25.0,29.16,0.0,83500.0,0.0
2025-06-25,34.44,25.56,30.0,0.0,82600.0,0.0
2025-06-26,34.44,26.11,30.28,0.0,82400.0,0.0
2025-06-27,31.11,22.0,26.56,6.1,94600.0,1.0
2025-06-28,31.67,22.78,27.22,1.52,130000.0,1.0
2025-06-29,25.56,22.78,24.17,10.92,142000.0,1.0
2025-06-30,28.89,21.67,25.28,0.0,156000.0,1.0
2025-07-01,31.11,19.44,25.28,0.0,144000.0,0.0
2025-07-02,31.67,18.89,25.28,0.0,137000.0,0.0
2025-07-03,32.78,19.44,26.11,0.0,124000.0,0.0
2025-07-04,32.78,21.11,26.94,0.0,115000.0,0.0
2025-07-05,32.22,23.33,27.78,0.0,112000.0,0.0
2025-07-06,32.22,22.22,27.22,34.54,106000.0,0.0
2025-07-07,31.11,21.67,26.39,0.0,102000.0,0.0
2025-07-08,30.56,22.22,26.39,10.67,99800.0,0.0
2025-07-09,32.78,20.56,26.67,0.0,100000.0,1.0
2025-07-10,32.78,21.11,26.94,0.0,89800.0,0.0
2025-07-11,34.44,22.78,28.61,2.29,79700.0,0.0
2025-07-12,30.56,21.67,26.12,0.0,73000.0,0.0
2025-07-13,28.33,23.33,25.83,4.32,69800.0,0.0
2025-07-14,32.22,21.67,26.94,0.0,69300.0,0.0
2025-07-15,32.22,22.78,27.5,3.56,71700.0,1.0
2025-07-16,34.0,30.0,32.0,0.0,74200.0,1.0
2025-07-17,30.0,24.0,27.0,0.0,73400.0,0.0
2025-07-18,32.0,24.0,28.0,0.0,79600.0,1.0
2025-07-19,34.0,25.0,29.5,0.25,96200.0,1.0
2025-07-20,35.0,27.0,31.0,0.0,108000.0,1.0
2025-07-21,31.0,22.0,26.5,43.94,90300.0,0.0
2025-07-22,34.0,26.0,30.0,0.0,91800.0,1.0
2025-07-23,34.0,24.0,29.0,0.0,95200.0,1.0
2025-07-24,34.0,24.0,29.0,0.0,96500.0,1.0
2025-07-25,35.0,23.0,29.0,0.0,84000.0,0.0
2025-07-26,34.0,27.0,30.5,4.06,94200.0,1.0
2025-07-27,34.0,27.0,30.5,0.0,134000.0,1.0
2025-07-28,35.0,28.0,31.5,0.0,151000.0,1.0
2025-07-29,35.0,26.0,30.5,0.0,157000.0,1.0
2025-07-30,33.0,26.0,29.5,3.56,143000.0,0.0
2025-07-31,24.0,22.0,23.0,0.0,118000.0,0.0
2025-08-01,26.0,18.0,22.0,0.0,98300.0,0.0
2025-08-02,25.0,17.0,21.0,0.0,89900.0,0.0
2025-08-03,26.0,13.0,19.5,0.0,85200.0,0.0
2025-08-04,28.0,16.0,22.0,0.0,78900.0,0.0
2025-08-05,29.0,17.0,23.0,0.0,76600.0,0.0
2025-08-06,32.0,19.0,25.5,0.0,82000.0,1.0
2025-08-07,31.0,21.0,26.0,0.0,81900.0,0.0
2025-08-08,34.0,23.0,28.5,0.0,75600.0,0.0
2025-08-09,34.0,26.0,30.0,0.0,72800.0,0.0
2025-08-10,29.0,24.0,26.5,0.0,76200.0,1.0
2025-08-11,32.0,22.0,27.0,0.0,79800.0,1.0
2025-08-12,31.0,22.0,26.5,0.0,76700.0,0.0
2025-08-13,31.0,21.0,26.0,0.0,71300.0,0.0
2025-08-14,33.0,20.0,26.5,0.0,72000.0,1.0
2025-08-15,37.0,21.0,29.0,0.0,84600.0,1.0
2025-08-16,36.0,23.0,29.5,0.0,86700.0,1.0
2025-08-17,35.0,25.0,30.0,0.76,76600.0,0.0
2025-08-18,36.0,23.0,29.5,0.0,69000.0,0.0
2025-08-19,33.0,22.0,27.5,0.0,64000.0,0.0
2025-08-20,31.0,23.0,27.0,0.0,64800.0,1.0
2025-08-21,27.0,22.0,24.5,0.0,62700.0,0.0
2025-08-22,29.0,17.0,23.0,0.0,58300.0,0.0
2025-08-23,29.0,18.0,23.5,0.0,55800.0,0.0
2025-08-24,26.0,14.0,20.0,0.0,53400.0,0.0
2025-08-25,23.0,12.0,17.5,0.0,51500.0,0.0
2025-08-26,26.11,9.0,17.56,0.0,50600.0,0.0
2025-08-27,27.22,10.0,18.61,0.0,49900.0,0.0
2025-08-28,27.78,13.89,20.84,0.0,49000.0,0.0
2025-08-29,30.0,12.22,21.11,0.0,48200.0,0.0
2025-08-30,30.56,15.0,22.78,0.0,47700.0,0.0
2025-08-31,25.56,20.0,22.78,0.0,47000.0,0.0
2025-09-01,27.22,17.78,22.5,0.0,46300.0,0.0
2025-09-02,26.67,17.78,22.22,2.03,45700.0,0.0
2025-09-03,29.44,16.11,22.78,7.11,45300.0,0.0
2025-09-04,24.44,13.89,19.16,0.51,45300.0,0.0
2025-09-05,20.56,13.33,16.94,0.0,45400.0,1.0
2025-09-06,23.89,9.44,16.66,0.0,47500.0,1.0
2025-09-07,23.89,7.78,15.84,0.0,51900.0,1.0
2025-09-08,25.56,8.33,16.94,0.0,53600.0,1.0
2025-09-09,27.78,13.33,20.56,0.0,52900.0,0.0
2025-09-10,29.44,15.0,22.22,0.0,50100.0,0.0
2025-09-11,33.33,16.67,25.0,0.0,48600.0,0.0
2025-09-12,35.56,17.78,26.67,0.0,48200.0,0.0
2025-09-13,35.56,18.33,26.94,0.0,47700.0,0.0
2025-09-14,34.44,18.89,26.66,0.0,47100.0,0.0
2025-09-15,33.89,20.56,27.22,0.0,46100.0,0.0
2025-09-16,32.78,17.78,25.28,0.0,44800.0,0.0
2025-09-17,33.33,16.67,25.0,0.0,43400.0,0.0
2025-09-18,30.56,16.67,23.62,8.89,43300.0,0.0
2025-09-19,28.33,16.67,22.5,0.0,45400.0,1.0
2025-09-20,30.0,16.11,23.06,0.0,47400.0,1.0
2025-09-21,29.44,18.89,24.16,4.32,47400.0,0.0
2025-09-22,27.78,17.22,22.5,0.0,46600.0,0.0
2025-09-23,22.22,18.33,20.27,8.89,46300.0,0.0
2025-09-24,21.67,17.78,19.73,33.27,46700.0,1.0
2025-09-25,26.11,14.0,20.06,0.0,48100.0,1.0
2025-09-26,27.78,12.22,20.0,0.0,50400.0,1.0
2025-09-27,28.89,11.67,20.28,0.0,52000.0,1.0
2025-09-28,30.56,12.22,21.39,0.0,54600.0,1.0
2025-09-29,29.44,13.0,21.22,0.0,57300.0,1.0
2025-09-30,30.56,13.33,21.94,0.0,53600.0,0.0
2025-10-01,29.44,15.0,22.22,0.0,50100.0,0.0
2025-10-02,30.56,15.0,22.78,0.0,48200.0,0.0
2025-10-03,31.11,16.67,23.89,0.0,46500.0,0.0
2025-10-04,28.89,15.0,21.94,0.0,45400.0,0.0
2025-10-05,29.44,15.56,22.5,0.0,44700.0,0.0
2025-10-06,30.0,16.11,23.06,0.0,44200.0,0.0
2025-10-07,20.56,11.11,15.84,0.0,43700.0,0.0
2025-10-08,23.33,7.78,15.56,0.0,44300.0,1.0
2025-10-09,23.89,6.67,15.28,0.0,42400.0,0.0
2025-10-10,19.44,10.56,15.0,8.13,41700.0,0.0
2025-10-11,22.78,11.67,17.23,0.0,43100.0,1.0
2025-10-12,27.78,9.44,18.61,0.25,47700.0,1.0
2025-10-13,24.44,17.22,20.83,1.02,48800.0,1.0
2025-10-14,28.33,16.67,22.5,0.0,45600.0,0.0
2025-10-15,28.89,15.0,21.94,0.0,44000.0,0.0
2025-10-16,29.44,14.44,21.94,0.0,45400.0,1.0
2025-10-17,28.89,17.78,23.34,0.0,44200.0,0.0
2025-10-18,21.11,15.56,18.34,22.86,42700.0,0.0
2025-10-19,17.78,5.56,11.67,2.03,42100.0,0.0
2025-10-20,26.11,5.0,15.56,0.0,41200.0,0.0
2025-10-21,17.78,8.33,13.06,0.0,40700.0,0.0
2025-10-22,19.44,3.89,11.66,0.0,40900.0,1.0
2025-10-23,18.33,3.89,11.11,0.0,42400.0,1.0
2025-10-24,13.89,2.78,8.34,0.51,41600.0,0.0
2025-10-25,16.11,10.56,13.34,0.0,40100.0,0.0
2025-10-26,12.78,11.11,11.94,5.84,39800.0,0.0
2025-10-27,12.78,11.11,11.94,0.0,40500.0,1.0
2025-10-28,13.33,11.11,12.22,10.41,40500.0,0.0
2025-10-29,12.78,8.89,10.84,14.73,40800.0,1.0
2025-10-30,13.89,3.89,8.89,0.0,41200.0,1.0
2025-10-31,17.22,0.56,8.89,0.0,41200.0,0.0
2025-11-01,9.44,2.78,6.11,0.0,41100.0,0.0
2025-11-02,11.67,1.0,6.34,0.0,41000.0,0.0
2025-11-03,18.33,2.22,10.27,0.0,41200.0,1.0
2025-11-04,23.89,3.33,13.61,0.0,41800.0,1.0
2025-11-05,20.56,6.67,13.61,0.0,41900.0,1.0
2025-11-06,21.67,1.67,11.67,0.0,41300.0,0.0
2025-11-07,21.67,6.11,13.89,0.0,41000.0,0.0
2025-11-08,17.22,5.0,11.11,0.0,40900.0,0.0
2025-11-09,6.11,-2.22,1.94,0.0,40300.0,0.0
2025-11-10,3.33,-4.44,-0.56,0.0,39700.0,0.0
2025-11-11,16.67,-2.78,6.95,0.0,39000.0,0.0
2025-11-12,19.44,0.56,10.0,0.0,38800.0,0.0
2025-11-13,21.67,1.11,11.39,0.0,39200.0,1.0
2025-11-14,27.22,7.78,17.5,0.0,39800.0,1.0
2025-11-15,25.0,11.67,18.34,0.0,40500.0,1.0
2025-11-16,14.44,3.33,8.88,0.0,40700.0,1.0
2025-11-17,17.22,1.11,9.16,12.19,40400.0,0.0
2025-11-18,21.11,8.33,14.72,0.0,40400.0,0.0
2025-11-19,10.56,6.11,8.34,0.0,39800.0,0.0
2025-11-20,13.33,8.33,10.83,3.56,39300.0,0.0
2025-11-21,14.44,9.44,11.94,16.76,39200.0,0.0
2025-11-22,12.22,5.0,8.61,0.0,39700.0,1.0
2025-11-23,10.0,5.0,7.5,0.0,41000.0,1.0
2025-11-24,12.78,8.33,10.56,5.33,42500.0,1.0
2025-11-25,14.44,4.44,9.44,0.0,44800.0,1.0
2025-11-26,6.11,1.67,3.89,0.0,44100.0,0.0
2025-11-27,5.56,-2.78,1.39,0.0,43700.0,0.0
2025-11-28,3.89,-5.56,-0.83,0.25,43200.0,0.0
2025-11-29,8.33,-0.56,3.88,24.64,42500.0,0.0
2025-11-30,-1.67,-4.44,-3.06,0.0,42800.0,1.0
2025-12-01,-3.33,-5.0,-4.16,0.0,44200.0,1.0
2025-12-02,1.11,-5.0,-1.94,0.0,44600.0,1.0
2025-12-03,3.89,-4.44,-0.28,0.0,43300.0,0.0
2025-12-04,-1.67,-9.44,-5.56,0.0,40800.0,0.0
2025-12-05,7.78,-9.44,-0.83,0.0,38400.0,0.0
2025-12-06,8.89,-3.89,2.5,0.0,36200.0,0.0
2025-12-07,6.67,-2.78,1.94,0.0,34000.0,0.0
2025-12-08,4.44,-5.0,-0.28,0.0,32600.0,0.0
2025-12-09,15.56,2.22,8.89,0.0,31600.0,0.0
2025-12-10,12.78,-3.33,4.72,0.0,31000.0,0.0
2025-12-11,5.0,-3.89,0.55,0.0,30700.0,0.0
2025-12-12,1.67,-1.67,0.0,0.0,30500.0,0.0
2025-12-13,0.56,-11.67,-5.56,0.0,30100.0,0.0
2025-12-14,-5.56,-13.89,-9.72,0.0,29900.0,0.0
2025-12-15,8.89,-10.0,-0.55,0.0,30000.0,1.0
2025-12-16,15.56,-3.89,5.84,0.0,30500.0,1.0
2025-12-17,13.33,-2.22,5.56,0.0,31700.0,1.0
2025-12-18,15.56,-3.33,6.12,3.56,32800.0,1.0
2025-12-19,5.56,-5.56,0.0,0.0,32600.0,0.0
2025-12-20,11.11,-1.67,4.72,0.0,31400.0,0.0
2025-12-21,10.0,-5.56,2.22,0.0,30200.0,0.0
2025-12-22,16.67,-0.56,8.06,0.0,29400.0,0.0
2025-12-23,19.44,2.78,11.11,0.0,28900.0,0.0
2025-12-24,25.0,6.67,15.84,0.0,29000.0,1.0
2025-12-25,22.78,9.44,16.11,0.0,29400.0,1.0
2025-12-26,18.33,5.0,11.66,0.0,30000.0,1.0
2025-12-27,18.89,1.67,10.28,0.0,30200.0,1.0
2025-12-28,23.33,-6.67,8.33,0.0,29900.0,0.0
2025-12-29,-5.0,-10.0,-7.5,0.0,29800.0,0.0
2025-12-30,4.44,-8.89,-2.22,0.0,30300.0,1.0
2025-12-31,8.89,-3.89,2.5,0.0,31200.0,1.0
2026-01-01,3.33,-3.89,-0.28,0.0,31900.0,1.0
2026-01-02,1.11,-0.56,0.28,0.0,32100.0,1.0
2026-01-03,5.56,-3.89,0.83,0.0,31500.0,0.0
2026-01-04,8.33,-6.67,0.83,0.0,30600.0,0.0
2026-01-05,18.33,-2.22,8.06,0.0,30100.0,0.0
2026-01-06,18.89,1.11,10.0,0.0,29400.0,0.0
2026-01-07,18.33,-2.78,7.78,0.0,28000.0,0.0
2026-01-08,18.33,10.0,14.16,18.8,26700.0,0.0
2026-01-09,14.44,2.22,8.33,0.0,26500.0,0.0
2026-01-10,8.89,-0.56,4.16,0.76,27300.0,1.0
2026-01-11,3.89,-4.44,-0.28,0.0,29600.0,1.0
2026-01-12,15.0,-2.78,6.11,0.0,32700.0,1.0
2026-01-13,16.67,0.0,8.34,2.03,36600.0,1.0
2026-01-14,8.33,-3.89,2.22,0.0,38200.0,1.0
2026-01-15,3.33,-8.33,-2.5,0.0,37700.0,0.0
2026-01-16,7.22,-4.44,1.39,0.25,36100.0,0.0
2026-01-17,-3.89,-11.67,-7.78,0.0,34300.0,0.0
2026-01-18,2.22,-11.67,-4.72,0.0,32600.0,0.0
2026-01-19,0.56,-13.89,-6.66,0.0,31500.0,0.0
2026-01-20,7.78,-13.33,-2.78,0.0,30500.0,0.0
2026-01-21,7.22,0.0,3.61,0.0,30000.0,0.0
2026-01-22,5.56,-7.78,-1.11,0.0,30200.0,1.0
2026-01-23,-2.22,-15.56,-8.89,0.0,29900.0,0.0
2026-01-24,-14.44,-16.67,-15.56,,28600.0,0.0
2026-01-25,-8.89,-20.0,-14.44,,35700.0,1.0
2026-01-26,-7.22,-25.0,-16.11,0.0,36700.0,1.0
2026-01-27,-1.11,-9.44,-5.28,0.0,27300.0,0.0
2026-01-28,3.33,-8.33,-2.5,0.0,25300.0,0.0
2026-01-29,-0.56,-9.44,-5.0,0.0,24700.0,0.0
2026-01-30,-6.67,-14.44,-10.56,0.0,26100.0,1.0
2026-01-31,-7.22,-16.11,-11.66,0.0,26900.0,1.0
2026-02-01,1.67,-18.33,-8.33,0.0,26900.0,0.0
2026-02-02,6.67,-9.44,-1.38,0.0,24700.0,0.0
2026-02-03,3.89,-1.11,1.39,0.0,23600.0,0.0
2026-02-04,3.33,-5.56,-1.11,0.0,23500.0,0.0
2026-02-05,11.67,-7.78,1.94,0.0,24100.0,1.0
2026-02-06,12.78,-2.78,5.0,0.0,24900.0,1.0
2026-02-07,8.33,-4.44,1.94,0.0,25700.0,1.0
2026-02-08,13.89,-1.67,6.11,0.0,27500.0,1.0
2026-02-09,21.11,-3.89,8.61,0.0,29700.0,1.0
2026-02-10,17.78,3.33,10.56,0.0,31100.0,1.0
2026-02-11,11.67,-3.33,4.17,0.0,30200.0,0.0
2026-02-12,13.89,-3.33,5.28,0.0,28200.0,0.0
2026-02-13,19.44,-3.89,7.78,0.0,28600.0,1.0
2026-02-14,10.0,3.89,6.94,20.32,29400.0,1.0
2026-02-15,16.11,2.78,9.44,0.0,30800.0,1.0
2026-02-16,19.44,0.56,10.0,0.0,32300.0,1.0
2026-02-17,16.67,5.0,10.84,0.0,34200.0,1.0
2026-02-18,22.22,6.67,14.44,0.0,37000.0,1.0
2026-02-19,23.89,1.67,12.78,1.02,38800.0,1.0
2026-02-20,6.11,-2.78,1.67,0.0,37700.0,0.0
2026-02-21,4.44,-2.22,1.11,0.0,38100.0,1.0
2026-02-22,1.11,-5.56,-2.22,0.0,40500.0,1.0
2026-02-23,0.0,-10.56,-5.28,0.0,37600.0,0.0
2026-02-24,16.67,-7.78,4.44,0.0,45000.0,1.0
2026-02-25,14.44,1.11,7.78,0.0,51000.0,1.0
2026-02-26,18.89,0.56,9.72,0.0,43000.0,0.0
2026-02-27,25.0,-1.67,11.66,0.0,40400.0,0.0
2026-02-28,17.78,3.33,10.56,0.51,35900.0,0.0
2026-03-01,7.78,-2.22,2.78,16.76,32300.0,0.0
2026-03-02,5.0,1.67,3.34,0.51,31000.0,0.0
2026-03-03,13.89,4.44,9.17,1.78,30700.0,0.0
2026-03-04,13.89,8.33,11.11,14.48,30800.0,1.0
2026-03-05,15.56,8.89,12.23,3.3,33900.0,1.0
2026-03-06,26.67,12.22,19.44,3.81,41700.0,1.0
2026-03-07,16.67,3.33,10.0,10.41,51200.0,1.0
2026-03-08,20.56,0.0,10.28,0.0,72500.0,1.0
2026-03-09,28.33,8.89,18.61,0.0,97100.0,1.0
2026-03-10,28.89,15.56,22.22,0.0,98100.0,1.0
2026-03-11,22.22,2.22,12.22,8.38,83500.0,0.0
2026-03-12,13.89,-1.67,6.11,0.0,78100.0,0.0
2026-03-13,16.11,3.89,10.0,0.0,95700.0,1.0
2026-03-14,22.22,2.78,12.5,0.0,101000.0,1.0
2026-03-15,19.44,-2.22,8.61,2.03,89300.0,0.0
2026-03-16,,,,0.0,71400.0,0.0
2026-03-17,4.44,-9.44,-2.5,0.0,70300.0,0.0
2026-03-18,21.67,1.11,11.39,0.0,68100.0,0.0
2026-03-19,28.33,6.67,17.5,0.0,58000.0,0.0
2026-03-20,32.78,5.0,18.89,0.0,48900.0,0.0
2026-03-21,33.89,7.78,20.84,0.0,44100.0,0.0
2026-03-22,29.44,6.67,18.06,0.0,42000.0,0.0
2026-03-23,11.67,2.22,6.94,0.0,40500.0,0.0
2026-03-24,20.56,3.33,11.94,0.0,39000.0,0.0
2026-03-25,30.0,5.56,17.78,0.0,37800.0,0.0
2026-03-26,35.0,13.33,24.16,0.0,36200.0,0.0
2026-03-27,13.33,1.67,7.5,11.94,35800.0,0.0
2026-03-28,16.11,0.0,8.06,0.0,36300.0,1.0
2026-03-29,23.33,7.22,15.27,0.0,37900.0,1.0
2026-03-30,30.0,16.11,23.06,0.0,40800.0,1.0
2026-03-31,26.11,17.22,21.66,1.78,41500.0,1.0
2026-04-01,17.78,11.67,14.73,31.5,43900.0,1.0
2026-04-02,27.78,13.33,20.56,1.27,56800.0,1.0
2026-04-03,27.78,13.89,20.84,4.83,99900.0,1.0
2026-04-04,18.89,6.11,12.5,13.72,151000.0,1.0
2026-04-05,15.56,3.33,9.44,0.0,153000.0,1.0
2026-04-06,19.44,2.78,11.11,0.0,131000.0,0.0
2026-04-07,17.78,6.11,11.94,0.0,116000.0,0.0
2026-04-08,25.0,6.67,15.84,0.0,104000.0,0.0
2026-04-09,27.22,13.89,20.56,0.0,94100.0,0.0
2026-04-10,21.67,11.67,16.67,0.51,86400.0,0.0
2026-04-11,22.22,10.0,16.11,1.27,79000.0,0.0
2026-04-12,25.0,18.33,21.66,0.0,75900.0,0.0
2026-04-13,27.78,17.78,22.78,2.54,82600.0,1.0
2026-04-14,31.11,17.78,24.44,1.02,90700.0,1.0
2026-04-15,24.44,16.67,20.56,16.51,116000.0,1.0
2026-04-16,27.78,13.33,20.56,0.0,119000.0,1.0
2026-04-17,29.44,13.33,21.38,29.72,116000.0,0.0
2026-04-18,15.0,5.0,10.0,7.37,146000.0,1.0
2026-04-19,21.11,2.78,11.94,0.0,164000.0,1.0
2026-04-20,24.44,7.22,15.83,0.0,162000.0,0.0
2026-04-21,26.67,11.67,19.17,0.0,145000.0,0.0
2026-04-22,23.33,13.89,18.61,0.0,125000.0,0.0
2026-04-23,28.33,12.78,20.56,0.0,112000.0,0.0
2026-04-24,22.78,15.0,18.89,7.62,104000.0,0.0
2026-04-25,26.11,10.0,18.06,0.0,96300.0,0.0
2026-04-26,27.22,13.33,20.27,14.22,96900.0,1.0
2026-04-27,27.22,15.56,21.39,1.02,120000.0,1.0
2026-04-28,16.67,12.22,14.44,6.1,182000.0,1.0
2026-04-29,16.67,6.67,11.67,0.0,216000.0,1.0
2026-04-30,19.44,4.44,11.94,0.76,222000.0,1.0
2026-05-01,17.78,3.89,10.84,0.0,189000.0,0.0
2026-05-02,17.22,5.0,11.11,0.0,153000.0,0.0
2026-05-03,27.22,4.44,15.83,0.0,130000.0,0.0
2026-05-04,28.33,11.11,19.72,3.05,108000.0,0.0
2026-05-05,21.11,6.67,13.89,26.92,104000.0,0.0
2026-05-06,16.67,5.0,10.84,1.78,109000.0,1.0
2026-05-07,20.0,3.89,11.94,0.0,109000.0,0.0
2026-05-08,21.67,10.56,16.12,8.64,108000.0,0.0
2026-05-09,27.78,12.78,20.28,0.0,105000.0,0.0
2026-05-10,21.11,7.78,14.44,0.0,95100.0,0.0
2026-05-11,26.11,5.56,15.84,0.0,89000.0,0.0
2026-05-12,27.78,10.0,18.89,0.0,87400.0,0.0
2026-05-13,25.0,10.0,17.5,0.0,87400.0,0.0
2026-05-14,25.0,6.67,15.84,0.0,80000.0,0.0
2026-05-15,26.11,17.22,21.66,0.0,72000.0,0.0
2026-05-16,28.89,17.78,23.34,5.33,65400.0,0.0
2026-05-17,30.0,18.89,24.44,0.0,59200.0,0.0
2026-05-18,25.56,18.33,21.94,43.69,58800.0,0.0
2026-05-19,21.11,14.44,17.77,24.64,131000.0,1.0
2026-05-20,18.33,12.22,15.27,0.0,193000.0,1.0
2026-05-21,22.78,15.0,18.89,0.0,212000.0,1.0
2026-05-22,20.56,16.67,18.62,0.0,216000.0,1.0
2026-05-23,26.67,17.22,21.94,4.57,202000.0,0.0
2026-05-24,27.22,15.0,21.11,0.0,181000.0,0.0
2026-05-25,27.78,12.78,20.28,0.0,158000.0,0.0
2026-05-26,28.33,13.33,20.83,0.0,138000.0,0.0
2026-05-27,30.0,19.44,24.72,0.0,124000.0,0.0
2026-05-28,29.44,17.78,23.61,0.0,116000.0,0.0
2026-05-29,23.89,19.44,21.66,42.16,113000.0,0.0
2026-05-30,25.56,19.44,22.5,0.76,124000.0,1.0
2026-05-31,26.11,20.0,23.06,5.08,137000.0,1.0
2026-06-01,30.0,19.44,24.72,8.64,154000.0,1.0
2026-06-02,27.22,16.67,21.94,0.0,167000.0,1.0
2026-06-03,27.78,13.33,20.56,0.0,156000.0,0.0
2026-06-04,30.0,13.89,21.94,0.0,142000.0,0.0
2026-06-05,30.56,21.67,26.12,0.0,129000.0,0.0
2026-06-06,29.44,21.67,25.56,0.0,120000.0,0.0
2026-06-07,26.67,21.67,24.17,20.83,120000.0,0.0
2026-06-08,29.44,22.22,25.83,0.25,221000.0,1.0
2026-06-09,32.78,23.33,28.06,0.0,263000.0,1.0
2026-06-10,32.78,23.89,28.34,0.0,218000.0,0.0
2026-06-11,32.78,23.33,28.06,0.51,177000.0,0.0
2026-06-12,28.89,16.67,22.78,0.0,183000.0,1.0
2026-06-13,26.11,19.44,22.78,6.6,199000.0,1.0
2026-06-14,25.0,15.56,20.28,2.03,198000.0,0.0
2026-06-15,26.11,14.44,20.27,0.0,212000.0,1.0
2026-06-16,27.78,16.11,21.94,0.0,222000.0,1.0
2026-06-17,33.89,18.33,26.11,0.0,213000.0,0.0
2026-06-18,24.44,16.67,20.56,0.0,188000.0,0.0
2026-06-19,28.89,14.44,21.66,0.0,158000.0,0.0
2026-06-20,30.56,18.89,24.72,0.0,139000.0,0.0
2026-06-21,27.78,18.33,23.06,16.51,131000.0,0.0
2026-06-22,20.56,15.0,17.78,0.0,133000.0,1.0
2026-06-23,27.22,13.89,20.56,0.0,135000.0,1.0
2026-06-24,28.33,17.78,23.06,0.0,146000.0,1.0
2026-06-25,30.56,20.0,25.28,6.35,151000.0,1.0
2026-06-26,27.78,21.11,24.44,23.62,147000.0,0.0
2026-06-27,30.0,22.78,26.39,0.0,144000.0,0.0
2026-06-28,33.33,24.44,28.88,0.0,134000.0,0.0
2026-06-29,33.33,24.44,28.88,0.0,133000.0,0.0
2026-06-30,34.44,24.44,29.44,0.0,133000.0,0.0
2026-07-01,33.89,24.44,29.16,0.0,127000.0,0.0
2026-07-02,34.44,23.33,28.88,0.0,120000.0,0.0
2026-07-03,33.89,23.89,28.89,0.0,113000.0,0.0
2026-07-04,32.22,21.67,26.94,2.54,103000.0,0.0
2026-07-05,30.56,20.56,25.56,12.19,97200.0,0.0
2026-07-06,30.56,20.0,25.28,0.0,91200.0,0.0
2026-07-07,31.67,20.56,26.12,0.0,86100.0,0.0
2026-07-08,32.78,18.89,25.84,0.0,86000.0,0.0
2026-07-09,26.11,21.11,23.61,21.59,87100.0,1.0
2026-07-10,30.0,21.67,25.84,2.54,83600.0,0.0
2026-07-11,29.44,21.67,25.56,0.0,85100.0,1.0
2026-07-12,30.0,19.44,24.72,0.0,83800.0,0.0
2026-07-13,30.56,18.89,24.72,0.0,78200.0,0.0
2026-07-14,31.11,18.89,25.0,0.0,81900.0,1.0
2026-07-15,31.67,21.11,26.39,0.0,83700.0,1.0
2026-07-16,31.67,22.78,27.22,0.0,81500.0,0.0
2026-07-17,32.78,21.67,27.22,0.0,81500.0,0.0
2026-07-18,33.33,23.33,28.33,0.0,75000.0,0.0
2026-07-19,33.89,23.89,28.89,0.0,69700.0,0.0
2026-07-20,35.0,22.22,28.61,0.0,62100.0,0.0
2026-07-21,32.78,21.67,27.22,0.25,57100.0,0.0
2026-07-22,27.78,18.33,23.06,0.0,63600.0,1.0
2026-07-23,25.56,18.33,21.94,0.0,58100.0,0.0
2026-07-24,24.44,20.0,22.22,0.76,50200.0,0.0
2026-07-25,35.0,22.22,28.61,0.0,47600.0,0.0
2026-07-26,36.67,24.44,30.56,0.0,45600.0,0.0
2026-07-27,36.67,24.44,30.56,0.0,44200.0,0.0
2026-07-28,29.44,23.89,26.66,0.0,46800.0,1.0
2026-07-29,30.56,22.78,26.67,0.0,54300.0,1.0
2026-07-30,30.0,18.89,24.44,0.0,55000.0,1.0
2026-07-31,32.22,21.67,26.94,17.53,49400.0,0.0
2026-08-01,22.78,18.33,20.56,0.25,49500.0,1.0
2026-08-02,28.89,18.89,23.89,0.0,48400.0,0.0
2026-08-03,29.44,16.67,23.06,0.0,49200.0,1.0
2026-08-04,31.67,19.44,25.56,0.0,52800.0,1.0
2026-08-05,27.22,22.22,24.72,1.27,53600.0,1.0
2026-08-06,25.0,19.44,22.22,54.86,65600.0,1.0
2026-08-07,31.11,20.0,25.56,0.0,89500.0,1.0
2026-08-08,31.11,19.44,25.28,0.0,79200.0,0.0
2026-08-09,34.44,22.78,28.61,0.0,70100.0,0.0
2026-08-10,34.44,25.0,29.72,0.25,66900.0,0.0
2026-08-11,34.44,23.89,29.16,0.0,65000.0,0.0
2026-08-12,35.0,23.33,29.16,0.0,65300.0,1.0
2026-08-13,35.56,22.22,28.89,0.0,60000.0,0.0
2026-08-14,35.56,25.56,30.56,0.0,57300.0,0.0
2026-08-15,35.0,26.11,30.56,0.0,55700.0,0.0
2026-08-16,33.89,23.89,28.89,11.94,52600.0,0.0
2026-08-17,28.33,19.44,23.88,0.0,47700.0,0.0
2026-08-18,30.0,17.22,23.61,0.25,44300.0,0.0
2026-08-19,26.67,21.11,23.89,21.34,44700.0,1.0
2026-08-20,28.89,20.0,24.44,0.0,48100.0,1.0
2026-08-21,31.11,17.78,24.44,0.0,53300.0,1.0
2026-08-22,28.89,18.89,23.89,0.0,60500.0,1.0
2026-08-23,26.67,15.56,21.12,0.0,58700.0,0.0
2026-08-24,27.22,14.44,20.83,0.0,55000.0,0.0
2026-08-25,31.11,18.33,24.72,0.0,53900.0,0.0
2026-08-26,32.78,21.11,26.94,0.0,53500.0,0.0
2026-08-27,28.89,16.67,22.78,0.0,54000.0,1.0
2026-08-28,29.44,15.0,22.22,0.0,53400.0,0.0
2026-08-29,31.11,15.0,23.06,0.0,50700.0,0.0
2026-08-30,36.11,18.89,27.5,0.0,48600.0,0.0
2026-08-31,37.22,19.44,28.33,0.0,47200.0,0.0
2026-09-01,36.67,20.56,28.62,0.0,45700.0,0.0
2026-09-02,36.11,22.22,29.16,0.0,44300.0,0.0
2026-09-03,37.22,23.33,30.28,0.0,43400.0,0.0
2026-09-04,36.67,22.78,29.72,0.0,43000.0,0.0
2026-09-05,37.78,22.78,30.28,0.0,41100.0,0.0
2026-09-06,34.44,23.33,28.88,0.0,39000.0,0.0
2026-09-07,32.78,22.22,27.5,0.0,38000.0,0.0
2026-09-08,36.67,19.44,28.06,0.0,38000.0,0.0
2026-09-09,33.89,21.11,27.5,12.19,37900.0,0.0
2026-09-10,26.11,20.56,23.34,13.21,43000.0,1.0
2026-09-11,28.89,20.0,24.44,0.0,47500.0,1.0
2026-09-12,31.67,18.33,25.0,0.0,46000.0,0.0
2026-09-13,27.78,20.0,23.89,0.0,43000.0,0.0
2026-09-14,33.89,17.78,25.84,0.0,40700.0,0.0
2026-09-15,37.22,25.0,31.11,0.0,42900.0,1.0
2026-09-16,34.44,21.67,28.06,0.0,47400.0,1.0
2026-09-17,36.67,23.33,30.0,0.0,49100.0,1.0
2026-09-18,36.67,21.67,29.17,0.0,48500.0,0.0
2026-09-19,36.11,21.67,28.89,0.0,64700.0,1.0
2026-09-20,33.33,21.11,27.22,0.0,82200.0,1.0
2026-09-21,24.44,19.44,21.94,0.0,85600.0,1.0
2026-09-22,22.78,16.67,19.73,0.51,73500.0,0.0
2026-09-23,23.33,14.44,18.88,0.0,64100.0,0.0
2026-09-24,18.33,12.78,15.56,0.0,62600.0,0.0
2026-09-25,24.44,12.78,18.61,0.25,63900.0,1.0
2026-09-26,25.56,16.67,21.12,1.02,61000.0,0.0
2026-09-27,24.44,15.56,20.0,0.76,55900.0,0.0
2026-09-28,26.67,13.89,20.28,0.0,52700.0,0.0
2026-09-29,31.11,11.67,21.39,0.0,51200.0,0.0
2026-09-30,33.89,20.56,27.22,0.0,51900.0,1.0
2026-10-01,30.00,19.50,24.75,10.50,66500.0,1.0
2026-10-02,22.30,14.90,18.60,0.90,76800.0,1.0
2026-10-03,22.60,10.40,16.50,0.00,101000.0,1.0
2026-10-04,26.70,9.10,17.90,0.00,171000.0,1.0
2026-10-05,24.60,9.70,17.15,0.00,194000.0,1.0
