date,tmax_c,tmin_c,tmean_c,precip_mm,flow_cfs,rising
2016-10-01,28.89,13.89,21.39,0.0,421000.0,
2016-10-02,28.89,17.78,23.34,0.25,414000.0,0.0
2016-10-03,30.56,16.11,23.34,0.0,407000.0,0.0
2016-10-04,32.22,16.67,24.44,0.0,400000.0,0.0
2016-10-05,32.78,21.11,26.94,0.0,392000.0,0.0
2016-10-06,32.22,18.89,25.56,0.0,386000.0,0.0
2016-10-07,32.78,20.56,26.67,0.0,379000.0,0.0
2016-10-08,30.0,16.67,23.34,0.0,373000.0,0.0
2016-10-09,28.33,11.67,20.0,0.0,373000.0,0.0
2016-10-10,30.56,13.89,22.22,0.0,372000.0,0.0
2016-10-11,30.0,16.67,23.34,0.0,375000.0,1.0
2016-10-12,31.11,16.67,23.89,0.0,383000.0,1.0
2016-10-13,31.11,17.22,24.16,0.0,389000.0,1.0
2016-10-14,30.56,15.56,23.06,0.0,389000.0,0.0
2016-10-15,31.67,17.78,24.72,0.0,389000.0,0.0
2016-10-16,32.22,20.56,26.39,0.0,391000.0,1.0
2016-10-17,31.67,19.44,25.56,0.0,394000.0,1.0
2016-10-18,32.78,19.44,26.11,0.0,399000.0,1.0
2016-10-19,32.22,21.11,26.66,0.0,404000.0,1.0
2016-10-20,30.56,17.78,24.17,15.24,406000.0,1.0
2016-10-21,23.33,11.67,17.5,0.0,406000.0,0.0
2016-10-22,24.44,8.33,16.39,0.0,401000.0,0.0
2016-10-23,26.11,7.22,16.66,0.0,392000.0,0.0
2016-10-24,26.11,10.0,18.06,0.0,381000.0,0.0
2016-10-25,28.33,11.11,19.72,0.0,371000.0,0.0
2016-10-26,28.89,12.22,20.56,0.0,364000.0,0.0
2016-10-27,30.0,17.22,23.61,0.0,353000.0,0.0
2016-10-28,30.0,15.56,22.78,0.0,346000.0,0.0
2016-10-29,30.56,13.89,22.22,0.0,343000.0,0.0
2016-10-30,31.11,13.89,22.5,0.0,344000.0,1.0
2016-10-31,31.11,13.89,22.5,0.0,349000.0,1.0
2016-11-01,30.0,12.78,21.39,0.0,356000.0,1.0
2016-11-02,30.56,17.78,24.17,0.0,363000.0,1.0
2016-11-03,30.0,16.67,23.34,0.0,363000.0,0.0
2016-11-04,31.67,16.67,24.17,0.0,360000.0,0.0
2016-11-05,28.33,13.33,20.83,0.0,352000.0,0.0
2016-11-06,27.22,12.22,19.72,0.0,342000.0,0.0
2016-11-07,21.11,14.44,17.77,3.3,327000.0,0.0
2016-11-08,21.67,18.33,20.0,6.86,318000.0,0.0
2016-11-09,24.44,15.56,20.0,0.0,314000.0,0.0
2016-11-10,22.78,10.56,16.67,0.0,305000.0,0.0
2016-11-11,20.56,10.56,15.56,0.0,296000.0,0.0
2016-11-12,23.89,9.44,16.66,0.0,294000.0,0.0
2016-11-13,19.44,9.44,14.44,0.0,293000.0,0.0
2016-11-14,23.33,6.67,15.0,0.0,292000.0,0.0
2016-11-15,27.22,8.89,18.06,0.0,293000.0,1.0
2016-11-16,27.22,10.0,18.61,0.0,291000.0,0.0
2016-11-17,27.78,8.33,18.06,0.0,289000.0,0.0
2016-11-18,28.33,13.89,21.11,1.27,286000.0,0.0
2016-11-19,17.78,5.56,11.67,0.0,281000.0,0.0
2016-11-20,18.33,0.56,9.44,0.0,276000.0,0.0
2016-11-21,20.56,0.0,10.28,0.0,266000.0,0.0
2016-11-22,24.44,2.78,13.61,0.0,257000.0,0.0
2016-11-23,26.11,13.33,19.72,3.05,252000.0,0.0
2016-11-24,24.44,8.33,16.39,0.0,247000.0,0.0
2016-11-25,24.44,8.33,16.39,0.0,237000.0,0.0
2016-11-26,20.0,7.22,13.61,0.0,232000.0,0.0
2016-11-27,20.0,2.78,11.39,0.0,229000.0,0.0
2016-11-28,25.56,12.22,18.89,30.48,231000.0,1.0
2016-11-29,28.89,20.56,24.72,1.27,236000.0,1.0
2016-11-30,23.89,7.22,15.56,19.56,236000.0,0.0
2016-12-01,18.33,2.78,10.56,0.0,234000.0,0.0
2016-12-02,19.44,5.56,12.5,1.78,231000.0,0.0
2016-12-03,16.11,10.0,13.06,9.65,237000.0,1.0
2016-12-04,17.22,12.78,15.0,78.23,253000.0,1.0
2016-12-05,18.89,11.67,15.28,24.38,267000.0,1.0
2016-12-06,16.67,11.11,13.89,0.0,283000.0,1.0
2016-12-07,16.67,11.11,13.89,0.0,291000.0,1.0
2016-12-08,11.67,5.0,8.34,0.25,301000.0,1.0
2016-12-09,11.67,1.11,6.39,0.0,313000.0,1.0
2016-12-10,13.89,-1.11,6.39,0.0,312000.0,0.0
2016-12-11,22.22,1.11,11.66,0.0,313000.0,1.0
2016-12-12,27.22,14.44,20.83,13.97,325000.0,1.0
2016-12-13,26.67,17.78,22.22,26.16,338000.0,1.0
2016-12-14,17.78,8.33,13.06,0.0,348000.0,1.0
2016-12-15,13.89,5.0,9.44,0.0,351000.0,1.0
2016-12-16,20.56,3.89,12.22,0.0,349000.0,0.0
2016-12-17,27.78,20.56,24.17,0.0,344000.0,0.0
2016-12-18,23.33,1.11,12.22,8.38,336000.0,0.0
2016-12-19,10.0,0.0,5.0,0.0,336000.0,0.0
2016-12-20,17.22,-1.11,8.06,0.0,332000.0,0.0
2016-12-21,18.33,5.0,11.66,0.0,329000.0,0.0
2016-12-22,20.56,11.67,16.11,0.51,327000.0,0.0
2016-12-23,23.89,14.44,19.16,0.0,327000.0,0.0
2016-12-24,27.22,15.56,21.39,0.0,328000.0,1.0
2016-12-25,26.11,18.89,22.5,0.25,329000.0,1.0
2016-12-26,26.67,20.56,23.62,0.0,331000.0,1.0
2016-12-27,27.78,19.44,23.61,0.0,340000.0,1.0
2016-12-28,24.44,18.33,21.38,1.52,355000.0,1.0
2016-12-29,21.67,5.0,13.34,0.25,379000.0,1.0
2016-12-30,12.22,4.44,8.33,0.0,406000.0,1.0
2016-12-31,18.33,10.0,14.16,81.28,430000.0,1.0
2017-01-01,22.22,17.22,19.72,19.3,458000.0,1.0
2017-01-02,26.11,13.89,20.0,44.45,469000.0,1.0
2017-01-03,23.33,11.67,17.5,0.0,476000.0,1.0
2017-01-04,16.67,6.67,11.67,0.0,486000.0,1.0
2017-01-05,18.33,6.11,12.22,0.25,488000.0,1.0
2017-01-06,8.89,-2.22,3.34,10.41,492000.0,1.0
2017-01-07,,,,0.0,502000.0,1.0
2017-01-08,,,,0.0,508000.0,1.0
2017-01-09,15.0,0.56,7.78,0.0,510000.0,1.0
2017-01-10,24.44,11.67,18.06,0.0,509000.0,0.0
2017-01-11,25.56,14.44,20.0,0.0,508000.0,0.0
2017-01-12,27.78,16.67,22.22,0.0,502000.0,0.0
2017-01-13,25.56,16.11,20.84,0.25,495000.0,0.0
2017-01-14,23.89,12.78,18.34,0.0,488000.0,0.0
2017-01-15,23.33,12.78,18.06,0.0,483000.0,0.0
2017-01-16,27.22,16.67,21.94,0.0,481000.0,0.0
2017-01-17,27.78,17.22,22.5,0.0,475000.0,0.0
2017-01-18,27.78,17.22,22.5,0.0,464000.0,0.0
2017-01-19,22.22,15.56,18.89,124.46,462000.0,0.0
2017-01-20,26.11,16.11,21.11,0.0,484000.0,1.0
2017-01-21,23.89,15.56,19.73,42.42,513000.0,1.0
2017-01-22,21.11,12.78,16.94,2.03,529000.0,1.0
2017-01-23,18.89,8.33,13.61,0.0,541000.0,1.0
2017-01-24,23.33,5.56,14.44,0.0,557000.0,1.0
2017-01-25,27.22,10.0,18.61,2.29,578000.0,1.0
2017-01-26,16.11,6.67,11.39,0.0,598000.0,1.0
2017-01-27,12.22,2.22,7.22,0.0,617000.0,1.0
2017-01-28,15.0,4.44,9.72,0.0,632000.0,1.0
2017-01-29,19.44,3.33,11.39,0.0,646000.0,1.0
2017-01-30,23.89,3.33,13.61,0.0,656000.0,1.0
2017-01-31,24.44,8.89,16.66,0.0,665000.0,1.0
2017-02-01,26.11,13.89,20.0,0.0,670000.0,1.0
2017-02-02,26.11,11.67,18.89,0.25,674000.0,1.0
2017-02-03,15.56,6.67,11.12,0.0,676000.0,1.0
2017-02-04,17.78,4.44,11.11,0.0,675000.0,0.0
2017-02-05,26.67,10.0,18.34,0.0,671000.0,0.0
2017-02-06,26.67,17.22,21.94,0.0,670000.0,0.0
2017-02-07,27.78,18.33,23.06,6.1,665000.0,0.0
2017-02-08,28.89,18.33,23.61,0.0,657000.0,0.0
2017-02-09,21.67,8.33,15.0,0.0,642000.0,0.0
2017-02-10,24.44,5.56,15.0,0.0,622000.0,0.0
2017-02-11,27.22,19.44,23.33,0.0,601000.0,0.0
2017-02-12,28.33,20.0,24.16,0.0,575000.0,0.0
2017-02-13,23.89,16.67,20.28,0.0,547000.0,0.0
2017-02-14,25.0,12.22,18.61,2.54,517000.0,0.0
2017-02-15,15.0,6.11,10.56,0.0,493000.0,0.0
2017-02-16,19.44,2.78,11.11,0.0,474000.0,0.0
2017-02-17,16.11,5.56,10.84,2.54,465000.0,0.0
2017-02-18,21.11,12.22,16.66,0.0,463000.0,0.0
2017-02-19,26.67,11.11,18.89,0.0,466000.0,1.0
2017-02-20,27.78,15.56,21.67,14.99,469000.0,1.0
2017-02-21,22.78,13.33,18.06,6.1,472000.0,1.0
2017-02-22,25.0,13.89,19.44,0.0,471000.0,0.0
2017-02-23,26.67,11.11,18.89,0.0,473000.0,1.0
2017-02-24,27.78,13.89,20.84,0.0,469000.0,0.0
2017-02-25,21.11,7.22,14.16,0.0,464000.0,0.0
2017-02-26,21.11,4.44,12.78,0.0,458000.0,0.0
2017-02-27,27.22,16.11,21.66,11.94,451000.0,0.0
2017-02-28,28.89,21.67,25.28,0.0,442000.0,0.0
2017-03-01,28.89,17.78,23.34,1.52,432000.0,0.0
2017-03-02,20.56,10.0,15.28,0.0,425000.0,0.0
2017-03-03,22.22,5.0,13.61,0.0,423000.0,0.0
2017-03-04,21.67,6.11,13.89,0.0,416000.0,0.0
2017-03-05,19.44,13.33,16.39,2.03,403000.0,0.0
2017-03-06,25.56,16.11,20.84,3.05,396000.0,0.0
2017-03-07,26.67,13.33,20.0,21.08,396000.0,0.0
2017-03-08,24.44,11.67,18.06,0.0,405000.0,1.0
2017-03-09,27.22,13.89,20.56,4.83,421000.0,1.0
2017-03-10,27.78,18.33,23.06,0.0,449000.0,1.0
2017-03-11,21.11,12.78,16.94,2.54,485000.0,1.0
2017-03-12,18.33,7.22,12.77,3.81,524000.0,1.0
2017-03-13,16.67,7.22,11.94,0.0,555000.0,1.0
2017-03-14,17.22,6.11,11.66,0.0,580000.0,1.0
2017-03-15,16.11,5.0,10.56,0.0,597000.0,1.0
2017-03-16,20.56,3.89,12.22,0.0,611000.0,1.0
2017-03-17,25.56,11.67,18.61,0.0,622000.0,1.0
2017-03-18,27.78,11.67,19.73,0.0,629000.0,1.0
2017-03-19,28.89,16.67,22.78,0.0,632000.0,1.0
2017-03-20,28.33,16.67,22.5,0.0,629000.0,0.0
2017-03-21,28.89,18.89,23.89,0.0,621000.0,0.0
2017-03-22,28.33,15.56,21.94,0.0,608000.0,0.0
2017-03-23,30.0,14.44,22.22,0.0,593000.0,0.0
2017-03-24,27.78,20.0,23.89,0.0,576000.0,0.0
2017-03-25,23.89,16.11,20.0,24.38,557000.0,0.0
2017-03-26,28.89,16.67,22.78,0.0,537000.0,0.0
2017-03-27,28.89,19.44,24.16,0.0,520000.0,0.0
2017-03-28,30.0,20.56,25.28,0.0,505000.0,0.0
2017-03-29,30.0,19.44,24.72,1.02,495000.0,0.0
2017-03-30,22.78,16.67,19.73,30.73,501000.0,1.0
2017-03-31,28.89,12.22,20.56,0.0,505000.0,1.0
2017-04-01,29.44,13.89,21.66,0.0,505000.0,0.0
2017-04-02,27.22,15.0,21.11,2.03,504000.0,0.0
2017-04-03,26.67,16.67,21.67,93.73,522000.0,1.0
2017-04-04,30.56,13.89,22.22,0.0,554000.0,1.0
2017-04-05,29.44,13.89,21.66,0.0,576000.0,1.0
2017-04-06,22.78,10.0,16.39,0.0,587000.0,1.0
2017-04-07,24.44,9.44,16.94,0.0,598000.0,1.0
2017-04-08,26.67,8.33,17.5,0.0,608000.0,1.0
2017-04-09,27.22,11.67,19.44,0.0,620000.0,1.0
2017-04-10,27.22,13.89,20.56,0.0,633000.0,1.0
2017-04-11,28.89,16.67,22.78,3.3,648000.0,1.0
2017-04-12,28.33,16.11,22.22,0.0,662000.0,1.0
2017-04-13,29.44,14.44,21.94,0.0,678000.0,1.0
2017-04-14,28.33,15.0,21.66,0.0,695000.0,1.0
2017-04-15,28.33,16.11,22.22,0.51,713000.0,1.0
2017-04-16,29.44,17.78,23.61,1.02,731000.0,1.0
2017-04-17,28.89,18.89,23.89,5.59,745000.0,1.0
2017-04-18,29.44,17.78,23.61,0.0,756000.0,1.0
2017-04-19,29.44,17.22,23.33,0.0,759000.0,1.0
2017-04-20,30.0,19.44,24.72,0.76,755000.0,0.0
2017-04-21,30.56,17.78,24.17,0.0,749000.0,0.0
2017-04-22,30.56,17.22,23.89,8.38,741000.0,0.0
2017-04-23,19.44,11.11,15.28,0.0,731000.0,0.0
2017-04-24,26.11,10.0,18.06,0.0,718000.0,0.0
2017-04-25,27.22,11.11,19.16,0.0,708000.0,0.0
2017-04-26,30.0,19.44,24.72,0.76,694000.0,0.0
2017-04-27,27.78,14.44,21.11,0.0,681000.0,0.0
2017-04-28,31.67,20.0,25.84,0.0,673000.0,0.0
2017-04-29,32.22,25.0,28.61,0.0,674000.0,1.0
2017-04-30,26.67,15.0,20.84,71.88,687000.0,1.0
2017-05-01,27.22,11.11,19.16,0.0,702000.0,1.0
2017-05-02,30.0,12.22,21.11,0.0,719000.0,1.0
2017-05-03,21.11,13.89,17.5,59.44,746000.0,1.0
2017-05-04,17.78,10.56,14.17,2.29,782000.0,1.0
2017-05-05,23.89,11.11,17.5,0.0,799000.0,1.0
2017-05-06,26.11,9.44,17.77,0.0,823000.0,1.0
2017-05-07,28.89,11.67,20.28,0.0,847000.0,1.0
2017-05-08,29.44,13.89,21.66,0.0,867000.0,1.0
2017-05-09,29.44,13.89,21.66,0.0,884000.0,1.0
2017-05-10,29.44,15.56,22.5,0.0,900000.0,1.0
2017-05-11,29.44,18.89,24.16,0.0,918000.0,1.0
2017-05-12,28.33,18.33,23.33,28.19,940000.0,1.0
2017-05-13,26.11,17.22,21.66,0.0,963000.0,1.0
2017-05-14,30.0,14.44,22.22,0.0,984000.0,1.0
2017-05-15,31.11,17.22,24.16,0.0,1010000.0,1.0
2017-05-16,31.11,17.22,24.16,0.0,1030000.0,1.0
2017-05-17,30.56,20.56,25.56,0.0,1050000.0,1.0
2017-05-18,32.22,21.11,26.66,0.0,1080000.0,1.0
2017-05-19,32.78,23.89,28.34,0.0,1100000.0,1.0
2017-05-20,32.22,20.0,26.11,17.27,1120000.0,1.0
2017-05-21,29.44,19.44,24.44,38.86,1150000.0,1.0
2017-05-22,23.89,19.44,21.66,19.3,1180000.0,1.0
2017-05-23,27.22,20.0,23.61,4.83,1190000.0,1.0
2017-05-24,25.0,15.0,20.0,0.0,1200000.0,1.0
2017-05-25,28.89,12.22,20.56,0.0,1210000.0,1.0
2017-05-26,30.56,19.44,25.0,0.0,1210000.0,0.0
2017-05-27,32.22,24.44,28.33,0.0,1210000.0,0.0
2017-05-28,31.11,21.11,26.11,0.25,1220000.0,1.0
2017-05-29,28.33,19.44,23.88,0.76,1220000.0,0.0
2017-05-30,24.44,20.56,22.5,51.05,1220000.0,0.0
2017-05-31,30.56,21.11,25.84,8.38,1210000.0,0.0
2017-06-01,28.89,21.11,25.0,51.82,1210000.0,0.0
2017-06-02,31.11,21.67,26.39,0.25,1210000.0,0.0
2017-06-03,30.0,22.78,26.39,0.0,1200000.0,0.0
2017-06-04,30.56,22.22,26.39,0.0,1200000.0,0.0
2017-06-05,29.44,21.67,25.56,10.41,1190000.0,0.0
2017-06-06,27.78,21.67,24.72,16.76,1190000.0,0.0
2017-06-07,30.56,18.89,24.72,0.0,1180000.0,0.0
2017-06-08,29.44,16.67,23.06,0.0,1170000.0,0.0
2017-06-09,30.0,15.56,22.78,0.0,1160000.0,0.0
2017-06-10,31.67,18.89,25.28,0.0,1140000.0,0.0
2017-06-11,31.67,20.56,26.12,7.37,1130000.0,0.0
2017-06-12,31.11,22.22,26.66,0.25,1110000.0,0.0
2017-06-13,32.78,21.67,27.22,22.61,1090000.0,0.0
2017-06-14,32.78,22.22,27.5,0.0,1070000.0,0.0
2017-06-15,33.33,23.33,28.33,0.0,1050000.0,0.0
2017-06-16,33.33,23.89,28.61,0.0,1020000.0,0.0
2017-06-17,32.22,23.33,27.78,1.52,995000.0,0.0
2017-06-18,32.22,21.11,26.66,0.51,968000.0,0.0
2017-06-19,33.33,20.56,26.94,1.78,937000.0,0.0
2017-06-20,27.22,21.67,24.44,2.03,910000.0,0.0
2017-06-21,27.78,21.67,24.72,34.04,893000.0,0.0
2017-06-22,30.0,25.0,27.5,15.24,859000.0,0.0
2017-06-23,32.22,25.56,28.89,3.05,814000.0,0.0
2017-06-24,32.22,23.89,28.06,22.61,776000.0,0.0
2017-06-25,31.11,22.78,26.94,0.0,744000.0,0.0
2017-06-26,31.11,20.56,25.84,0.0,717000.0,0.0
2017-06-27,31.11,22.22,26.66,0.0,694000.0,0.0
2017-06-28,28.89,21.67,25.28,1.27,676000.0,0.0
2017-06-29,25.56,21.67,23.62,51.31,668000.0,0.0
2017-06-30,33.33,22.78,28.06,0.0,664000.0,0.0
2017-07-01,33.89,25.56,29.72,0.0,657000.0,0.0
2017-07-02,34.44,22.78,28.61,0.0,650000.0,0.0
2017-07-03,33.33,25.0,29.16,0.0,646000.0,0.0
2017-07-04,33.33,24.44,28.88,0.0,643000.0,0.0
2017-07-05,33.89,25.0,29.44,5.08,641000.0,0.0
2017-07-06,33.33,23.33,28.33,0.0,640000.0,0.0
2017-07-07,33.89,23.33,28.61,5.59,636000.0,0.0
2017-07-08,32.78,23.89,28.34,0.25,630000.0,0.0
2017-07-09,33.89,22.22,28.06,3.56,624000.0,0.0
2017-07-10,32.78,21.11,26.94,34.29,618000.0,0.0
2017-07-11,32.78,22.22,27.5,30.48,615000.0,0.0
2017-07-12,32.22,22.78,27.5,4.57,618000.0,1.0
2017-07-13,33.89,22.78,28.34,3.05,622000.0,1.0
2017-07-14,33.89,22.22,28.06,0.0,626000.0,1.0
2017-07-15,32.78,22.78,27.78,47.75,627000.0,1.0
2017-07-16,34.44,22.78,28.61,0.0,626000.0,0.0
2017-07-17,32.78,23.33,28.06,0.0,620000.0,0.0
2017-07-18,34.44,23.89,29.16,0.0,608000.0,0.0
2017-07-19,35.56,23.33,29.44,0.0,590000.0,0.0
2017-07-20,36.11,23.89,30.0,0.0,565000.0,0.0
2017-07-21,35.56,23.89,29.72,0.0,544000.0,0.0
2017-07-22,31.67,23.33,27.5,1.02,526000.0,0.0
2017-07-23,28.89,23.33,26.11,7.87,510000.0,0.0
2017-07-24,31.67,23.33,27.5,8.64,499000.0,0.0
2017-07-25,31.67,23.89,27.78,0.0,488000.0,0.0
2017-07-26,35.56,23.33,29.44,0.0,486000.0,0.0
2017-07-27,34.44,23.33,28.88,0.0,484000.0,0.0
2017-07-28,34.44,24.44,29.44,0.0,469000.0,0.0
2017-07-29,28.33,25.0,26.66,11.43,449000.0,0.0
2017-07-30,32.22,22.78,27.5,0.0,437000.0,0.0
2017-07-31,32.78,21.11,26.94,0.0,429000.0,0.0
2017-08-01,32.78,22.78,27.78,0.0,415000.0,0.0
2017-08-02,31.11,22.22,26.66,0.0,412000.0,0.0
2017-08-03,28.33,22.78,25.56,0.25,418000.0,1.0
2017-08-04,33.89,23.33,28.61,0.76,424000.0,1.0
2017-08-05,33.33,23.33,28.33,0.0,429000.0,1.0
2017-08-06,32.22,23.89,28.06,11.94,436000.0,1.0
2017-08-07,31.11,23.33,27.22,18.8,440000.0,1.0
2017-08-08,31.11,22.78,26.94,6.35,451000.0,1.0
2017-08-09,32.22,23.89,28.06,0.51,463000.0,1.0
2017-08-10,33.33,23.33,28.33,34.04,471000.0,1.0
2017-08-11,32.78,23.33,28.06,3.05,478000.0,1.0
2017-08-12,32.22,23.89,28.06,0.0,486000.0,1.0
2017-08-13,33.89,23.33,28.61,0.0,474000.0,0.0
2017-08-14,33.33,25.56,29.44,0.0,460000.0,0.0
2017-08-15,32.78,24.44,28.61,1.52,443000.0,0.0
2017-08-16,31.67,23.89,27.78,5.84,428000.0,0.0
2017-08-17,34.44,23.89,29.16,0.0,418000.0,0.0
2017-08-18,34.44,24.44,29.44,0.0,415000.0,0.0
2017-08-19,35.56,23.33,29.44,19.56,419000.0,1.0
2017-08-20,34.44,22.78,28.61,0.0,427000.0,1.0
2017-08-21,34.44,23.33,28.88,1.02,434000.0,1.0
2017-08-22,33.89,22.78,28.34,10.92,432000.0,0.0
2017-08-23,33.89,21.67,27.78,0.0,420000.0,0.0
2017-08-24,32.78,23.33,28.06,0.0,414000.0,0.0
2017-08-25,31.67,22.78,27.22,0.0,400000.0,0.0
2017-08-26,34.44,23.33,28.88,0.0,383000.0,0.0
2017-08-27,28.33,22.78,25.56,4.57,370000.0,0.0
2017-08-28,23.89,21.11,22.5,36.58,362000.0,0.0
2017-08-29,27.22,20.56,23.89,34.04,361000.0,0.0
2017-08-30,28.89,23.33,26.11,6.86,354000.0,0.0
2017-08-31,27.78,22.22,25.0,0.0,347000.0,0.0
2017-09-01,31.67,21.11,26.39,0.0,357000.0,1.0
2017-09-02,31.67,20.56,26.12,0.0,377000.0,1.0
2017-09-03,31.67,20.56,26.12,0.0,393000.0,1.0
2017-09-04,31.67,20.56,26.12,0.0,409000.0,1.0
2017-09-05,33.89,21.67,27.78,0.76,422000.0,1.0
2017-09-06,27.78,17.22,22.5,0.0,428000.0,1.0
2017-09-07,27.22,14.44,20.83,0.0,433000.0,1.0
2017-09-08,28.33,14.44,21.38,0.0,438000.0,1.0
2017-09-09,30.0,15.56,22.78,0.0,442000.0,1.0
2017-09-10,30.0,17.22,23.61,0.0,447000.0,1.0
2017-09-11,28.33,16.67,22.5,0.0,445000.0,0.0
2017-09-12,28.33,15.56,21.94,0.0,434000.0,0.0
2017-09-13,30.0,16.11,23.06,0.0,414000.0,0.0
2017-09-14,31.11,18.89,25.0,0.0,397000.0,0.0
2017-09-15,33.33,20.0,26.66,0.0,382000.0,0.0
2017-09-16,31.67,23.89,27.78,0.0,372000.0,0.0
2017-09-17,33.33,22.22,27.78,0.25,367000.0,0.0
2017-09-18,33.33,21.67,27.5,0.0,359000.0,0.0
2017-09-19,32.78,23.33,28.06,0.0,345000.0,0.0
2017-09-20,31.67,22.22,26.94,0.0,322000.0,0.0
2017-09-21,33.89,20.56,27.22,0.76,311000.0,0.0
2017-09-22,33.89,20.56,27.22,0.0,307000.0,0.0
2017-09-23,33.33,21.67,27.5,0.0,292000.0,0.0
2017-09-24,32.78,19.44,26.11,0.25,278000.0,0.0
2017-09-25,31.67,19.44,25.56,0.0,265000.0,0.0
2017-09-26,32.78,20.56,26.67,0.0,253000.0,0.0
2017-09-27,33.89,21.67,27.78,0.0,243000.0,0.0
2017-09-28,33.89,22.22,28.06,0.0,239000.0,0.0
2017-09-29,33.33,21.11,27.22,0.0,234000.0,0.0
2017-09-30,32.78,18.33,25.56,0.0,228000.0,0.0
2017-10-01,30.56,20.56,25.56,0.0,225000.0,0.0
2017-10-02,27.22,20.0,23.61,1.52,237000.0,1.0
2017-10-03,30.56,21.11,25.84,0.25,239000.0,1.0
2017-10-04,30.56,19.44,25.0,0.0,234000.0,0.0
2017-10-05,30.56,17.78,24.17,0.0,227000.0,0.0
2017-10-06,32.22,17.22,24.72,0.0,220000.0,0.0
2017-10-07,30.0,22.22,26.11,6.86,225000.0,1.0
2017-10-08,32.22,22.22,27.22,0.0,229000.0,1.0
2017-10-09,31.11,23.33,27.22,0.25,218000.0,0.0
2017-10-10,31.67,23.89,27.78,47.24,216000.0,0.0
2017-10-11,31.11,21.11,26.11,0.0,213000.0,0.0
2017-10-12,31.67,19.44,25.56,0.0,209000.0,0.0
2017-10-13,32.22,18.33,25.28,0.0,211000.0,1.0
2017-10-14,32.78,20.56,26.67,0.0,211000.0,0.0
2017-10-15,31.67,20.56,26.12,4.06,217000.0,1.0
2017-10-16,23.89,12.22,18.06,4.57,221000.0,1.0
2017-10-17,25.56,8.89,17.23,0.0,235000.0,1.0
2017-10-18,27.78,11.67,19.73,0.0,249000.0,1.0
2017-10-19,28.89,12.78,20.84,0.0,263000.0,1.0
2017-10-20,27.22,16.11,21.66,0.0,274000.0,1.0
2017-10-21,30.0,20.56,25.28,5.59,288000.0,1.0
2017-10-22,25.0,15.56,20.28,10.16,334000.0,1.0
2017-10-23,23.33,11.67,17.5,0.0,319000.0,0.0
2017-10-24,22.78,11.67,17.23,0.0,303000.0,0.0
2017-10-25,20.0,6.67,13.34,0.0,303000.0,0.0
2017-10-26,25.56,6.67,16.11,0.0,304000.0,1.0
2017-10-27,27.78,10.0,18.89,8.38,305000.0,1.0
2017-10-28,15.0,5.0,10.0,3.05,308000.0,1.0
2017-10-29,16.67,2.22,9.44,0.0,307000.0,0.0
2017-10-30,23.89,5.0,14.44,0.0,305000.0,0.0
2017-10-31,25.56,9.44,17.5,0.0,302000.0,0.0
2017-11-01,20.56,15.56,18.06,44.7,304000.0,1.0
2017-11-02,28.89,20.0,24.44,0.0,314000.0,1.0
2017-11-03,29.44,19.44,24.44,0.0,318000.0,1.0
2017-11-04,28.89,18.33,23.61,0.0,326000.0,1.0
2017-11-05,28.89,18.33,23.61,0.0,333000.0,1.0
2017-11-06,29.44,20.56,25.0,0.0,337000.0,1.0
2017-11-07,28.89,20.0,24.44,0.0,340000.0,1.0
2017-11-08,21.67,13.89,17.78,0.0,343000.0,1.0
2017-11-09,15.56,9.44,12.5,0.76,343000.0,0.0
2017-11-10,21.11,7.22,14.16,0.0,346000.0,1.0
2017-11-11,23.33,6.11,14.72,0.0,348000.0,1.0
2017-11-12,26.11,12.78,19.44,0.0,353000.0,1.0
2017-11-13,23.89,13.33,18.61,0.0,357000.0,1.0
2017-11-14,22.78,10.0,16.39,0.0,362000.0,1.0
2017-11-15,24.44,9.44,16.94,0.0,371000.0,1.0
2017-11-16,25.0,11.67,18.34,0.0,387000.0,1.0
2017-11-17,26.11,12.22,19.16,0.0,405000.0,1.0
2017-11-18,27.78,13.89,20.84,1.02,422000.0,1.0
2017-11-19,17.22,3.89,10.56,0.0,435000.0,1.0
2017-11-20,16.67,2.22,9.44,0.0,443000.0,1.0
2017-11-21,20.0,5.0,12.5,2.29,439000.0,0.0
2017-11-22,18.89,6.11,12.5,0.0,428000.0,0.0
2017-11-23,16.67,1.11,8.89,0.0,413000.0,0.0
2017-11-24,18.89,0.56,9.72,0.0,393000.0,0.0
2017-11-25,22.78,2.22,12.5,0.0,372000.0,0.0
2017-11-26,21.67,5.56,13.62,0.0,353000.0,0.0
2017-11-27,21.11,3.33,12.22,0.0,337000.0,0.0
2017-11-28,23.89,2.78,13.34,0.0,327000.0,0.0
2017-11-29,25.56,12.78,19.17,0.0,323000.0,0.0
2017-11-30,23.33,11.67,17.5,19.81,323000.0,0.0
2017-12-01,22.78,8.89,15.84,0.0,325000.0,1.0
2017-12-02,18.89,9.44,14.16,0.0,330000.0,1.0
2017-12-03,22.22,8.89,15.56,0.0,335000.0,1.0
2017-12-04,26.11,11.67,18.89,0.25,340000.0,1.0
2017-12-05,27.78,9.44,18.61,32.77,343000.0,1.0
2017-12-06,9.44,4.44,6.94,23.37,343000.0,0.0
2017-12-07,6.67,2.78,4.72,22.86,340000.0,0.0
2017-12-08,2.78,0.56,1.67,3.56,335000.0,0.0
2017-12-09,11.11,-1.67,4.72,0.0,321000.0,0.0
2017-12-10,15.0,-1.11,6.94,0.0,305000.0,0.0
2017-12-11,21.11,1.67,11.39,0.0,292000.0,0.0
2017-12-12,16.67,2.22,9.44,0.0,283000.0,0.0
2017-12-13,16.11,-0.56,7.78,0.0,272000.0,0.0
2017-12-14,17.78,2.78,10.28,0.0,263000.0,0.0
2017-12-15,10.0,2.78,6.39,0.0,254000.0,0.0
2017-12-16,15.56,3.89,9.72,0.0,248000.0,0.0
2017-12-17,18.89,13.33,16.11,28.45,247000.0,0.0
2017-12-18,19.44,16.67,18.06,3.56,240000.0,0.0
2017-12-19,23.89,17.78,20.84,0.76,234000.0,0.0
2017-12-20,25.0,12.22,18.61,9.65,231000.0,0.0
2017-12-21,25.56,8.33,16.94,0.0,227000.0,0.0
2017-12-22,27.22,20.0,23.61,0.0,233000.0,1.0
2017-12-23,22.78,8.33,15.56,3.56,246000.0,1.0
2017-12-24,16.67,6.67,11.67,0.0,255000.0,1.0
2017-12-25,11.67,1.67,6.67,0.0,266000.0,1.0
2017-12-26,12.22,4.44,8.33,2.54,279000.0,1.0
2017-12-27,6.67,4.44,5.56,17.02,298000.0,1.0
2017-12-28,7.78,2.78,5.28,2.54,317000.0,1.0
2017-12-29,12.78,0.0,6.39,0.0,329000.0,1.0
2017-12-30,17.22,9.44,13.33,0.0,339000.0,1.0
2017-12-31,9.44,-3.33,3.06,0.25,361000.0,1.0
2018-01-01,1.67,-5.56,-1.94,0.0,391000.0,1.0
2018-01-02,3.33,-6.67,-1.67,0.0,417000.0,1.0
2018-01-03,6.11,-2.22,1.94,0.0,434000.0,1.0
2018-01-04,9.44,-5.56,1.94,0.0,443000.0,1.0
2018-01-05,11.11,-3.33,3.89,0.0,441000.0,0.0
2018-01-06,16.11,-2.78,6.66,0.0,433000.0,0.0
2018-01-07,16.67,4.44,10.56,12.45,420000.0,0.0
2018-01-08,15.0,11.11,13.06,22.1,410000.0,0.0
2018-01-09,13.89,9.44,11.66,0.0,392000.0,0.0
2018-01-10,21.11,12.78,16.94,0.0,371000.0,0.0
2018-01-11,22.22,13.33,17.77,14.48,348000.0,0.0
2018-01-12,13.89,0.56,7.22,0.0,327000.0,0.0
2018-01-13,7.78,-2.22,2.78,0.0,306000.0,0.0
2018-01-14,11.11,-5.0,3.06,0.0,291000.0,0.0
2018-01-15,15.0,-2.78,6.11,0.0,278000.0,0.0
2018-01-16,6.11,-5.0,0.56,3.3,273000.0,0.0
2018-01-17,1.67,-10.0,-4.16,0.0,269000.0,0.0
2018-01-18,7.22,-8.33,-0.56,0.0,261000.0,0.0
2018-01-19,12.78,-1.67,5.56,0.0,257000.0,0.0
2018-01-20,19.44,3.89,11.66,2.29,264000.0,1.0
2018-01-21,22.78,10.0,16.39,0.0,277000.0,1.0
2018-01-22,22.22,10.0,16.11,12.95,294000.0,1.0
2018-01-23,17.78,4.44,11.11,0.0,321000.0,1.0
2018-01-24,15.56,1.67,8.62,0.0,350000.0,1.0
2018-01-25,17.78,0.0,8.89,0.0,375000.0,1.0
2018-01-26,18.33,3.89,11.11,0.0,397000.0,1.0
2018-01-27,17.22,14.44,15.83,114.05,420000.0,1.0
2018-01-28,18.33,13.33,15.83,0.51,436000.0,1.0
2018-01-29,18.89,5.56,12.22,0.0,430000.0,0.0
2018-01-30,14.44,1.11,7.78,0.0,419000.0,0.0
2018-01-31,18.33,0.0,9.16,0.0,403000.0,0.0
2018-02-01,22.22,12.22,17.22,1.02,389000.0,0.0
2018-02-02,15.0,6.67,10.84,0.0,387000.0,0.0
2018-02-03,13.89,3.89,8.89,2.03,392000.0,1.0
2018-02-04,18.89,7.78,13.34,3.05,399000.0,1.0
2018-02-05,17.78,5.56,11.67,0.0,411000.0,1.0
2018-02-06,21.11,12.22,16.66,0.51,425000.0,1.0
2018-02-07,21.67,5.56,13.62,25.4,437000.0,1.0
2018-02-08,19.44,3.89,11.66,0.0,454000.0,1.0
2018-02-09,24.44,9.44,16.94,0.0,468000.0,1.0
2018-02-10,21.11,17.22,19.16,27.69,481000.0,1.0
2018-02-11,21.11,10.0,15.56,9.91,490000.0,1.0
2018-02-12,10.0,5.56,7.78,0.0,499000.0,1.0
2018-02-13,22.22,7.22,14.72,0.0,503000.0,1.0
2018-02-14,27.78,14.44,21.11,0.0,506000.0,1.0
2018-02-15,28.33,18.89,23.61,0.0,509000.0,1.0
2018-02-16,28.33,20.0,24.16,0.0,524000.0,1.0
2018-02-17,27.78,16.67,22.22,0.51,549000.0,1.0
2018-02-18,26.67,15.56,21.12,0.0,577000.0,1.0
2018-02-19,28.89,16.67,22.78,0.0,600000.0,1.0
2018-02-20,30.56,19.44,25.0,0.0,621000.0,1.0
2018-02-21,30.0,21.67,25.84,0.0,636000.0,1.0
2018-02-22,30.56,21.11,25.84,0.0,647000.0,1.0
2018-02-23,24.44,19.44,21.94,1.78,667000.0,1.0
2018-02-24,28.89,20.0,24.44,0.0,699000.0,1.0
2018-02-25,23.33,14.44,18.88,19.56,739000.0,1.0
2018-02-26,21.67,14.44,18.06,10.67,790000.0,1.0
2018-02-27,24.44,12.78,18.61,0.0,830000.0,1.0
2018-02-28,28.33,20.0,24.16,0.0,868000.0,1.0
2018-03-01,27.22,14.44,20.83,0.25,903000.0,1.0
2018-03-02,23.33,11.11,17.22,0.0,936000.0,1.0
2018-03-03,23.89,6.67,15.28,0.0,965000.0,1.0
2018-03-04,25.0,7.78,16.39,0.0,996000.0,1.0
2018-03-05,27.22,11.67,19.44,2.03,1030000.0,1.0
2018-03-06,21.11,10.0,15.56,54.36,1080000.0,1.0
2018-03-07,14.44,5.0,9.72,0.0,1120000.0,1.0
2018-03-08,18.33,5.0,11.66,0.0,1160000.0,1.0
2018-03-09,20.56,5.0,12.78,0.0,1200000.0,1.0
2018-03-10,26.67,12.22,19.44,0.76,1230000.0,1.0
2018-03-11,22.22,14.44,18.33,17.53,1260000.0,1.0
2018-03-12,17.22,6.11,11.66,0.0,1290000.0,1.0
2018-03-13,18.33,3.89,11.11,0.0,1310000.0,1.0
2018-03-14,19.44,2.78,11.11,0.0,1320000.0,1.0
2018-03-15,21.67,2.78,12.23,0.0,1320000.0,0.0
2018-03-16,23.33,14.44,18.88,6.86,1320000.0,0.0
2018-03-17,27.22,19.44,23.33,0.0,1330000.0,1.0
2018-03-18,26.11,19.44,22.78,29.97,1350000.0,1.0
2018-03-19,29.44,18.33,23.88,0.0,1350000.0,0.0
2018-03-20,18.89,9.44,14.16,0.0,1350000.0,0.0
2018-03-21,20.0,7.22,13.61,0.0,1340000.0,0.0
2018-03-22,23.33,5.0,14.16,0.0,1340000.0,0.0
2018-03-23,25.0,7.78,16.39,0.0,1320000.0,0.0
2018-03-24,26.11,14.44,20.27,0.0,1310000.0,0.0
2018-03-25,28.89,18.89,23.89,0.0,1290000.0,0.0
2018-03-26,28.89,16.67,22.78,0.0,1270000.0,0.0
2018-03-27,27.22,20.0,23.61,0.0,1240000.0,0.0
2018-03-28,29.44,20.56,25.0,0.0,1200000.0,0.0
2018-03-29,21.67,14.44,18.06,17.27,1160000.0,0.0
2018-03-30,23.33,10.56,16.94,0.0,1120000.0,0.0
2018-03-31,25.0,8.89,16.94,0.0,1080000.0,0.0
2018-04-01,25.56,10.0,17.78,0.0,1050000.0,0.0
2018-04-02,28.33,13.89,21.11,0.0,1030000.0,0.0
2018-04-03,29.44,18.33,23.88,7.11,1010000.0,0.0
2018-04-04,22.22,10.0,16.11,5.33,1010000.0,0.0
2018-04-05,22.78,6.67,14.73,0.0,999000.0,0.0
2018-04-06,25.56,13.33,19.44,0.0,996000.0,0.0
2018-04-07,22.22,6.67,14.44,57.91,1010000.0,1.0
2018-04-08,13.89,5.56,9.72,0.0,1020000.0,1.0
2018-04-09,21.67,12.22,16.94,0.0,1020000.0,0.0
2018-04-10,23.89,11.11,17.5,0.0,1030000.0,1.0
2018-04-11,25.0,6.67,15.84,0.0,1040000.0,1.0
2018-04-12,27.22,9.44,18.33,0.0,1040000.0,0.0
2018-04-13,27.78,17.78,22.78,0.0,1040000.0,0.0
2018-04-14,23.89,10.56,17.23,51.82,1050000.0,1.0
2018-04-15,16.11,7.78,11.94,0.0,1050000.0,0.0
2018-04-16,21.67,5.56,13.62,0.0,1050000.0,0.0
2018-04-17,26.67,8.33,17.5,0.0,1040000.0,0.0
2018-04-18,27.78,15.56,21.67,0.0,1040000.0,0.0
2018-04-19,23.89,11.11,17.5,0.0,1050000.0,1.0
2018-04-20,21.11,7.22,14.16,0.0,1040000.0,0.0
2018-04-21,26.67,9.44,18.06,0.0,1040000.0,0.0
2018-04-22,25.56,13.33,19.44,8.89,1050000.0,1.0
2018-04-23,22.22,11.11,16.66,0.0,1050000.0,0.0
2018-04-24,26.11,12.22,19.16,0.0,1050000.0,0.0
2018-04-25,27.78,12.22,20.0,0.0,1050000.0,0.0
2018-04-26,21.67,12.22,16.94,7.37,1040000.0,0.0
2018-04-27,24.44,10.56,17.5,0.0,1040000.0,0.0
2018-04-28,27.78,11.11,19.44,0.0,1030000.0,0.0
2018-04-29,29.44,13.89,21.66,0.0,1020000.0,0.0
2018-04-30,28.89,14.44,21.66,0.0,1010000.0,0.0
2018-05-01,30.56,13.33,21.94,0.0,997000.0,0.0
2018-05-02,32.22,20.56,26.39,0.0,989000.0,0.0
2018-05-03,30.56,18.89,24.72,0.0,982000.0,0.0
2018-05-04,29.44,18.89,24.16,0.0,977000.0,0.0
2018-05-05,24.44,16.67,20.56,6.6,975000.0,0.0
2018-05-06,30.56,15.0,22.78,0.0,972000.0,0.0
2018-05-07,32.22,15.56,23.89,0.0,968000.0,0.0
2018-05-08,32.78,17.78,25.28,0.0,962000.0,0.0
2018-05-09,32.22,18.89,25.56,0.0,954000.0,0.0
2018-05-10,31.11,17.22,24.16,0.0,945000.0,0.0
2018-05-11,32.22,17.22,24.72,0.0,930000.0,0.0
2018-05-12,32.22,17.78,25.0,0.25,912000.0,0.0
2018-05-13,33.33,20.0,26.66,0.0,889000.0,0.0
2018-05-14,34.44,20.56,27.5,0.0,867000.0,0.0
2018-05-15,35.56,21.67,28.62,0.0,842000.0,0.0
2018-05-16,33.89,22.22,28.06,0.0,816000.0,0.0
2018-05-17,33.89,22.22,28.06,0.0,794000.0,0.0
2018-05-18,32.78,20.56,26.67,23.37,774000.0,0.0
2018-05-19,32.78,20.0,26.39,0.0,758000.0,0.0
2018-05-20,33.33,21.11,27.22,0.0,742000.0,0.0
2018-05-21,33.89,20.0,26.94,21.59,723000.0,0.0
2018-05-22,33.89,21.67,27.78,0.51,704000.0,0.0
2018-05-23,33.89,21.11,27.5,0.0,689000.0,0.0
2018-05-24,32.22,21.67,26.94,19.05,673000.0,0.0
2018-05-25,32.78,21.11,26.94,8.38,659000.0,0.0
2018-05-26,32.22,21.11,26.66,0.0,653000.0,0.0
2018-05-27,32.22,20.56,26.39,0.0,650000.0,0.0
2018-05-28,32.78,20.56,26.67,9.14,651000.0,1.0
2018-05-29,33.33,21.67,27.5,0.0,654000.0,1.0
2018-05-30,33.33,25.0,29.16,0.0,657000.0,1.0
2018-05-31,33.89,23.33,28.61,0.0,653000.0,0.0
2018-06-01,33.89,23.89,28.89,0.0,652000.0,0.0
2018-06-02,34.44,24.44,29.44,0.0,651000.0,0.0
2018-06-03,33.33,23.89,28.61,0.0,646000.0,0.0
2018-06-04,33.89,23.89,28.89,0.0,644000.0,0.0
2018-06-05,30.56,19.44,25.0,37.34,640000.0,0.0
2018-06-06,31.67,18.89,25.28,0.0,636000.0,0.0
2018-06-07,34.44,20.0,27.22,0.0,628000.0,0.0
2018-06-08,33.33,22.22,27.78,0.0,622000.0,0.0
2018-06-09,33.89,21.11,27.5,0.0,615000.0,0.0
2018-06-10,30.56,22.78,26.67,1.52,614000.0,0.0
2018-06-11,33.33,23.33,28.33,0.0,609000.0,0.0
2018-06-12,34.44,21.11,27.78,48.26,599000.0,0.0
2018-06-13,33.33,21.11,27.22,0.0,586000.0,0.0
2018-06-14,34.44,22.22,28.33,12.19,566000.0,0.0
2018-06-15,33.33,21.67,27.5,0.0,545000.0,0.0
2018-06-16,33.33,22.78,28.06,0.0,525000.0,0.0
2018-06-17,32.78,23.33,28.06,1.78,505000.0,0.0
2018-06-18,26.11,22.78,24.44,17.78,487000.0,0.0
2018-06-19,31.67,23.33,27.5,1.78,472000.0,0.0
2018-06-20,31.67,23.33,27.5,12.95,463000.0,0.0
2018-06-21,30.56,23.89,27.22,0.0,461000.0,0.0
2018-06-22,33.89,24.44,29.16,0.0,463000.0,1.0
2018-06-23,33.89,25.56,29.72,0.0,468000.0,1.0
2018-06-24,33.89,25.56,29.72,0.0,478000.0,1.0
2018-06-25,35.0,25.0,30.0,0.0,489000.0,1.0
2018-06-26,35.0,24.44,29.72,27.94,494000.0,1.0
2018-06-27,35.0,24.44,29.72,0.0,492000.0,0.0
2018-06-28,34.44,26.11,30.28,0.0,487000.0,0.0
2018-06-29,35.0,25.0,30.0,0.0,480000.0,0.0
2018-06-30,35.0,25.0,30.0,0.0,473000.0,0.0
2018-07-01,35.0,24.44,29.72,0.0,474000.0,1.0
2018-07-02,35.0,23.33,29.16,0.25,480000.0,1.0
2018-07-03,30.56,23.33,26.94,16.26,498000.0,1.0
2018-07-04,33.89,23.33,28.61,0.0,521000.0,1.0
2018-07-05,33.33,23.33,28.33,11.68,543000.0,1.0
2018-07-06,33.33,22.78,28.06,0.0,563000.0,1.0
2018-07-07,32.78,22.78,27.78,50.29,578000.0,1.0
2018-07-08,30.56,22.78,26.67,11.68,589000.0,1.0
2018-07-09,30.56,22.22,26.39,0.51,596000.0,1.0
2018-07-10,32.78,22.22,27.5,0.0,598000.0,1.0
2018-07-11,33.33,23.89,28.61,4.32,597000.0,0.0
2018-07-12,33.33,22.78,28.06,0.76,592000.0,0.0
2018-07-13,35.56,23.89,29.72,0.0,586000.0,0.0
2018-07-14,34.44,25.0,29.72,0.0,579000.0,0.0
2018-07-15,33.89,25.0,29.44,0.0,570000.0,0.0
2018-07-16,33.89,25.56,29.72,0.0,560000.0,0.0
2018-07-17,30.56,26.67,28.62,0.0,550000.0,0.0
2018-07-18,33.33,25.0,29.16,0.51,533000.0,0.0
2018-07-19,33.89,25.0,29.44,0.0,512000.0,0.0
2018-07-20,35.0,25.56,30.28,0.0,493000.0,0.0
2018-07-21,34.44,25.56,30.0,0.0,476000.0,0.0
2018-07-22,35.56,25.56,30.56,0.0,459000.0,0.0
2018-07-23,35.56,26.11,30.84,0.25,445000.0,0.0
2018-07-24,33.89,22.78,28.34,0.0,431000.0,0.0
2018-07-25,35.0,22.22,28.61,0.0,416000.0,0.0
2018-07-26,36.11,21.67,28.89,0.0,401000.0,0.0
2018-07-27,36.67,22.78,29.72,0.0,392000.0,0.0
2018-07-28,36.11,23.89,30.0,9.14,386000.0,0.0
2018-07-29,34.44,23.33,28.88,0.51,381000.0,0.0
2018-07-30,35.0,22.78,28.89,0.51,379000.0,0.0
2018-07-31,32.22,22.22,27.22,1.02,373000.0,0.0
2018-08-01,32.78,21.11,26.94,0.0,365000.0,0.0
2018-08-02,33.89,21.11,27.5,30.23,362000.0,0.0
2018-08-03,32.78,21.67,27.22,0.0,360000.0,0.0
2018-08-04,30.56,22.78,26.67,6.35,349000.0,0.0
2018-08-05,33.89,22.22,28.06,0.0,336000.0,0.0
2018-08-06,33.33,23.33,28.33,0.0,327000.0,0.0
2018-08-07,34.44,22.78,28.61,1.52,321000.0,0.0
2018-08-08,35.0,21.67,28.34,30.23,318000.0,0.0
2018-08-09,33.89,22.22,28.06,0.0,317000.0,0.0
2018-08-10,31.67,23.33,27.5,1.27,317000.0,0.0
2018-08-11,31.11,22.78,26.94,0.51,318000.0,1.0
2018-08-12,33.89,22.78,28.34,10.16,317000.0,0.0
2018-08-13,33.89,21.67,27.78,0.0,317000.0,0.0
2018-08-14,34.44,22.78,28.61,0.0,315000.0,0.0
2018-08-15,35.56,23.89,29.72,0.0,313000.0,0.0
2018-08-16,35.0,23.33,29.16,1.27,312000.0,0.0
2018-08-17,32.78,22.78,27.78,37.59,309000.0,0.0
2018-08-18,34.44,24.44,29.44,0.0,305000.0,0.0
2018-08-19,33.33,23.89,28.61,25.91,310000.0,1.0
2018-08-20,33.33,24.44,28.88,0.0,321000.0,1.0
2018-08-21,34.44,24.44,29.44,0.0,332000.0,1.0
2018-08-22,33.33,23.33,28.33,0.0,339000.0,1.0
2018-08-23,33.33,21.11,27.22,0.0,343000.0,1.0
2018-08-24,35.0,21.67,28.34,0.0,349000.0,1.0
2018-08-25,33.89,22.22,28.06,0.0,354000.0,1.0
2018-08-26,33.89,23.33,28.61,2.03,353000.0,0.0
2018-08-27,34.44,23.33,28.88,1.02,351000.0,0.0
2018-08-28,33.33,22.78,28.06,0.0,349000.0,0.0
2018-08-29,32.22,22.22,27.22,12.95,344000.0,0.0
2018-08-30,33.33,21.67,27.5,15.75,336000.0,0.0
2018-08-31,31.67,22.78,27.22,0.0,330000.0,0.0
2018-09-01,30.56,23.89,27.22,4.06,325000.0,0.0
2018-09-02,28.33,23.33,25.83,2.29,323000.0,0.0
2018-09-03,31.11,23.89,27.5,16.26,321000.0,0.0
2018-09-04,32.22,22.22,27.22,0.0,322000.0,1.0
2018-09-05,31.11,21.67,26.39,0.0,323000.0,1.0
2018-09-06,30.56,23.33,26.94,3.81,316000.0,0.0
2018-09-07,31.11,22.78,26.94,3.81,309000.0,0.0
2018-09-08,32.22,21.67,26.94,0.0,308000.0,0.0
2018-09-09,32.22,22.78,27.5,0.0,312000.0,1.0
2018-09-10,32.78,22.78,27.78,8.38,318000.0,1.0
2018-09-11,31.11,22.78,26.94,11.43,324000.0,1.0
2018-09-12,32.78,22.22,27.5,0.0,331000.0,1.0
2018-09-13,33.89,23.89,28.89,0.0,337000.0,1.0
2018-09-14,35.0,22.78,28.89,0.0,344000.0,1.0
2018-09-15,35.56,23.33,29.44,0.0,362000.0,1.0
2018-09-16,35.0,23.33,29.16,0.0,398000.0,1.0
2018-09-17,35.56,23.33,29.44,0.0,440000.0,1.0
2018-09-18,36.67,24.44,30.56,4.06,481000.0,1.0
2018-09-19,36.11,23.89,30.0,0.0,516000.0,1.0
2018-09-20,33.33,22.22,27.78,3.81,541000.0,1.0
2018-09-21,32.78,23.33,28.06,0.76,560000.0,1.0
2018-09-22,32.78,22.78,27.78,0.0,577000.0,1.0
2018-09-23,32.22,21.67,26.94,0.0,593000.0,1.0
2018-09-24,31.67,22.78,27.22,11.94,609000.0,1.0
2018-09-25,30.56,22.78,26.67,0.51,621000.0,1.0
2018-09-26,28.89,23.89,26.39,0.0,631000.0,1.0
2018-09-27,28.89,21.67,25.28,8.64,638000.0,1.0
2018-09-28,28.33,20.56,24.44,0.0,644000.0,1.0
2018-09-29,28.89,21.11,25.0,2.79,649000.0,1.0
2018-09-30,28.33,22.78,25.56,3.3,651000.0,1.0
2018-10-01,32.22,22.22,27.22,6.35,652000.0,1.0
2018-10-02,33.33,22.22,27.78,0.0,652000.0,0.0
2018-10-03,32.78,21.67,27.22,0.0,651000.0,0.0
2018-10-04,33.33,22.22,27.78,0.0,649000.0,0.0
2018-10-05,32.78,21.11,26.94,0.0,650000.0,1.0
2018-10-06,31.11,22.22,26.66,0.25,652000.0,1.0
2018-10-07,32.22,22.22,27.22,0.0,654000.0,1.0
2018-10-08,31.67,22.22,26.94,0.0,658000.0,1.0
2018-10-09,30.0,22.78,26.39,0.51,662000.0,1.0
2018-10-10,31.11,20.0,25.56,0.0,667000.0,1.0
2018-10-11,27.22,15.56,21.39,0.0,668000.0,1.0
2018-10-12,27.22,11.67,19.44,0.0,667000.0,0.0
2018-10-13,30.56,14.44,22.5,0.0,665000.0,0.0
2018-10-14,32.22,19.44,25.83,0.0,660000.0,0.0
2018-10-15,32.22,21.11,26.66,45.97,653000.0,0.0
2018-10-16,23.89,18.89,21.39,13.72,646000.0,0.0
2018-10-17,20.56,17.78,19.17,7.37,638000.0,0.0
2018-10-18,27.22,16.11,21.66,0.0,637000.0,0.0
2018-10-19,30.56,15.56,23.06,0.0,643000.0,1.0
2018-10-20,27.78,17.78,22.78,2.54,654000.0,1.0
2018-10-21,22.78,10.0,16.39,0.0,671000.0,1.0
2018-10-22,23.33,8.33,15.83,0.0,693000.0,1.0
2018-10-23,21.11,16.11,18.61,0.25,713000.0,1.0
2018-10-24,23.89,15.0,19.44,2.79,732000.0,1.0
2018-10-25,25.0,16.11,20.56,18.54,750000.0,1.0
2018-10-26,20.0,12.22,16.11,0.0,759000.0,1.0
2018-10-27,23.89,8.89,16.39,0.0,765000.0,1.0
2018-10-28,28.33,12.78,20.56,0.0,766000.0,1.0
2018-10-29,28.89,16.11,22.5,0.0,763000.0,0.0
2018-10-30,27.22,14.44,20.83,0.0,753000.0,0.0
2018-10-31,27.78,19.44,23.61,1.52,735000.0,0.0
2018-11-01,24.44,12.78,18.61,39.37,721000.0,0.0
2018-11-02,18.89,10.56,14.73,0.0,696000.0,0.0
2018-11-03,23.89,8.33,16.11,0.0,678000.0,0.0
2018-11-04,19.44,14.44,16.94,16.26,674000.0,0.0
2018-11-05,27.78,15.0,21.39,0.0,673000.0,0.0
2018-11-06,27.78,20.0,23.89,0.25,677000.0,1.0
2018-11-07,26.67,21.11,23.89,35.56,687000.0,1.0
2018-11-08,22.22,17.78,20.0,0.25,703000.0,1.0
2018-11-09,18.33,8.33,13.33,15.75,718000.0,1.0
2018-11-10,13.33,5.56,9.44,0.0,737000.0,1.0
2018-11-11,17.78,5.56,11.67,0.0,754000.0,1.0
2018-11-12,16.11,8.89,12.5,19.81,773000.0,1.0
2018-11-13,8.89,2.78,5.84,0.51,796000.0,1.0
2018-11-14,4.44,0.56,2.5,0.0,817000.0,1.0
2018-11-15,12.22,-1.11,5.56,0.0,830000.0,1.0
2018-11-16,18.89,0.56,9.72,0.0,838000.0,1.0
2018-11-17,20.0,2.22,11.11,0.0,846000.0,1.0
2018-11-18,22.22,4.44,13.33,0.0,853000.0,1.0
2018-11-19,21.11,9.44,15.27,1.52,856000.0,1.0
2018-11-20,17.22,6.67,11.94,0.76,856000.0,0.0
2018-11-21,17.22,3.89,10.56,0.0,852000.0,0.0
2018-11-22,18.89,5.56,12.22,0.0,844000.0,0.0
2018-11-23,17.78,6.11,11.94,1.02,835000.0,0.0
2018-11-24,22.78,11.67,17.23,0.0,828000.0,0.0
2018-11-25,25.0,12.22,18.61,1.02,818000.0,0.0
2018-11-26,13.89,3.89,8.89,0.0,802000.0,0.0
2018-11-27,13.33,1.67,7.5,0.0,784000.0,0.0
2018-11-28,16.67,1.11,8.89,0.0,768000.0,0.0
2018-11-29,21.67,11.11,16.39,0.25,754000.0,0.0
2018-11-30,26.67,18.33,22.5,11.43,743000.0,0.0
2018-12-01,26.67,14.44,20.56,6.35,731000.0,0.0
2018-12-02,26.11,8.89,17.5,0.0,717000.0,0.0
2018-12-03,20.0,8.89,14.44,0.0,701000.0,0.0
2018-12-04,13.89,3.33,8.61,0.0,688000.0,0.0
2018-12-05,14.44,1.11,7.78,0.0,680000.0,0.0
2018-12-06,14.44,2.22,8.33,0.0,671000.0,0.0
2018-12-07,19.44,8.33,13.89,0.0,665000.0,0.0
2018-12-08,15.0,8.33,11.66,49.28,668000.0,1.0
2018-12-09,8.33,4.44,6.38,0.0,680000.0,1.0
2018-12-10,12.22,0.56,6.39,0.0,693000.0,1.0
2018-12-11,15.0,-2.78,6.11,0.0,717000.0,1.0
2018-12-12,17.78,-1.11,8.34,0.0,744000.0,1.0
2018-12-13,18.33,11.11,14.72,36.83,773000.0,1.0
2018-12-14,16.11,8.89,12.5,1.02,798000.0,1.0
2018-12-15,10.56,8.89,9.73,0.0,813000.0,1.0
2018-12-16,13.89,7.22,10.56,0.0,828000.0,1.0
2018-12-17,16.11,5.56,10.84,0.0,838000.0,1.0
2018-12-18,18.33,3.33,10.83,0.0,851000.0,1.0
2018-12-19,13.33,7.78,10.56,15.24,853000.0,1.0
2018-12-20,11.67,9.44,10.56,6.35,849000.0,0.0
2018-12-21,13.89,3.33,8.61,0.0,838000.0,0.0
2018-12-22,19.44,0.0,9.72,0.0,830000.0,0.0
2018-12-23,22.78,10.0,16.39,0.0,824000.0,0.0
2018-12-24,18.33,5.0,11.66,0.0,822000.0,0.0
2018-12-25,23.33,8.33,15.83,0.0,820000.0,0.0
2018-12-26,20.56,14.44,17.5,6.1,818000.0,0.0
2018-12-27,21.67,17.22,19.44,108.2,824000.0,1.0
2018-12-28,17.78,11.67,14.73,4.57,841000.0,1.0
2018-12-29,12.22,10.0,11.11,1.02,844000.0,1.0
2018-12-30,20.56,10.0,15.28,0.76,848000.0,1.0
2018-12-31,26.11,17.78,21.94,9.14,853000.0,1.0
2019-01-01,20.0,13.33,16.66,0.0,860000.0,1.0
2019-01-02,15.56,10.56,13.06,6.1,870000.0,1.0
2019-01-03,17.78,10.56,14.17,58.17,892000.0,1.0
2019-01-04,11.67,5.0,8.34,0.0,923000.0,1.0
2019-01-05,17.78,2.78,10.28,0.0,944000.0,1.0
2019-01-06,20.56,2.78,11.67,0.0,959000.0,1.0
2019-01-07,22.22,5.56,13.89,0.0,971000.0,1.0
2019-01-08,24.44,13.89,19.16,0.0,983000.0,1.0
2019-01-09,16.67,3.89,10.28,0.0,1000000.0,1.0
2019-01-10,15.56,0.56,8.06,0.0,1020000.0,1.0
2019-01-11,16.67,2.22,9.44,0.0,1020000.0,0.0
2019-01-12,20.56,9.44,15.0,4.06,1040000.0,1.0
2019-01-13,11.11,5.0,8.06,0.0,1070000.0,1.0
2019-01-14,6.67,5.0,5.84,0.0,1090000.0,1.0
2019-01-15,9.44,3.89,6.66,0.0,1100000.0,1.0
2019-01-16,16.11,5.56,10.84,0.0,1110000.0,1.0
2019-01-17,20.0,10.0,15.0,0.25,1120000.0,1.0
2019-01-18,20.0,14.44,17.22,0.25,1120000.0,0.0
2019-01-19,20.56,3.33,11.94,9.91,1130000.0,1.0
2019-01-20,9.44,0.0,4.72,0.0,1130000.0,0.0
2019-01-21,12.78,-1.67,5.56,0.0,1130000.0,0.0
2019-01-22,21.67,8.89,15.28,0.0,1130000.0,0.0
2019-01-23,19.44,1.11,10.28,6.6,1120000.0,0.0
2019-01-24,13.89,-0.56,6.66,0.0,1110000.0,0.0
2019-01-25,17.22,0.0,8.61,0.0,1090000.0,0.0
2019-01-26,20.56,1.67,11.11,0.0,1080000.0,0.0
2019-01-27,21.11,5.0,13.06,0.0,1070000.0,0.0
2019-01-28,22.78,5.0,13.89,0.0,1060000.0,0.0
2019-01-29,12.78,1.67,7.22,3.05,1060000.0,0.0
2019-01-30,11.67,0.56,6.12,0.0,1050000.0,0.0
2019-01-31,17.22,1.67,9.44,0.0,1050000.0,0.0
2019-02-01,19.44,10.0,14.72,0.0,1040000.0,0.0
2019-02-02,22.78,7.22,15.0,0.0,1040000.0,0.0
2019-02-03,21.67,8.89,15.28,0.0,1040000.0,0.0
2019-02-04,25.0,15.0,20.0,0.0,1040000.0,0.0
2019-02-05,25.0,18.89,21.94,0.51,1040000.0,0.0
2019-02-06,27.78,21.11,24.44,0.0,1030000.0,0.0
2019-02-07,27.78,13.89,20.84,0.51,1020000.0,0.0
2019-02-08,13.89,5.56,9.72,0.0,1010000.0,0.0
2019-02-09,17.22,4.44,10.83,0.0,1000000.0,0.0
2019-02-10,21.67,10.56,16.12,0.0,989000.0,0.0
2019-02-11,25.56,16.11,20.84,0.0,980000.0,0.0
2019-02-12,21.11,5.56,13.34,13.46,977000.0,0.0
2019-02-13,18.33,2.22,10.27,0.0,972000.0,0.0
2019-02-14,22.22,5.56,13.89,0.0,967000.0,0.0
2019-02-15,22.22,17.22,19.72,0.0,965000.0,0.0
2019-02-16,22.78,17.78,20.28,0.0,971000.0,1.0
2019-02-17,27.22,11.67,19.44,0.0,981000.0,1.0
2019-02-18,15.56,9.44,12.5,0.0,1000000.0,1.0
2019-02-19,18.33,11.67,15.0,0.76,1020000.0,1.0
2019-02-20,22.22,12.22,17.22,18.29,1040000.0,1.0
2019-02-21,26.67,12.78,19.73,1.02,1050000.0,1.0
2019-02-22,28.33,16.67,22.5,0.25,1070000.0,1.0
2019-02-23,27.22,17.22,22.22,10.41,1090000.0,1.0
2019-02-24,20.0,8.89,14.44,0.0,1110000.0,1.0
2019-02-25,17.78,6.67,12.23,1.02,1130000.0,1.0
2019-02-26,18.89,9.44,14.16,11.18,1160000.0,1.0
2019-02-27,23.89,14.44,19.16,5.08,1190000.0,1.0
2019-02-28,24.44,17.78,21.11,3.56,1210000.0,1.0
2019-03-01,23.89,15.0,19.44,0.25,1230000.0,1.0
2019-03-02,22.22,17.22,19.72,0.0,1260000.0,1.0
2019-03-03,23.89,6.67,15.28,17.53,1280000.0,1.0
2019-03-04,8.89,1.11,5.0,1.02,1290000.0,1.0
2019-03-05,10.56,-1.67,4.44,0.0,1310000.0,1.0
2019-03-06,13.89,-1.11,6.39,0.0,1320000.0,1.0
2019-03-07,17.22,2.78,10.0,0.0,1330000.0,1.0
2019-03-08,25.0,12.78,18.89,0.0,1340000.0,1.0
2019-03-09,27.22,19.44,23.33,0.0,1350000.0,1.0
2019-03-10,28.33,20.56,24.44,0.0,1360000.0,1.0
2019-03-11,27.22,16.67,21.94,0.0,1360000.0,0.0
2019-03-12,26.11,14.44,20.27,0.0,1360000.0,0.0
2019-03-13,29.44,16.67,23.06,0.0,1360000.0,0.0
2019-03-14,27.22,17.22,22.22,1.78,1360000.0,0.0
2019-03-15,18.33,10.56,14.44,2.54,1360000.0,0.0
2019-03-16,17.22,10.0,13.61,0.0,1370000.0,1.0
2019-03-17,17.22,6.11,11.66,0.0,1370000.0,0.0
2019-03-18,19.44,5.56,12.5,0.0,1370000.0,0.0
2019-03-19,21.11,6.67,13.89,0.0,1370000.0,0.0
2019-03-20,21.11,3.33,12.22,0.0,1360000.0,0.0
2019-03-21,22.22,5.56,13.89,0.0,1350000.0,0.0
2019-03-22,24.44,6.67,15.56,0.0,1340000.0,0.0
2019-03-23,25.0,8.33,16.66,0.0,1330000.0,0.0
2019-03-24,26.11,9.44,17.77,0.0,1310000.0,0.0
2019-03-25,27.78,16.11,21.94,1.27,1300000.0,0.0
2019-03-26,22.22,10.0,16.11,0.0,1290000.0,0.0
2019-03-27,24.44,6.67,15.56,0.0,1280000.0,0.0
2019-03-28,24.44,7.22,15.83,0.0,1270000.0,0.0
2019-03-29,26.11,10.0,18.06,0.51,1260000.0,0.0
2019-03-30,27.78,13.89,20.84,3.05,1250000.0,0.0
2019-03-31,13.89,6.67,10.28,1.78,1250000.0,0.0
2019-04-01,19.44,3.33,11.39,0.0,1230000.0,0.0
2019-04-02,20.56,3.89,12.22,0.0,1220000.0,0.0
2019-04-03,23.89,5.56,14.72,0.0,1200000.0,0.0
2019-04-04,17.22,16.11,16.66,50.8,1190000.0,0.0
2019-04-05,26.11,16.67,21.39,0.0,1170000.0,0.0
2019-04-06,30.0,20.0,25.0,0.76,1160000.0,0.0
2019-04-07,30.0,18.33,24.16,42.93,1140000.0,0.0
2019-04-08,25.0,17.22,21.11,1.78,1130000.0,0.0
2019-04-09,28.89,15.56,22.22,0.0,1110000.0,0.0
2019-04-10,29.44,12.78,21.11,0.0,1110000.0,0.0
2019-04-11,28.89,16.67,22.78,0.0,1100000.0,0.0
2019-04-12,26.67,17.78,22.22,0.0,1100000.0,0.0
2019-04-13,29.44,18.89,24.16,27.69,1090000.0,0.0
2019-04-14,18.89,8.89,13.89,0.0,1090000.0,0.0
2019-04-15,25.0,7.78,16.39,0.0,1080000.0,0.0
2019-04-16,27.22,9.44,18.33,0.0,1080000.0,0.0
2019-04-17,27.78,15.56,21.67,0.0,1080000.0,0.0
2019-04-18,24.44,15.0,19.72,122.43,1080000.0,0.0
2019-04-19,20.0,11.11,15.56,0.76,1100000.0,1.0
2019-04-20,22.22,9.44,15.83,0.0,1110000.0,1.0
2019-04-21,26.67,8.33,17.5,0.0,1110000.0,0.0
2019-04-22,27.22,9.44,18.33,0.0,1110000.0,0.0
2019-04-23,26.11,15.0,20.56,0.0,1120000.0,1.0
2019-04-24,28.33,17.78,23.06,0.0,1120000.0,0.0
2019-04-25,26.67,17.22,21.94,4.32,1130000.0,1.0
2019-04-26,27.78,13.33,20.56,0.0,1140000.0,1.0
2019-04-27,27.78,11.67,19.73,0.0,1140000.0,0.0
2019-04-28,28.89,13.89,21.39,0.0,1140000.0,0.0
2019-04-29,31.11,15.56,23.34,0.0,1140000.0,0.0
2019-04-30,30.56,18.33,24.44,0.0,1140000.0,0.0
2019-05-01,32.22,22.22,27.22,0.0,1140000.0,0.0
2019-05-02,31.11,20.56,25.84,6.1,1140000.0,0.0
2019-05-03,29.44,20.56,25.0,0.0,1140000.0,0.0
2019-05-04,26.67,20.0,23.34,36.32,1150000.0,1.0
2019-05-05,28.89,17.22,23.06,0.0,1150000.0,0.0
2019-05-06,30.56,15.56,23.06,0.0,1150000.0,0.0
2019-05-07,31.67,20.0,25.84,0.0,1160000.0,1.0
2019-05-08,28.89,20.56,24.72,4.83,1160000.0,0.0
2019-05-09,29.44,18.89,24.16,92.46,1180000.0,1.0
2019-05-10,27.22,18.33,22.78,30.48,1210000.0,1.0
2019-05-11,27.22,20.0,23.61,39.12,1220000.0,1.0
2019-05-12,27.22,18.89,23.06,1.02,1240000.0,1.0
2019-05-13,28.89,16.11,22.5,0.0,1240000.0,0.0
2019-05-14,30.0,14.44,22.22,0.0,1230000.0,0.0
2019-05-15,30.56,16.11,23.34,0.0,1230000.0,0.0
2019-05-16,31.11,18.89,25.0,0.0,1230000.0,0.0
2019-05-17,31.67,16.67,24.17,0.0,1240000.0,1.0
2019-05-18,31.67,20.0,25.84,2.29,1240000.0,0.0
2019-05-19,27.78,20.0,23.89,33.78,1250000.0,1.0
2019-05-20,32.22,22.22,27.22,0.0,1260000.0,1.0
2019-05-21,32.22,23.89,28.06,0.0,1260000.0,0.0
2019-05-22,33.33,23.89,28.61,0.0,1260000.0,0.0
2019-05-23,33.33,22.78,28.06,0.0,1260000.0,0.0
2019-05-24,32.78,21.67,27.22,0.0,1260000.0,0.0
2019-05-25,33.33,21.11,27.22,0.0,1260000.0,0.0
2019-05-26,33.33,21.11,27.22,0.0,1260000.0,0.0
2019-05-27,31.67,20.56,26.12,0.0,1260000.0,0.0
2019-05-28,32.78,22.78,27.78,0.0,1250000.0,0.0
2019-05-29,33.33,22.78,28.06,0.0,1250000.0,0.0
2019-05-30,31.11,21.11,26.11,0.0,1240000.0,0.0
2019-05-31,34.44,23.33,28.88,0.0,1240000.0,0.0
2019-06-01,33.89,22.22,28.06,0.0,1240000.0,0.0
2019-06-02,35.0,22.22,28.61,0.0,1230000.0,0.0
2019-06-03,35.56,23.33,29.44,0.0,1230000.0,0.0
2019-06-04,35.0,22.78,28.89,0.0,1230000.0,0.0
2019-06-05,27.78,22.78,25.28,44.45,1230000.0,0.0
2019-06-06,30.56,23.33,26.94,103.89,1240000.0,1.0
2019-06-07,31.67,23.89,27.78,0.0,1240000.0,0.0
2019-06-08,32.22,22.78,27.5,0.0,1240000.0,0.0
2019-06-09,32.78,21.67,27.22,0.0,1240000.0,0.0
2019-06-10,33.89,23.33,28.61,0.0,1250000.0,1.0
2019-06-11,30.0,20.0,25.0,0.0,1250000.0,0.0
2019-06-12,28.89,18.89,23.89,0.0,1250000.0,0.0
2019-06-13,32.22,18.33,25.28,0.0,1260000.0,1.0
2019-06-14,32.22,17.78,25.0,0.0,1260000.0,0.0
2019-06-15,33.33,22.22,27.78,0.0,1250000.0,0.0
2019-06-16,33.89,21.11,27.5,4.57,1250000.0,0.0
2019-06-17,31.11,21.11,26.11,4.83,1250000.0,0.0
2019-06-18,33.33,22.22,27.78,0.0,1250000.0,0.0
2019-06-19,33.89,25.0,29.44,0.0,1240000.0,0.0
2019-06-20,34.44,25.0,29.72,0.0,1230000.0,0.0
2019-06-21,34.44,26.67,30.56,0.0,1220000.0,0.0
2019-06-22,35.0,26.67,30.84,0.0,1210000.0,0.0
2019-06-23,34.44,26.67,30.56,0.0,1200000.0,0.0
2019-06-24,28.89,20.0,24.44,1.78,1200000.0,0.0
2019-06-25,32.22,22.78,27.5,0.0,1190000.0,0.0
2019-06-26,34.44,22.22,28.33,0.0,1180000.0,0.0
2019-06-27,35.56,22.78,29.17,0.25,1180000.0,0.0
2019-06-28,34.44,20.0,27.22,28.19,1180000.0,0.0
2019-06-29,32.78,18.89,25.84,0.0,1170000.0,0.0
2019-06-30,32.22,22.22,27.22,0.0,1170000.0,0.0
2019-07-01,34.44,22.22,28.33,0.0,1170000.0,0.0
2019-07-02,30.0,23.33,26.66,0.0,1180000.0,1.0
2019-07-03,33.89,23.89,28.89,0.0,1180000.0,0.0
2019-07-04,35.56,22.22,28.89,0.0,1180000.0,0.0
2019-07-05,36.11,25.56,30.84,0.0,1180000.0,0.0
2019-07-06,36.11,24.44,30.28,0.0,1180000.0,0.0
2019-07-07,35.56,25.0,30.28,0.0,1180000.0,0.0
2019-07-08,35.0,25.0,30.0,0.0,1180000.0,0.0
2019-07-09,35.56,26.11,30.84,0.0,1190000.0,1.0
2019-07-10,33.89,25.0,29.44,0.51,1190000.0,0.0
2019-07-11,36.11,23.89,30.0,2.54,1190000.0,0.0
2019-07-12,32.22,25.0,28.61,0.76,1190000.0,0.0
2019-07-13,26.67,22.78,24.72,34.8,1200000.0,1.0
2019-07-14,27.78,22.78,25.28,73.41,1190000.0,0.0
2019-07-15,31.67,23.33,27.5,0.0,1180000.0,0.0
2019-07-16,33.89,26.11,30.0,0.0,1190000.0,1.0
2019-07-17,35.0,23.89,29.44,0.0,1180000.0,0.0
2019-07-18,33.89,25.0,29.44,0.0,1170000.0,0.0
2019-07-19,33.33,23.89,28.61,20.32,1150000.0,0.0
2019-07-20,33.33,23.89,28.61,0.0,1140000.0,0.0
2019-07-21,32.22,23.89,28.06,4.32,1120000.0,0.0
2019-07-22,32.78,22.78,27.78,0.51,1110000.0,0.0
2019-07-23,29.44,22.78,26.11,2.54,1090000.0,0.0
2019-07-24,31.11,20.0,25.56,0.0,1080000.0,0.0
2019-07-25,32.22,18.89,25.56,0.0,1070000.0,0.0
2019-07-26,33.33,21.11,27.22,0.0,1050000.0,0.0
2019-07-27,32.22,22.78,27.5,26.67,1030000.0,0.0
2019-07-28,31.67,22.22,26.94,10.67,1010000.0,0.0
2019-07-29,33.89,22.22,28.06,0.25,987000.0,0.0
2019-07-30,30.56,22.78,26.67,4.83,969000.0,0.0
2019-07-31,32.78,22.22,27.5,0.0,950000.0,0.0
2019-08-01,33.89,22.78,28.34,0.0,929000.0,0.0
2019-08-02,33.89,22.78,28.34,6.35,910000.0,0.0
2019-08-03,33.89,22.78,28.34,0.0,894000.0,0.0
2019-08-04,33.33,24.44,28.88,0.0,875000.0,0.0
2019-08-05,34.44,23.33,28.88,0.0,857000.0,0.0
2019-08-06,34.44,25.0,29.72,0.0,838000.0,0.0
2019-08-07,33.89,26.11,30.0,4.32,814000.0,0.0
2019-08-08,34.44,26.11,30.28,0.0,786000.0,0.0
2019-08-09,35.0,26.11,30.56,0.0,757000.0,0.0
2019-08-10,35.0,25.56,30.28,0.0,728000.0,0.0
2019-08-11,34.44,26.67,30.56,0.0,703000.0,0.0
2019-08-12,35.56,26.11,30.84,0.0,680000.0,0.0
2019-08-13,36.11,25.0,30.56,17.78,661000.0,0.0
2019-08-14,35.0,25.0,30.0,36.58,644000.0,0.0
2019-08-15,35.0,24.44,29.72,0.0,626000.0,0.0
2019-08-16,36.11,24.44,30.28,0.0,607000.0,0.0
2019-08-17,33.89,23.89,28.89,0.25,586000.0,0.0
2019-08-18,33.89,25.0,29.44,0.0,562000.0,0.0
2019-08-19,32.78,25.0,28.89,4.32,540000.0,0.0
2019-08-20,33.89,23.89,28.89,0.0,521000.0,0.0
2019-08-21,33.33,22.78,28.06,90.42,504000.0,0.0
2019-08-22,34.44,23.33,28.88,0.0,494000.0,0.0
2019-08-23,30.0,23.89,26.94,0.0,483000.0,0.0
2019-08-24,32.78,23.33,28.06,6.6,473000.0,0.0
2019-08-25,26.67,23.89,25.28,3.56,466000.0,0.0
2019-08-26,31.11,23.89,27.5,4.83,460000.0,0.0
2019-08-27,33.89,24.44,29.16,0.0,454000.0,0.0
2019-08-28,35.0,22.78,28.89,22.86,452000.0,0.0
2019-08-29,34.44,22.78,28.61,0.0,460000.0,1.0
2019-08-30,34.44,22.22,28.33,0.0,467000.0,1.0
2019-08-31,35.0,22.22,28.61,0.0,468000.0,1.0
2019-09-01,34.44,22.78,28.61,0.0,469000.0,1.0
2019-09-02,34.44,23.33,28.88,0.0,472000.0,1.0
2019-09-03,34.44,23.33,28.88,0.0,474000.0,1.0
2019-09-04,36.11,23.33,29.72,0.0,476000.0,1.0
2019-09-05,35.56,22.22,28.89,0.0,473000.0,0.0
2019-09-06,37.22,22.78,30.0,0.0,468000.0,0.0
2019-09-07,36.67,23.89,30.28,0.0,465000.0,0.0
2019-09-08,36.67,25.0,30.84,0.0,463000.0,0.0
2019-09-09,36.11,21.67,28.89,16.26,458000.0,0.0
2019-09-10,35.0,22.78,28.89,0.0,450000.0,0.0
2019-09-11,35.0,22.78,28.89,0.0,441000.0,0.0
2019-09-12,35.56,22.78,29.17,0.0,431000.0,0.0
2019-09-13,36.11,22.22,29.16,0.0,424000.0,0.0
2019-09-14,34.44,22.22,28.33,0.0,415000.0,0.0
2019-09-15,34.44,23.33,28.88,0.0,404000.0,0.0
2019-09-16,33.33,23.33,28.33,0.0,394000.0,0.0
2019-09-17,33.89,23.33,28.61,25.15,383000.0,0.0
2019-09-18,34.44,22.78,28.61,23.11,373000.0,0.0
2019-09-19,31.67,22.78,27.22,0.0,361000.0,0.0
2019-09-20,32.22,22.22,27.22,0.0,362000.0,1.0
2019-09-21,31.67,21.11,26.39,0.0,362000.0,0.0
2019-09-22,32.78,20.56,26.67,0.0,362000.0,0.0
2019-09-23,33.33,21.11,27.22,0.0,361000.0,0.0
2019-09-24,32.78,20.56,26.67,0.0,362000.0,1.0
2019-09-25,33.33,20.56,26.94,0.0,365000.0,1.0
2019-09-26,33.33,20.56,26.94,0.0,369000.0,1.0
2019-09-27,33.33,20.56,26.94,0.0,373000.0,1.0
2019-09-28,33.89,21.67,27.78,0.0,375000.0,1.0
2019-09-29,33.33,21.67,27.5,0.0,379000.0,1.0
2019-09-30,33.89,21.67,27.78,0.0,387000.0,1.0
2019-10-01,35.56,21.67,28.62,0.0,397000.0,1.0
2019-10-02,36.11,22.22,29.16,0.0,407000.0,1.0
2019-10-03,35.56,22.78,29.17,0.0,413000.0,1.0
2019-10-04,36.11,22.22,29.16,37.85,420000.0,1.0
2019-10-05,33.89,20.56,27.22,0.0,426000.0,1.0
2019-10-06,33.33,21.67,27.5,0.0,426000.0,0.0
2019-10-07,31.11,18.33,24.72,3.56,429000.0,1.0
2019-10-08,28.89,18.33,23.61,0.0,433000.0,1.0
2019-10-09,31.67,18.33,25.0,0.0,438000.0,1.0
2019-10-10,31.11,21.11,26.11,0.0,451000.0,1.0
2019-10-11,31.67,17.22,24.44,12.45,468000.0,1.0
2019-10-12,20.0,13.89,16.94,0.0,476000.0,1.0
2019-10-13,28.89,13.89,21.39,0.0,478000.0,1.0
2019-10-14,22.22,18.33,20.27,21.59,481000.0,1.0
2019-10-15,30.0,21.11,25.56,16.0,493000.0,1.0
2019-10-16,22.78,12.78,17.78,14.22,509000.0,1.0
2019-10-17,18.89,11.11,15.0,0.0,525000.0,1.0
2019-10-18,24.44,14.44,19.44,0.0,532000.0,1.0
2019-10-19,28.89,12.78,20.84,0.0,532000.0,0.0
2019-10-20,31.11,16.67,23.89,0.0,527000.0,0.0
2019-10-21,24.44,17.78,21.11,22.86,526000.0,0.0
2019-10-22,25.0,10.0,17.5,0.0,526000.0,0.0
2019-10-23,23.89,7.78,15.84,0.0,523000.0,0.0
2019-10-24,22.22,9.44,15.83,0.0,523000.0,0.0
2019-10-25,22.22,15.56,18.89,39.37,527000.0,1.0
2019-10-26,22.22,14.44,18.33,5.33,536000.0,1.0
2019-10-27,18.33,13.33,15.83,0.0,542000.0,1.0
2019-10-28,24.44,11.67,18.06,0.0,550000.0,1.0
2019-10-29,22.78,15.56,19.17,7.11,560000.0,1.0
2019-10-30,29.44,20.0,24.72,8.64,578000.0,1.0
2019-10-31,23.33,5.0,14.16,9.4,603000.0,1.0
2019-11-01,16.11,1.67,8.89,0.0,623000.0,1.0
2019-11-02,18.33,4.44,11.38,0.0,640000.0,1.0
2019-11-03,19.44,4.44,11.94,0.0,655000.0,1.0
2019-11-04,22.22,5.0,13.61,0.0,669000.0,1.0
2019-11-05,27.22,10.56,18.89,0.0,684000.0,1.0
2019-11-06,26.11,11.67,18.89,0.0,694000.0,1.0
2019-11-07,26.67,17.22,21.94,0.0,695000.0,1.0
2019-11-08,17.22,4.44,10.83,0.0,696000.0,1.0
2019-11-09,19.44,1.67,10.56,0.0,696000.0,0.0
2019-11-10,22.78,3.89,13.34,0.0,695000.0,0.0
2019-11-11,26.67,8.89,17.78,2.29,695000.0,0.0
2019-11-12,10.56,-2.22,4.17,1.27,701000.0,1.0
2019-11-13,10.56,-4.44,3.06,0.0,708000.0,1.0
2019-11-14,11.67,6.67,9.17,0.51,713000.0,1.0
2019-11-15,16.11,2.78,9.44,0.0,714000.0,1.0
2019-11-16,18.33,0.0,9.16,0.0,710000.0,0.0
2019-11-17,18.89,1.11,10.0,0.0,697000.0,0.0
2019-11-18,21.67,3.33,12.5,0.0,680000.0,0.0
2019-11-19,25.0,4.44,14.72,0.0,663000.0,0.0
2019-11-20,25.0,6.11,15.56,0.0,641000.0,0.0
2019-11-21,24.44,8.33,16.39,0.0,620000.0,0.0
2019-11-22,25.0,15.56,20.28,8.38,603000.0,0.0
2019-11-23,21.11,9.44,15.27,7.62,592000.0,0.0
2019-11-24,16.67,3.89,10.28,0.0,578000.0,0.0
2019-11-25,21.67,2.22,11.94,0.0,564000.0,0.0
2019-11-26,25.56,13.89,19.73,0.0,556000.0,0.0
2019-11-27,25.0,13.89,19.44,23.62,552000.0,0.0
2019-11-28,23.33,12.22,17.77,0.0,547000.0,0.0
2019-11-29,26.67,11.67,19.17,0.0,544000.0,0.0
2019-11-30,28.33,14.44,21.38,0.0,544000.0,0.0
2019-12-01,23.89,10.56,17.23,0.76,545000.0,1.0
2019-12-02,13.33,2.78,8.06,0.0,551000.0,1.0
2019-12-03,15.56,-0.56,7.5,0.0,559000.0,1.0
2019-12-04,21.67,5.0,13.34,0.0,574000.0,1.0
2019-12-05,22.22,5.0,13.61,0.0,589000.0,1.0
2019-12-06,27.22,12.22,19.72,0.25,606000.0,1.0
2019-12-07,18.89,10.56,14.73,0.0,626000.0,1.0
2019-12-08,20.56,11.11,15.84,0.0,645000.0,1.0
2019-12-09,26.67,12.22,19.44,0.25,667000.0,1.0
2019-12-10,22.22,7.22,14.72,39.12,692000.0,1.0
2019-12-11,15.0,5.0,10.0,0.0,716000.0,1.0
2019-12-12,15.56,3.33,9.44,0.0,732000.0,1.0
2019-12-13,16.67,8.33,12.5,0.0,744000.0,1.0
2019-12-14,20.0,7.78,13.89,0.0,749000.0,1.0
2019-12-15,26.67,12.22,19.44,0.0,742000.0,0.0
2019-12-16,27.78,11.67,19.73,17.02,725000.0,0.0
2019-12-17,11.67,2.22,6.94,0.0,713000.0,0.0
2019-12-18,13.33,0.0,6.66,0.0,695000.0,0.0
2019-12-19,14.44,-1.67,6.38,0.0,678000.0,0.0
2019-12-20,16.11,0.0,8.06,0.0,665000.0,0.0
2019-12-21,13.89,10.0,11.94,2.54,659000.0,0.0
2019-12-22,11.67,10.0,10.84,1.02,655000.0,0.0
2019-12-23,13.89,11.11,12.5,0.25,650000.0,0.0
2019-12-24,23.89,10.56,17.23,0.0,645000.0,0.0
2019-12-25,20.56,10.0,15.28,0.76,644000.0,0.0
2019-12-26,21.67,15.0,18.34,0.0,646000.0,1.0
2019-12-27,22.78,17.78,20.28,1.02,648000.0,1.0
2019-12-28,25.0,18.89,21.94,2.29,651000.0,1.0
2019-12-29,25.0,11.11,18.06,6.1,656000.0,1.0
2019-12-30,15.0,4.44,9.72,0.0,659000.0,1.0
2019-12-31,16.67,2.22,9.44,0.0,660000.0,1.0
2020-01-01,15.0,3.89,9.44,0.76,666000.0,1.0
2020-01-02,23.89,12.78,18.34,49.53,672000.0,1.0
2020-01-03,16.67,13.33,15.0,15.24,689000.0,1.0
2020-01-04,17.22,5.0,11.11,0.0,703000.0,1.0
2020-01-05,20.0,2.22,11.11,0.0,705000.0,1.0
2020-01-06,22.78,7.22,15.0,0.0,711000.0,1.0
2020-01-07,17.78,3.89,10.84,0.0,720000.0,1.0
2020-01-08,18.89,0.56,9.72,0.0,731000.0,1.0
2020-01-09,23.33,7.22,15.27,0.0,744000.0,1.0
2020-01-10,25.56,18.33,21.94,1.27,761000.0,1.0
2020-01-11,24.44,8.33,16.39,16.76,787000.0,1.0
2020-01-12,17.78,6.67,12.23,0.0,801000.0,1.0
2020-01-13,19.44,13.89,16.66,8.89,822000.0,1.0
2020-01-14,25.0,19.44,22.22,0.25,845000.0,1.0
2020-01-15,27.22,17.78,22.5,0.0,868000.0,1.0
2020-01-16,25.56,15.56,20.56,2.54,903000.0,1.0
2020-01-17,21.67,12.78,17.23,0.25,935000.0,1.0
2020-01-18,25.0,16.11,20.56,8.38,964000.0,1.0
2020-01-19,16.11,3.89,10.0,0.0,996000.0,1.0
2020-01-20,12.22,1.67,6.94,0.0,1020000.0,1.0
2020-01-21,11.67,-1.11,5.28,0.0,1040000.0,1.0
2020-01-22,10.56,0.0,5.28,1.52,1060000.0,1.0
2020-01-23,17.78,7.22,12.5,7.37,1080000.0,1.0
2020-01-24,18.33,5.0,11.66,0.0,1100000.0,1.0
2020-01-25,19.44,1.67,10.56,0.0,1110000.0,1.0
2020-01-26,12.22,10.0,11.11,11.18,1130000.0,1.0
2020-01-27,17.22,6.11,11.66,0.0,1150000.0,1.0
2020-01-28,18.33,5.0,11.66,0.76,1160000.0,1.0
2020-01-29,13.89,11.67,12.78,5.08,1170000.0,1.0
2020-01-30,17.22,10.0,13.61,0.25,1180000.0,1.0
2020-01-31,12.22,8.89,10.56,1.27,1180000.0,0.0
2020-02-01,16.11,4.44,10.28,0.0,1180000.0,0.0
2020-02-02,23.33,3.33,13.33,0.0,1170000.0,0.0
2020-02-03,22.22,9.44,15.83,0.0,1160000.0,0.0
2020-02-04,23.89,17.78,20.84,0.25,1140000.0,0.0
2020-02-05,24.44,13.33,18.89,53.85,1130000.0,0.0
2020-02-06,13.33,2.22,7.78,16.26,1120000.0,0.0
2020-02-07,16.67,0.56,8.62,0.0,1100000.0,0.0
2020-02-08,20.56,10.0,15.28,1.27,1080000.0,0.0
2020-02-09,23.33,10.56,16.94,0.25,1060000.0,0.0
2020-02-10,24.44,19.44,21.94,6.6,1050000.0,0.0
2020-02-11,26.67,17.22,21.94,0.0,1040000.0,0.0
2020-02-12,26.67,16.67,21.67,8.64,1030000.0,0.0
2020-02-13,16.67,6.11,11.39,9.65,1030000.0,0.0
2020-02-14,15.56,3.33,9.44,0.0,1040000.0,1.0
2020-02-15,19.44,2.78,11.11,0.0,1040000.0,0.0
2020-02-16,16.11,12.78,14.44,23.37,1050000.0,1.0
2020-02-17,18.33,13.33,15.83,0.0,1060000.0,1.0
2020-02-18,26.11,17.22,21.66,0.0,1070000.0,1.0
2020-02-19,20.56,12.78,16.67,4.83,1090000.0,1.0
2020-02-20,13.33,6.67,10.0,25.91,1120000.0,1.0
2020-02-21,13.33,2.22,7.78,0.0,1150000.0,1.0
2020-02-22,15.56,-0.56,7.5,0.0,1180000.0,1.0
2020-02-23,20.56,5.56,13.06,0.0,1190000.0,1.0
2020-02-24,21.11,13.33,17.22,6.6,1210000.0,1.0
2020-02-25,18.89,9.44,14.16,0.0,1220000.0,1.0
2020-02-26,14.44,6.11,10.28,0.25,1240000.0,1.0
2020-02-27,11.67,1.67,6.67,0.0,1250000.0,1.0
2020-02-28,18.89,1.67,10.28,0.0,1250000.0,0.0
2020-02-29,22.78,2.78,12.78,0.0,1260000.0,1.0
2020-03-01,22.22,6.67,14.44,0.0,1260000.0,0.0
2020-03-02,25.56,16.11,20.84,0.0,1270000.0,1.0
2020-03-03,27.22,20.0,23.61,0.0,1270000.0,0.0
2020-03-04,23.33,12.78,18.06,8.64,1270000.0,0.0
2020-03-05,20.0,9.44,14.72,0.25,1280000.0,1.0
2020-03-06,21.67,7.78,14.73,0.0,1290000.0,1.0
2020-03-07,18.89,5.0,11.94,0.0,1290000.0,0.0
2020-03-08,23.33,7.78,15.56,0.0,1280000.0,0.0
2020-03-09,23.33,13.89,18.61,0.51,1270000.0,0.0
2020-03-10,24.44,17.22,20.83,4.83,1250000.0,0.0
2020-03-11,26.67,17.78,22.22,0.0,1240000.0,0.0
2020-03-12,26.67,17.22,21.94,0.0,1220000.0,0.0
2020-03-13,28.89,19.44,24.16,0.0,1200000.0,0.0
2020-03-14,27.78,17.22,22.5,0.0,1180000.0,0.0
2020-03-15,30.0,17.22,23.61,0.0,1160000.0,0.0
2020-03-16,27.78,14.44,21.11,9.4,1140000.0,0.0
2020-03-17,25.0,18.89,21.94,19.05,1130000.0,0.0
2020-03-18,28.33,17.78,23.06,2.54,1110000.0,0.0
2020-03-19,29.44,21.11,25.28,0.0,1100000.0,0.0
2020-03-20,29.44,18.33,23.88,10.41,1090000.0,0.0
2020-03-21,20.56,16.11,18.34,0.0,1080000.0,0.0
2020-03-22,25.56,15.0,20.28,0.0,1080000.0,0.0
2020-03-23,29.44,20.56,25.0,0.0,1090000.0,1.0
2020-03-24,29.44,20.56,25.0,0.0,1100000.0,1.0
2020-03-25,30.0,20.56,25.28,0.0,1110000.0,1.0
2020-03-26,31.11,19.44,25.28,0.0,1130000.0,1.0
2020-03-27,30.56,21.11,25.84,0.0,1140000.0,1.0
2020-03-28,31.67,22.78,27.22,0.0,1150000.0,1.0
2020-03-29,27.78,18.33,23.06,0.0,1170000.0,1.0
2020-03-30,28.89,17.22,23.06,0.0,1180000.0,1.0
2020-03-31,25.0,11.11,18.06,0.25,1190000.0,1.0
2020-04-01,23.89,7.78,15.84,0.0,1200000.0,1.0
2020-04-02,25.0,11.67,18.34,0.0,1210000.0,1.0
2020-04-03,26.67,13.89,20.28,0.0,1220000.0,1.0
2020-04-04,26.11,16.67,21.39,2.29,1240000.0,1.0
2020-04-05,27.78,16.67,22.22,0.0,1250000.0,1.0
2020-04-06,29.44,15.56,22.5,0.0,1260000.0,1.0
2020-04-07,29.44,20.56,25.0,0.0,1280000.0,1.0
2020-04-08,29.44,22.22,25.83,0.0,1290000.0,1.0
2020-04-09,30.56,18.89,24.72,10.16,1300000.0,1.0
2020-04-10,23.33,13.33,18.33,2.79,1310000.0,1.0
2020-04-11,26.67,10.56,18.62,0.0,1320000.0,1.0
2020-04-12,30.0,20.0,25.0,26.42,1320000.0,0.0
2020-04-13,21.11,11.11,16.11,0.0,1340000.0,1.0
2020-04-14,22.78,8.89,15.84,0.0,1350000.0,1.0
2020-04-15,20.0,7.78,13.89,0.0,1360000.0,1.0
2020-04-16,23.89,6.11,15.0,0.0,1360000.0,0.0
2020-04-17,28.33,9.44,18.88,5.59,1360000.0,0.0
2020-04-18,26.11,20.0,23.06,1.52,1350000.0,0.0
2020-04-19,30.56,19.44,25.0,23.62,1340000.0,0.0
2020-04-20,25.0,15.0,20.0,0.0,1330000.0,0.0
2020-04-21,29.44,13.33,21.38,0.0,1320000.0,0.0
2020-04-22,28.89,16.67,22.78,0.0,1300000.0,0.0
2020-04-23,28.89,16.11,22.5,30.23,1290000.0,0.0
2020-04-24,29.44,13.33,21.38,0.0,1290000.0,0.0
2020-04-25,27.78,18.89,23.34,0.0,1280000.0,0.0
2020-04-26,27.22,13.89,20.56,0.0,1270000.0,0.0
2020-04-27,26.67,10.56,18.62,0.0,1260000.0,0.0
2020-04-28,29.44,12.78,21.11,56.9,1240000.0,0.0
2020-04-29,23.89,14.44,19.16,24.13,1240000.0,0.0
2020-04-30,25.56,10.56,18.06,0.0,1230000.0,0.0
2020-05-01,27.78,11.11,19.44,0.0,1220000.0,0.0
2020-05-02,28.89,13.89,21.39,0.0,1210000.0,0.0
2020-05-03,28.89,15.56,22.22,0.0,1200000.0,0.0
2020-05-04,30.0,18.33,24.16,0.0,1180000.0,0.0
2020-05-05,31.11,19.44,25.28,0.0,1170000.0,0.0
2020-05-06,28.89,15.0,21.94,0.0,1160000.0,0.0
2020-05-07,27.22,12.22,19.72,0.0,1140000.0,0.0
2020-05-08,26.67,15.0,20.84,56.13,1130000.0,0.0
2020-05-09,20.0,13.89,16.94,0.0,1130000.0,0.0
2020-05-10,26.67,12.78,19.73,0.0,1110000.0,0.0
2020-05-11,28.33,11.11,19.72,0.0,1100000.0,0.0
2020-05-12,27.78,15.0,21.39,0.0,1090000.0,0.0
2020-05-13,30.0,17.78,23.89,0.0,1080000.0,0.0
2020-05-14,28.33,20.0,24.16,36.58,1070000.0,0.0
2020-05-15,28.89,20.0,24.44,0.0,1060000.0,0.0
2020-05-16,30.0,22.78,26.39,0.51,1040000.0,0.0
2020-05-17,28.89,21.11,25.0,3.3,1030000.0,0.0
2020-05-18,27.78,18.89,23.34,1.02,1010000.0,0.0
2020-05-19,32.22,18.33,25.28,0.0,999000.0,0.0
2020-05-20,25.0,20.56,22.78,0.25,986000.0,0.0
2020-05-21,32.78,20.0,26.39,0.0,971000.0,0.0
2020-05-22,32.78,22.22,27.5,0.0,958000.0,0.0
2020-05-23,32.78,20.56,26.67,0.0,947000.0,0.0
2020-05-24,32.22,19.44,25.83,0.0,938000.0,0.0
2020-05-25,30.56,21.67,26.12,7.87,928000.0,0.0
2020-05-26,27.78,21.11,24.44,16.0,920000.0,0.0
2020-05-27,30.0,20.0,25.0,0.0,910000.0,0.0
2020-05-28,32.78,17.78,25.28,2.79,903000.0,0.0
2020-05-29,31.67,20.0,25.84,0.0,899000.0,0.0
2020-05-30,31.67,21.11,26.39,0.0,900000.0,1.0
2020-05-31,32.22,22.22,27.22,0.0,905000.0,1.0
2020-06-01,31.11,20.56,25.84,0.0,914000.0,1.0
2020-06-02,33.33,22.22,27.78,0.0,924000.0,1.0
2020-06-03,33.33,22.78,28.06,0.0,936000.0,1.0
2020-06-04,32.22,21.11,26.66,0.0,947000.0,1.0
2020-06-05,33.89,21.11,27.5,5.08,957000.0,1.0
2020-06-06,33.33,20.56,26.94,3.56,969000.0,1.0
2020-06-07,26.11,23.89,25.0,62.74,986000.0,1.0
2020-06-08,31.67,23.89,27.78,6.86,999000.0,1.0
2020-06-09,33.89,25.56,29.72,0.0,998000.0,0.0
2020-06-10,32.78,20.56,26.67,2.03,1010000.0,1.0
2020-06-11,30.56,18.33,24.44,0.0,1010000.0,0.0
2020-06-12,31.11,18.33,24.72,0.0,1010000.0,0.0
2020-06-13,32.78,18.89,25.84,0.0,1010000.0,0.0
2020-06-14,33.33,21.11,27.22,0.0,1000000.0,0.0
2020-06-15,34.44,22.22,28.33,0.0,993000.0,0.0
2020-06-16,33.33,20.0,26.66,0.0,976000.0,0.0
2020-06-17,32.78,17.78,25.28,0.0,958000.0,0.0
2020-06-18,33.33,18.33,25.83,0.0,938000.0,0.0
2020-06-19,34.44,19.44,26.94,0.0,915000.0,0.0
2020-06-20,33.89,20.56,27.22,0.0,891000.0,0.0
2020-06-21,33.89,22.22,28.06,0.0,866000.0,0.0
2020-06-22,27.78,21.11,24.44,17.27,841000.0,0.0
2020-06-23,33.33,22.22,27.78,32.0,811000.0,0.0
2020-06-24,28.33,22.22,25.28,84.84,784000.0,0.0
2020-06-25,32.78,22.22,27.5,7.62,755000.0,0.0
2020-06-26,31.67,22.78,27.22,0.0,721000.0,0.0
2020-06-27,32.78,25.56,29.17,0.0,690000.0,0.0
2020-06-28,33.33,23.89,28.61,0.0,664000.0,0.0
2020-06-29,33.33,26.11,29.72,0.0,643000.0,0.0
2020-06-30,33.89,26.11,30.0,0.0,622000.0,0.0
2020-07-01,33.89,27.22,30.56,0.0,601000.0,0.0
2020-07-02,34.44,25.0,29.72,0.0,582000.0,0.0
2020-07-03,32.22,23.33,27.78,1.27,565000.0,0.0
2020-07-04,32.78,22.78,27.78,4.06,552000.0,0.0
2020-07-05,32.78,22.22,27.5,55.63,547000.0,0.0
2020-07-06,28.33,22.78,25.56,24.89,546000.0,0.0
2020-07-07,32.22,22.78,27.5,18.03,550000.0,1.0
2020-07-08,33.89,23.89,28.89,0.0,561000.0,1.0
2020-07-09,34.44,25.0,29.72,0.0,575000.0,1.0
2020-07-10,34.44,25.0,29.72,0.0,589000.0,1.0
2020-07-11,36.11,26.11,31.11,0.0,596000.0,1.0
2020-07-12,35.0,26.67,30.84,0.0,601000.0,1.0
2020-07-13,35.0,26.11,30.56,0.0,604000.0,1.0
2020-07-14,35.56,25.56,30.56,0.0,599000.0,0.0
2020-07-15,34.44,26.11,30.28,0.0,579000.0,0.0
2020-07-16,32.22,23.33,27.78,4.57,551000.0,0.0
2020-07-17,33.33,22.78,28.06,0.0,524000.0,0.0
2020-07-18,35.0,22.78,28.89,0.0,493000.0,0.0
2020-07-19,33.89,23.33,28.61,0.0,466000.0,0.0
2020-07-20,32.78,25.0,28.89,0.0,447000.0,0.0
2020-07-21,33.33,24.44,28.88,0.51,436000.0,0.0
2020-07-22,34.44,23.89,29.16,0.0,427000.0,0.0
2020-07-23,32.78,24.44,28.61,1.52,417000.0,0.0
2020-07-24,30.56,24.44,27.5,11.94,409000.0,0.0
2020-07-25,29.44,24.44,26.94,3.81,397000.0,0.0
2020-07-26,28.33,23.89,26.11,2.03,387000.0,0.0
2020-07-27,27.22,22.22,24.72,67.31,383000.0,0.0
2020-07-28,30.0,23.89,26.94,28.96,385000.0,1.0
2020-07-29,33.89,23.33,28.61,0.0,380000.0,0.0
2020-07-30,33.33,25.56,29.44,1.78,376000.0,0.0
2020-07-31,33.89,23.89,28.89,0.0,377000.0,1.0
2020-08-01,31.11,23.33,27.22,0.0,377000.0,0.0
2020-08-02,33.33,23.33,28.33,0.0,378000.0,1.0
2020-08-03,33.89,22.78,28.34,0.0,377000.0,0.0
2020-08-04,33.89,23.33,28.61,0.0,372000.0,0.0
2020-08-05,33.89,22.78,28.34,0.0,362000.0,0.0
2020-08-06,33.89,22.78,28.34,0.0,354000.0,0.0
2020-08-07,35.56,20.56,28.06,0.0,367000.0,1.0
2020-08-08,35.56,23.33,29.44,0.0,382000.0,1.0
2020-08-09,35.56,23.89,29.72,22.61,398000.0,1.0
2020-08-10,35.0,23.89,29.44,0.0,417000.0,1.0
2020-08-11,35.0,24.44,29.72,0.0,433000.0,1.0
2020-08-12,36.11,25.56,30.84,0.0,442000.0,1.0
2020-08-13,35.56,23.89,29.72,11.94,443000.0,1.0
2020-08-14,35.0,23.89,29.44,0.0,434000.0,0.0
2020-08-15,35.56,25.0,30.28,0.51,428000.0,0.0
2020-08-16,36.11,22.78,29.44,0.0,424000.0,0.0
2020-08-17,33.89,22.78,28.34,0.0,419000.0,0.0
2020-08-18,35.56,22.78,29.17,0.0,421000.0,1.0
2020-08-19,35.0,21.67,28.34,0.0,415000.0,0.0
2020-08-20,33.33,21.11,27.22,4.32,399000.0,0.0
2020-08-21,32.22,20.56,26.39,0.0,382000.0,0.0
2020-08-22,33.89,20.56,27.22,0.0,374000.0,0.0
2020-08-23,33.89,21.67,27.78,0.0,367000.0,0.0
2020-08-24,33.89,22.78,28.34,0.0,361000.0,0.0
2020-08-25,33.33,25.0,29.16,3.05,357000.0,0.0
2020-08-26,32.78,25.0,28.89,14.99,348000.0,0.0
2020-08-27,31.67,26.11,28.89,36.83,345000.0,0.0
2020-08-28,31.67,25.0,28.34,10.67,326000.0,0.0
2020-08-29,33.89,24.44,29.16,0.0,309000.0,0.0
2020-08-30,33.33,23.89,28.61,0.0,304000.0,0.0
2020-08-31,34.44,24.44,29.44,12.19,307000.0,1.0
2020-09-01,33.89,26.67,30.28,0.0,312000.0,1.0
2020-09-02,34.44,26.11,30.28,0.0,315000.0,1.0
2020-09-03,35.56,23.33,29.44,0.0,318000.0,1.0
2020-09-04,36.11,24.44,30.28,0.0,327000.0,1.0
2020-09-05,35.56,24.44,30.0,0.0,340000.0,1.0
2020-09-06,33.33,21.67,27.5,0.0,356000.0,1.0
2020-09-07,34.44,19.44,26.94,0.0,368000.0,1.0
2020-09-08,33.33,20.56,26.94,0.0,368000.0,0.0
2020-09-09,33.89,23.33,28.61,0.0,364000.0,0.0
2020-09-10,35.0,22.78,28.89,0.0,364000.0,0.0
2020-09-11,34.44,22.22,28.33,1.78,364000.0,0.0
2020-09-12,33.33,23.33,28.33,7.62,366000.0,1.0
2020-09-13,34.44,24.44,29.44,0.0,371000.0,1.0
2020-09-14,33.33,24.44,28.88,0.0,379000.0,1.0
2020-09-15,31.67,24.44,28.06,0.0,393000.0,1.0
2020-09-16,30.56,23.33,26.94,0.0,384000.0,0.0
2020-09-17,31.67,21.11,26.39,0.0,361000.0,0.0
2020-09-18,27.78,21.11,24.44,0.0,347000.0,0.0
2020-09-19,24.44,20.0,22.22,2.29,340000.0,0.0
2020-09-20,22.78,20.0,21.39,5.84,347000.0,1.0
2020-09-21,22.78,19.44,21.11,0.76,349000.0,1.0
2020-09-22,25.0,19.44,22.22,0.0,339000.0,0.0
2020-09-23,30.0,21.67,25.84,25.91,334000.0,0.0
2020-09-24,24.44,20.0,22.22,0.0,347000.0,1.0
2020-09-25,26.67,18.89,22.78,0.0,382000.0,1.0
2020-09-26,29.44,17.78,23.61,0.0,389000.0,1.0
2020-09-27,31.67,18.89,25.28,0.0,386000.0,0.0
2020-09-28,30.56,17.78,24.17,1.78,387000.0,1.0
2020-09-29,25.0,12.78,18.89,0.0,381000.0,0.0
2020-09-30,27.78,10.0,18.89,0.0,368000.0,0.0
2020-10-01,30.56,12.22,21.39,0.0,355000.0,0.0
2020-10-02,27.22,11.67,19.44,0.0,347000.0,0.0
2020-10-03,26.67,10.0,18.34,0.0,340000.0,0.0
2020-10-04,28.89,11.11,20.0,0.0,330000.0,0.0
2020-10-05,29.44,14.44,21.94,0.0,320000.0,0.0
2020-10-06,30.56,14.44,22.5,0.0,311000.0,0.0
2020-10-07,32.22,20.0,26.11,0.0,302000.0,0.0
2020-10-08,30.56,22.78,26.67,160.78,295000.0,0.0
2020-10-09,27.22,22.78,25.0,68.83,306000.0,1.0
2020-10-10,28.89,21.67,25.28,0.76,328000.0,1.0
2020-10-11,30.56,22.22,26.39,0.0,321000.0,0.0
2020-10-12,31.11,22.78,26.94,0.0,316000.0,0.0
2020-10-13,30.0,16.11,23.06,0.0,320000.0,1.0
2020-10-14,28.89,12.22,20.56,0.0,326000.0,1.0
2020-10-15,30.0,16.67,23.34,0.0,333000.0,1.0
2020-10-16,22.22,13.33,17.77,0.0,340000.0,1.0
2020-10-17,24.44,10.0,17.22,0.0,347000.0,1.0
2020-10-18,28.89,13.89,21.39,0.0,343000.0,0.0
2020-10-19,30.56,20.56,25.56,0.0,333000.0,0.0
2020-10-20,31.11,20.56,25.84,0.0,326000.0,0.0
2020-10-21,31.67,19.44,25.56,0.0,321000.0,0.0
2020-10-22,30.56,19.44,25.0,0.0,318000.0,0.0
2020-10-23,29.44,21.11,25.28,11.68,312000.0,0.0
2020-10-24,22.78,13.89,18.34,0.0,306000.0,0.0
2020-10-25,25.0,12.22,18.61,0.0,298000.0,0.0
2020-10-26,28.33,16.67,22.5,0.0,294000.0,0.0
2020-10-27,29.44,17.78,23.61,0.0,291000.0,0.0
2020-10-28,27.22,18.89,23.06,10.16,296000.0,1.0
2020-10-29,18.89,9.44,14.16,0.0,307000.0,1.0
2020-10-30,20.0,8.33,14.16,0.0,294000.0,0.0
2020-10-31,22.78,6.67,14.73,0.0,293000.0,0.0
2020-11-01,23.89,9.44,16.66,0.0,300000.0,1.0
2020-11-02,20.0,6.67,13.34,0.0,322000.0,1.0
2020-11-03,23.33,3.33,13.33,0.0,347000.0,1.0
2020-11-04,24.44,5.56,15.0,0.0,368000.0,1.0
2020-11-05,25.0,8.33,16.66,0.0,395000.0,1.0
2020-11-06,27.22,12.22,19.72,0.0,426000.0,1.0
2020-11-07,26.11,17.22,21.66,0.0,451000.0,1.0
2020-11-08,25.0,19.44,22.22,0.0,468000.0,1.0
2020-11-09,27.78,18.33,23.06,0.0,473000.0,1.0
2020-11-10,27.22,18.89,23.06,1.78,470000.0,0.0
2020-11-11,28.33,18.89,23.61,1.52,459000.0,0.0
2020-11-12,27.78,12.78,20.28,0.0,442000.0,0.0
2020-11-13,28.33,10.56,19.44,0.0,421000.0,0.0
2020-11-14,28.33,12.22,20.27,0.0,401000.0,0.0
2020-11-15,24.44,9.44,16.94,0.0,382000.0,0.0
2020-11-16,21.11,5.56,13.34,0.0,364000.0,0.0
2020-11-17,24.44,4.44,14.44,0.0,353000.0,0.0
2020-11-18,22.78,5.0,13.89,0.0,341000.0,0.0
2020-11-19,24.44,7.22,15.83,0.0,329000.0,0.0
2020-11-20,26.11,12.22,19.16,0.0,321000.0,0.0
2020-11-21,25.56,12.78,19.17,0.0,323000.0,1.0
2020-11-22,26.11,11.11,18.61,0.0,327000.0,1.0
2020-11-23,21.11,8.89,15.0,0.0,327000.0,0.0
2020-11-24,26.11,7.22,16.66,0.0,335000.0,1.0
2020-11-25,24.44,16.67,20.56,31.24,345000.0,1.0
2020-11-26,20.56,13.89,17.23,10.92,349000.0,1.0
2020-11-27,23.89,18.33,21.11,25.65,350000.0,1.0
2020-11-28,19.44,15.56,17.5,4.32,361000.0,1.0
2020-11-29,17.22,9.44,13.33,25.91,378000.0,1.0
2020-11-30,11.67,1.11,6.39,0.0,392000.0,1.0
2020-12-01,15.0,-1.11,6.94,0.0,391000.0,0.0
2020-12-02,17.78,-0.56,8.61,0.0,391000.0,0.0
2020-12-03,21.11,9.44,15.27,12.19,405000.0,1.0
2020-12-04,15.0,4.44,9.72,0.0,420000.0,1.0
2020-12-05,15.56,1.11,8.34,0.0,429000.0,1.0
2020-12-06,11.67,6.11,8.89,0.51,435000.0,1.0
2020-12-07,16.11,4.44,10.28,0.0,441000.0,1.0
2020-12-08,18.89,1.67,10.28,0.0,445000.0,1.0
2020-12-09,23.33,3.89,13.61,0.0,446000.0,1.0
2020-12-10,23.89,7.78,15.84,0.0,439000.0,0.0
2020-12-11,23.89,10.0,16.94,0.0,426000.0,0.0
2020-12-12,20.0,10.0,15.0,7.87,421000.0,0.0
2020-12-13,22.22,9.44,15.83,7.11,419000.0,0.0
2020-12-14,9.44,6.11,7.78,0.0,420000.0,1.0
2020-12-15,9.44,6.11,7.78,17.78,422000.0,1.0
2020-12-16,9.44,3.89,6.66,1.02,429000.0,1.0
2020-12-17,11.67,1.11,6.39,0.0,431000.0,1.0
2020-12-18,15.56,-1.11,7.22,0.0,430000.0,0.0
2020-12-19,21.11,5.0,13.06,25.65,430000.0,0.0
2020-12-20,16.67,5.56,11.12,0.0,434000.0,1.0
2020-12-21,20.0,4.44,12.22,0.0,430000.0,0.0
2020-12-22,21.67,3.33,12.5,0.0,426000.0,0.0
2020-12-23,22.22,6.67,14.44,1.27,422000.0,0.0
2020-12-24,20.0,0.56,10.28,22.35,429000.0,1.0
2020-12-25,11.11,-0.56,5.28,0.0,438000.0,1.0
2020-12-26,15.56,-1.67,6.94,0.0,440000.0,1.0
2020-12-27,20.0,0.0,10.0,0.0,437000.0,0.0
2020-12-28,23.33,6.11,14.72,0.0,433000.0,0.0
2020-12-29,22.22,7.22,14.72,0.0,429000.0,0.0
2020-12-30,22.22,15.56,18.89,0.25,428000.0,0.0
2020-12-31,24.44,16.11,20.27,10.92,426000.0,0.0
2021-01-01,16.67,7.78,12.23,1.02,428000.0,1.0
2021-01-02,9.44,2.22,5.83,0.0,430000.0,1.0
2021-01-03,15.56,0.0,7.78,0.0,449000.0,1.0
2021-01-04,22.22,2.78,12.5,0.0,480000.0,1.0
2021-01-05,20.56,3.89,12.22,0.0,519000.0,1.0
2021-01-06,17.78,3.33,10.56,7.11,556000.0,1.0
2021-01-07,15.0,7.0,11.0,18.8,588000.0,1.0
2021-01-08,9.44,3.89,6.66,0.0,609000.0,1.0
2021-01-09,10.56,1.67,6.12,0.0,628000.0,1.0
2021-01-10,7.22,0.56,3.89,4.57,645000.0,1.0
2021-01-11,5.0,1.67,3.34,20.57,667000.0,1.0
2021-01-12,11.11,0.0,5.56,0.0,683000.0,1.0
2021-01-13,13.89,2.78,8.34,0.0,693000.0,1.0
2021-01-14,20.56,0.56,10.56,0.0,697000.0,1.0
2021-01-15,15.0,5.56,10.28,0.0,696000.0,0.0
2021-01-16,12.22,1.67,6.94,0.0,689000.0,0.0
2021-01-17,17.78,0.0,8.89,0.0,672000.0,0.0
2021-01-18,18.33,-0.61,8.86,0.0,651000.0,0.0
2021-01-19,23.33,5.56,14.44,0.0,627000.0,0.0
2021-01-20,21.67,10.56,16.12,0.0,600000.0,0.0
2021-01-21,22.22,15.56,18.89,0.0,570000.0,0.0
2021-01-22,19.44,16.0,17.72,18.03,550000.0,0.0
2021-01-23,16.67,13.89,15.28,0.0,538000.0,0.0
2021-01-24,22.78,14.44,18.61,0.0,511000.0,0.0
2021-01-25,23.89,20.56,22.22,0.25,483000.0,0.0
2021-01-26,23.33,16.11,19.72,3.3,461000.0,0.0
2021-01-27,18.89,8.89,13.89,0.0,442000.0,0.0
2021-01-28,13.89,3.33,8.61,0.0,426000.0,0.0
2021-01-29,16.67,1.11,8.89,0.0,413000.0,0.0
2021-01-30,22.22,6.11,14.16,0.0,408000.0,0.0
2021-01-31,20.56,8.33,14.44,2.79,413000.0,1.0
2021-02-01,13.33,3.33,8.33,0.0,422000.0,1.0
2021-02-02,13.33,0.56,6.94,0.0,441000.0,1.0
2021-02-03,17.22,0.0,8.61,0.0,468000.0,1.0
2021-02-04,20.56,5.0,12.78,0.0,497000.0,1.0
2021-02-05,17.78,6.67,12.23,16.76,528000.0,1.0
2021-02-06,11.67,7.22,9.44,4.32,558000.0,1.0
2021-02-07,15.56,6.11,10.84,0.0,579000.0,1.0
2021-02-08,18.33,5.56,11.94,0.0,595000.0,1.0
2021-02-09,25.0,13.89,19.44,0.0,607000.0,1.0
2021-02-10,23.33,14.44,18.88,0.0,612000.0,1.0
2021-02-11,19.44,5.0,12.22,47.75,624000.0,1.0
2021-02-12,5.0,1.67,3.34,6.1,636000.0,1.0
2021-02-13,4.44,0.56,2.5,0.0,633000.0,0.0
2021-02-14,2.0,-1.11,0.44,0.25,623000.0,0.0
2021-02-15,0.0,-5.0,-2.5,12.19,610000.0,0.0
2021-02-16,,,,0.0,587000.0,0.0
2021-02-17,3.0,-4.39,-0.69,22.61,565000.0,0.0
2021-02-18,3.33,0.0,1.66,0.0,559000.0,0.0
2021-02-19,10.0,-2.22,3.89,0.0,549000.0,0.0
2021-02-20,15.56,-3.28,6.14,0.0,532000.0,0.0
2021-02-21,19.44,1.11,10.28,0.0,516000.0,0.0
2021-02-22,21.67,5.56,13.62,0.0,506000.0,0.0
2021-02-23,23.33,1.11,12.22,0.0,498000.0,0.0
2021-02-24,22.22,3.89,13.06,0.0,495000.0,0.0
2021-02-25,25.0,16.67,20.84,0.0,496000.0,1.0
2021-02-26,28.33,17.22,22.78,0.0,501000.0,1.0
2021-02-27,28.33,19.0,23.66,0.0,507000.0,1.0
2021-02-28,28.33,20.0,24.16,0.0,515000.0,1.0
2021-03-01,26.11,15.0,20.56,0.0,525000.0,1.0
2021-03-02,13.89,6.67,10.28,21.84,549000.0,1.0
2021-03-03,18.33,4.44,11.38,0.0,579000.0,1.0
2021-03-04,22.22,4.44,13.33,0.0,612000.0,1.0
2021-03-05,21.11,6.67,13.89,1.52,643000.0,1.0
2021-03-06,20.0,9.44,14.72,0.0,674000.0,1.0
2021-03-07,20.0,3.89,11.94,0.0,708000.0,1.0
2021-03-08,22.22,2.78,12.5,0.0,739000.0,1.0
2021-03-09,25.0,7.22,16.11,0.0,765000.0,1.0
2021-03-10,27.22,14.44,20.83,0.0,787000.0,1.0
2021-03-11,27.22,16.11,21.66,0.0,804000.0,1.0
2021-03-12,28.33,16.67,22.5,0.0,818000.0,1.0
2021-03-13,26.67,15.56,21.12,0.0,832000.0,1.0
2021-03-14,27.78,16.67,22.22,0.0,847000.0,1.0
2021-03-15,28.89,20.56,24.72,5.33,860000.0,1.0
2021-03-16,27.22,21.11,24.16,0.0,870000.0,1.0
2021-03-17,26.11,18.33,22.22,11.43,880000.0,1.0
2021-03-18,17.78,10.56,14.17,0.0,894000.0,1.0
2021-03-19,12.78,10.56,11.67,0.0,904000.0,1.0
2021-03-20,17.22,9.44,13.33,0.0,917000.0,1.0
2021-03-21,22.22,7.78,15.0,0.0,928000.0,1.0
2021-03-22,23.89,7.78,15.84,0.0,940000.0,1.0
2021-03-23,20.0,16.0,18.0,64.26,963000.0,1.0
2021-03-24,21.11,14.44,17.77,6.86,983000.0,1.0
2021-03-25,25.56,20.56,23.06,9.91,991000.0,1.0
2021-03-26,25.0,17.22,21.11,0.0,992000.0,1.0
2021-03-27,29.44,22.78,26.11,0.0,991000.0,0.0
2021-03-28,23.33,12.22,17.77,1.52,996000.0,1.0
2021-03-29,22.78,7.22,15.0,0.0,1000000.0,1.0
2021-03-30,28.33,13.89,21.11,0.0,1010000.0,1.0
2021-03-31,28.0,12.22,20.11,0.51,1030000.0,1.0
2021-04-01,18.89,6.67,12.78,0.0,1040000.0,1.0
2021-04-02,18.89,4.44,11.66,0.0,1060000.0,1.0
2021-04-03,20.0,4.44,12.22,0.0,1060000.0,0.0
2021-04-04,23.89,8.33,16.11,0.0,1060000.0,0.0
2021-04-05,26.11,8.33,17.22,0.0,1060000.0,0.0
2021-04-06,27.78,13.89,20.84,0.0,1060000.0,0.0
2021-04-07,27.78,16.67,22.22,19.56,1050000.0,0.0
2021-04-08,29.44,15.56,22.5,47.75,1060000.0,1.0
2021-04-09,30.0,21.67,25.84,0.0,1060000.0,0.0
2021-04-10,26.11,16.0,21.06,52.07,1070000.0,1.0
2021-04-11,25.56,13.33,19.44,0.0,1070000.0,0.0
2021-04-12,29.44,10.56,20.0,0.0,1070000.0,0.0
2021-04-13,19.44,13.89,16.66,34.54,1070000.0,0.0
2021-04-14,18.89,13.89,16.39,35.56,1080000.0,1.0
2021-04-15,23.89,17.0,20.44,14.73,1090000.0,1.0
2021-04-16,21.11,15.0,18.06,61.21,1090000.0,0.0
2021-04-17,18.33,13.89,16.11,4.83,1090000.0,0.0
2021-04-18,21.11,11.67,16.39,0.0,1070000.0,0.0
2021-04-19,22.78,10.0,16.39,0.0,1050000.0,0.0
2021-04-20,25.0,13.89,19.44,0.25,1030000.0,0.0
2021-04-21,19.44,8.89,14.16,0.0,1010000.0,0.0
2021-04-22,21.67,6.67,14.17,0.0,985000.0,0.0
2021-04-23,24.44,11.67,18.06,44.7,960000.0,0.0
2021-04-24,29.44,18.33,23.88,10.92,949000.0,0.0
2021-04-25,26.67,13.33,20.0,0.0,938000.0,0.0
2021-04-26,27.78,12.78,20.28,0.0,912000.0,0.0
2021-04-27,30.56,18.0,24.28,0.0,876000.0,0.0
2021-04-28,31.67,23.33,27.5,0.0,837000.0,0.0
2021-04-29,31.11,22.22,26.66,0.0,801000.0,0.0
2021-04-30,26.11,20.0,23.06,0.0,769000.0,0.0
2021-05-01,26.67,17.22,21.94,0.0,741000.0,0.0
2021-05-02,26.67,18.89,22.78,21.34,718000.0,0.0
2021-05-03,30.0,23.33,26.66,0.0,700000.0,0.0
2021-05-04,30.56,21.67,26.12,24.38,695000.0,0.0
2021-05-05,23.33,16.67,20.0,0.0,704000.0,1.0
2021-05-06,27.78,14.44,21.11,0.0,710000.0,1.0
2021-05-07,28.89,13.89,21.39,0.0,716000.0,1.0
2021-05-08,30.0,13.89,21.94,0.0,722000.0,1.0
2021-05-09,28.89,17.78,23.34,9.91,727000.0,1.0
2021-05-10,28.33,19.44,23.88,43.69,742000.0,1.0
2021-05-11,26.67,20.0,23.34,44.2,754000.0,1.0
2021-05-12,26.11,19.44,22.78,4.57,771000.0,1.0
2021-05-13,23.89,18.33,21.11,0.0,781000.0,1.0
2021-05-14,26.67,13.33,20.0,0.0,787000.0,1.0
2021-05-15,27.78,15.0,21.39,0.0,791000.0,1.0
2021-05-16,28.33,18.33,23.33,0.0,795000.0,1.0
2021-05-17,25.0,21.0,23.0,109.98,802000.0,1.0
2021-05-18,26.11,19.44,22.78,3.81,814000.0,1.0
2021-05-19,28.33,20.0,24.16,0.0,806000.0,0.0
2021-05-20,23.33,18.89,21.11,65.28,808000.0,1.0
2021-05-21,26.11,20.56,23.34,3.3,813000.0,1.0
2021-05-22,29.44,19.44,24.44,0.0,798000.0,0.0
2021-05-23,28.33,17.22,22.78,0.0,779000.0,0.0
2021-05-24,28.89,19.0,23.94,0.0,758000.0,0.0
2021-05-25,30.0,18.89,24.44,0.0,742000.0,0.0
2021-05-26,31.11,21.11,26.11,0.0,730000.0,0.0
2021-05-27,31.67,22.22,26.94,0.0,724000.0,0.0
2021-05-28,29.44,20.0,24.72,0.0,719000.0,0.0
2021-05-29,28.33,17.78,23.06,5.59,712000.0,0.0
2021-05-30,27.78,15.0,21.39,0.0,705000.0,0.0
2021-05-31,30.56,15.56,23.06,0.0,692000.0,0.0
2021-06-01,30.0,20.0,25.0,19.81,680000.0,0.0
2021-06-02,30.0,22.78,26.39,0.51,673000.0,0.0
2021-06-03,30.56,21.67,26.12,20.83,669000.0,0.0
2021-06-04,28.33,21.67,25.0,17.27,665000.0,0.0
2021-06-05,25.0,22.0,23.5,2.79,659000.0,0.0
2021-06-06,25.56,21.11,23.34,57.15,659000.0,0.0
2021-06-07,32.22,23.0,27.61,0.0,657000.0,0.0
2021-06-08,32.22,25.56,28.89,0.0,651000.0,0.0
2021-06-09,32.22,24.44,28.33,0.0,649000.0,0.0
2021-06-10,32.22,23.89,28.06,0.0,651000.0,1.0
2021-06-11,32.78,23.33,28.06,0.0,655000.0,1.0
2021-06-12,32.78,23.33,28.06,0.0,660000.0,1.0
2021-06-13,33.89,21.67,27.78,22.86,668000.0,1.0
2021-06-14,33.89,21.11,27.5,0.0,678000.0,1.0
2021-06-15,35.0,22.78,28.89,38.35,686000.0,1.0
2021-06-16,33.89,22.78,28.34,0.0,690000.0,1.0
2021-06-17,31.67,19.44,25.56,0.0,690000.0,0.0
2021-06-18,30.0,21.67,25.84,6.1,689000.0,0.0
2021-06-19,31.67,22.22,26.94,0.76,689000.0,0.0
2021-06-20,32.78,23.33,28.06,0.0,682000.0,0.0
2021-06-21,30.56,21.67,26.12,15.75,673000.0,0.0
2021-06-22,31.0,22.78,26.89,0.0,665000.0,0.0
2021-06-23,32.22,23.0,27.61,0.0,655000.0,0.0
2021-06-24,33.0,24.44,28.72,15.49,641000.0,0.0
2021-06-25,30.56,23.89,27.22,30.48,626000.0,0.0
2021-06-26,31.67,22.78,27.22,5.59,611000.0,0.0
2021-06-27,28.33,22.78,25.56,0.51,595000.0,0.0
2021-06-28,30.0,22.78,26.39,0.25,577000.0,0.0
2021-06-29,29.44,22.22,25.83,0.51,561000.0,0.0
2021-06-30,31.67,22.78,27.22,0.0,547000.0,0.0
2021-07-01,32.78,22.78,27.78,0.0,536000.0,0.0
2021-07-02,31.67,23.89,27.78,2.03,527000.0,0.0
2021-07-03,31.67,22.78,27.22,20.57,524000.0,0.0
2021-07-04,32.78,22.22,27.5,0.0,526000.0,1.0
2021-07-05,32.78,23.33,28.06,0.0,539000.0,1.0
2021-07-06,30.0,23.33,26.66,18.29,561000.0,1.0
2021-07-07,29.44,24.44,26.94,0.25,583000.0,1.0
2021-07-08,31.11,23.89,27.5,0.0,603000.0,1.0
2021-07-09,28.89,23.89,26.39,0.51,622000.0,1.0
2021-07-10,31.11,24.0,27.56,0.25,637000.0,1.0
2021-07-11,31.67,22.0,26.84,45.47,653000.0,1.0
2021-07-12,29.44,21.11,25.28,21.59,665000.0,1.0
2021-07-13,32.22,21.67,26.94,2.29,671000.0,1.0
2021-07-14,32.78,22.22,27.5,0.25,668000.0,0.0
2021-07-15,31.11,22.78,26.94,5.33,653000.0,0.0
2021-07-16,32.22,22.78,27.5,35.31,631000.0,0.0
2021-07-17,31.67,22.0,26.84,0.0,611000.0,0.0
2021-07-18,33.33,22.78,28.06,0.0,592000.0,0.0
2021-07-19,32.0,24.44,28.22,4.57,581000.0,0.0
2021-07-20,28.0,21.67,24.84,13.72,580000.0,0.0
2021-07-21,32.78,22.78,27.78,0.0,587000.0,1.0
2021-07-22,32.22,24.44,28.33,0.0,597000.0,1.0
2021-07-23,32.78,23.89,28.34,0.0,609000.0,1.0
2021-07-24,34.44,24.44,29.44,0.0,620000.0,1.0
2021-07-25,33.89,23.89,28.89,0.0,631000.0,1.0
2021-07-26,33.89,23.89,28.89,0.0,641000.0,1.0
2021-07-27,33.33,22.78,28.06,27.43,650000.0,1.0
2021-07-28,33.33,22.78,28.06,0.0,655000.0,1.0
2021-07-29,35.0,23.89,29.44,10.67,650000.0,0.0
2021-07-30,33.33,23.33,28.33,0.0,640000.0,0.0
2021-07-31,33.33,22.78,28.06,18.03,623000.0,0.0
2021-08-01,32.22,23.33,27.78,8.13,601000.0,0.0
2021-08-02,28.89,22.0,25.44,16.76,573000.0,0.0
2021-08-03,28.0,22.78,25.39,50.8,541000.0,0.0
2021-08-04,30.56,21.11,25.84,0.0,507000.0,0.0
2021-08-05,30.56,18.89,24.72,0.0,472000.0,0.0
2021-08-06,30.56,20.56,25.56,0.0,448000.0,0.0
2021-08-07,32.78,20.56,26.67,0.0,425000.0,0.0
2021-08-08,32.78,22.78,27.78,0.25,404000.0,0.0
2021-08-09,31.11,23.0,27.06,40.39,387000.0,0.0
2021-08-10,32.78,22.78,27.78,15.24,374000.0,0.0
2021-08-11,32.78,22.22,27.5,0.0,365000.0,0.0
2021-08-12,31.67,21.67,26.67,0.0,357000.0,0.0
2021-08-13,31.67,21.11,26.39,0.0,343000.0,0.0
2021-08-14,33.33,21.67,27.5,0.0,327000.0,0.0
2021-08-15,31.11,22.22,26.66,0.25,318000.0,0.0
2021-08-16,32.78,21.67,27.22,0.0,315000.0,0.0
2021-08-17,31.11,23.33,27.22,4.83,313000.0,0.0
2021-08-18,32.78,22.78,27.78,3.56,307000.0,0.0
2021-08-19,33.33,23.89,28.61,3.3,307000.0,0.0
2021-08-20,32.78,23.89,28.34,0.0,301000.0,0.0
2021-08-21,32.78,22.22,27.5,0.0,300000.0,0.0
2021-08-22,33.33,23.33,28.33,0.0,306000.0,1.0
2021-08-23,33.89,24.44,29.16,0.0,310000.0,1.0
2021-08-24,33.89,23.33,28.61,0.0,316000.0,1.0
2021-08-25,33.89,22.78,28.34,21.59,326000.0,1.0
2021-08-26,30.56,22.78,26.67,1.78,335000.0,1.0
2021-08-27,30.56,22.22,26.39,4.57,349000.0,1.0
2021-08-28,31.11,21.67,26.39,2.79,363000.0,1.0
2021-08-29,26.67,21.67,24.17,33.78,401000.0,1.0
2021-08-30,22.78,22.78,22.78,0.0,423000.0,1.0
2021-08-31,32.78,23.89,28.34,0.0,391000.0,0.0
2021-09-01,32.78,23.33,28.06,0.0,376000.0,0.0
2021-09-02,32.22,22.78,27.5,0.0,362000.0,0.0
2021-09-03,32.22,22.22,27.22,0.0,350000.0,0.0
2021-09-04,32.78,21.67,27.22,0.0,344000.0,0.0
2021-09-05,32.78,22.78,27.78,0.0,328000.0,0.0
2021-09-06,29.44,23.89,26.66,0.76,314000.0,0.0
2021-09-07,31.11,22.0,26.56,0.0,309000.0,0.0
2021-09-08,31.11,21.67,26.39,0.0,312000.0,1.0
2021-09-09,30.56,18.89,24.72,0.0,318000.0,1.0
2021-09-10,29.44,16.11,22.78,0.0,332000.0,1.0
2021-09-11,30.0,16.11,23.06,0.0,352000.0,1.0
2021-09-12,29.44,19.44,24.44,7.11,370000.0,1.0
2021-09-13,30.0,22.22,26.11,13.21,387000.0,1.0
2021-09-14,24.44,21.67,23.06,70.36,400000.0,1.0
2021-09-15,27.22,22.0,24.61,52.58,415000.0,1.0
2021-09-16,29.44,22.78,26.11,3.05,414000.0,0.0
2021-09-17,31.11,23.0,27.06,0.51,396000.0,0.0
2021-09-18,30.0,23.33,26.66,6.35,368000.0,0.0
2021-09-19,30.0,22.0,26.0,0.0,343000.0,0.0
2021-09-20,32.22,21.67,26.94,0.0,326000.0,0.0
2021-09-21,31.67,22.22,26.94,2.54,315000.0,0.0
2021-09-22,26.11,16.11,21.11,0.0,299000.0,0.0
2021-09-23,26.11,12.78,19.44,0.0,289000.0,0.0
2021-09-24,26.11,12.22,19.16,0.0,280000.0,0.0
2021-09-25,27.78,11.67,19.73,0.0,272000.0,0.0
2021-09-26,29.44,13.33,21.38,0.0,271000.0,0.0
2021-09-27,28.89,17.78,23.34,3.56,271000.0,0.0
2021-09-28,25.0,21.67,23.34,9.65,286000.0,1.0
2021-09-29,27.78,20.56,24.17,2.54,296000.0,1.0
2021-09-30,27.78,21.67,24.72,39.88,300000.0,1.0
2021-10-01,28.89,21.67,25.28,0.0,312000.0,1.0
2021-10-02,28.33,21.67,25.0,4.83,327000.0,1.0
2021-10-03,30.56,20.56,25.56,0.0,336000.0,1.0
2021-10-04,30.0,21.0,25.5,0.0,341000.0,1.0
2021-10-05,29.44,18.33,23.88,0.0,340000.0,0.0
2021-10-06,29.44,16.67,23.06,0.0,329000.0,0.0
2021-10-07,30.56,18.89,24.72,0.0,312000.0,0.0
2021-10-08,30.56,16.67,23.62,0.0,295000.0,0.0
2021-10-09,30.56,17.22,23.89,0.0,282000.0,0.0
2021-10-10,30.0,17.22,23.61,0.0,269000.0,0.0
2021-10-11,30.56,20.56,25.56,0.0,260000.0,0.0
2021-10-12,31.67,21.67,26.67,0.0,254000.0,0.0
2021-10-13,30.56,19.44,25.0,0.0,252000.0,0.0
2021-10-14,31.11,20.0,25.56,0.0,257000.0,1.0
2021-10-15,30.56,20.0,25.28,0.0,264000.0,1.0
2021-10-16,24.44,12.22,18.33,0.0,272000.0,1.0
2021-10-17,23.33,7.78,15.56,0.0,290000.0,1.0
2021-10-18,24.44,10.0,17.22,0.0,299000.0,1.0
2021-10-19,26.67,10.56,18.62,0.0,302000.0,1.0
2021-10-20,27.78,17.78,22.78,0.0,309000.0,1.0
2021-10-21,31.11,20.0,25.56,0.0,303000.0,0.0
2021-10-22,30.0,19.0,24.5,0.0,294000.0,0.0
2021-10-23,29.44,18.33,23.88,0.0,289000.0,0.0
2021-10-24,27.78,20.0,23.89,3.56,287000.0,0.0
2021-10-25,29.44,19.44,24.44,0.0,285000.0,0.0
2021-10-26,28.33,16.11,22.22,0.0,285000.0,0.0
2021-10-27,27.22,18.33,22.78,33.53,286000.0,1.0
2021-10-28,20.0,14.44,17.22,0.0,284000.0,0.0
2021-10-29,17.78,12.22,15.0,0.0,271000.0,0.0
2021-10-30,20.0,9.44,14.72,0.0,261000.0,0.0
2021-10-31,24.44,8.33,16.39,0.0,258000.0,0.0
2021-11-01,25.0,10.56,17.78,0.0,259000.0,1.0
2021-11-02,23.89,11.67,17.78,0.0,265000.0,1.0
2021-11-03,21.67,10.0,15.84,0.0,271000.0,1.0
2021-11-04,17.22,9.44,13.33,0.0,280000.0,1.0
2021-11-05,13.89,7.78,10.84,0.0,297000.0,1.0
2021-11-06,16.67,8.89,12.78,0.0,314000.0,1.0
2021-11-07,21.11,5.0,13.06,0.0,332000.0,1.0
2021-11-08,23.89,6.11,15.0,0.0,353000.0,1.0
2021-11-09,22.78,5.56,14.17,0.0,370000.0,1.0
2021-11-10,24.44,9.44,16.94,0.0,385000.0,1.0
2021-11-11,21.11,11.11,16.11,5.33,399000.0,1.0
2021-11-12,23.33,8.89,16.11,0.0,405000.0,1.0
2021-11-13,14.44,4.44,9.44,0.0,404000.0,0.0
2021-11-14,20.0,2.22,11.11,0.0,397000.0,0.0
2021-11-15,22.78,6.67,14.73,0.0,385000.0,0.0
2021-11-16,25.0,8.89,16.94,0.0,371000.0,0.0
2021-11-17,26.11,13.0,19.56,0.0,357000.0,0.0
2021-11-18,24.44,10.0,17.22,0.51,343000.0,0.0
2021-11-19,18.89,5.56,12.22,0.0,333000.0,0.0
2021-11-20,23.33,5.0,14.16,0.0,322000.0,0.0
2021-11-21,25.56,15.56,20.56,0.0,311000.0,0.0
2021-11-22,20.0,6.67,13.34,10.16,306000.0,0.0
2021-11-23,17.78,3.33,10.56,0.0,306000.0,0.0
2021-11-24,21.67,4.44,13.06,0.0,302000.0,0.0
2021-11-25,23.89,12.78,18.34,0.0,301000.0,0.0
2021-11-26,16.11,5.56,10.84,0.0,300000.0,0.0
2021-11-27,14.44,1.67,8.06,0.25,299000.0,0.0
2021-11-28,17.78,7.22,12.5,1.02,297000.0,0.0
2021-11-29,18.89,4.44,11.66,0.0,297000.0,0.0
2021-11-30,21.67,3.33,12.5,0.0,298000.0,1.0
2021-12-01,23.89,5.56,14.72,0.0,297000.0,0.0
2021-12-02,23.33,10.0,16.66,0.0,299000.0,1.0
2021-12-03,23.33,11.11,17.22,0.0,296000.0,0.0
2021-12-04,26.11,10.56,18.34,0.0,292000.0,0.0
2021-12-05,22.78,11.67,17.23,0.0,287000.0,0.0
2021-12-06,26.67,12.78,19.73,27.18,285000.0,0.0
2021-12-07,12.78,10.56,11.67,0.0,286000.0,1.0
2021-12-08,17.22,10.0,13.61,8.64,276000.0,0.0
2021-12-09,25.0,9.44,17.22,3.05,264000.0,0.0
2021-12-10,27.22,22.22,24.72,0.0,253000.0,0.0
2021-12-11,23.89,9.44,16.66,0.76,248000.0,0.0
2021-12-12,16.67,5.0,10.84,0.0,244000.0,0.0
2021-12-13,22.22,7.22,14.72,0.0,245000.0,1.0
2021-12-14,23.89,14.44,19.16,0.0,254000.0,1.0
2021-12-15,25.0,17.78,21.39,0.0,275000.0,1.0
2021-12-16,27.22,18.33,22.78,0.0,295000.0,1.0
2021-12-17,25.0,17.22,21.11,0.0,315000.0,1.0
2021-12-18,25.0,16.11,20.56,42.16,331000.0,1.0
2021-12-19,15.56,5.56,10.56,0.0,344000.0,1.0
2021-12-20,7.22,5.56,6.39,2.03,351000.0,1.0
2021-12-21,11.11,2.78,6.94,0.0,368000.0,1.0
2021-12-22,18.33,1.11,9.72,0.0,386000.0,1.0
2021-12-23,19.44,2.78,11.11,0.0,399000.0,1.0
2021-12-24,25.0,11.11,18.06,0.0,405000.0,1.0
2021-12-25,26.11,16.67,21.39,0.0,413000.0,1.0
2021-12-26,26.67,19.44,23.06,0.0,417000.0,1.0
2021-12-27,25.56,17.78,21.67,0.0,416000.0,0.0
2021-12-28,26.67,19.0,22.84,4.32,415000.0,0.0
2021-12-29,28.33,21.67,25.0,0.0,413000.0,0.0
2021-12-30,27.78,21.11,24.44,0.51,404000.0,0.0
2021-12-31,28.33,22.0,25.16,0.0,393000.0,0.0
2022-01-01,28.89,23.33,26.11,0.51,387000.0,0.0
2022-01-02,23.89,-0.56,11.66,0.0,385000.0,0.0
2022-01-03,10.0,-2.22,3.89,0.0,375000.0,0.0
2022-01-04,13.33,-1.67,5.83,0.0,372000.0,0.0
2022-01-05,20.56,8.33,14.44,0.0,377000.0,1.0
2022-01-06,22.78,3.33,13.06,0.51,391000.0,1.0
2022-01-07,13.33,0.56,6.94,0.0,415000.0,1.0
2022-01-08,18.89,8.89,13.89,0.25,447000.0,1.0
2022-01-09,27.22,12.22,19.72,23.62,487000.0,1.0
2022-01-10,14.44,2.22,8.33,0.0,530000.0,1.0
2022-01-11,15.56,1.67,8.62,0.0,563000.0,1.0
2022-01-12,16.67,5.0,10.84,0.0,590000.0,1.0
2022-01-13,20.0,3.33,11.66,0.0,612000.0,1.0
2022-01-14,22.22,3.89,13.06,0.0,631000.0,1.0
2022-01-15,17.22,1.67,9.44,0.25,650000.0,1.0
2022-01-16,9.44,1.11,5.28,0.0,664000.0,1.0
2022-01-17,16.11,1.11,8.61,0.0,676000.0,1.0
2022-01-18,18.89,-1.11,8.89,0.0,687000.0,1.0
2022-01-19,23.33,10.56,16.94,0.0,696000.0,1.0
2022-01-20,17.22,1.11,9.16,9.4,708000.0,1.0
2022-01-21,5.56,-1.67,1.94,0.0,720000.0,1.0
2022-01-22,9.44,-5.0,2.22,0.0,725000.0,1.0
2022-01-23,12.22,-7.22,2.5,0.0,724000.0,0.0
2022-01-24,15.0,-0.56,7.22,9.4,714000.0,0.0
2022-01-25,15.0,6.67,10.84,10.92,700000.0,0.0
2022-01-26,13.89,0.56,7.22,0.0,679000.0,0.0
2022-01-27,17.22,-1.67,7.78,0.0,654000.0,0.0
2022-01-28,12.78,3.89,8.33,0.0,629000.0,0.0
2022-01-29,11.11,-1.11,5.0,0.0,607000.0,0.0
2022-01-30,19.44,3.33,11.39,0.0,587000.0,0.0
2022-01-31,21.11,3.33,12.22,0.0,570000.0,0.0
2022-02-01,17.22,10.56,13.89,5.59,553000.0,0.0
2022-02-02,24.44,15.56,20.0,0.25,535000.0,0.0
2022-02-03,22.78,2.78,12.78,14.48,513000.0,0.0
2022-02-04,3.89,0.56,2.22,1.27,494000.0,0.0
2022-02-05,11.11,-2.22,4.44,0.0,474000.0,0.0
2022-02-06,14.44,-2.78,5.83,0.0,453000.0,0.0
2022-02-07,15.56,3.89,9.72,0.0,435000.0,0.0
2022-02-08,17.22,0.0,8.61,0.0,419000.0,0.0
2022-02-09,18.89,-0.56,9.17,0.0,409000.0,0.0
2022-02-10,21.11,1.67,11.39,0.0,400000.0,0.0
2022-02-11,21.67,1.67,11.67,0.0,400000.0,0.0
2022-02-12,21.67,3.33,12.5,0.0,415000.0,1.0
2022-02-13,13.89,0.56,7.22,0.25,441000.0,1.0
2022-02-14,18.89,-0.56,9.17,0.0,473000.0,1.0
2022-02-15,21.11,0.56,10.84,0.0,504000.0,1.0
2022-02-16,26.67,9.44,18.06,0.0,530000.0,1.0
2022-02-17,24.44,11.11,17.77,14.22,553000.0,1.0
2022-02-18,12.78,4.44,8.61,0.0,570000.0,1.0
2022-02-19,18.33,0.56,9.44,0.0,580000.0,1.0
2022-02-20,20.0,2.22,11.11,0.0,582000.0,1.0
2022-02-21,27.78,15.56,21.67,0.76,579000.0,0.0
2022-02-22,28.33,21.67,25.0,1.02,572000.0,0.0
2022-02-23,30.0,15.56,22.78,0.0,567000.0,0.0
2022-02-24,29.44,15.0,22.22,0.0,571000.0,1.0
2022-02-25,16.67,6.67,11.67,15.75,589000.0,1.0
2022-02-26,17.22,8.33,12.77,0.0,615000.0,1.0
2022-02-27,14.44,4.44,9.44,0.51,643000.0,1.0
2022-02-28,18.89,2.78,10.84,0.0,674000.0,1.0
2022-03-01,21.67,1.67,11.67,0.0,704000.0,1.0
2022-03-02,23.89,5.0,14.44,0.0,729000.0,1.0
2022-03-03,24.44,8.33,16.39,0.0,753000.0,1.0
2022-03-04,25.56,5.0,15.28,0.0,772000.0,1.0
2022-03-05,28.33,11.11,19.72,0.0,791000.0,1.0
2022-03-06,30.0,19.44,24.72,0.0,811000.0,1.0
2022-03-07,26.67,12.78,19.73,0.0,825000.0,1.0
2022-03-08,17.22,8.33,12.77,0.0,839000.0,1.0
2022-03-09,15.56,6.67,11.12,0.0,856000.0,1.0
2022-03-10,23.89,7.22,15.56,0.0,873000.0,1.0
2022-03-11,20.0,5.56,12.78,7.87,891000.0,1.0
2022-03-12,11.11,0.56,5.84,0.0,905000.0,1.0
2022-03-13,16.11,-2.22,6.94,0.0,915000.0,1.0
2022-03-14,22.22,6.67,14.44,0.0,922000.0,1.0
2022-03-15,22.78,12.22,17.5,26.42,935000.0,1.0
2022-03-16,20.56,11.11,15.84,0.0,943000.0,1.0
2022-03-17,25.56,7.78,16.67,0.0,949000.0,1.0
2022-03-18,28.89,14.44,21.66,5.33,956000.0,1.0
2022-03-19,21.11,7.22,14.16,0.0,963000.0,1.0
2022-03-20,25.56,3.89,14.72,0.0,965000.0,1.0
2022-03-21,26.67,8.33,17.5,0.0,967000.0,1.0
2022-03-22,25.56,12.78,19.17,26.92,972000.0,1.0
2022-03-23,19.44,8.33,13.89,0.0,981000.0,1.0
2022-03-24,23.33,5.0,14.16,0.0,981000.0,0.0
2022-03-25,22.78,6.11,14.44,0.0,977000.0,0.0
2022-03-26,26.11,6.11,16.11,0.0,970000.0,0.0
2022-03-27,28.33,8.33,18.33,0.0,965000.0,0.0
2022-03-28,28.89,15.0,21.94,0.0,961000.0,0.0
2022-03-29,28.33,16.11,22.22,0.0,952000.0,0.0
2022-03-30,27.22,13.89,20.56,27.18,945000.0,0.0
2022-03-31,22.22,9.44,15.83,0.0,943000.0,0.0
2022-04-01,24.44,7.78,16.11,0.0,930000.0,0.0
2022-04-02,27.22,10.56,18.89,0.0,918000.0,0.0
2022-04-03,28.33,9.44,18.88,0.0,906000.0,0.0
2022-04-04,28.89,11.11,20.0,0.0,896000.0,0.0
2022-04-05,27.22,16.67,21.94,8.64,891000.0,0.0
2022-04-06,29.44,17.78,23.61,0.0,891000.0,0.0
2022-04-07,21.11,9.44,15.27,0.0,884000.0,0.0
2022-04-08,20.0,8.33,14.16,0.0,870000.0,0.0
2022-04-09,22.78,3.89,13.34,0.0,855000.0,0.0
2022-04-10,27.22,10.0,18.61,0.0,841000.0,0.0
2022-04-11,23.33,14.44,18.88,1.52,830000.0,0.0
2022-04-12,26.11,16.67,21.39,18.29,820000.0,0.0
2022-04-13,28.33,17.22,22.78,37.59,811000.0,0.0
2022-04-14,27.22,13.89,20.56,0.0,805000.0,0.0
2022-04-15,26.67,16.11,21.39,0.0,792000.0,0.0
2022-04-16,29.44,20.56,25.0,0.0,785000.0,0.0
2022-04-17,29.44,19.44,24.44,8.89,781000.0,0.0
2022-04-18,21.11,11.11,16.11,0.0,787000.0,1.0
2022-04-19,22.78,8.33,15.56,0.0,794000.0,1.0
2022-04-20,27.22,10.56,18.89,0.0,804000.0,1.0
2022-04-21,30.0,17.78,23.89,0.0,812000.0,1.0
2022-04-22,28.89,16.67,22.78,0.0,822000.0,1.0
2022-04-23,30.0,15.56,22.78,0.0,833000.0,1.0
2022-04-24,30.0,20.0,25.0,6.1,846000.0,1.0
2022-04-25,28.89,17.78,23.34,1.52,858000.0,1.0
2022-04-26,24.44,14.44,19.44,0.0,869000.0,1.0
2022-04-27,26.67,10.56,18.62,0.0,875000.0,1.0
2022-04-28,28.33,10.56,19.44,0.0,880000.0,1.0
2022-04-29,28.33,11.67,20.0,0.0,879000.0,0.0
2022-04-30,30.56,13.33,21.94,0.0,881000.0,1.0
2022-05-01,29.44,18.89,24.16,4.57,884000.0,1.0
2022-05-02,30.56,19.44,25.0,0.0,882000.0,0.0
2022-05-03,31.11,18.89,25.0,0.0,875000.0,0.0
2022-05-04,31.67,17.78,24.72,0.0,862000.0,0.0
2022-05-05,31.67,18.33,25.0,21.84,846000.0,0.0
2022-05-06,29.44,17.78,23.61,2.29,830000.0,0.0
2022-05-07,31.67,15.0,23.34,0.0,811000.0,0.0
2022-05-08,32.22,21.11,26.66,0.0,796000.0,0.0
2022-05-09,33.89,20.56,27.22,0.0,784000.0,0.0
2022-05-10,31.67,20.56,26.12,0.0,777000.0,0.0
2022-05-11,32.78,18.33,25.56,0.0,777000.0,0.0
2022-05-12,32.78,21.11,26.94,0.0,779000.0,1.0
2022-05-13,31.11,19.44,25.28,13.97,787000.0,1.0
2022-05-14,30.56,17.78,24.17,0.0,796000.0,1.0
2022-05-15,31.11,19.44,25.28,1.52,804000.0,1.0
2022-05-16,32.78,20.56,26.67,0.0,814000.0,1.0
2022-05-17,33.33,22.78,28.06,0.0,823000.0,1.0
2022-05-18,32.78,22.22,27.5,0.0,831000.0,1.0
2022-05-19,32.78,22.78,27.78,0.0,838000.0,1.0
2022-05-20,32.78,21.67,27.22,0.0,845000.0,1.0
2022-05-21,35.0,21.11,28.06,4.06,853000.0,1.0
2022-05-22,31.11,20.56,25.84,33.27,861000.0,1.0
2022-05-23,28.89,21.11,25.0,8.38,867000.0,1.0
2022-05-24,31.67,21.11,26.39,2.54,864000.0,0.0
2022-05-25,26.67,21.11,23.89,6.35,859000.0,0.0
2022-05-26,30.56,18.89,24.72,0.0,846000.0,0.0
2022-05-27,30.0,17.22,23.61,0.0,828000.0,0.0
2022-05-28,30.56,15.0,22.78,0.0,809000.0,0.0
2022-05-29,31.67,16.67,24.17,0.0,789000.0,0.0
2022-05-30,33.33,20.56,26.94,0.0,771000.0,0.0
2022-05-31,32.78,21.67,27.22,1.27,756000.0,0.0
2022-06-01,33.33,22.22,27.78,0.0,743000.0,0.0
2022-06-02,33.33,20.56,26.94,1.52,733000.0,0.0
2022-06-03,30.56,20.56,25.56,0.0,725000.0,0.0
2022-06-04,32.78,21.11,26.94,0.0,715000.0,0.0
2022-06-05,32.78,20.56,26.67,0.0,705000.0,0.0
2022-06-06,33.33,22.22,27.78,0.0,700000.0,0.0
2022-06-07,34.44,22.22,28.33,0.0,697000.0,0.0
2022-06-08,34.44,23.33,28.88,0.0,697000.0,0.0
2022-06-09,34.44,24.44,29.44,0.0,699000.0,1.0
2022-06-10,33.33,21.11,27.22,6.35,698000.0,0.0
2022-06-11,33.89,21.11,27.5,0.0,697000.0,0.0
2022-06-12,35.0,25.0,30.0,0.0,695000.0,0.0
2022-06-13,35.56,26.11,30.84,0.0,693000.0,0.0
2022-06-14,35.0,25.0,30.0,0.0,690000.0,0.0
2022-06-15,36.11,24.44,30.28,0.0,688000.0,0.0
2022-06-16,35.56,23.33,29.44,1.52,686000.0,0.0
2022-06-17,35.56,22.78,29.17,0.0,685000.0,0.0
2022-06-18,36.67,23.89,30.28,0.0,679000.0,0.0
2022-06-19,36.67,24.44,30.56,0.0,671000.0,0.0
2022-06-20,36.67,21.11,28.89,0.0,661000.0,0.0
2022-06-21,36.67,23.33,30.0,1.27,648000.0,0.0
2022-06-22,36.67,22.78,29.72,0.0,632000.0,0.0
2022-06-23,37.22,25.0,31.11,0.0,613000.0,0.0
2022-06-24,37.22,25.56,31.39,0.0,592000.0,0.0
2022-06-25,37.22,23.89,30.56,1.78,570000.0,0.0
2022-06-26,36.11,22.78,29.44,13.21,547000.0,0.0
2022-06-27,31.67,22.22,26.94,5.08,524000.0,0.0
2022-06-28,33.33,22.78,28.06,0.0,502000.0,0.0
2022-06-29,33.89,22.78,28.34,7.87,482000.0,0.0
2022-06-30,31.11,23.33,27.22,43.94,463000.0,0.0
2022-07-01,31.67,23.33,27.5,8.13,444000.0,0.0
2022-07-02,32.22,23.33,27.78,0.25,427000.0,0.0
2022-07-03,34.44,23.89,29.16,0.25,410000.0,0.0
2022-07-04,35.0,24.44,29.72,2.79,394000.0,0.0
2022-07-05,32.22,23.89,28.06,2.29,376000.0,0.0
2022-07-06,33.89,23.33,28.61,0.0,359000.0,0.0
2022-07-07,35.0,23.89,29.44,0.0,346000.0,0.0
2022-07-08,36.11,24.44,30.28,0.0,340000.0,0.0
2022-07-09,35.56,26.11,30.84,0.0,330000.0,0.0
2022-07-10,35.0,23.89,29.44,6.86,320000.0,0.0
2022-07-11,35.56,23.33,29.44,0.0,312000.0,0.0
2022-07-12,36.11,24.44,30.28,1.27,301000.0,0.0
2022-07-13,34.44,22.22,28.33,10.16,288000.0,0.0
2022-07-14,31.67,21.67,26.67,59.44,278000.0,0.0
2022-07-15,35.0,23.33,29.16,0.51,273000.0,0.0
2022-07-16,35.0,23.33,29.16,0.0,274000.0,1.0
2022-07-17,35.56,23.33,29.44,0.0,278000.0,1.0
2022-07-18,33.33,23.33,28.33,0.0,287000.0,1.0
2022-07-19,34.44,25.56,30.0,0.0,294000.0,1.0
2022-07-20,35.0,26.67,30.84,0.0,297000.0,1.0
2022-07-21,35.0,26.11,30.56,0.0,298000.0,1.0
2022-07-22,31.11,22.78,26.94,85.34,298000.0,0.0
2022-07-23,33.33,21.67,27.5,0.0,295000.0,0.0
2022-07-24,35.0,22.78,28.89,0.0,295000.0,0.0
2022-07-25,34.44,23.89,29.16,11.18,297000.0,1.0
2022-07-26,33.89,23.89,28.89,20.32,295000.0,0.0
2022-07-27,34.44,23.33,28.88,0.0,292000.0,0.0
2022-07-28,33.89,23.33,28.61,2.03,294000.0,1.0
2022-07-29,33.33,23.33,28.33,0.0,290000.0,0.0
2022-07-30,33.33,22.78,28.06,25.4,283000.0,0.0
2022-07-31,33.33,22.22,27.78,0.0,278000.0,0.0
2022-08-01,33.33,23.33,28.33,5.08,277000.0,0.0
2022-08-02,31.11,23.89,27.5,4.06,282000.0,1.0
2022-08-03,28.33,23.33,25.83,42.93,294000.0,1.0
2022-08-04,33.33,22.78,28.06,2.29,311000.0,1.0
2022-08-05,32.22,22.78,27.5,5.08,329000.0,1.0
2022-08-06,32.22,23.33,27.78,2.54,345000.0,1.0
2022-08-07,35.0,23.33,29.16,0.0,358000.0,1.0
2022-08-08,33.89,22.78,28.34,0.0,367000.0,1.0
2022-08-09,33.33,23.89,28.61,0.0,374000.0,1.0
2022-08-10,32.78,23.33,28.06,38.86,379000.0,1.0
2022-08-11,31.11,23.33,27.22,1.02,380000.0,1.0
2022-08-12,32.22,22.78,27.5,0.0,377000.0,0.0
2022-08-13,31.67,23.33,27.5,0.0,374000.0,0.0
2022-08-14,33.89,22.78,28.34,0.0,367000.0,0.0
2022-08-15,34.44,24.44,29.44,0.0,360000.0,0.0
2022-08-16,34.44,25.0,29.72,0.0,349000.0,0.0
2022-08-17,34.44,25.0,29.72,0.0,337000.0,0.0
2022-08-18,30.0,25.0,27.5,0.0,327000.0,0.0
2022-08-19,32.78,23.33,28.06,29.72,333000.0,1.0
2022-08-20,30.56,23.33,26.94,20.57,340000.0,1.0
2022-08-21,33.33,23.89,28.61,15.49,330000.0,0.0
2022-08-22,32.78,23.89,28.34,7.11,325000.0,0.0
2022-08-23,31.11,23.89,27.5,39.62,325000.0,0.0
2022-08-24,29.44,23.89,26.66,3.3,335000.0,1.0
2022-08-25,30.0,23.89,26.94,20.32,359000.0,1.0
2022-08-26,30.56,24.44,27.5,15.24,365000.0,1.0
2022-08-27,31.67,23.89,27.78,0.0,365000.0,0.0
2022-08-28,33.89,23.89,28.89,7.11,358000.0,0.0
2022-08-29,33.33,23.89,28.61,0.0,347000.0,0.0
2022-08-30,35.0,23.89,29.44,1.02,333000.0,0.0
2022-08-31,35.0,23.33,29.16,0.0,326000.0,0.0
2022-09-01,35.0,23.89,29.44,0.0,320000.0,0.0
2022-09-02,35.0,23.33,29.16,0.0,314000.0,0.0
2022-09-03,28.33,23.33,25.83,7.62,306000.0,0.0
2022-09-04,27.22,22.78,25.0,1.78,294000.0,0.0
2022-09-05,28.89,22.78,25.84,0.0,282000.0,0.0
2022-09-06,29.44,23.33,26.38,0.25,272000.0,0.0
2022-09-07,32.78,22.22,27.5,0.25,257000.0,0.0
2022-09-08,29.44,21.67,25.56,3.81,244000.0,0.0
2022-09-09,32.22,20.0,26.11,8.13,240000.0,0.0
2022-09-10,31.11,21.11,26.11,0.0,238000.0,0.0
2022-09-11,32.78,21.67,27.22,0.0,235000.0,0.0
2022-09-12,31.67,19.44,25.56,0.0,239000.0,1.0
2022-09-13,30.0,17.22,23.61,0.0,243000.0,1.0
2022-09-14,30.56,16.11,23.34,0.0,248000.0,1.0
2022-09-15,32.78,17.22,25.0,0.0,249000.0,1.0
2022-09-16,33.33,18.33,25.83,0.0,250000.0,1.0
2022-09-17,33.33,20.56,26.94,0.0,248000.0,0.0
2022-09-18,34.44,22.78,28.61,0.0,241000.0,0.0
2022-09-19,33.33,22.78,28.06,0.0,229000.0,0.0
2022-09-20,33.89,21.11,27.5,0.0,219000.0,0.0
2022-09-21,36.11,21.11,28.61,0.0,212000.0,0.0
2022-09-22,36.11,23.33,29.72,0.0,204000.0,0.0
2022-09-23,34.44,22.22,28.33,0.0,197000.0,0.0
2022-09-24,36.11,21.11,28.61,0.0,193000.0,0.0
2022-09-25,34.44,21.67,28.06,0.0,189000.0,0.0
2022-09-26,32.78,18.33,25.56,0.0,187000.0,0.0
2022-09-27,28.89,13.89,21.39,0.0,192000.0,1.0
2022-09-28,28.89,12.22,20.56,0.0,202000.0,1.0
2022-09-29,25.0,11.11,18.06,0.0,193000.0,0.0
2022-09-30,26.67,11.11,18.89,0.0,171000.0,0.0
2022-10-01,28.89,11.67,20.28,0.0,163000.0,0.0
2022-10-02,30.0,10.56,20.28,0.0,163000.0,0.0
2022-10-03,29.44,12.78,21.11,0.0,161000.0,0.0
2022-10-04,28.89,15.56,22.22,0.0,160000.0,0.0
2022-10-05,30.0,16.11,23.06,0.0,159000.0,0.0
2022-10-06,30.0,15.0,22.5,0.0,158000.0,0.0
2022-10-07,32.22,13.89,23.06,0.0,154000.0,0.0
2022-10-08,31.11,17.22,24.16,0.0,154000.0,0.0
2022-10-09,28.33,13.89,21.11,0.0,157000.0,1.0
2022-10-10,28.89,12.22,20.56,0.0,159000.0,1.0
2022-10-11,30.56,12.78,21.67,0.0,164000.0,1.0
2022-10-12,32.22,20.0,26.11,0.0,166000.0,1.0
2022-10-13,30.0,15.0,22.5,2.03,170000.0,1.0
2022-10-14,30.56,11.67,21.12,0.0,174000.0,1.0
2022-10-15,31.67,12.78,22.22,0.0,169000.0,0.0
2022-10-16,31.67,13.89,22.78,0.0,165000.0,0.0
2022-10-17,25.0,13.89,19.44,0.0,162000.0,0.0
2022-10-18,17.22,5.0,11.11,0.0,161000.0,0.0
2022-10-19,18.89,1.11,10.0,0.0,153000.0,0.0
2022-10-20,22.78,1.67,12.23,0.0,139000.0,0.0
2022-10-21,28.89,8.89,18.89,0.0,134000.0,0.0
2022-10-22,28.33,12.22,20.27,0.0,133000.0,0.0
2022-10-23,29.44,14.44,21.94,0.0,136000.0,1.0
2022-10-24,31.11,13.89,22.5,0.0,139000.0,1.0
2022-10-25,25.56,11.11,18.34,2.79,144000.0,1.0
2022-10-26,23.89,8.33,16.11,0.0,141000.0,0.0
2022-10-27,25.56,8.89,17.23,0.0,142000.0,1.0
2022-10-28,23.33,10.0,16.66,0.0,143000.0,1.0
2022-10-29,24.44,15.56,20.0,4.83,153000.0,1.0
2022-10-30,23.89,12.78,18.34,0.0,153000.0,0.0
2022-10-31,26.11,13.33,19.72,0.0,153000.0,0.0
2022-11-01,25.0,12.22,18.61,0.0,152000.0,0.0
2022-11-02,28.33,13.89,21.11,0.0,148000.0,0.0
2022-11-03,30.0,13.89,21.94,0.0,147000.0,0.0
2022-11-04,30.0,16.67,23.34,1.52,152000.0,1.0
2022-11-05,24.44,12.22,18.33,36.58,163000.0,1.0
2022-11-06,31.67,20.0,25.84,1.02,166000.0,1.0
2022-11-07,31.11,18.89,25.0,0.0,165000.0,0.0
2022-11-08,31.67,18.89,25.28,0.0,166000.0,1.0
2022-11-09,28.33,13.89,21.11,0.0,167000.0,1.0
2022-11-10,26.67,10.0,18.34,0.0,177000.0,1.0
2022-11-11,26.67,10.56,18.62,0.0,171000.0,0.0
2022-11-12,17.78,3.33,10.56,2.03,169000.0,0.0
2022-11-13,14.44,1.11,7.78,0.0,168000.0,0.0
2022-11-14,16.11,2.22,9.16,34.54,168000.0,0.0
2022-11-15,14.44,6.11,10.28,1.52,174000.0,1.0
2022-11-16,11.11,4.44,7.78,0.0,164000.0,0.0
2022-11-17,12.78,1.11,6.94,0.0,163000.0,0.0
2022-11-18,15.56,-1.11,7.22,0.0,159000.0,0.0
2022-11-19,9.44,6.67,8.06,6.1,164000.0,1.0
2022-11-20,14.44,2.22,8.33,0.0,172000.0,1.0
2022-11-21,15.0,1.67,8.34,0.0,177000.0,1.0
2022-11-22,16.11,6.67,11.39,0.0,187000.0,1.0
2022-11-23,25.0,7.22,16.11,0.0,203000.0,1.0
2022-11-24,25.0,11.67,18.34,103.12,217000.0,1.0
2022-11-25,21.67,16.67,19.17,6.86,234000.0,1.0
2022-11-26,20.56,13.33,16.94,54.86,244000.0,1.0
2022-11-27,24.44,7.22,15.83,0.0,250000.0,1.0
2022-11-28,23.89,12.22,18.06,0.0,243000.0,0.0
2022-11-29,28.89,13.89,21.39,4.57,244000.0,1.0
2022-11-30,25.0,6.11,15.56,4.06,249000.0,1.0
2022-12-01,17.22,2.78,10.0,0.0,253000.0,1.0
2022-12-02,26.67,3.33,15.0,0.0,248000.0,0.0
2022-12-03,25.0,17.22,21.11,1.78,242000.0,0.0
2022-12-04,22.78,15.0,18.89,0.0,233000.0,0.0
2022-12-05,27.22,18.33,22.78,0.0,224000.0,0.0
2022-12-06,28.89,20.0,24.44,0.0,219000.0,0.0
2022-12-07,28.89,18.33,23.61,0.0,213000.0,0.0
2022-12-08,27.22,17.78,22.5,0.0,212000.0,0.0
2022-12-09,27.78,17.22,22.5,0.0,215000.0,1.0
2022-12-10,26.67,18.33,22.5,0.0,222000.0,1.0
2022-12-11,22.22,15.56,18.89,35.31,244000.0,1.0
2022-12-12,23.89,17.22,20.56,0.0,268000.0,1.0
2022-12-13,25.56,16.11,20.84,0.0,292000.0,1.0
2022-12-14,25.0,8.89,16.94,39.12,312000.0,1.0
2022-12-15,16.67,5.56,11.12,0.0,354000.0,1.0
2022-12-16,17.78,3.33,10.56,0.0,374000.0,1.0
2022-12-17,11.67,1.11,6.39,0.25,378000.0,1.0
2022-12-18,13.33,-1.11,6.11,0.0,392000.0,1.0
2022-12-19,8.89,3.33,6.11,45.97,412000.0,1.0
2022-12-20,13.89,8.33,11.11,3.81,439000.0,1.0
2022-12-21,10.0,8.33,9.16,0.0,451000.0,1.0
2022-12-22,15.0,1.11,8.06,0.51,453000.0,1.0
2022-12-23,1.11,-6.67,-2.78,0.0,454000.0,1.0
2022-12-24,3.89,-5.56,-0.83,0.0,453000.0,0.0
2022-12-25,9.44,-5.56,1.94,0.0,451000.0,0.0
2022-12-26,13.33,-3.89,4.72,0.0,447000.0,0.0
2022-12-27,15.56,-1.11,7.22,0.0,440000.0,0.0
2022-12-28,23.89,3.89,13.89,0.51,427000.0,0.0
2022-12-29,26.67,15.56,21.12,1.02,408000.0,0.0
2022-12-30,19.44,15.0,17.22,55.88,392000.0,0.0
2022-12-31,22.78,13.33,18.06,0.0,380000.0,0.0
2023-01-01,20.56,9.44,15.0,0.0,373000.0,0.0
2023-01-02,27.78,18.89,23.34,0.0,373000.0,0.0
2023-01-03,26.67,20.0,23.34,24.13,373000.0,0.0
2023-01-04,23.33,13.33,18.33,1.02,377000.0,1.0
2023-01-05,20.0,6.67,13.34,0.0,382000.0,1.0
2023-01-06,21.67,5.0,13.34,0.0,391000.0,1.0
2023-01-07,25.0,7.78,16.39,0.0,402000.0,1.0
2023-01-08,18.89,12.22,15.56,12.7,413000.0,1.0
2023-01-09,18.33,6.67,12.5,0.0,420000.0,1.0
2023-01-10,23.33,5.0,14.16,0.0,433000.0,1.0
2023-01-11,27.22,20.0,23.61,0.0,455000.0,1.0
2023-01-12,25.0,11.11,18.06,0.25,489000.0,1.0
2023-01-13,12.22,3.33,7.78,0.0,523000.0,1.0
2023-01-14,14.44,0.0,7.22,0.0,550000.0,1.0
2023-01-15,18.89,0.0,9.44,0.0,570000.0,1.0
2023-01-16,22.22,14.44,18.33,0.0,582000.0,1.0
2023-01-17,27.78,19.0,23.39,0.0,582000.0,0.0
2023-01-18,26.11,16.0,21.06,10.16,569000.0,0.0
2023-01-19,22.78,11.11,16.94,0.76,549000.0,0.0
2023-01-20,15.56,7.22,11.39,0.0,528000.0,0.0
2023-01-21,11.67,8.89,10.28,59.69,511000.0,0.0
2023-01-22,15.56,7.78,11.67,0.0,502000.0,0.0
2023-01-23,15.56,3.33,9.44,0.0,493000.0,0.0
2023-01-24,21.11,6.11,13.61,35.31,487000.0,0.0
2023-01-25,15.56,7.78,11.67,0.0,504000.0,1.0
2023-01-26,13.33,3.33,8.33,0.0,524000.0,1.0
2023-01-27,15.56,0.56,8.06,0.0,537000.0,1.0
2023-01-28,22.22,8.33,15.27,0.0,553000.0,1.0
2023-01-29,22.22,15.0,18.61,102.62,575000.0,1.0
2023-01-30,21.67,17.78,19.73,12.95,601000.0,1.0
2023-01-31,18.89,7.0,12.94,0.0,614000.0,1.0
2023-02-01,10.56,5.56,8.06,0.51,619000.0,1.0
2023-02-02,9.44,6.67,8.06,15.75,629000.0,1.0
2023-02-03,16.11,3.89,10.0,0.0,643000.0,1.0
2023-02-04,16.67,1.11,8.89,0.0,654000.0,1.0
2023-02-05,21.11,5.0,13.06,0.0,659000.0,1.0
2023-02-06,22.22,5.56,13.89,0.0,660000.0,1.0
2023-02-07,26.67,12.22,19.44,0.0,658000.0,0.0
2023-02-08,26.67,17.78,22.22,36.07,654000.0,0.0
2023-02-09,21.67,10.0,15.84,0.0,655000.0,1.0
2023-02-10,16.67,8.89,12.78,0.0,651000.0,0.0
2023-02-11,10.0,7.22,8.61,2.03,646000.0,0.0
2023-02-12,17.78,4.44,11.11,0.0,643000.0,0.0
2023-02-13,22.22,4.44,13.33,0.0,648000.0,1.0
2023-02-14,22.78,11.11,16.94,1.02,657000.0,1.0
2023-02-15,25.56,20.0,22.78,0.0,665000.0,1.0
2023-02-16,27.22,10.0,18.61,30.73,668000.0,1.0
2023-02-17,10.0,3.33,6.66,0.0,671000.0,1.0
2023-02-18,15.0,0.0,7.5,0.0,662000.0,0.0
2023-02-19,20.56,4.44,12.5,0.0,651000.0,0.0
2023-02-20,26.11,13.89,20.0,0.0,642000.0,0.0
2023-02-21,27.22,20.0,23.61,0.0,638000.0,0.0
2023-02-22,27.78,20.56,24.17,0.0,636000.0,0.0
2023-02-23,30.0,21.11,25.56,0.0,635000.0,0.0
2023-02-24,29.44,21.11,25.28,0.0,639000.0,1.0
2023-02-25,29.44,19.44,24.44,0.0,648000.0,1.0
2023-02-26,28.89,18.33,23.61,0.0,658000.0,1.0
2023-02-27,27.22,21.67,24.44,0.0,669000.0,1.0
2023-02-28,30.0,19.44,24.72,0.0,682000.0,1.0
2023-03-01,29.44,21.67,25.56,0.0,694000.0,1.0
2023-03-02,30.56,22.22,26.39,0.0,705000.0,1.0
2023-03-03,25.0,15.56,20.28,0.0,714000.0,1.0
2023-03-04,23.89,10.56,17.23,0.0,719000.0,1.0
2023-03-05,27.78,10.0,18.89,0.0,725000.0,1.0
2023-03-06,30.56,15.0,22.78,0.0,731000.0,1.0
2023-03-07,30.56,22.0,26.28,0.25,735000.0,1.0
2023-03-08,30.0,20.56,25.28,0.0,744000.0,1.0
2023-03-09,29.44,21.11,25.28,0.0,758000.0,1.0
2023-03-10,23.33,17.22,20.27,0.51,777000.0,1.0
2023-03-11,28.89,16.11,22.5,0.0,798000.0,1.0
2023-03-12,27.78,12.78,20.28,0.0,819000.0,1.0
2023-03-13,19.44,10.0,14.72,0.0,840000.0,1.0
2023-03-14,16.11,6.67,11.39,0.0,863000.0,1.0
2023-03-15,20.56,5.0,12.78,0.0,882000.0,1.0
2023-03-16,26.11,6.11,16.11,0.0,901000.0,1.0
2023-03-17,21.11,7.78,14.44,56.39,927000.0,1.0
2023-03-18,11.67,7.78,9.72,0.0,949000.0,1.0
2023-03-19,11.11,1.67,6.39,0.0,960000.0,1.0
2023-03-20,15.56,-1.11,7.22,0.0,964000.0,1.0
2023-03-21,23.33,8.33,15.83,0.0,959000.0,0.0
2023-03-22,28.33,12.78,20.56,0.0,949000.0,0.0
2023-03-23,29.44,17.78,23.61,0.0,930000.0,0.0
2023-03-24,29.44,21.11,25.28,0.0,906000.0,0.0
2023-03-25,30.56,21.11,25.84,0.0,876000.0,0.0
2023-03-26,30.56,22.78,26.67,0.76,839000.0,0.0
2023-03-27,30.0,20.56,25.28,21.59,805000.0,0.0
2023-03-28,26.67,16.67,21.67,7.37,779000.0,0.0
2023-03-29,18.89,10.56,14.73,0.25,765000.0,0.0
2023-03-30,26.67,10.0,18.34,0.0,762000.0,0.0
2023-03-31,28.89,18.89,23.89,0.0,767000.0,1.0
2023-04-01,31.11,19.44,25.28,0.25,776000.0,1.0
2023-04-02,28.33,16.67,22.5,0.0,790000.0,1.0
2023-04-03,30.56,23.33,26.94,0.76,807000.0,1.0
2023-04-04,31.67,23.33,27.5,0.0,825000.0,1.0
2023-04-05,31.67,24.44,28.06,0.0,841000.0,1.0
2023-04-06,30.0,20.0,25.0,27.18,857000.0,1.0
2023-04-07,22.22,16.11,19.16,71.88,885000.0,1.0
2023-04-08,21.11,15.0,18.06,32.26,908000.0,1.0
2023-04-09,20.0,15.0,17.5,0.0,922000.0,1.0
2023-04-10,22.78,13.89,18.34,0.0,935000.0,1.0
2023-04-11,23.89,15.0,19.44,0.0,943000.0,1.0
2023-04-12,21.67,16.67,19.17,0.0,948000.0,1.0
2023-04-13,22.78,16.11,19.44,0.0,950000.0,1.0
2023-04-14,27.78,13.33,20.56,0.0,943000.0,0.0
2023-04-15,23.33,17.78,20.56,23.11,936000.0,0.0
2023-04-16,22.22,12.78,17.5,16.26,930000.0,0.0
2023-04-17,24.44,8.89,16.66,0.0,914000.0,0.0
2023-04-18,22.78,8.89,15.84,0.0,896000.0,0.0
2023-04-19,28.89,12.22,20.56,0.0,873000.0,0.0
2023-04-20,29.44,16.11,22.78,0.0,844000.0,0.0
2023-04-21,27.22,18.89,23.06,14.99,813000.0,0.0
2023-04-22,26.67,12.78,19.73,0.0,781000.0,0.0
2023-04-23,22.78,13.89,18.34,0.0,746000.0,0.0
2023-04-24,23.89,12.22,18.06,0.0,712000.0,0.0
2023-04-25,27.22,12.22,19.72,0.0,681000.0,0.0
2023-04-26,29.44,16.11,22.78,0.0,655000.0,0.0
2023-04-27,27.78,17.78,22.78,10.41,637000.0,0.0
2023-04-28,28.33,16.11,22.22,0.0,621000.0,0.0
2023-04-29,23.33,17.22,20.27,4.06,609000.0,0.0
2023-04-30,27.22,13.33,20.27,0.0,598000.0,0.0
2023-05-01,26.67,13.89,20.28,0.0,585000.0,0.0
2023-05-02,28.33,12.22,20.27,0.0,573000.0,0.0
2023-05-03,30.0,15.0,22.5,0.0,562000.0,0.0
2023-05-04,30.56,13.89,22.22,0.0,551000.0,0.0
2023-05-05,31.11,20.0,25.56,66.8,539000.0,0.0
2023-05-06,24.44,19.44,21.94,32.77,533000.0,0.0
2023-05-07,30.56,19.44,25.0,0.0,528000.0,0.0
2023-05-08,30.0,22.78,26.39,0.0,523000.0,0.0
2023-05-09,29.44,22.22,25.83,3.56,523000.0,0.0
2023-05-10,29.44,21.67,25.56,0.25,526000.0,1.0
2023-05-11,32.22,22.22,27.22,0.0,532000.0,1.0
2023-05-12,32.78,23.33,28.06,0.0,538000.0,1.0
2023-05-13,32.78,23.89,28.34,0.0,546000.0,1.0
2023-05-14,33.33,22.22,27.78,0.0,559000.0,1.0
2023-05-15,33.89,22.22,28.06,0.25,575000.0,1.0
2023-05-16,32.78,21.11,26.94,0.0,590000.0,1.0
2023-05-17,30.0,22.22,26.11,5.33,602000.0,1.0
2023-05-18,31.11,21.11,26.11,0.0,607000.0,1.0
2023-05-19,33.33,20.56,26.94,0.0,609000.0,1.0
2023-05-20,33.33,23.33,28.33,0.0,611000.0,1.0
2023-05-21,27.78,21.11,24.44,0.0,614000.0,1.0
2023-05-22,30.56,20.0,25.28,0.0,616000.0,1.0
2023-05-23,32.22,19.44,25.83,0.0,617000.0,1.0
2023-05-24,30.0,20.56,25.28,0.0,617000.0,0.0
2023-05-25,31.11,18.89,25.0,0.0,617000.0,0.0
2023-05-26,31.11,18.89,25.0,0.0,612000.0,0.0
2023-05-27,31.11,18.33,24.72,0.0,603000.0,0.0
2023-05-28,31.67,17.78,24.72,0.0,590000.0,0.0
2023-05-29,32.22,22.22,27.22,7.11,575000.0,0.0
2023-05-30,32.78,21.67,27.22,0.0,556000.0,0.0
2023-05-31,32.78,20.0,26.39,0.0,536000.0,0.0
2023-06-01,33.33,20.56,26.94,0.0,512000.0,0.0
2023-06-02,33.89,20.56,27.22,0.0,486000.0,0.0
2023-06-03,34.44,21.11,27.78,38.1,458000.0,0.0
2023-06-04,33.89,20.0,26.94,4.06,430000.0,0.0
2023-06-05,30.0,20.0,25.0,11.18,406000.0,0.0
2023-06-06,31.11,19.44,25.28,0.0,389000.0,0.0
2023-06-07,32.78,21.11,26.94,0.25,376000.0,0.0
2023-06-08,33.89,22.22,28.06,0.51,366000.0,0.0
2023-06-09,35.56,21.11,28.34,0.0,352000.0,0.0
2023-06-10,34.44,22.22,28.33,0.0,338000.0,0.0
2023-06-11,33.33,22.22,27.78,1.02,326000.0,0.0
2023-06-12,33.89,24.44,29.16,0.0,314000.0,0.0
2023-06-13,35.0,23.89,29.44,0.0,304000.0,0.0
2023-06-14,35.0,27.22,31.11,0.0,297000.0,0.0
2023-06-15,34.44,27.22,30.83,3.56,289000.0,0.0
2023-06-16,36.11,26.11,31.11,0.0,285000.0,0.0
2023-06-17,36.11,23.33,29.72,13.97,278000.0,0.0
2023-06-18,35.56,26.67,31.12,0.0,275000.0,0.0
2023-06-19,36.11,27.22,31.66,0.25,271000.0,0.0
2023-06-20,35.56,23.33,29.44,3.3,271000.0,0.0
2023-06-21,33.89,22.22,28.06,0.0,272000.0,1.0
2023-06-22,33.33,23.33,28.33,0.0,270000.0,0.0
2023-06-23,35.0,23.33,29.16,0.0,262000.0,0.0
2023-06-24,35.0,25.0,30.0,7.87,258000.0,0.0
2023-06-25,35.56,26.11,30.84,0.0,257000.0,0.0
2023-06-26,32.22,22.78,27.5,5.59,237000.0,0.0
2023-06-27,35.56,26.67,31.12,0.0,225000.0,0.0
2023-06-28,36.11,24.44,30.28,0.0,221000.0,0.0
2023-06-29,36.67,26.67,31.67,0.0,220000.0,0.0
2023-06-30,37.22,27.78,32.5,0.0,217000.0,0.0
2023-07-01,37.22,26.67,31.94,0.0,211000.0,0.0
2023-07-02,35.56,27.78,31.67,0.0,209000.0,0.0
2023-07-03,35.56,26.11,30.84,0.0,209000.0,0.0
2023-07-04,34.44,26.11,30.28,0.25,212000.0,1.0
2023-07-05,35.0,25.0,30.0,3.81,212000.0,0.0
2023-07-06,34.44,25.0,29.72,0.0,212000.0,0.0
2023-07-07,35.56,25.56,30.56,0.0,212000.0,0.0
2023-07-08,33.89,26.11,30.0,0.0,218000.0,1.0
2023-07-09,33.33,26.11,29.72,2.79,225000.0,1.0
2023-07-10,33.89,27.22,30.56,0.0,233000.0,1.0
2023-07-11,36.11,26.11,31.11,0.0,244000.0,1.0
2023-07-12,35.56,26.67,31.12,0.0,255000.0,1.0
2023-07-13,36.67,28.33,32.5,0.0,265000.0,1.0
2023-07-14,36.11,27.22,31.66,0.0,275000.0,1.0
2023-07-15,36.67,27.22,31.94,0.0,282000.0,1.0
2023-07-16,37.22,24.44,30.83,32.0,290000.0,1.0
2023-07-17,35.56,23.33,29.44,0.0,292000.0,1.0
2023-07-18,35.56,24.44,30.0,0.0,290000.0,0.0
2023-07-19,36.11,26.11,31.11,0.0,287000.0,0.0
2023-07-20,37.22,27.22,32.22,0.0,283000.0,0.0
2023-07-21,36.67,27.22,31.94,0.0,275000.0,0.0
2023-07-22,37.22,25.56,31.39,1.02,270000.0,0.0
2023-07-23,34.44,25.0,29.72,0.0,266000.0,0.0
2023-07-24,36.11,22.78,29.44,0.0,262000.0,0.0
2023-07-25,35.56,23.89,29.72,0.0,260000.0,0.0
2023-07-26,36.11,23.33,29.72,0.0,267000.0,1.0
2023-07-27,37.22,24.44,30.83,0.0,280000.0,1.0
2023-07-28,36.11,23.89,30.0,0.0,286000.0,1.0
2023-07-29,37.78,24.44,31.11,0.0,291000.0,1.0
2023-07-30,37.78,26.11,31.94,0.0,290000.0,0.0
2023-07-31,37.78,25.56,31.67,16.26,282000.0,0.0
2023-08-01,39.44,25.56,32.5,0.0,270000.0,0.0
2023-08-02,37.22,26.11,31.66,0.0,267000.0,0.0
2023-08-03,37.78,25.0,31.39,0.0,245000.0,0.0
2023-08-04,38.33,27.78,33.06,0.0,229000.0,0.0
2023-08-05,37.78,27.78,32.78,0.0,218000.0,0.0
2023-08-06,37.78,27.78,32.78,0.0,211000.0,0.0
2023-08-07,37.78,28.33,33.06,0.0,208000.0,0.0
2023-08-08,37.22,28.33,32.78,0.0,204000.0,0.0
2023-08-09,37.78,28.33,33.06,0.0,205000.0,1.0
2023-08-10,38.33,29.44,33.88,0.0,202000.0,0.0
2023-08-11,38.89,28.89,33.89,0.0,215000.0,1.0
2023-08-12,38.33,27.22,32.78,0.0,238000.0,1.0
2023-08-13,37.78,27.78,32.78,0.0,260000.0,1.0
2023-08-14,38.33,26.67,32.5,0.0,278000.0,1.0
2023-08-15,38.33,27.22,32.78,0.0,293000.0,1.0
2023-08-16,35.56,23.33,29.44,0.0,303000.0,1.0
2023-08-17,37.22,20.0,28.61,0.0,302000.0,0.0
2023-08-18,38.33,24.44,31.38,0.0,299000.0,0.0
2023-08-19,39.44,26.67,33.06,0.0,296000.0,0.0
2023-08-20,40.0,27.78,33.89,0.0,297000.0,1.0
2023-08-21,38.89,26.11,32.5,0.0,302000.0,1.0
2023-08-22,38.89,25.0,31.94,0.0,306000.0,1.0
2023-08-23,40.56,27.22,33.89,0.76,304000.0,0.0
2023-08-24,40.56,26.11,33.34,3.05,309000.0,1.0
2023-08-25,38.89,26.11,32.5,0.0,307000.0,0.0
2023-08-26,39.44,27.78,33.61,0.0,301000.0,0.0
2023-08-27,40.56,25.56,33.06,0.0,292000.0,0.0
2023-08-28,35.0,23.89,29.44,33.53,293000.0,1.0
2023-08-29,35.0,23.89,29.44,1.52,284000.0,0.0
2023-08-30,36.67,24.44,30.56,0.0,269000.0,0.0
2023-08-31,36.11,22.22,29.16,0.0,253000.0,0.0
2023-09-01,36.67,22.78,29.72,0.0,234000.0,0.0
2023-09-02,35.0,25.0,30.0,18.8,220000.0,0.0
2023-09-03,36.67,25.0,30.84,0.76,210000.0,0.0
2023-09-04,35.56,25.0,30.28,0.25,211000.0,1.0
2023-09-05,34.44,24.44,29.44,53.59,214000.0,1.0
2023-09-06,37.22,23.33,30.28,0.0,213000.0,0.0
2023-09-07,37.22,24.44,30.83,0.0,213000.0,0.0
2023-09-08,33.33,22.78,28.06,2.29,214000.0,1.0
2023-09-09,32.78,21.67,27.22,0.0,199000.0,0.0
2023-09-10,32.78,21.67,27.22,0.0,192000.0,0.0
2023-09-11,33.89,18.89,26.39,0.0,182000.0,0.0
2023-09-12,33.89,21.11,27.5,0.0,175000.0,0.0
2023-09-13,34.44,22.78,28.61,0.0,169000.0,0.0
2023-09-14,31.67,22.22,26.94,0.0,163000.0,0.0
2023-09-15,33.89,23.33,28.61,0.0,155000.0,0.0
2023-09-16,33.89,22.22,28.06,0.0,148000.0,0.0
2023-09-17,33.89,22.22,28.06,0.0,146000.0,0.0
2023-09-18,34.44,17.78,26.11,0.0,147000.0,1.0
2023-09-19,33.89,16.67,25.28,0.0,145000.0,0.0
2023-09-20,34.44,18.33,26.38,0.0,148000.0,1.0
2023-09-21,35.56,21.11,28.34,0.0,158000.0,1.0
2023-09-22,33.33,23.33,28.33,0.0,156000.0,0.0
2023-09-23,34.44,22.78,28.61,0.0,153000.0,0.0
2023-09-24,34.44,23.33,28.88,0.0,154000.0,1.0
2023-09-25,32.22,24.44,28.33,0.0,153000.0,0.0
2023-09-26,33.33,22.22,27.78,0.0,155000.0,1.0
2023-09-27,36.11,22.22,29.16,0.0,154000.0,0.0
2023-09-28,33.89,21.11,27.5,0.0,168000.0,1.0
2023-09-29,33.89,19.44,26.66,0.0,172000.0,1.0
2023-09-30,35.56,18.89,27.22,0.0,168000.0,0.0
2023-10-01,34.44,20.56,27.5,0.0,167000.0,0.0
2023-10-02,33.33,18.89,26.11,0.0,170000.0,1.0
2023-10-03,33.33,18.89,26.11,0.0,168000.0,0.0
2023-10-04,33.33,19.44,26.38,0.0,160000.0,0.0
2023-10-05,31.67,23.33,27.5,1.02,163000.0,1.0
2023-10-06,30.0,22.22,26.11,0.0,164000.0,1.0
2023-10-07,27.22,16.11,21.66,0.0,173000.0,1.0
2023-10-08,26.67,10.56,18.62,0.0,168000.0,0.0
2023-10-09,28.89,8.89,18.89,0.0,162000.0,0.0
2023-10-10,27.22,13.89,20.56,0.0,163000.0,1.0
2023-10-11,20.56,15.56,18.06,36.32,175000.0,1.0
2023-10-12,26.67,15.56,21.12,0.0,192000.0,1.0
2023-10-13,30.0,16.11,23.06,0.0,167000.0,0.0
2023-10-14,25.56,15.56,20.56,0.0,162000.0,0.0
2023-10-15,21.11,12.22,16.66,0.0,160000.0,0.0
2023-10-16,21.11,10.0,15.56,0.0,148000.0,0.0
2023-10-17,23.33,7.78,15.56,0.0,134000.0,0.0
2023-10-18,25.0,8.89,16.94,0.0,131000.0,0.0
2023-10-19,28.33,11.67,20.0,0.0,134000.0,1.0
2023-10-20,31.67,19.44,25.56,0.0,134000.0,0.0
2023-10-21,31.67,13.33,22.5,0.0,139000.0,1.0
2023-10-22,30.56,16.67,23.62,0.0,141000.0,1.0
2023-10-23,31.67,15.0,23.34,0.0,143000.0,1.0
2023-10-24,30.56,18.89,24.72,0.0,153000.0,1.0
2023-10-25,31.11,19.44,25.28,0.0,157000.0,1.0
2023-10-26,30.0,20.0,25.0,0.0,157000.0,0.0
2023-10-27,31.11,21.11,26.11,0.0,154000.0,0.0
2023-10-28,30.56,19.44,25.0,0.0,156000.0,1.0
2023-10-29,30.56,18.89,24.72,0.0,156000.0,0.0
2023-10-30,21.11,9.44,15.27,0.0,175000.0,1.0
2023-10-31,14.44,7.78,11.11,0.0,183000.0,1.0
2023-11-01,16.11,3.33,9.72,0.0,187000.0,1.0
2023-11-02,21.67,1.67,11.67,0.0,176000.0,0.0
2023-11-03,25.0,6.11,15.56,0.0,168000.0,0.0
2023-11-04,27.22,7.78,17.5,0.0,171000.0,1.0
2023-11-05,27.78,9.44,18.61,0.0,174000.0,1.0
2023-11-06,27.22,10.56,18.89,0.0,183000.0,1.0
2023-11-07,30.0,13.0,21.5,0.0,184000.0,1.0
2023-11-08,28.89,15.56,22.22,0.0,187000.0,1.0
2023-11-09,28.89,16.11,22.5,0.0,194000.0,1.0
2023-11-10,22.22,16.67,19.44,0.76,209000.0,1.0
2023-11-11,18.89,16.11,17.5,0.0,216000.0,1.0
2023-11-12,23.33,15.0,19.16,0.0,212000.0,0.0
2023-11-13,19.44,15.56,17.5,6.6,217000.0,1.0
2023-11-14,15.56,13.89,14.73,35.05,221000.0,1.0
2023-11-15,16.67,14.44,15.56,0.76,232000.0,1.0
2023-11-16,19.44,16.11,17.77,0.0,236000.0,1.0
2023-11-17,25.56,15.0,20.28,0.0,216000.0,0.0
2023-11-18,23.89,12.78,18.34,0.0,198000.0,0.0
2023-11-19,23.33,6.67,15.0,0.0,188000.0,0.0
2023-11-20,29.44,12.22,20.83,34.04,181000.0,0.0
2023-11-21,21.11,12.22,16.66,2.03,185000.0,1.0
2023-11-22,17.22,7.78,12.5,0.0,175000.0,0.0
2023-11-23,13.33,7.22,10.28,1.52,170000.0,0.0
2023-11-24,17.78,8.33,13.06,0.0,166000.0,0.0
2023-11-25,21.11,7.22,14.16,0.0,167000.0,1.0
2023-11-26,21.67,10.0,15.84,0.25,171000.0,1.0
2023-11-27,15.0,3.89,9.44,0.0,167000.0,0.0
2023-11-28,17.78,3.89,10.84,0.0,164000.0,0.0
2023-11-29,18.89,2.78,10.84,0.0,160000.0,0.0
2023-11-30,18.89,7.22,13.06,12.19,170000.0,1.0
2023-12-01,26.11,18.33,22.22,77.22,188000.0,1.0
2023-12-02,24.44,18.89,21.66,3.56,197000.0,1.0
2023-12-03,22.78,13.33,18.06,0.0,197000.0,0.0
2023-12-04,22.22,7.78,15.0,0.0,195000.0,0.0
2023-12-05,18.33,5.56,11.94,0.0,197000.0,1.0
2023-12-06,16.67,3.89,10.28,0.0,196000.0,0.0
2023-12-07,18.89,2.22,10.56,0.0,188000.0,0.0
2023-12-08,22.22,8.33,15.27,0.0,186000.0,0.0
2023-12-09,28.33,13.89,21.11,14.48,189000.0,1.0
2023-12-10,16.67,3.33,10.0,2.54,190000.0,1.0
2023-12-11,17.22,0.56,8.89,0.0,180000.0,0.0
2023-12-12,18.89,2.22,10.56,0.0,177000.0,0.0
2023-12-13,19.44,3.89,11.66,0.0,181000.0,1.0
2023-12-14,21.11,9.44,15.27,0.0,189000.0,1.0
2023-12-15,21.11,10.56,15.84,0.0,204000.0,1.0
2023-12-16,17.22,13.89,15.56,24.38,207000.0,1.0
2023-12-17,17.22,7.22,12.22,0.0,209000.0,1.0
2023-12-18,21.11,5.0,13.06,0.0,193000.0,0.0
2023-12-19,15.56,2.22,8.89,0.0,185000.0,0.0
2023-12-20,19.44,5.0,12.22,0.0,183000.0,0.0
2023-12-21,20.0,7.78,13.89,0.0,185000.0,1.0
2023-12-22,24.44,11.11,17.77,0.0,190000.0,1.0
2023-12-23,23.89,15.56,19.73,0.0,192000.0,1.0
2023-12-24,18.33,17.22,17.77,42.67,200000.0,1.0
2023-12-25,19.44,9.44,14.44,0.0,215000.0,1.0
2023-12-26,15.56,6.11,10.84,0.0,201000.0,0.0
2023-12-27,17.78,7.78,12.78,0.0,189000.0,0.0
2023-12-28,11.67,2.78,7.22,0.0,175000.0,0.0
2023-12-29,12.78,1.11,6.94,0.0,168000.0,0.0
2023-12-30,16.11,1.11,8.61,0.0,166000.0,0.0
2023-12-31,21.11,0.0,10.56,0.0,169000.0,1.0
2024-01-01,17.78,5.56,11.67,0.0,174000.0,1.0
2024-01-02,15.56,1.11,8.34,0.0,181000.0,1.0
2024-01-03,16.67,3.89,10.28,10.16,185000.0,1.0
2024-01-04,16.67,1.67,9.17,0.0,187000.0,1.0
2024-01-05,15.56,2.78,9.17,28.19,185000.0,0.0
2024-01-06,12.78,4.44,8.61,0.0,201000.0,1.0
2024-01-07,16.11,2.78,9.44,0.0,214000.0,1.0
2024-01-08,23.33,8.89,16.11,18.8,231000.0,1.0
2024-01-09,15.0,5.0,10.0,0.25,267000.0,1.0
2024-01-10,16.11,1.11,8.61,0.0,266000.0,0.0
2024-01-11,24.44,8.33,16.39,0.0,260000.0,0.0
2024-01-12,23.89,5.56,14.72,0.51,263000.0,1.0
2024-01-13,14.44,-0.56,6.94,0.0,259000.0,0.0
2024-01-14,21.11,0.56,10.84,0.0,262000.0,1.0
2024-01-15,10.56,-3.33,3.62,2.54,268000.0,1.0
2024-01-16,0.56,-7.22,-3.33,0.0,279000.0,1.0
2024-01-17,7.78,-7.78,0.0,0.0,294000.0,1.0
2024-01-18,18.33,2.78,10.56,1.02,325000.0,1.0
2024-01-19,15.0,2.22,8.61,0.0,370000.0,1.0
2024-01-20,8.89,-1.67,3.61,0.0,412000.0,1.0
2024-01-21,9.44,-2.78,3.33,0.0,446000.0,1.0
2024-01-22,17.78,5.56,11.67,1.27,473000.0,1.0
2024-01-23,20.56,15.56,18.06,5.33,489000.0,1.0
2024-01-24,22.22,18.0,20.11,61.98,506000.0,1.0
2024-01-25,21.11,17.0,19.06,22.61,539000.0,1.0
2024-01-26,20.0,16.11,18.06,11.18,553000.0,1.0
2024-01-27,18.89,12.22,15.56,35.81,564000.0,1.0
2024-01-28,12.22,4.44,8.33,0.0,571000.0,1.0
2024-01-29,19.44,2.78,11.11,0.0,567000.0,0.0
2024-01-30,23.89,4.44,14.16,0.0,564000.0,0.0
2024-01-31,23.33,8.89,16.11,0.0,571000.0,1.0
2024-02-01,20.0,6.67,13.34,0.0,584000.0,1.0
2024-02-02,23.89,5.56,14.72,0.0,602000.0,1.0
2024-02-03,16.11,10.56,13.34,25.65,624000.0,1.0
2024-02-04,20.56,11.11,15.84,0.0,650000.0,1.0
2024-02-05,20.0,10.0,15.0,0.0,666000.0,1.0
2024-02-06,22.22,8.33,15.27,0.0,683000.0,1.0
2024-02-07,21.67,5.56,13.62,0.0,698000.0,1.0
2024-02-08,24.44,13.33,18.89,0.0,712000.0,1.0
2024-02-09,27.22,16.67,21.94,0.0,724000.0,1.0
2024-02-10,26.11,18.33,22.22,0.0,732000.0,1.0
2024-02-11,26.67,20.0,23.34,33.27,736000.0,1.0
2024-02-12,20.0,9.44,14.72,1.02,749000.0,1.0
2024-02-13,17.22,6.67,11.94,0.0,757000.0,1.0
2024-02-14,20.56,3.89,12.22,0.0,759000.0,1.0
2024-02-15,22.22,8.33,15.27,0.0,749000.0,0.0
2024-02-16,19.44,14.44,16.94,0.0,733000.0,0.0
2024-02-17,16.67,5.0,10.84,0.25,717000.0,0.0
2024-02-18,15.0,1.67,8.34,0.0,704000.0,0.0
2024-02-19,17.22,0.0,8.61,0.0,685000.0,0.0
2024-02-20,23.33,3.89,13.61,0.0,666000.0,0.0
2024-02-21,25.0,8.33,16.66,0.0,653000.0,0.0
2024-02-22,26.11,14.44,20.27,0.0,648000.0,0.0
2024-02-23,25.0,13.89,19.44,0.0,648000.0,0.0
2024-02-24,25.56,7.78,16.67,0.0,645000.0,0.0
2024-02-25,26.11,5.56,15.84,0.0,641000.0,0.0
2024-02-26,26.67,10.56,18.62,0.0,634000.0,0.0
2024-02-27,28.89,20.56,24.72,0.0,622000.0,0.0
2024-02-28,25.56,12.22,18.89,0.51,607000.0,0.0
2024-02-29,15.0,12.22,13.61,0.0,591000.0,0.0
2024-03-01,15.56,7.78,11.67,27.18,572000.0,0.0
2024-03-02,23.89,12.78,18.34,0.0,551000.0,0.0
2024-03-03,26.67,18.33,22.5,0.0,532000.0,0.0
2024-03-04,24.44,18.89,21.66,65.79,516000.0,0.0
2024-03-05,22.22,17.22,19.72,26.16,506000.0,0.0
2024-03-06,28.89,13.33,21.11,0.0,490000.0,0.0
2024-03-07,28.33,16.11,22.22,0.0,474000.0,0.0
2024-03-08,27.78,17.78,22.78,23.37,465000.0,0.0
2024-03-09,20.0,13.89,16.94,0.0,471000.0,1.0
2024-03-10,21.11,8.33,14.72,0.0,485000.0,1.0
2024-03-11,22.22,11.11,16.66,0.0,491000.0,1.0
2024-03-12,25.0,8.89,16.94,0.0,491000.0,0.0
2024-03-13,27.78,16.11,21.94,0.0,493000.0,1.0
2024-03-14,30.56,18.89,24.72,0.0,496000.0,1.0
2024-03-15,27.22,17.78,22.5,19.3,497000.0,1.0
2024-03-16,27.22,16.67,21.94,0.0,499000.0,1.0
2024-03-17,23.89,17.78,20.84,24.13,510000.0,1.0
2024-03-18,20.56,10.0,15.28,0.0,536000.0,1.0
2024-03-19,17.78,3.33,10.56,0.0,560000.0,1.0
2024-03-20,22.22,6.11,14.16,0.0,576000.0,1.0
2024-03-21,18.89,9.44,14.16,3.3,587000.0,1.0
2024-03-22,23.33,12.22,17.77,10.41,595000.0,1.0
2024-03-23,24.44,13.33,18.89,0.0,600000.0,1.0
2024-03-24,21.67,8.89,15.28,0.0,603000.0,1.0
2024-03-25,25.0,17.78,21.39,16.0,606000.0,1.0
2024-03-26,24.44,13.89,19.16,20.83,616000.0,1.0
2024-03-27,21.11,11.11,16.11,0.0,618000.0,1.0
2024-03-28,23.89,7.78,15.84,0.0,616000.0,0.0
2024-03-29,25.0,7.78,16.39,0.0,613000.0,0.0
2024-03-30,26.67,12.22,19.44,0.0,610000.0,0.0
2024-03-31,27.22,18.89,23.06,0.0,602000.0,0.0
2024-04-01,28.33,21.67,25.0,0.0,586000.0,0.0
2024-04-02,29.44,18.89,24.16,0.0,567000.0,0.0
2024-04-03,23.33,12.22,17.77,0.0,544000.0,0.0
2024-04-04,25.0,6.67,15.84,0.0,521000.0,0.0
2024-04-05,28.33,12.78,20.56,0.0,498000.0,0.0
2024-04-06,27.22,12.22,19.72,0.0,479000.0,0.0
2024-04-07,26.67,17.78,22.22,0.0,462000.0,0.0
2024-04-08,26.67,20.56,23.62,2.79,448000.0,0.0
2024-04-09,27.22,21.11,24.16,0.0,441000.0,0.0
2024-04-10,23.33,17.22,20.27,30.48,450000.0,1.0
2024-04-11,25.0,15.56,20.28,0.0,497000.0,1.0
2024-04-12,27.22,9.44,18.33,0.0,555000.0,1.0
2024-04-13,28.33,10.0,19.16,0.0,596000.0,1.0
2024-04-14,28.89,13.33,21.11,0.0,631000.0,1.0
2024-04-15,28.89,15.56,22.22,0.0,666000.0,1.0
2024-04-16,30.0,21.67,25.84,0.0,704000.0,1.0
2024-04-17,27.22,22.0,24.61,0.0,735000.0,1.0
2024-04-18,27.78,21.11,24.44,0.0,761000.0,1.0
2024-04-19,31.11,22.22,26.66,0.0,778000.0,1.0
2024-04-20,31.11,18.33,24.72,0.0,789000.0,1.0
2024-04-21,22.22,13.33,17.77,3.3,800000.0,1.0
2024-04-22,22.78,8.33,15.56,0.0,809000.0,1.0
2024-04-23,26.11,8.33,17.22,0.0,811000.0,1.0
2024-04-24,28.89,13.89,21.39,0.0,808000.0,0.0
2024-04-25,30.0,16.67,23.34,0.0,803000.0,0.0
2024-04-26,30.56,18.89,24.72,0.0,797000.0,0.0
2024-04-27,30.56,21.67,26.12,0.0,793000.0,0.0
2024-04-28,30.56,21.67,26.12,0.0,790000.0,0.0
2024-04-29,24.0,16.67,20.34,35.05,792000.0,1.0
2024-04-30,30.56,15.56,23.06,0.0,789000.0,0.0
2024-05-01,32.78,17.22,25.0,0.0,784000.0,0.0
2024-05-02,27.78,22.22,25.0,0.0,775000.0,0.0
2024-05-03,27.22,20.56,23.89,5.59,761000.0,0.0
2024-05-04,31.67,18.89,25.28,0.0,743000.0,0.0
2024-05-05,31.11,21.67,26.39,0.0,727000.0,0.0
2024-05-06,32.22,21.11,26.66,0.0,715000.0,0.0
2024-05-07,31.67,25.56,28.62,0.0,706000.0,0.0
2024-05-08,32.78,26.11,29.44,0.0,705000.0,0.0
2024-05-09,32.78,26.67,29.72,0.0,709000.0,1.0
2024-05-10,32.78,23.89,28.34,0.0,720000.0,1.0
2024-05-11,30.0,20.56,25.28,0.25,732000.0,1.0
2024-05-12,27.22,20.0,23.61,0.51,746000.0,1.0
2024-05-13,27.0,20.0,23.5,32.26,768000.0,1.0
2024-05-14,30.56,20.56,25.56,0.0,803000.0,1.0
2024-05-15,31.67,18.33,25.0,0.0,823000.0,1.0
2024-05-16,32.78,18.89,25.84,58.67,840000.0,1.0
2024-05-17,25.0,20.0,22.5,18.8,862000.0,1.0
2024-05-18,31.11,21.67,26.39,0.25,873000.0,1.0
2024-05-19,35.0,21.67,28.34,0.0,886000.0,1.0
2024-05-20,32.78,24.44,28.61,0.0,895000.0,1.0
2024-05-21,32.78,22.22,27.5,0.0,904000.0,1.0
2024-05-22,32.22,22.78,27.5,0.0,909000.0,1.0
2024-05-23,33.33,24.44,28.88,0.0,911000.0,1.0
2024-05-24,33.33,26.11,29.72,0.0,910000.0,0.0
2024-05-25,34.44,26.11,30.28,0.0,908000.0,0.0
2024-05-26,33.33,26.11,29.72,0.0,903000.0,0.0
2024-05-27,36.11,27.78,31.94,0.0,898000.0,0.0
2024-05-28,35.0,20.56,27.78,0.0,890000.0,0.0
2024-05-29,33.89,20.0,26.94,49.02,879000.0,0.0
2024-05-30,32.22,21.11,26.66,11.43,869000.0,0.0
2024-05-31,30.0,21.0,25.5,24.13,861000.0,0.0
2024-06-01,33.89,22.78,28.34,20.32,850000.0,0.0
2024-06-02,29.44,22.78,26.11,33.78,841000.0,0.0
2024-06-03,32.22,21.11,26.66,3.81,831000.0,0.0
2024-06-04,33.89,20.56,27.22,12.19,823000.0,0.0
2024-06-05,31.11,20.56,25.84,5.84,824000.0,1.0
2024-06-06,33.33,25.0,29.16,0.0,828000.0,1.0
2024-06-07,35.56,23.89,29.72,0.0,836000.0,1.0
2024-06-08,36.11,21.67,28.89,0.0,844000.0,1.0
2024-06-09,34.44,25.0,29.72,0.0,850000.0,1.0
2024-06-10,35.56,25.56,30.56,0.0,856000.0,1.0
2024-06-11,33.89,24.44,29.16,0.0,859000.0,1.0
2024-06-12,33.33,22.78,28.06,0.0,856000.0,0.0
2024-06-13,33.89,22.22,28.06,0.0,849000.0,0.0
2024-06-14,36.11,22.22,29.16,0.0,837000.0,0.0
2024-06-15,36.11,24.44,30.28,0.0,823000.0,0.0
2024-06-16,32.78,23.89,28.34,7.37,808000.0,0.0
2024-06-17,32.22,25.0,28.61,2.03,790000.0,0.0
2024-06-18,28.89,24.44,26.66,4.57,768000.0,0.0
2024-06-19,33.89,25.0,29.44,1.52,747000.0,0.0
2024-06-20,33.33,25.0,29.16,0.0,717000.0,0.0
2024-06-21,35.56,23.89,29.72,0.0,678000.0,0.0
2024-06-22,34.44,23.33,28.88,0.0,641000.0,0.0
2024-06-23,35.56,23.89,29.72,0.0,605000.0,0.0
2024-06-24,36.67,25.56,31.12,0.0,569000.0,0.0
2024-06-25,33.89,25.0,29.44,0.0,535000.0,0.0
2024-06-26,35.0,25.56,30.28,5.59,502000.0,0.0
2024-06-27,33.89,25.0,29.44,0.0,474000.0,0.0
2024-06-28,33.33,25.56,29.44,8.13,450000.0,0.0
2024-06-29,36.11,27.78,31.94,0.25,432000.0,0.0
2024-06-30,35.56,27.22,31.39,0.0,414000.0,0.0
2024-07-01,36.67,25.0,30.84,25.91,402000.0,0.0
2024-07-02,38.33,25.56,31.94,0.0,397000.0,0.0
2024-07-03,36.67,27.22,31.94,0.0,394000.0,0.0
2024-07-04,32.22,26.11,29.16,12.45,388000.0,0.0
2024-07-05,34.44,26.11,30.28,1.78,382000.0,0.0
2024-07-06,35.56,24.44,30.0,0.25,379000.0,0.0
2024-07-07,34.44,25.56,30.0,4.57,379000.0,0.0
2024-07-08,34.44,26.67,30.56,0.0,382000.0,1.0
2024-07-09,33.89,27.78,30.84,0.25,384000.0,1.0
2024-07-10,35.0,27.22,31.11,0.0,389000.0,1.0
2024-07-11,35.0,24.44,29.72,8.13,405000.0,1.0
2024-07-12,34.44,23.89,29.16,0.0,427000.0,1.0
2024-07-13,35.56,26.67,31.12,0.0,451000.0,1.0
2024-07-14,34.44,25.56,30.0,0.0,474000.0,1.0
2024-07-15,35.56,26.11,30.84,0.0,495000.0,1.0
2024-07-16,34.44,25.0,29.72,0.0,507000.0,1.0
2024-07-17,33.33,23.89,28.61,2.54,515000.0,1.0
2024-07-18,32.22,22.78,27.5,4.57,520000.0,1.0
2024-07-19,30.0,23.89,26.94,11.94,525000.0,1.0
2024-07-20,34.44,24.44,29.44,4.32,532000.0,1.0
2024-07-21,31.67,25.0,28.34,0.25,534000.0,1.0
2024-07-22,32.78,23.89,28.34,7.87,532000.0,0.0
2024-07-23,30.56,25.0,27.78,1.27,523000.0,0.0
2024-07-24,32.78,24.0,28.39,17.78,516000.0,0.0
2024-07-25,33.33,23.89,28.61,0.0,518000.0,1.0
2024-07-26,32.22,23.89,28.06,28.19,521000.0,1.0
2024-07-27,32.78,24.0,28.39,6.1,524000.0,1.0
2024-07-28,35.0,25.0,30.0,0.0,523000.0,0.0
2024-07-29,34.44,26.11,30.28,0.0,516000.0,0.0
2024-07-30,35.56,26.67,31.12,0.0,505000.0,0.0
2024-07-31,35.56,27.78,31.67,0.0,492000.0,0.0
2024-08-01,36.11,26.67,31.39,0.0,478000.0,0.0
2024-08-02,35.56,27.78,31.67,0.0,464000.0,0.0
2024-08-03,36.11,25.56,30.84,11.18,449000.0,0.0
2024-08-04,37.22,25.56,31.39,0.0,435000.0,0.0
2024-08-05,37.22,26.11,31.66,0.0,423000.0,0.0
2024-08-06,36.67,27.22,31.94,0.0,410000.0,0.0
2024-08-07,36.11,26.11,31.11,0.0,396000.0,0.0
2024-08-08,35.56,26.11,30.84,0.0,385000.0,0.0
2024-08-09,35.56,23.33,29.44,0.0,378000.0,0.0
2024-08-10,35.0,24.44,29.72,0.0,371000.0,0.0
2024-08-11,36.11,22.78,29.44,0.0,363000.0,0.0
2024-08-12,36.11,23.89,30.0,0.0,352000.0,0.0
2024-08-13,35.56,25.56,30.56,12.95,340000.0,0.0
2024-08-14,36.67,26.67,31.67,0.0,328000.0,0.0
2024-08-15,37.22,24.44,30.83,15.49,320000.0,0.0
2024-08-16,36.11,23.89,30.0,0.0,310000.0,0.0
2024-08-17,37.78,26.11,31.94,0.0,300000.0,0.0
2024-08-18,37.22,25.0,31.11,0.0,291000.0,0.0
2024-08-19,33.89,25.56,29.72,0.0,278000.0,0.0
2024-08-20,35.0,23.89,29.44,0.0,267000.0,0.0
2024-08-21,35.0,21.67,28.34,0.0,260000.0,0.0
2024-08-22,35.56,22.22,28.89,0.0,255000.0,0.0
2024-08-23,35.0,23.33,29.16,0.0,249000.0,0.0
2024-08-24,35.0,22.22,28.61,0.0,248000.0,0.0
2024-08-25,35.0,23.33,29.16,0.0,239000.0,0.0
2024-08-26,35.56,23.89,29.72,0.0,231000.0,0.0
2024-08-27,36.67,23.89,30.28,0.0,226000.0,0.0
2024-08-28,35.56,25.56,30.56,0.0,224000.0,0.0
2024-08-29,32.22,24.44,28.33,0.0,227000.0,1.0
2024-08-30,31.11,23.89,27.5,7.37,230000.0,1.0
2024-08-31,29.44,25.0,27.22,20.07,230000.0,0.0
2024-09-01,33.89,25.0,29.44,0.0,225000.0,0.0
2024-09-02,36.11,23.89,30.0,0.0,217000.0,0.0
2024-09-03,36.11,24.44,30.28,0.0,204000.0,0.0
2024-09-04,30.0,25.0,27.5,1.27,205000.0,1.0
2024-09-05,26.11,25.0,25.56,104.65,205000.0,0.0
2024-09-06,29.44,23.33,26.38,23.11,206000.0,1.0
2024-09-07,30.0,22.78,26.39,0.0,200000.0,0.0
2024-09-08,31.67,20.0,25.84,0.0,197000.0,0.0
2024-09-09,32.22,20.0,26.11,0.0,192000.0,0.0
2024-09-10,28.33,25.0,26.66,1.27,193000.0,1.0
2024-09-11,25.0,23.89,24.44,35.56,204000.0,1.0
2024-09-12,29.44,22.78,26.11,1.78,206000.0,1.0
2024-09-13,32.22,23.33,27.78,0.25,192000.0,0.0
2024-09-14,32.22,22.22,27.22,7.37,192000.0,0.0
2024-09-15,30.56,23.33,26.94,0.0,189000.0,0.0
2024-09-16,33.33,21.67,27.5,0.0,183000.0,0.0
2024-09-17,32.78,23.33,28.06,11.94,185000.0,1.0
2024-09-18,33.89,22.78,28.34,0.0,185000.0,0.0
2024-09-19,35.0,24.44,29.72,0.0,186000.0,1.0
2024-09-20,35.0,23.89,29.44,0.0,187000.0,1.0
2024-09-21,34.44,22.78,28.61,0.0,190000.0,1.0
2024-09-22,34.44,22.22,28.33,0.0,191000.0,1.0
2024-09-23,34.44,22.78,28.61,0.0,190000.0,0.0
2024-09-24,33.33,22.78,28.06,0.0,189000.0,0.0
2024-09-25,33.33,23.89,28.61,0.0,186000.0,0.0
2024-09-26,31.11,21.67,26.39,0.0,191000.0,1.0
2024-09-27,30.56,18.33,24.44,0.0,186000.0,0.0
2024-09-28,32.78,20.0,26.39,0.0,169000.0,0.0
2024-09-29,32.22,18.89,25.56,0.0,158000.0,0.0
2024-09-30,32.22,20.0,26.11,0.0,157000.0,0.0
2024-10-01,32.78,20.0,26.39,0.0,157000.0,0.0
2024-10-02,33.33,20.56,26.94,0.0,164000.0,1.0
2024-10-03,33.33,19.44,26.38,0.0,178000.0,1.0
2024-10-04,28.89,24.44,26.66,3.3,198000.0,1.0
2024-10-05,32.78,23.33,28.06,0.0,227000.0,1.0
2024-10-06,32.78,21.67,27.22,0.0,251000.0,1.0
2024-10-07,33.89,21.11,27.5,0.0,273000.0,1.0
2024-10-08,30.0,17.22,23.61,0.0,282000.0,1.0
2024-10-09,31.67,15.0,23.34,0.0,286000.0,1.0
2024-10-10,32.22,17.22,24.72,0.0,276000.0,0.0
2024-10-11,31.67,15.0,23.34,0.0,263000.0,0.0
2024-10-12,31.11,15.0,23.06,0.0,250000.0,0.0
2024-10-13,31.11,17.22,24.16,0.0,242000.0,0.0
2024-10-14,31.67,21.11,26.39,0.0,231000.0,0.0
2024-10-15,30.56,17.22,23.89,0.0,223000.0,0.0
2024-10-16,22.78,9.44,16.11,0.0,223000.0,0.0
2024-10-17,23.33,7.78,15.56,0.0,211000.0,0.0
2024-10-18,25.56,6.67,16.11,0.0,191000.0,0.0
2024-10-19,28.89,12.22,20.56,0.0,183000.0,0.0
2024-10-20,28.89,13.33,21.11,0.0,176000.0,0.0
2024-10-21,29.44,10.56,20.0,0.0,167000.0,0.0
2024-10-22,30.0,10.56,20.28,0.0,160000.0,0.0
2024-10-23,30.0,11.67,20.84,0.0,151000.0,0.0
2024-10-24,31.11,13.89,22.5,0.0,146000.0,0.0
2024-10-25,31.11,13.89,22.5,0.0,145000.0,0.0
2024-10-26,31.67,15.56,23.62,0.0,140000.0,0.0
2024-10-27,31.11,16.11,23.61,0.0,139000.0,0.0
2024-10-28,31.11,16.11,23.61,0.0,140000.0,1.0
2024-10-29,31.11,17.22,24.16,0.0,142000.0,1.0
2024-10-30,31.11,20.56,25.84,0.0,144000.0,1.0
2024-10-31,27.78,22.22,25.0,40.39,139000.0,0.0
2024-11-01,26.67,22.0,24.34,67.31,138000.0,0.0
2024-11-02,29.44,22.78,26.11,0.0,138000.0,0.0
2024-11-03,30.56,21.67,26.12,0.0,138000.0,0.0
2024-11-04,31.67,23.89,27.78,0.0,146000.0,1.0
2024-11-05,29.44,23.89,26.66,16.0,149000.0,1.0
2024-11-06,32.22,23.33,27.78,0.0,142000.0,0.0
2024-11-07,30.56,22.0,26.28,3.3,147000.0,1.0
2024-11-08,28.33,24.44,26.38,0.0,163000.0,1.0
2024-11-09,28.89,23.89,26.39,10.16,186000.0,1.0
2024-11-10,26.11,21.67,23.89,12.95,211000.0,1.0
2024-11-11,28.33,19.44,23.88,0.0,237000.0,1.0
2024-11-12,22.78,16.67,19.73,0.51,253000.0,1.0
2024-11-13,27.22,21.67,24.44,17.27,259000.0,1.0
2024-11-14,23.89,12.22,18.06,0.0,278000.0,1.0
2024-11-15,24.44,10.0,17.22,0.0,297000.0,1.0
2024-11-16,25.56,10.56,18.06,0.0,314000.0,1.0
2024-11-17,28.89,17.78,23.34,0.0,327000.0,1.0
2024-11-18,28.89,18.33,23.61,15.24,340000.0,1.0
2024-11-19,26.67,15.56,21.12,34.04,356000.0,1.0
2024-11-20,21.11,9.44,15.27,0.0,365000.0,1.0
2024-11-21,20.56,7.22,13.89,0.0,364000.0,0.0
2024-11-22,19.44,6.67,13.06,0.0,360000.0,0.0
2024-11-23,21.11,4.44,12.78,0.0,355000.0,0.0
2024-11-24,25.56,6.67,16.11,0.0,351000.0,0.0
2024-11-25,28.89,13.89,21.39,0.0,347000.0,0.0
2024-11-26,22.22,11.67,16.94,0.0,334000.0,0.0
2024-11-27,26.11,11.11,18.61,0.0,321000.0,0.0
2024-11-28,23.33,11.67,17.5,0.0,309000.0,0.0
2024-11-29,15.56,3.89,9.72,0.0,300000.0,0.0
2024-11-30,16.11,1.11,8.61,0.0,288000.0,0.0
2024-12-01,19.44,3.89,11.66,0.0,264000.0,0.0
2024-12-02,19.44,4.44,11.94,0.0,247000.0,0.0
2024-12-03,17.22,4.44,10.83,0.0,240000.0,0.0
2024-12-04,16.11,3.89,10.0,2.29,236000.0,0.0
2024-12-05,17.78,6.11,11.94,25.4,246000.0,1.0
2024-12-06,13.33,1.11,7.22,0.0,250000.0,1.0
2024-12-07,11.67,4.44,8.06,0.25,253000.0,1.0
2024-12-08,20.0,8.89,14.44,17.78,251000.0,0.0
2024-12-09,22.78,20.0,21.39,56.39,253000.0,1.0
2024-12-10,25.56,14.44,20.0,32.26,254000.0,1.0
2024-12-11,15.0,5.0,10.0,0.0,247000.0,0.0
2024-12-12,16.11,2.78,9.44,0.0,233000.0,0.0
2024-12-13,18.33,6.11,12.22,0.0,219000.0,0.0
2024-12-14,23.33,12.22,17.77,0.0,210000.0,0.0
2024-12-15,26.67,14.44,20.56,0.0,201000.0,0.0
2024-12-16,25.56,19.44,22.5,0.76,194000.0,0.0
2024-12-17,27.22,15.0,21.11,0.0,190000.0,0.0
2024-12-18,25.0,11.67,18.34,0.0,188000.0,0.0
2024-12-19,16.67,7.78,12.23,0.0,194000.0,1.0
2024-12-20,20.56,5.0,12.78,0.0,200000.0,1.0
2024-12-21,13.33,1.67,7.5,0.0,221000.0,1.0
2024-12-22,16.11,0.0,8.06,0.0,248000.0,1.0
2024-12-23,19.44,2.22,10.83,0.0,273000.0,1.0
2024-12-24,23.89,7.78,15.84,0.0,301000.0,1.0
2024-12-25,18.33,13.89,16.11,3.3,333000.0,1.0
2024-12-26,20.56,15.56,18.06,0.0,369000.0,1.0
2024-12-27,26.11,20.0,23.06,3.81,404000.0,1.0
2024-12-28,25.0,13.89,19.44,42.67,442000.0,1.0
2024-12-29,20.0,10.0,15.0,0.0,479000.0,1.0
2024-12-30,23.89,7.22,15.56,0.0,492000.0,1.0
2024-12-31,25.56,10.56,18.06,0.0,507000.0,1.0
2025-01-01,17.22,6.11,11.66,0.0,517000.0,1.0
2025-01-02,17.78,4.44,11.11,0.0,520000.0,1.0
2025-01-03,21.11,8.89,15.0,0.0,520000.0,0.0
2025-01-04,18.33,7.78,13.06,0.0,517000.0,0.0
2025-01-05,26.67,11.11,18.89,10.16,517000.0,0.0
2025-01-06,8.33,0.56,4.44,0.0,519000.0,1.0
2025-01-07,9.44,-1.11,4.16,0.0,520000.0,1.0
2025-01-08,8.89,-1.11,3.89,0.0,523000.0,1.0
2025-01-09,7.78,-0.56,3.61,1.02,525000.0,1.0
2025-01-10,10.0,4.44,7.22,29.21,532000.0,1.0
2025-01-11,10.56,1.11,5.84,0.0,536000.0,1.0
2025-01-12,10.56,0.0,5.28,8.89,547000.0,1.0
2025-01-13,17.78,5.56,11.67,0.0,558000.0,1.0
2025-01-14,14.44,1.11,7.78,0.0,559000.0,1.0
2025-01-15,16.11,8.89,12.5,0.0,553000.0,0.0
2025-01-16,19.44,3.33,11.39,0.0,545000.0,0.0
2025-01-17,17.78,1.67,9.73,0.0,533000.0,0.0
2025-01-18,25.0,11.67,18.34,0.0,519000.0,0.0
2025-01-19,10.56,-0.56,5.0,0.0,499000.0,0.0
2025-01-20,5.56,-3.89,0.83,0.0,476000.0,0.0
2025-01-21,2.22,-10.0,-3.89,7.87,456000.0,0.0
2025-01-22,2.22,-13.33,-5.56,0.0,435000.0,0.0
2025-01-23,10.56,-5.56,2.5,0.0,409000.0,0.0
2025-01-24,12.22,-0.56,5.83,0.0,388000.0,0.0
2025-01-25,16.11,-3.33,6.39,0.0,373000.0,0.0
2025-01-26,20.56,11.11,15.84,0.0,366000.0,0.0
2025-01-27,17.22,11.11,14.16,13.97,368000.0,1.0
2025-01-28,17.22,9.44,13.33,0.0,379000.0,1.0
2025-01-29,25.56,10.56,18.06,0.0,390000.0,1.0
2025-01-30,26.67,17.78,22.22,0.51,395000.0,1.0
2025-01-31,23.33,11.67,17.5,5.59,400000.0,1.0
2025-02-01,21.67,6.11,13.89,0.0,403000.0,1.0
2025-02-02,23.33,5.56,14.44,0.0,398000.0,0.0
2025-02-03,27.78,10.0,18.89,0.0,395000.0,0.0
2025-02-04,25.0,17.78,21.39,0.0,407000.0,1.0
2025-02-05,27.22,17.78,22.5,0.0,425000.0,1.0
2025-02-06,30.0,20.0,25.0,0.0,436000.0,1.0
2025-02-07,28.89,18.89,23.89,0.0,447000.0,1.0
2025-02-08,27.78,18.89,23.34,0.0,464000.0,1.0
2025-02-09,27.78,20.0,23.89,0.0,487000.0,1.0
2025-02-10,22.22,13.89,18.06,0.0,511000.0,1.0
2025-02-11,23.89,15.0,19.44,0.25,534000.0,1.0
2025-02-12,27.78,16.67,22.22,5.08,558000.0,1.0
2025-02-13,14.44,7.78,11.11,0.0,597000.0,1.0
2025-02-14,17.22,3.89,10.56,0.0,632000.0,1.0
2025-02-15,28.33,17.78,23.06,18.03,660000.0,1.0
2025-02-16,21.11,3.89,12.5,0.0,690000.0,1.0
2025-02-17,14.44,1.11,7.78,0.0,719000.0,1.0
2025-02-18,17.22,3.89,10.56,4.06,741000.0,1.0
2025-02-19,12.78,-1.67,5.56,8.89,772000.0,1.0
2025-02-20,6.11,-3.89,1.11,0.0,797000.0,1.0
2025-02-21,9.44,-3.89,2.77,0.0,818000.0,1.0
2025-02-22,12.78,5.56,9.17,4.32,834000.0,1.0
2025-02-23,11.11,7.22,9.16,50.29,862000.0,1.0
2025-02-24,18.33,7.78,13.06,1.02,892000.0,1.0
2025-02-25,22.22,6.11,14.16,0.0,911000.0,1.0
2025-02-26,23.89,6.11,15.0,0.0,927000.0,1.0
2025-02-27,23.33,10.0,16.66,0.0,941000.0,1.0
2025-02-28,23.89,5.56,14.72,0.0,954000.0,1.0
2025-03-01,27.78,7.22,17.5,0.0,965000.0,1.0
2025-03-02,21.11,8.33,14.72,0.0,973000.0,1.0
2025-03-03,20.0,7.22,13.61,0.0,976000.0,1.0
2025-03-04,22.78,12.78,17.78,16.51,980000.0,1.0
2025-03-05,18.33,9.44,13.88,0.0,982000.0,1.0
2025-03-06,19.44,3.33,11.39,0.0,967000.0,0.0
2025-03-07,26.11,7.22,16.66,0.0,954000.0,0.0
2025-03-08,24.44,15.0,19.72,0.25,942000.0,0.0
2025-03-09,20.0,11.11,15.56,0.25,925000.0,0.0
2025-03-10,23.33,8.89,16.11,0.0,898000.0,0.0
2025-03-11,25.0,6.11,15.56,0.0,865000.0,0.0
2025-03-12,26.11,8.89,17.5,0.0,828000.0,0.0
2025-03-13,28.89,16.11,22.5,0.0,788000.0,0.0
2025-03-14,28.33,17.78,23.06,0.0,749000.0,0.0
2025-03-15,26.11,17.22,21.66,50.29,715000.0,0.0
2025-03-16,20.56,8.89,14.72,0.0,687000.0,0.0
2025-03-17,23.33,4.44,13.88,0.0,661000.0,0.0
2025-03-18,24.44,7.78,16.11,0.0,644000.0,0.0
2025-03-19,27.22,16.67,21.94,0.0,631000.0,0.0
2025-03-20,18.33,6.67,12.5,0.0,615000.0,0.0
2025-03-21,20.0,2.22,11.11,0.0,595000.0,0.0
2025-03-22,26.11,7.22,16.66,0.0,580000.0,0.0
2025-03-23,25.0,15.56,20.28,0.25,574000.0,0.0
2025-03-24,26.67,16.67,21.67,25.4,579000.0,1.0
2025-03-25,28.89,15.56,22.22,0.0,593000.0,1.0
2025-03-26,28.89,16.67,22.78,0.0,605000.0,1.0
2025-03-27,26.67,16.67,21.67,0.0,614000.0,1.0
2025-03-28,25.0,18.33,21.66,0.0,620000.0,1.0
2025-03-29,25.0,18.89,21.94,40.64,623000.0,1.0
2025-03-30,30.0,18.89,24.44,0.0,617000.0,0.0
2025-03-31,27.0,18.89,22.94,23.88,604000.0,0.0
2025-04-01,25.56,18.33,21.94,0.0,585000.0,0.0
2025-04-02,30.56,23.33,26.94,0.0,564000.0,0.0
2025-04-03,31.11,24.44,27.78,0.0,541000.0,0.0
2025-04-04,30.0,25.56,27.78,0.0,518000.0,0.0
2025-04-05,31.11,24.44,27.78,3.3,499000.0,0.0
2025-04-06,25.0,12.78,18.89,26.92,495000.0,0.0
2025-04-07,16.11,8.89,12.5,0.0,523000.0,1.0
2025-04-08,22.78,6.11,14.44,0.0,562000.0,1.0
2025-04-09,24.44,8.89,16.66,0.0,611000.0,1.0
2025-04-10,27.22,10.56,18.89,0.0,662000.0,1.0
2025-04-11,26.67,15.0,20.84,0.0,714000.0,1.0
2025-04-12,24.44,9.44,16.94,0.0,760000.0,1.0
2025-04-13,27.78,10.56,19.17,0.0,801000.0,1.0
2025-04-14,27.22,12.78,20.0,0.0,839000.0,1.0
2025-04-15,26.67,13.33,20.0,0.0,879000.0,1.0
2025-04-16,26.11,8.89,17.5,0.0,916000.0,1.0
2025-04-17,29.44,13.33,21.38,0.0,949000.0,1.0
2025-04-18,31.11,19.44,25.28,0.0,982000.0,1.0
2025-04-19,29.44,21.11,25.28,0.0,1010000.0,1.0
2025-04-20,29.44,21.67,25.56,0.0,1040000.0,1.0
2025-04-21,30.0,20.56,25.28,28.7,1070000.0,1.0
2025-04-22,28.89,19.0,23.94,34.8,1110000.0,1.0
2025-04-23,28.89,18.89,23.89,0.0,1140000.0,1.0
2025-04-24,26.67,20.56,23.62,27.18,1170000.0,1.0
2025-04-25,30.0,18.89,24.44,0.0,1190000.0,1.0
2025-04-26,31.11,17.22,24.16,0.0,1220000.0,1.0
2025-04-27,30.0,19.44,24.72,0.0,1240000.0,1.0
2025-04-28,30.0,18.89,24.44,0.0,1250000.0,1.0
2025-04-29,31.11,19.44,25.28,0.0,1250000.0,0.0
2025-04-30,30.0,19.44,24.72,0.0,1250000.0,0.0
2025-05-01,30.0,17.78,23.89,1.02,1250000.0,0.0
2025-05-02,30.0,18.89,24.44,7.37,1250000.0,0.0
2025-05-03,26.11,17.78,21.94,0.51,1250000.0,0.0
2025-05-04,25.56,13.33,19.44,0.0,1240000.0,0.0
2025-05-05,27.22,11.67,19.44,0.76,1220000.0,0.0
2025-05-06,25.56,18.89,22.22,37.85,1190000.0,0.0
2025-05-07,25.56,18.33,21.94,34.54,1180000.0,0.0
2025-05-08,30.0,15.56,22.78,0.0,1170000.0,0.0
2025-05-09,22.78,18.0,20.39,26.42,1150000.0,0.0
2025-05-10,24.44,15.56,20.0,0.0,1130000.0,0.0
2025-05-11,23.89,15.0,19.44,0.0,1090000.0,0.0
2025-05-12,23.89,16.67,20.28,0.76,1070000.0,0.0
2025-05-13,30.0,17.22,23.61,0.0,1040000.0,0.0
2025-05-14,31.11,22.22,26.66,0.0,1020000.0,0.0
2025-05-15,32.78,23.89,28.34,0.0,1010000.0,0.0
2025-05-16,32.22,24.44,28.33,0.0,992000.0,0.0
2025-05-17,32.22,25.0,28.61,0.0,979000.0,0.0
2025-05-18,31.67,25.0,28.34,0.0,967000.0,0.0
2025-05-19,32.22,23.89,28.06,0.0,953000.0,0.0
2025-05-20,32.78,23.89,28.34,0.0,940000.0,0.0
2025-05-21,26.11,17.78,21.94,8.64,926000.0,0.0
2025-05-22,32.22,17.78,25.0,0.0,909000.0,0.0
2025-05-23,34.44,20.56,27.5,31.75,892000.0,0.0
2025-05-24,32.22,20.0,26.11,0.0,873000.0,0.0
2025-05-25,32.78,23.33,28.06,0.0,856000.0,0.0
2025-05-26,32.22,21.67,26.94,1.52,844000.0,0.0
2025-05-27,32.22,21.11,26.66,12.19,842000.0,0.0
2025-05-28,31.11,20.56,25.84,45.21,843000.0,1.0
2025-05-29,30.0,20.56,25.28,7.62,847000.0,1.0
2025-05-30,30.56,21.67,26.12,0.0,845000.0,0.0
2025-05-31,30.0,19.44,24.72,0.0,846000.0,1.0
2025-06-01,30.56,17.78,24.17,0.51,845000.0,0.0
2025-06-02,31.67,20.0,25.84,0.0,845000.0,0.0
2025-06-03,31.11,21.11,26.11,0.0,844000.0,0.0
2025-06-04,32.78,21.67,27.22,0.0,842000.0,0.0
2025-06-05,33.89,22.78,28.34,0.0,834000.0,0.0
2025-06-06,33.89,24.44,29.16,0.0,823000.0,0.0
2025-06-07,33.89,24.0,28.94,0.0,810000.0,0.0
2025-06-08,33.89,25.56,29.72,0.0,795000.0,0.0
2025-06-09,32.22,25.56,28.89,0.0,780000.0,0.0
2025-06-10,32.22,21.11,26.66,16.51,766000.0,0.0
2025-06-11,32.78,20.0,26.39,17.02,757000.0,0.0
2025-06-12,33.33,21.67,27.5,0.76,752000.0,0.0
2025-06-13,30.0,21.67,25.84,8.38,752000.0,0.0
2025-06-14,31.11,22.22,26.66,2.29,757000.0,1.0
2025-06-15,32.22,21.67,26.94,4.83,766000.0,1.0
2025-06-16,30.56,23.33,26.94,1.02,776000.0,1.0
2025-06-17,31.67,25.0,28.34,0.25,783000.0,1.0
2025-06-18,32.78,23.33,28.06,1.78,791000.0,1.0
2025-06-19,33.89,22.22,28.06,25.91,800000.0,1.0
2025-06-20,33.89,22.22,28.06,24.89,809000.0,1.0
2025-06-21,34.44,23.89,29.16,0.0,815000.0,1.0
2025-06-22,34.44,23.89,29.16,0.0,821000.0,1.0
2025-06-23,33.89,23.33,28.61,0.0,825000.0,1.0
2025-06-24,32.78,23.33,28.06,0.0,828000.0,1.0
2025-06-25,34.44,23.89,29.16,0.0,829000.0,1.0
2025-06-26,32.78,23.89,28.34,0.0,830000.0,1.0
2025-06-27,33.89,23.89,28.89,0.51,833000.0,1.0
2025-06-28,32.78,22.22,27.5,0.0,834000.0,1.0
2025-06-29,31.11,23.33,27.22,62.99,835000.0,1.0
2025-06-30,33.33,23.89,28.61,0.0,833000.0,0.0
2025-07-01,33.33,23.89,28.61,0.0,830000.0,0.0
2025-07-02,33.33,25.0,29.16,0.51,827000.0,0.0
2025-07-03,33.33,23.33,28.33,4.06,821000.0,0.0
2025-07-04,32.22,24.44,28.33,0.0,810000.0,0.0
2025-07-05,34.44,23.89,29.16,0.0,791000.0,0.0
2025-07-06,33.89,23.33,28.61,0.25,770000.0,0.0
2025-07-07,32.22,22.78,27.5,12.95,747000.0,0.0
2025-07-08,32.22,22.78,27.5,0.25,723000.0,0.0
2025-07-09,31.67,23.33,27.5,1.02,700000.0,0.0
2025-07-10,31.11,22.78,26.94,4.06,684000.0,0.0
2025-07-11,33.33,22.22,27.78,0.0,671000.0,0.0
2025-07-12,32.22,23.89,28.06,25.65,659000.0,0.0
2025-07-13,31.67,23.33,27.5,7.11,647000.0,0.0
2025-07-14,32.22,22.78,27.5,2.29,635000.0,0.0
2025-07-15,34.44,22.78,28.61,0.0,621000.0,0.0
2025-07-16,33.89,25.0,29.44,0.0,606000.0,0.0
2025-07-17,30.0,24.0,27.0,40.64,590000.0,0.0
2025-07-18,31.67,23.89,27.78,0.0,573000.0,0.0
2025-07-19,32.78,23.89,28.34,0.0,550000.0,0.0
2025-07-20,35.0,24.44,29.72,0.0,527000.0,0.0
2025-07-21,35.0,24.44,29.72,0.0,507000.0,0.0
2025-07-22,35.0,25.56,30.28,0.0,491000.0,0.0
2025-07-23,33.33,26.11,29.72,0.0,479000.0,0.0
2025-07-24,33.33,25.56,29.44,2.79,472000.0,0.0
2025-07-25,32.78,24.44,28.61,13.72,469000.0,0.0
2025-07-26,31.67,23.89,27.78,0.0,470000.0,1.0
2025-07-27,35.0,23.33,29.16,20.57,478000.0,1.0
2025-07-28,34.44,24.44,29.44,0.0,480000.0,1.0
2025-07-29,35.56,25.56,30.56,0.0,481000.0,1.0
2025-07-30,36.11,23.33,29.72,3.56,489000.0,1.0
2025-07-31,33.33,22.78,28.06,0.0,491000.0,1.0
2025-08-01,32.78,23.89,28.34,0.0,485000.0,0.0
2025-08-02,32.22,23.33,27.78,0.0,475000.0,0.0
2025-08-03,31.67,23.89,27.78,0.0,462000.0,0.0
2025-08-04,32.78,22.22,27.5,0.0,449000.0,0.0
2025-08-05,33.33,23.89,28.61,3.81,444000.0,0.0
2025-08-06,34.44,23.33,28.88,0.25,440000.0,0.0
2025-08-07,33.33,23.33,28.33,20.57,442000.0,1.0
2025-08-08,33.33,22.22,27.78,0.0,441000.0,0.0
2025-08-09,33.33,23.89,28.61,0.0,437000.0,0.0
2025-08-10,32.78,22.78,27.78,0.0,432000.0,0.0
2025-08-11,34.44,24.44,29.44,0.0,425000.0,0.0
2025-08-12,33.33,24.44,28.88,0.0,413000.0,0.0
2025-08-13,35.56,25.56,30.56,0.0,400000.0,0.0
2025-08-14,33.89,23.89,28.89,0.0,389000.0,0.0
2025-08-15,33.33,23.33,28.33,5.84,382000.0,0.0
2025-08-16,34.44,22.78,28.61,0.0,373000.0,0.0
2025-08-17,35.56,24.44,30.0,0.51,361000.0,0.0
2025-08-18,35.56,22.78,29.17,0.0,352000.0,0.0
2025-08-19,35.0,22.22,28.61,42.67,341000.0,0.0
2025-08-20,35.0,22.78,28.89,0.0,328000.0,0.0
2025-08-21,34.44,22.78,28.61,11.68,324000.0,0.0
2025-08-22,32.22,23.89,28.06,0.51,323000.0,0.0
2025-08-23,33.33,22.78,28.06,0.0,322000.0,0.0
2025-08-24,33.33,21.67,27.5,0.0,319000.0,0.0
2025-08-25,34.44,22.22,28.33,0.0,314000.0,0.0
2025-08-26,34.44,21.67,28.06,0.0,308000.0,0.0
2025-08-27,32.22,23.33,27.78,0.0,300000.0,0.0
2025-08-28,32.22,22.78,27.5,0.0,293000.0,0.0
2025-08-29,27.22,22.78,25.0,47.24,291000.0,0.0
2025-08-30,30.56,22.22,26.39,16.76,296000.0,1.0
2025-08-31,31.67,21.67,26.67,,299000.0,1.0
2025-09-01,32.78,22.22,27.5,0.0,294000.0,0.0
2025-09-02,32.22,22.78,27.5,0.0,291000.0,0.0
2025-09-03,32.22,20.56,26.39,0.0,287000.0,0.0
2025-09-04,33.33,22.22,27.78,0.0,284000.0,0.0
2025-09-05,33.89,23.89,28.89,0.0,279000.0,0.0
2025-09-06,32.22,22.78,27.5,0.0,275000.0,0.0
2025-09-07,31.11,20.56,25.84,0.0,267000.0,0.0
2025-09-08,29.44,17.78,23.61,0.0,265000.0,0.0
2025-09-09,31.67,16.67,24.17,56.9,255000.0,0.0
2025-09-10,32.78,21.67,27.22,0.0,251000.0,0.0
2025-09-11,32.78,21.67,27.22,0.0,242000.0,0.0
2025-09-12,33.89,20.0,26.94,0.0,231000.0,0.0
2025-09-13,34.44,21.11,27.78,0.0,222000.0,0.0
2025-09-14,33.33,20.56,26.94,0.0,217000.0,0.0
2025-09-15,32.78,21.11,26.94,0.0,209000.0,0.0
2025-09-16,33.33,22.22,27.78,0.0,204000.0,0.0
2025-09-17,32.78,21.67,27.22,0.0,202000.0,0.0
2025-09-18,33.33,19.44,26.38,0.0,202000.0,0.0
2025-09-19,34.44,19.44,26.94,0.0,199000.0,0.0
2025-09-20,34.44,19.44,26.94,0.0,195000.0,0.0
2025-09-21,34.44,21.11,27.78,0.0,188000.0,0.0
2025-09-22,32.78,21.67,27.22,35.05,185000.0,0.0
2025-09-23,33.33,22.22,27.78,0.0,184000.0,0.0
2025-09-24,32.78,23.33,28.06,5.08,181000.0,0.0
2025-09-25,28.33,22.22,25.28,0.0,182000.0,1.0
2025-09-26,30.56,18.89,24.72,0.0,185000.0,1.0
2025-09-27,31.11,17.78,24.44,0.0,189000.0,1.0
2025-09-28,32.78,17.78,25.28,0.0,190000.0,1.0
2025-09-29,33.33,19.44,26.38,0.0,191000.0,1.0
2025-09-30,32.78,20.0,26.39,0.0,192000.0,1.0
2025-10-01,32.22,18.89,25.56,0.0,193000.0,1.0
2025-10-02,32.78,21.11,26.94,0.0,192000.0,0.0
2025-10-03,30.56,20.0,25.28,0.0,206000.0,1.0
2025-10-04,30.56,19.44,25.0,0.0,224000.0,1.0
2025-10-05,28.89,22.78,25.84,2.03,230000.0,1.0
2025-10-06,31.67,22.78,27.22,37.08,222000.0,0.0
2025-10-07,32.22,23.33,27.78,0.0,207000.0,0.0
2025-10-08,31.11,22.22,26.66,5.84,203000.0,0.0
2025-10-09,31.11,20.56,25.84,0.0,197000.0,0.0
2025-10-10,29.44,15.0,22.22,0.0,192000.0,0.0
2025-10-11,28.33,16.11,22.22,0.0,190000.0,0.0
2025-10-12,28.33,13.89,21.11,0.0,185000.0,0.0
2025-10-13,29.44,13.89,21.66,0.0,181000.0,0.0
2025-10-14,30.0,15.56,22.78,0.0,179000.0,0.0
2025-10-15,30.56,15.56,23.06,0.0,183000.0,1.0
2025-10-16,31.11,15.0,23.06,0.0,190000.0,1.0
2025-10-17,30.56,16.67,23.62,0.0,191000.0,1.0
2025-10-18,30.56,18.89,24.72,10.16,193000.0,1.0
2025-10-19,28.33,14.44,21.38,6.1,189000.0,0.0
2025-10-20,27.78,10.0,18.89,0.0,187000.0,0.0
2025-10-21,30.0,16.11,23.06,0.0,180000.0,0.0
2025-10-22,26.11,11.67,18.89,0.0,175000.0,0.0
2025-10-23,26.67,10.0,18.34,0.0,173000.0,0.0
2025-10-24,27.78,11.67,19.73,0.0,165000.0,0.0
2025-10-25,22.22,17.78,20.0,23.62,167000.0,1.0
2025-10-26,27.78,19.44,23.61,30.73,172000.0,1.0
2025-10-27,26.11,15.0,20.56,0.0,184000.0,1.0
2025-10-28,25.56,14.44,20.0,0.25,191000.0,1.0
2025-10-29,21.11,12.22,16.66,0.0,185000.0,0.0
2025-10-30,18.89,8.33,13.61,0.0,178000.0,0.0
2025-10-31,20.0,6.11,13.06,0.0,173000.0,0.0
2025-11-01,21.67,7.22,14.44,0.0,163000.0,0.0
2025-11-02,20.56,7.78,14.17,0.0,171000.0,1.0
2025-11-03,21.11,5.56,13.34,0.0,178000.0,1.0
2025-11-04,23.33,6.11,14.72,0.0,179000.0,1.0
2025-11-05,25.0,8.33,16.66,0.0,183000.0,1.0
2025-11-06,25.56,11.67,18.61,0.0,189000.0,1.0
2025-11-07,28.89,18.33,23.61,0.0,197000.0,1.0
2025-11-08,27.78,17.22,22.5,0.0,199000.0,1.0
2025-11-09,21.11,8.89,15.0,0.76,199000.0,0.0
2025-11-10,11.67,1.11,6.39,0.0,192000.0,0.0
2025-11-11,16.11,-1.11,7.5,0.0,181000.0,0.0
2025-11-12,24.44,5.0,14.72,0.0,172000.0,0.0
2025-11-13,25.0,10.56,17.78,0.0,165000.0,0.0
2025-11-14,26.11,10.56,18.34,0.0,160000.0,0.0
2025-11-15,27.22,10.56,18.89,0.0,156000.0,0.0
2025-11-16,27.22,12.22,19.72,0.0,156000.0,0.0
2025-11-17,25.0,14.44,19.72,0.0,154000.0,0.0
2025-11-18,28.89,16.67,22.78,0.0,156000.0,1.0
2025-11-19,27.78,15.56,21.67,0.0,159000.0,1.0
2025-11-20,27.78,15.56,21.67,0.0,160000.0,1.0
2025-11-21,27.78,20.0,23.89,2.29,165000.0,1.0
2025-11-22,28.33,18.89,23.61,0.0,161000.0,0.0
2025-11-23,24.44,11.11,17.77,0.0,156000.0,0.0
2025-11-24,26.67,11.11,18.89,0.0,159000.0,1.0
2025-11-25,27.22,16.11,21.66,0.25,165000.0,1.0
2025-11-26,20.56,8.89,14.72,0.0,172000.0,1.0
2025-11-27,17.22,3.33,10.27,0.0,181000.0,1.0
2025-11-28,15.56,1.67,8.62,0.0,189000.0,1.0
2025-11-29,21.11,4.44,12.78,0.0,200000.0,1.0
2025-11-30,16.11,7.22,11.66,17.02,215000.0,1.0
2025-12-01,14.44,7.22,10.83,2.54,235000.0,1.0
2025-12-02,7.78,1.67,4.72,0.25,243000.0,1.0
2025-12-03,11.11,0.0,5.56,2.79,239000.0,0.0
2025-12-04,13.0,7.78,10.39,119.13,251000.0,1.0
2025-12-05,8.33,5.56,6.94,0.25,255000.0,1.0
2025-12-06,13.89,7.78,10.84,2.03,256000.0,1.0
2025-12-07,20.56,11.67,16.11,6.6,254000.0,0.0
2025-12-08,13.89,6.11,10.0,0.0,250000.0,0.0
2025-12-09,13.33,1.67,7.5,0.0,241000.0,0.0
2025-12-10,22.22,2.78,12.5,0.0,224000.0,0.0
2025-12-11,17.22,3.33,10.27,0.0,215000.0,0.0
2025-12-12,22.78,5.0,13.89,0.25,210000.0,0.0
2025-12-13,25.56,12.22,18.89,0.0,196000.0,0.0
2025-12-14,17.78,-1.11,8.34,15.49,194000.0,0.0
2025-12-15,10.0,-3.33,3.34,0.0,199000.0,1.0
2025-12-16,16.67,-2.22,7.22,0.0,185000.0,0.0
2025-12-17,18.33,8.89,13.61,0.0,178000.0,0.0
2025-12-18,27.22,12.22,19.72,0.25,179000.0,1.0
2025-12-19,18.33,4.44,11.38,0.0,178000.0,0.0
2025-12-20,24.44,2.78,13.61,0.0,170000.0,0.0
2025-12-21,26.11,18.89,22.5,4.83,167000.0,0.0
2025-12-22,22.78,16.11,19.44,6.1,162000.0,0.0
2025-12-23,26.11,14.0,20.06,0.0,163000.0,1.0
2025-12-24,25.0,13.33,19.16,0.0,158000.0,0.0
2025-12-25,25.0,12.78,18.89,0.0,152000.0,0.0
2025-12-26,26.11,16.67,21.39,0.0,152000.0,0.0
2025-12-27,26.67,18.33,22.5,0.0,157000.0,1.0
2025-12-28,26.67,15.56,21.12,1.02,169000.0,1.0
2025-12-29,20.0,3.33,11.66,1.02,188000.0,1.0
2025-12-30,10.56,0.56,5.56,0.0,200000.0,1.0
2025-12-31,16.11,-1.67,7.22,0.0,205000.0,1.0
2026-01-01,21.67,2.22,11.94,0.0,209000.0,1.0
2026-01-02,25.0,12.22,18.61,0.0,208000.0,0.0
2026-01-03,26.11,11.67,18.89,0.0,206000.0,0.0
2026-01-04,15.56,11.11,13.34,0.0,198000.0,0.0
2026-01-05,22.78,7.78,15.28,0.0,190000.0,0.0
2026-01-06,27.22,12.78,20.0,0.0,189000.0,0.0
2026-01-07,26.11,17.22,21.66,0.0,190000.0,1.0
2026-01-08,27.78,17.78,22.78,0.0,194000.0,1.0
2026-01-09,26.67,21.11,23.89,39.88,202000.0,1.0
2026-01-10,23.89,11.11,17.5,30.23,208000.0,1.0
2026-01-11,16.67,5.56,11.12,0.0,205000.0,0.0
2026-01-12,14.44,1.11,7.78,0.0,205000.0,0.0
2026-01-13,17.22,1.11,9.16,0.0,201000.0,0.0
2026-01-14,19.44,8.89,14.16,0.76,200000.0,0.0
2026-01-15,12.22,0.56,6.39,0.0,198000.0,0.0
2026-01-16,21.67,0.0,10.84,0.0,191000.0,0.0
2026-01-17,14.44,5.0,9.72,0.76,188000.0,0.0
2026-01-18,8.33,-2.78,2.78,0.0,193000.0,1.0
2026-01-19,16.11,-2.78,6.66,0.0,193000.0,0.0
2026-01-20,18.33,0.56,9.44,0.0,193000.0,0.0
2026-01-21,20.0,6.67,13.34,1.78,201000.0,1.0
2026-01-22,18.89,13.89,16.39,0.25,210000.0,1.0
2026-01-23,19.44,12.78,16.11,0.0,222000.0,1.0
2026-01-24,12.78,7.78,10.28,62.99,237000.0,1.0
2026-01-25,10.56,-1.67,4.44,13.97,246000.0,1.0
2026-01-26,3.33,-5.0,-0.84,0.0,248000.0,1.0
2026-01-27,9.44,-7.22,1.11,0.0,252000.0,1.0
2026-01-28,12.78,-3.33,4.72,0.0,257000.0,1.0
2026-01-29,15.56,-3.33,6.12,0.0,255000.0,0.0
2026-01-30,15.0,1.67,8.34,0.0,251000.0,0.0
2026-01-31,1.67,-5.56,-1.94,0.0,240000.0,0.0
2026-02-01,7.78,-6.67,0.56,0.0,220000.0,0.0
2026-02-02,17.78,-3.33,7.22,0.0,211000.0,0.0
2026-02-03,22.78,3.89,13.34,4.32,213000.0,1.0
2026-02-04,15.56,5.0,10.28,12.45,231000.0,1.0
2026-02-05,12.78,0.0,6.39,0.0,243000.0,1.0
2026-02-06,25.0,6.11,15.56,0.0,254000.0,1.0
2026-02-07,21.67,6.11,13.89,0.0,263000.0,1.0
2026-02-08,23.89,2.22,13.06,0.0,268000.0,1.0
2026-02-09,25.0,12.78,18.89,0.0,268000.0,0.0
2026-02-10,26.11,12.78,19.44,0.0,264000.0,0.0
2026-02-11,27.78,13.33,20.56,0.0,255000.0,0.0
2026-02-12,24.44,13.89,19.16,0.0,248000.0,0.0
2026-02-13,25.56,15.56,20.56,0.0,239000.0,0.0
2026-02-14,24.44,14.44,19.44,21.59,227000.0,0.0
2026-02-15,22.22,13.33,17.77,6.35,223000.0,0.0
2026-02-16,19.44,11.11,15.28,0.0,210000.0,0.0
2026-02-17,22.22,10.56,16.39,0.0,207000.0,0.0
2026-02-18,26.11,16.11,21.11,0.0,209000.0,1.0
2026-02-19,30.56,19.44,25.0,0.0,223000.0,1.0
2026-02-20,29.44,20.56,25.0,0.0,247000.0,1.0
2026-02-21,27.78,13.33,20.56,2.54,267000.0,1.0
2026-02-22,16.11,6.67,11.39,0.0,281000.0,1.0
2026-02-23,13.89,2.78,8.34,0.0,292000.0,1.0
2026-02-24,18.33,-1.11,8.61,0.0,296000.0,1.0
2026-02-25,23.33,7.22,15.27,0.0,303000.0,1.0
2026-02-26,26.11,17.22,21.66,0.0,317000.0,1.0
2026-02-27,28.33,13.89,21.11,0.51,328000.0,1.0
2026-02-28,26.67,11.67,19.17,0.0,336000.0,1.0
2026-03-01,26.67,8.89,17.78,0.0,341000.0,1.0
2026-03-02,27.22,9.44,18.33,0.0,346000.0,1.0
2026-03-03,29.44,13.33,21.38,0.0,352000.0,1.0
2026-03-04,23.33,18.33,20.83,5.84,362000.0,1.0
2026-03-05,29.44,18.89,24.16,0.0,368000.0,1.0
2026-03-06,31.11,20.0,25.56,0.0,373000.0,1.0
2026-03-07,31.11,19.44,25.28,48.77,369000.0,0.0
2026-03-08,26.11,18.33,22.22,24.64,372000.0,1.0
2026-03-09,29.44,17.78,23.61,0.0,363000.0,0.0
2026-03-10,30.0,20.56,25.28,0.0,350000.0,0.0
2026-03-11,30.0,16.67,23.34,24.38,347000.0,0.0
2026-03-12,18.33,7.78,13.06,0.51,368000.0,1.0
2026-03-13,23.33,5.0,14.16,0.0,406000.0,1.0
2026-03-14,25.56,8.33,16.94,0.0,451000.0,1.0
2026-03-15,28.89,12.22,20.56,2.79,492000.0,1.0
2026-03-16,12.78,5.0,8.89,3.81,528000.0,1.0
2026-03-17,14.44,0.0,7.22,0.0,562000.0,1.0
2026-03-18,18.33,2.22,10.27,0.0,585000.0,1.0
2026-03-19,24.44,4.44,14.44,0.0,601000.0,1.0
2026-03-20,26.11,10.0,18.06,0.0,612000.0,1.0
2026-03-21,27.78,12.22,20.0,0.0,620000.0,1.0
2026-03-22,28.89,17.22,23.06,0.0,623000.0,1.0
2026-03-23,28.33,14.44,21.38,0.0,625000.0,1.0
2026-03-24,27.78,12.22,20.0,0.0,624000.0,0.0
2026-03-25,28.89,13.89,21.39,0.0,619000.0,0.0
2026-03-26,29.44,15.56,22.5,0.0,611000.0,0.0
2026-03-27,29.44,15.56,22.5,0.0,596000.0,0.0
2026-03-28,24.44,12.78,18.61,0.0,575000.0,0.0
2026-03-29,27.22,10.0,18.61,0.0,549000.0,0.0
2026-03-30,28.33,18.33,23.33,0.25,517000.0,0.0
2026-03-31,31.11,20.0,25.56,0.0,480000.0,0.0
2026-04-01,30.56,16.67,23.62,0.0,443000.0,0.0
2026-04-02,28.33,20.0,24.16,14.73,,
2026-04-03,28.89,20.0,24.44,0.51,387000.0,
2026-04-04,28.89,20.56,24.72,16.51,368000.0,0.0
2026-04-05,22.22,14.44,18.33,21.59,359000.0,0.0
2026-04-06,21.67,9.44,15.56,0.0,355000.0,0.0
2026-04-07,26.11,6.67,16.39,0.0,359000.0,1.0
2026-04-08,26.67,10.56,18.62,0.0,367000.0,1.0
2026-04-09,25.0,14.44,19.72,0.0,386000.0,1.0
2026-04-10,28.33,14.44,21.38,0.0,401000.0,1.0
2026-04-11,28.89,15.56,22.22,0.0,411000.0,1.0
2026-04-12,28.89,13.33,21.11,0.0,424000.0,1.0
2026-04-13,30.0,17.78,23.89,0.0,443000.0,1.0
2026-04-14,29.44,16.67,23.06,0.0,465000.0,1.0
2026-04-15,30.0,14.44,22.22,0.0,480000.0,1.0
2026-04-16,29.44,17.78,23.61,0.0,490000.0,1.0
2026-04-17,30.0,18.33,24.16,0.0,496000.0,1.0
2026-04-18,28.89,15.56,22.22,3.56,496000.0,0.0
2026-04-19,21.67,10.56,16.12,10.92,492000.0,0.0
2026-04-20,23.89,8.33,16.11,0.0,488000.0,0.0
2026-04-21,25.0,10.0,17.5,0.0,480000.0,0.0
2026-04-22,28.33,16.67,22.5,0.0,470000.0,0.0
2026-04-23,28.89,16.11,22.5,0.0,464000.0,0.0
2026-04-24,29.44,17.78,23.61,0.0,459000.0,0.0
2026-04-25,29.44,18.33,23.88,12.7,459000.0,0.0
2026-04-26,31.11,21.11,26.11,0.0,461000.0,1.0
2026-04-27,32.22,22.78,27.5,0.0,470000.0,1.0
2026-04-28,31.11,21.67,26.39,0.0,481000.0,1.0
2026-04-29,31.11,20.0,25.56,4.06,490000.0,1.0
2026-04-30,24.44,18.33,21.38,17.53,506000.0,1.0
2026-05-01,18.33,11.67,15.0,53.34,523000.0,1.0
2026-05-02,22.78,10.56,16.67,3.56,541000.0,1.0
2026-05-03,25.56,8.33,16.94,0.0,546000.0,1.0
2026-05-04,26.67,10.56,18.62,0.0,545000.0,0.0
2026-05-05,28.33,13.89,21.11,0.0,543000.0,0.0
2026-05-06,30.0,22.78,26.39,0.0,545000.0,1.0
2026-05-07,25.0,16.11,20.56,0.51,553000.0,1.0
2026-05-08,20.56,17.22,18.89,82.55,570000.0,1.0
2026-05-09,22.22,18.33,20.27,54.36,589000.0,1.0
2026-05-10,30.0,18.33,24.16,0.0,599000.0,1.0
2026-05-11,27.22,19.44,23.33,45.21,601000.0,1.0
2026-05-12,28.89,19.44,24.16,0.76,601000.0,0.0
2026-05-13,30.0,17.22,23.61,0.0,588000.0,0.0
2026-05-14,31.11,16.67,23.89,0.0,569000.0,0.0
2026-05-15,31.67,18.33,25.0,0.0,550000.0,0.0
2026-05-16,30.56,19.44,25.0,0.0,530000.0,0.0
2026-05-17,31.67,20.56,26.12,0.0,509000.0,0.0
2026-05-18,33.89,22.22,28.06,0.0,488000.0,0.0
2026-05-19,33.33,23.89,28.61,5.08,468000.0,0.0
2026-05-20,30.0,22.78,26.39,6.86,453000.0,0.0
2026-05-21,27.78,22.22,25.0,19.3,438000.0,0.0
2026-05-22,31.11,21.67,26.39,0.0,428000.0,0.0
2026-05-23,26.11,20.56,23.34,10.67,424000.0,0.0
2026-05-24,26.11,20.0,23.06,0.0,413000.0,0.0
2026-05-25,27.78,20.56,24.17,0.51,404000.0,0.0
2026-05-26,31.67,19.44,25.56,0.0,407000.0,1.0
2026-05-27,30.56,23.33,26.94,8.38,415000.0,1.0
2026-05-28,31.11,23.89,27.5,3.56,430000.0,1.0
2026-05-29,32.78,22.78,27.78,0.0,453000.0,1.0
2026-05-30,33.33,23.89,28.61,0.0,480000.0,1.0
2026-05-31,33.89,23.33,28.61,0.0,506000.0,1.0
2026-06-01,32.78,23.89,28.34,1.27,533000.0,1.0
2026-06-02,32.22,21.11,26.66,13.72,559000.0,1.0
2026-06-03,30.56,21.67,26.12,0.51,583000.0,1.0
2026-06-04,30.56,20.56,25.56,0.0,599000.0,1.0
2026-06-05,31.67,19.44,25.56,0.0,608000.0,1.0
2026-06-06,31.11,23.89,27.5,27.43,612000.0,1.0
2026-06-07,32.22,25.0,28.61,1.27,616000.0,1.0
2026-06-08,32.22,23.89,28.06,0.0,615000.0,0.0
2026-06-09,33.89,22.22,28.06,0.0,612000.0,0.0
2026-06-10,33.89,21.67,27.78,0.0,607000.0,0.0
2026-06-11,34.44,22.78,28.61,0.0,597000.0,0.0
2026-06-12,33.89,23.89,28.89,30.99,582000.0,0.0
2026-06-13,34.44,23.89,29.16,0.0,560000.0,0.0
2026-06-14,34.44,24.44,29.44,0.0,531000.0,0.0
2026-06-15,31.11,23.33,27.22,39.37,502000.0,0.0
2026-06-16,28.33,23.33,25.83,100.84,495000.0,0.0
2026-06-17,32.22,23.89,28.06,2.29,516000.0,1.0
2026-06-18,33.33,23.89,28.61,0.0,523000.0,1.0
2026-06-19,34.44,23.33,28.88,1.27,543000.0,1.0
2026-06-20,29.44,22.78,26.11,7.62,560000.0,1.0
2026-06-21,32.22,22.78,27.5,0.0,567000.0,1.0
2026-06-22,32.78,26.67,29.72,0.0,579000.0,1.0
2026-06-23,33.89,24.44,29.16,0.0,590000.0,1.0
2026-06-24,33.33,23.89,28.61,0.0,596000.0,1.0
2026-06-25,32.78,22.78,27.78,0.0,598000.0,1.0
2026-06-26,33.89,23.33,28.61,0.0,601000.0,1.0
2026-06-27,34.44,24.44,29.44,0.0,608000.0,1.0
2026-06-28,35.0,24.44,29.72,0.0,616000.0,1.0
2026-06-29,35.56,24.44,30.0,0.0,626000.0,1.0
2026-06-30,35.0,23.89,29.44,0.0,634000.0,1.0
2026-07-01,36.11,23.89,30.0,17.53,642000.0,1.0
2026-07-02,32.22,22.78,27.5,5.08,647000.0,1.0
2026-07-03,34.44,23.33,28.88,0.25,648000.0,1.0
2026-07-04,35.56,23.33,29.44,0.0,648000.0,0.0
2026-07-05,33.33,22.78,28.06,11.68,650000.0,1.0
2026-07-06,33.89,22.22,28.06,0.25,651000.0,1.0
2026-07-07,32.22,22.22,27.22,0.0,654000.0,1.0
2026-07-08,35.56,22.22,28.89,3.81,657000.0,1.0
2026-07-09,33.89,22.78,28.34,0.0,658000.0,1.0
2026-07-10,31.11,23.89,27.5,4.57,655000.0,0.0
2026-07-11,33.89,23.33,28.61,28.45,644000.0,0.0
2026-07-12,31.67,22.78,27.22,26.16,626000.0,0.0
2026-07-13,27.22,23.89,25.56,0.0,608000.0,0.0
2026-07-14,28.33,22.78,25.56,1.78,586000.0,0.0
2026-07-15,33.33,22.78,28.06,0.0,,
2026-07-16,33.89,23.89,28.89,0.0,,
2026-07-17,34.44,24.44,29.44,0.0,550000.0,
2026-07-18,35.0,24.44,29.72,0.0,553000.0,1.0
2026-07-19,35.0,23.33,29.16,0.0,554000.0,1.0
2026-07-20,35.56,24.44,30.0,2.79,554000.0,0.0
2026-07-21,33.89,26.11,30.0,18.29,553000.0,0.0
2026-07-22,35.0,25.0,30.0,0.0,546000.0,0.0
2026-07-23,33.33,26.11,29.72,0.51,530000.0,0.0
2026-07-24,35.0,24.44,29.72,0.0,503000.0,0.0
2026-07-25,34.44,23.89,29.16,0.0,471000.0,0.0
2026-07-26,35.0,25.0,30.0,0.0,441000.0,0.0
2026-07-27,35.0,25.56,30.28,0.0,412000.0,0.0
2026-07-28,34.44,25.0,29.72,0.0,390000.0,0.0
2026-07-29,33.89,25.56,29.72,0.0,371000.0,0.0
2026-07-30,35.56,26.67,31.12,0.0,355000.0,0.0
2026-07-31,35.0,26.11,30.56,0.0,347000.0,0.0
2026-08-01,35.56,25.0,30.28,0.0,341000.0,0.0
2026-08-02,32.22,24.44,28.33,0.0,334000.0,0.0
2026-08-03,33.89,22.22,28.06,0.0,325000.0,0.0
2026-08-04,35.56,22.22,28.89,0.0,315000.0,0.0
2026-08-05,35.56,23.89,29.72,0.0,304000.0,0.0
2026-08-06,32.78,23.89,28.34,0.0,289000.0,0.0
2026-08-07,36.67,23.33,30.0,0.0,273000.0,0.0
2026-08-08,35.56,22.78,29.17,0.0,261000.0,0.0
2026-08-09,36.11,22.78,29.44,3.3,255000.0,0.0
2026-08-10,31.11,23.89,27.5,15.24,247000.0,0.0
2026-08-11,35.56,23.33,29.44,0.0,242000.0,0.0
2026-08-12,35.56,25.0,30.28,0.0,240000.0,0.0
2026-08-13,36.67,26.67,31.67,0.0,236000.0,0.0
2026-08-14,36.11,23.33,29.72,0.0,235000.0,0.0
2026-08-15,36.67,25.0,30.84,0.0,236000.0,1.0
2026-08-16,36.11,25.56,30.84,0.0,240000.0,1.0
2026-08-17,36.67,26.11,31.39,0.0,242000.0,1.0
2026-08-18,36.11,26.11,31.11,0.0,246000.0,1.0
2026-08-19,36.11,25.56,30.84,0.0,246000.0,0.0
2026-08-20,35.56,25.56,30.56,0.0,249000.0,1.0
2026-08-21,37.22,23.33,30.28,6.35,258000.0,1.0
2026-08-22,36.67,23.33,30.0,0.0,272000.0,1.0
2026-08-23,36.67,26.11,31.39,0.0,289000.0,1.0
2026-08-24,33.89,24.44,29.16,12.45,311000.0,1.0
2026-08-25,33.89,23.33,28.61,0.0,336000.0,1.0
2026-08-26,36.11,23.33,29.72,0.0,355000.0,1.0
2026-08-27,31.67,23.33,27.5,19.81,373000.0,1.0
2026-08-28,35.56,24.44,30.0,0.0,393000.0,1.0
2026-08-29,36.11,23.33,29.72,0.0,407000.0,1.0
2026-08-30,35.56,23.33,29.44,0.0,416000.0,1.0
2026-08-31,33.33,23.89,28.61,10.67,416000.0,0.0
2026-09-01,31.67,24.44,28.06,11.43,411000.0,0.0
2026-09-02,35.0,23.33,29.16,0.0,398000.0,0.0
2026-09-03,35.56,23.33,29.44,0.0,382000.0,0.0
2026-09-04,32.78,23.89,28.34,0.0,362000.0,0.0
2026-09-05,33.33,23.33,28.33,11.43,341000.0,0.0
2026-09-06,34.44,23.33,28.88,0.0,320000.0,0.0
2026-09-07,34.44,22.78,28.61,10.16,299000.0,0.0
2026-09-08,35.0,22.22,28.61,0.0,281000.0,0.0
2026-09-09,35.56,23.33,29.44,0.0,266000.0,0.0
2026-09-10,31.67,23.33,27.5,0.0,248000.0,0.0
2026-09-11,33.33,23.33,28.33,3.3,231000.0,0.0
2026-09-12,35.56,22.22,28.89,0.0,218000.0,0.0
2026-09-13,35.0,22.78,28.89,0.0,213000.0,0.0
2026-09-14,35.0,23.33,29.16,0.0,208000.0,0.0
2026-09-15,35.0,23.33,29.16,0.0,208000.0,0.0
2026-09-16,35.56,24.44,30.0,1.27,208000.0,0.0
2026-09-17,34.44,22.22,28.33,0.0,211000.0,1.0
2026-09-18,34.44,20.56,27.5,0.0,204000.0,0.0
2026-09-19,35.0,20.0,27.5,0.0,198000.0,0.0
2026-09-20,35.56,20.56,28.06,0.0,199000.0,1.0
2026-09-21,35.56,22.78,29.17,0.0,206000.0,1.0
2026-09-22,35.0,21.67,28.34,10.92,211000.0,1.0
2026-09-23,36.67,22.22,29.44,0.0,216000.0,1.0
2026-09-24,32.22,21.67,26.94,0.0,218000.0,1.0
2026-09-25,32.78,19.44,26.11,0.0,219000.0,1.0
2026-09-26,32.78,17.78,25.28,0.0,216000.0,0.0
2026-09-27,32.78,19.44,26.11,0.0,212000.0,0.0
2026-09-28,35.0,22.22,28.61,0.0,213000.0,1.0
2026-09-29,33.89,21.11,27.5,0.0,221000.0,1.0
2026-09-30,35.0,20.0,27.5,0.0,241000.0,1.0
2026-10-01,31.40,23.70,27.55,2.30,267000.0,1.0
2026-10-02,32.30,23.90,28.10,5.00,292000.0,1.0
2026-10-03,31.10,23.90,27.50,10.90,317000.0,1.0
2026-10-04,26.90,23.10,25.00,27.50,335000.0,1.0
2026-10-05,28.20,23.10,25.65,0.70,347000.0,1.0
2026-10-06,30.20,21.80,26.00,0.10,356000.0,1.0
2026-10-07,30.70,21.20,25.95,0.00,351000.0,0.0
2026-10-08,30.20,19.20,24.70,0.00,340000.0,0.0
