date,tmax_c,tmin_c,tmean_c,precip_mm,flow_cfs,rising
2016-10-01,28.89,17.22,23.06,0.0,541.0,
2016-10-02,29.44,17.78,23.61,0.0,470.0,0.0
2016-10-03,30.0,18.33,24.16,0.0,472.0,1.0
2016-10-04,32.22,20.56,26.39,0.0,463.0,0.0
2016-10-05,33.89,23.89,28.89,0.0,442.0,0.0
2016-10-06,33.33,23.89,28.61,0.0,456.0,1.0
2016-10-07,26.67,16.67,21.67,26.67,2820.0,1.0
2016-10-08,26.67,12.78,19.73,0.0,3390.0,1.0
2016-10-09,25.0,12.22,18.61,0.0,1140.0,0.0
2016-10-10,27.78,13.33,20.56,0.0,778.0,0.0
2016-10-11,35.56,8.89,22.22,0.0,707.0,0.0
2016-10-12,32.78,18.89,25.84,0.0,587.0,0.0
2016-10-13,23.89,15.56,19.73,0.0,543.0,0.0
2016-10-14,24.44,16.67,20.56,3.56,583.0,1.0
2016-10-15,31.11,21.11,26.11,0.0,610.0,1.0
2016-10-16,32.22,22.78,27.5,0.0,577.0,0.0
2016-10-17,33.33,22.78,28.06,0.0,555.0,0.0
2016-10-18,33.89,23.33,28.61,0.0,510.0,0.0
2016-10-19,32.78,23.33,28.06,0.0,479.0,0.0
2016-10-20,25.56,16.11,20.84,9.4,1000.0,1.0
2016-10-21,23.89,11.67,17.78,0.0,1580.0,1.0
2016-10-22,,,,0.0,834.0,0.0
2016-10-23,27.22,13.33,20.27,0.0,617.0,0.0
2016-10-24,28.89,19.44,24.16,0.0,564.0,0.0
2016-10-25,27.78,18.33,23.06,0.0,475.0,0.0
2016-10-26,29.44,18.33,23.88,0.0,449.0,0.0
2016-10-27,31.11,19.44,25.28,0.0,441.0,0.0
2016-10-28,30.0,18.33,24.16,0.0,434.0,0.0
2016-10-29,30.0,19.44,24.72,0.0,405.0,0.0
2016-10-30,31.11,18.33,24.72,0.0,390.0,0.0
2016-10-31,30.56,17.22,23.89,0.0,399.0,1.0
2016-11-01,30.56,21.67,26.12,0.0,421.0,1.0
2016-11-02,29.0,22.78,25.89,0.0,405.0,0.0
2016-11-03,25.0,20.0,22.5,20.57,2020.0,1.0
2016-11-04,24.44,18.89,21.66,0.0,2600.0,1.0
2016-11-05,22.22,16.11,19.16,0.0,1060.0,0.0
2016-11-06,21.11,16.67,18.89,8.89,861.0,0.0
2016-11-07,20.56,16.67,18.62,82.04,1590.0,1.0
2016-11-08,18.89,16.67,17.78,4.06,7450.0,1.0
2016-11-09,21.11,13.33,17.22,0.0,4730.0,0.0
2016-11-10,22.22,11.67,16.94,0.0,2090.0,0.0
2016-11-11,25.0,11.67,18.34,0.0,1450.0,0.0
2016-11-12,21.67,11.11,16.39,0.0,1480.0,1.0
2016-11-13,22.22,12.22,17.22,0.0,1430.0,0.0
2016-11-14,26.67,13.33,20.0,0.0,1380.0,0.0
2016-11-15,29.44,11.11,20.27,0.0,1440.0,1.0
2016-11-16,30.0,12.22,21.11,0.0,1450.0,1.0
2016-11-17,27.22,15.0,21.11,0.0,1450.0,0.0
2016-11-18,22.78,10.0,16.39,0.25,1200.0,0.0
2016-11-19,15.0,4.44,9.72,0.0,855.0,0.0
2016-11-20,18.33,2.78,10.56,0.0,805.0,0.0
2016-11-21,23.33,7.22,15.27,0.0,738.0,0.0
2016-11-22,22.22,16.11,19.16,3.56,600.0,0.0
2016-11-23,19.44,9.44,14.44,0.0,560.0,0.0
2016-11-24,22.22,8.33,15.27,0.0,520.0,0.0
2016-11-25,18.33,10.0,14.16,0.0,493.0,0.0
2016-11-26,18.89,8.89,13.89,0.0,494.0,1.0
2016-11-27,20.56,12.22,16.39,0.0,436.0,0.0
2016-11-28,22.78,13.89,18.34,6.6,1140.0,1.0
2016-11-29,23.33,11.67,17.5,0.0,1370.0,1.0
2016-11-30,16.67,6.11,11.39,0.0,727.0,0.0
2016-12-01,19.44,3.89,11.66,0.0,697.0,0.0
2016-12-02,18.33,7.22,12.77,0.0,732.0,1.0
2016-12-03,13.89,8.89,11.39,8.13,1010.0,1.0
2016-12-04,11.67,8.89,10.28,2.29,1350.0,1.0
2016-12-05,11.67,8.89,10.28,2.03,1150.0,0.0
2016-12-06,12.22,8.89,10.56,0.25,1090.0,0.0
2016-12-07,11.67,3.89,7.78,0.0,892.0,0.0
2016-12-08,5.56,-0.56,2.5,0.0,764.0,0.0
2016-12-09,3.89,-3.0,0.45,0.0,693.0,0.0
2016-12-10,10.0,2.78,6.39,0.0,633.0,0.0
2016-12-11,23.89,9.44,16.66,0.0,661.0,1.0
2016-12-12,15.0,4.44,9.72,0.0,665.0,1.0
2016-12-13,16.11,6.67,11.39,0.0,653.0,0.0
2016-12-14,11.67,5.0,8.34,0.0,643.0,0.0
2016-12-15,8.33,2.22,5.28,0.0,629.0,0.0
2016-12-16,18.89,8.33,13.61,0.25,636.0,1.0
2016-12-17,23.33,-5.0,9.16,0.0,657.0,1.0
2016-12-18,-1.11,-7.78,-4.44,0.0,605.0,0.0
2016-12-19,3.33,-8.33,-2.5,0.0,640.0,1.0
2016-12-20,13.33,-0.56,6.38,0.0,658.0,1.0
2016-12-21,19.44,4.44,11.94,0.0,620.0,0.0
2016-12-22,15.56,6.67,11.12,0.0,590.0,0.0
2016-12-23,13.33,5.56,9.44,0.25,529.0,0.0
2016-12-24,23.89,12.78,18.34,0.0,492.0,0.0
2016-12-25,26.67,20.0,23.34,0.0,464.0,0.0
2016-12-26,22.78,17.22,20.0,0.0,468.0,1.0
2016-12-27,22.22,11.11,16.66,0.0,479.0,1.0
2016-12-28,27.78,13.89,20.84,0.0,398.0,0.0
2016-12-29,15.56,8.89,12.23,0.0,377.0,0.0
2016-12-30,15.0,5.56,10.28,0.0,362.0,0.0
2016-12-31,22.78,10.0,16.39,0.0,370.0,1.0
2017-01-01,18.33,8.89,13.61,2.54,390.0,1.0
2017-01-02,22.78,13.33,18.06,9.91,1470.0,1.0
2017-01-03,16.11,0.56,8.33,0.0,1370.0,0.0
2017-01-04,5.0,0.0,2.5,0.0,717.0,0.0
2017-01-05,5.0,-2.78,1.11,0.0,471.0,0.0
2017-01-06,,,,0.51,455.0,0.0
2017-01-07,3.89,-9.44,-2.77,0.0,420.0,0.0
2017-01-08,9.44,-4.44,2.5,0.0,401.0,0.0
2017-01-09,20.0,2.78,11.39,0.0,399.0,0.0
2017-01-10,26.11,14.44,20.27,0.0,415.0,1.0
2017-01-11,26.11,15.0,20.56,0.0,387.0,0.0
2017-01-12,25.56,8.89,17.23,0.0,405.0,1.0
2017-01-13,11.11,5.0,8.06,2.79,397.0,0.0
2017-01-14,7.78,4.44,6.11,0.0,578.0,1.0
2017-01-15,19.44,7.22,13.33,32.26,730.0,1.0
2017-01-16,18.33,10.0,14.16,0.25,12300.0,1.0
2017-01-17,11.11,6.67,8.89,4.83,9630.0,0.0
2017-01-18,12.22,8.33,10.28,9.14,4510.0,0.0
2017-01-19,18.33,9.0,13.66,0.0,4880.0,1.0
2017-01-20,25.0,10.56,17.78,0.0,4480.0,0.0
2017-01-21,22.22,9.44,15.83,3.81,4170.0,0.0
2017-01-22,18.89,10.56,14.73,0.0,4940.0,1.0
2017-01-23,20.0,5.56,12.78,0.0,4780.0,0.0
2017-01-24,26.67,10.0,18.34,0.0,4260.0,0.0
2017-01-25,18.89,5.56,12.22,0.0,4190.0,0.0
2017-01-26,11.67,1.11,6.39,0.0,4150.0,0.0
2017-01-27,13.89,1.11,7.5,0.0,4130.0,0.0
2017-01-28,14.44,3.33,8.88,0.0,4270.0,1.0
2017-01-29,20.0,3.33,11.66,0.0,3260.0,0.0
2017-01-30,25.0,6.11,15.56,0.0,2750.0,0.0
2017-01-31,26.67,9.44,18.06,0.0,2290.0,0.0
2017-02-01,26.67,12.22,19.44,0.0,1460.0,0.0
2017-02-02,12.78,6.67,9.72,0.0,1150.0,0.0
2017-02-03,12.78,5.56,9.17,0.0,957.0,0.0
2017-02-04,11.67,7.22,9.44,0.0,748.0,0.0
2017-02-05,25.56,10.0,17.78,0.0,748.0,0.0
2017-02-06,26.67,19.44,23.06,0.0,717.0,0.0
2017-02-07,26.67,15.0,20.84,0.0,580.0,0.0
2017-02-08,20.56,7.78,14.17,0.0,392.0,0.0
2017-02-09,15.56,2.22,8.89,0.0,472.0,1.0
2017-02-10,24.44,8.89,16.66,0.0,527.0,1.0
2017-02-11,30.56,17.78,24.17,0.0,560.0,1.0
2017-02-12,23.33,16.11,19.72,0.0,534.0,0.0
2017-02-13,19.44,9.44,14.44,4.57,493.0,0.0
2017-02-14,9.44,6.11,7.78,27.94,4750.0,1.0
2017-02-15,15.56,5.56,10.56,0.0,6070.0,1.0
2017-02-16,20.0,4.44,12.22,0.0,2120.0,0.0
2017-02-17,21.67,8.89,15.28,0.0,1680.0,0.0
2017-02-18,27.22,15.0,21.11,0.0,1550.0,0.0
2017-02-19,25.0,15.56,20.28,0.0,1490.0,0.0
2017-02-20,21.67,13.33,17.5,24.89,3840.0,1.0
2017-02-21,25.0,10.56,17.78,0.0,3330.0,0.0
2017-02-22,28.89,8.89,18.89,0.0,2900.0,0.0
2017-02-23,31.11,12.22,21.66,0.0,3490.0,1.0
2017-02-24,22.22,8.89,15.56,0.0,3260.0,0.0
2017-02-25,13.33,2.22,7.78,0.0,3590.0,1.0
2017-02-26,17.22,5.56,11.39,0.0,3770.0,1.0
2017-02-27,26.67,15.56,21.12,0.25,4330.0,1.0
2017-02-28,27.78,20.0,23.89,0.0,3930.0,0.0
2017-03-01,22.78,8.89,15.84,0.0,3020.0,0.0
2017-03-02,19.44,4.44,11.94,0.0,2610.0,0.0
2017-03-03,22.22,5.56,13.89,0.0,1840.0,0.0
2017-03-04,15.56,11.67,13.62,0.76,1210.0,0.0
2017-03-05,18.33,11.67,15.0,1.78,1060.0,0.0
2017-03-06,27.78,18.33,23.06,0.0,1120.0,1.0
2017-03-07,22.78,10.0,16.39,3.3,1140.0,1.0
2017-03-08,25.56,7.78,16.67,0.0,998.0,0.0
2017-03-09,28.33,16.67,22.5,0.0,869.0,0.0
2017-03-10,23.89,17.22,20.56,0.0,957.0,1.0
2017-03-11,25.0,8.89,16.94,1.02,1270.0,1.0
2017-03-12,12.78,6.11,9.44,0.0,1240.0,0.0
2017-03-13,18.33,7.78,13.06,0.25,733.0,0.0
2017-03-14,18.33,4.44,11.38,0.0,692.0,0.0
2017-03-15,18.89,8.33,13.61,0.0,636.0,0.0
2017-03-16,23.33,11.67,17.5,0.0,519.0,0.0
2017-03-17,25.56,18.89,22.22,0.0,567.0,1.0
2017-03-18,28.89,17.78,23.34,0.0,561.0,0.0
2017-03-19,29.44,17.78,23.61,0.0,488.0,0.0
2017-03-20,32.22,19.44,25.83,0.0,495.0,1.0
2017-03-21,30.0,17.22,23.61,0.0,487.0,0.0
2017-03-22,28.89,18.33,23.61,0.0,472.0,0.0
2017-03-23,30.0,18.89,24.44,0.0,446.0,0.0
2017-03-24,26.11,13.89,20.0,5.08,667.0,1.0
2017-03-25,22.78,12.78,17.78,0.0,752.0,1.0
2017-03-26,29.44,11.67,20.56,0.0,638.0,0.0
2017-03-27,23.33,15.0,19.16,0.0,562.0,0.0
2017-03-28,28.33,16.67,22.5,0.0,502.0,0.0
2017-03-29,27.22,15.0,21.11,6.86,1510.0,1.0
2017-03-30,26.11,12.22,19.16,0.0,1670.0,1.0
2017-03-31,30.0,13.89,21.94,0.0,820.0,0.0
2017-04-01,26.11,16.0,21.06,0.0,665.0,0.0
2017-04-02,22.22,15.56,18.89,27.18,4340.0,1.0
2017-04-03,26.67,12.22,19.44,0.0,9410.0,1.0
2017-04-04,30.0,14.44,22.22,0.0,3230.0,0.0
2017-04-05,22.78,10.0,16.39,0.0,2330.0,0.0
2017-04-06,25.56,9.44,17.5,0.0,2820.0,1.0
2017-04-07,26.67,12.78,19.73,0.0,3020.0,1.0
2017-04-08,27.78,16.67,22.22,0.0,2190.0,0.0
2017-04-09,28.89,19.44,24.16,0.0,2080.0,0.0
2017-04-10,27.22,20.0,23.61,1.02,2210.0,1.0
2017-04-11,24.44,16.67,20.56,0.25,4240.0,1.0
2017-04-12,24.44,17.78,21.11,0.0,3060.0,0.0
2017-04-13,27.78,17.78,22.78,0.0,2100.0,0.0
2017-04-14,28.33,19.44,23.88,0.0,2620.0,1.0
2017-04-15,27.22,18.89,23.06,0.0,1930.0,0.0
2017-04-16,27.78,19.44,23.61,0.0,1610.0,0.0
2017-04-17,25.0,17.78,21.39,36.83,3440.0,1.0
2017-04-18,27.78,17.22,22.5,0.0,4840.0,1.0
2017-04-19,29.44,19.44,24.44,0.0,2640.0,0.0
2017-04-20,29.44,21.11,25.28,0.0,2890.0,1.0
2017-04-21,30.0,16.11,23.06,4.06,3270.0,1.0
2017-04-22,16.67,11.67,14.17,0.0,3270.0,0.0
2017-04-23,23.89,9.44,16.66,0.0,3380.0,1.0
2017-04-24,25.56,11.11,18.34,0.0,3150.0,0.0
2017-04-25,30.0,16.67,23.34,0.0,2790.0,0.0
2017-04-26,24.44,11.67,18.06,3.05,3130.0,1.0
2017-04-27,24.44,8.89,16.66,0.0,2660.0,0.0
2017-04-28,30.56,19.44,25.0,0.0,2240.0,0.0
2017-04-29,32.22,13.89,23.06,2.03,1460.0,0.0
2017-04-30,20.56,10.0,15.28,1.02,687.0,0.0
2017-05-01,28.89,9.44,19.16,0.0,573.0,0.0
2017-05-02,31.11,17.78,24.44,0.0,595.0,1.0
2017-05-03,25.56,15.0,20.28,2.03,556.0,0.0
2017-05-04,23.89,12.78,18.34,0.0,464.0,0.0
2017-05-05,27.22,11.11,19.16,0.0,442.0,0.0
2017-05-06,30.56,13.89,22.22,0.0,411.0,0.0
2017-05-07,30.56,16.67,23.62,0.0,410.0,0.0
2017-05-08,28.89,18.33,23.61,0.0,401.0,0.0
2017-05-09,27.78,20.56,24.17,0.0,401.0,0.0
2017-05-10,27.78,21.67,24.72,0.25,388.0,0.0
2017-05-11,30.56,21.67,26.12,0.0,390.0,1.0
2017-05-12,26.67,17.22,21.94,0.0,389.0,0.0
2017-05-13,29.44,15.56,22.5,0.0,389.0,0.0
2017-05-14,32.22,17.22,24.72,0.0,393.0,1.0
2017-05-15,31.67,21.11,26.39,0.0,390.0,0.0
2017-05-16,28.89,21.11,25.0,0.0,372.0,0.0
2017-05-17,32.78,21.0,26.89,4.06,447.0,1.0
2017-05-18,33.89,25.0,29.44,0.0,436.0,0.0
2017-05-19,31.67,22.78,27.22,1.78,459.0,1.0
2017-05-20,27.22,20.0,23.61,3.81,730.0,1.0
2017-05-21,27.22,16.67,21.94,2.29,627.0,0.0
2017-05-22,26.11,17.22,21.66,9.14,753.0,1.0
2017-05-23,25.0,15.56,20.28,0.0,1210.0,1.0
2017-05-24,28.33,13.33,20.83,0.0,1180.0,0.0
2017-05-25,33.33,17.22,25.28,0.0,576.0,0.0
2017-05-26,34.44,23.89,29.16,0.0,445.0,0.0
2017-05-27,32.78,26.67,29.72,0.0,414.0,0.0
2017-05-28,28.33,21.67,25.0,7.87,465.0,1.0
2017-05-29,31.11,20.0,25.56,0.0,474.0,1.0
2017-05-30,32.78,18.89,25.84,0.0,435.0,0.0
2017-05-31,33.33,21.11,27.22,0.0,417.0,0.0
2017-06-01,30.0,21.67,25.84,11.43,687.0,1.0
2017-06-02,28.89,20.0,24.44,25.4,2810.0,1.0
2017-06-03,27.22,20.56,23.89,20.83,12200.0,1.0
2017-06-04,31.67,21.67,26.67,0.0,10100.0,0.0
2017-06-05,30.56,21.11,25.84,1.27,4370.0,0.0
2017-06-06,34.44,21.11,27.78,0.0,2440.0,0.0
2017-06-07,32.78,21.67,27.22,0.0,2090.0,0.0
2017-06-08,31.11,22.22,26.66,0.0,1760.0,0.0
2017-06-09,25.56,18.33,21.94,33.02,4600.0,1.0
2017-06-10,31.67,21.67,26.67,0.0,6970.0,1.0
2017-06-11,32.22,23.33,27.78,0.0,3130.0,0.0
2017-06-12,33.89,24.44,29.16,0.0,2350.0,0.0
2017-06-13,34.44,25.56,30.0,0.0,1990.0,0.0
2017-06-14,34.44,25.56,30.0,0.0,1590.0,0.0
2017-06-15,34.44,25.56,30.0,0.0,1360.0,0.0
2017-06-16,35.56,26.11,30.84,0.0,1270.0,0.0
2017-06-17,34.44,25.56,30.0,0.0,1010.0,0.0
2017-06-18,34.44,26.11,30.28,0.0,797.0,0.0
2017-06-19,33.89,23.33,28.61,2.79,1150.0,1.0
2017-06-20,33.89,25.0,29.44,0.0,1190.0,1.0
2017-06-21,33.33,23.89,28.61,0.0,840.0,0.0
2017-06-22,32.22,24.44,28.33,0.0,754.0,0.0
2017-06-23,38.33,24.44,31.38,0.0,726.0,0.0
2017-06-24,28.89,21.11,25.0,45.72,7650.0,1.0
2017-06-25,31.11,22.22,26.66,0.0,10900.0,1.0
2017-06-26,31.11,22.78,26.94,0.0,3430.0,0.0
2017-06-27,32.22,21.11,26.66,42.16,2650.0,0.0
2017-06-28,32.22,23.0,27.61,0.0,2640.0,0.0
2017-06-29,33.89,23.89,28.89,0.0,1540.0,0.0
2017-06-30,35.61,26.67,31.14,0.0,1300.0,0.0
2017-07-01,29.44,21.67,25.56,18.03,2970.0,1.0
2017-07-02,35.0,24.39,29.7,0.0,3210.0,1.0
2017-07-03,34.44,26.11,30.28,0.0,1650.0,0.0
2017-07-04,33.89,20.56,27.22,11.68,3350.0,1.0
2017-07-05,34.44,23.33,28.88,4.06,3070.0,0.0
2017-07-06,35.61,22.78,29.2,3.81,4360.0,1.0
2017-07-07,36.11,26.11,31.11,0.0,2530.0,0.0
2017-07-08,37.0,26.11,31.56,0.0,1660.0,0.0
2017-07-09,33.89,24.39,29.14,0.25,2290.0,1.0
2017-07-10,34.44,22.78,28.61,0.0,2290.0,0.0
2017-07-11,36.11,25.56,30.84,0.0,1340.0,0.0
2017-07-12,35.0,26.11,30.56,0.0,752.0,0.0
2017-07-13,35.61,26.67,31.14,0.0,593.0,0.0
2017-07-14,37.78,27.22,32.5,0.0,573.0,0.0
2017-07-15,35.0,25.56,30.28,2.29,530.0,0.0
2017-07-16,36.72,25.56,31.14,0.0,537.0,1.0
2017-07-17,35.0,26.11,30.56,0.0,503.0,0.0
2017-07-18,36.11,27.22,31.66,0.0,505.0,1.0
2017-07-19,36.11,27.78,31.94,0.0,499.0,0.0
2017-07-20,37.22,27.78,32.5,0.0,437.0,0.0
2017-07-21,37.78,27.78,32.78,0.0,447.0,1.0
2017-07-22,37.78,26.67,32.22,0.0,426.0,0.0
2017-07-23,37.78,23.33,30.56,7.87,416.0,0.0
2017-07-24,32.78,23.0,27.89,7.37,2300.0,1.0
2017-07-25,36.11,25.56,30.84,0.0,1890.0,0.0
2017-07-26,36.72,26.67,31.7,0.0,813.0,0.0
2017-07-27,38.33,27.78,33.06,0.0,556.0,0.0
2017-07-28,40.0,28.28,34.14,0.0,459.0,0.0
2017-07-29,36.72,27.78,32.25,0.0,441.0,0.0
2017-07-30,34.44,26.11,30.28,0.0,409.0,0.0
2017-07-31,33.33,23.28,28.3,0.0,407.0,0.0
2017-08-01,33.89,23.89,28.89,0.76,390.0,0.0
2017-08-02,28.89,23.33,26.11,49.53,1870.0,1.0
2017-08-03,33.89,23.89,28.89,1.27,2830.0,1.0
2017-08-04,36.11,25.0,30.56,0.0,1500.0,0.0
2017-08-05,36.11,25.56,30.84,0.0,711.0,0.0
2017-08-06,37.22,26.11,31.66,2.03,509.0,0.0
2017-08-07,34.44,23.89,29.16,0.0,555.0,1.0
2017-08-08,32.22,23.89,28.06,0.51,866.0,1.0
2017-08-09,32.78,24.44,28.61,0.0,483.0,0.0
2017-08-10,37.22,25.0,31.11,0.0,465.0,0.0
2017-08-11,38.33,27.78,33.06,0.0,445.0,0.0
2017-08-12,36.11,24.44,30.28,40.39,627.0,1.0
2017-08-13,32.78,25.0,28.89,5.33,3820.0,1.0
2017-08-14,33.33,23.33,28.33,28.7,4440.0,1.0
2017-08-15,35.56,26.67,31.12,0.0,2760.0,0.0
2017-08-16,35.56,27.22,31.39,0.0,951.0,0.0
2017-08-17,33.33,22.22,27.78,4.06,1060.0,1.0
2017-08-18,34.44,25.56,30.0,0.25,1640.0,1.0
2017-08-19,37.22,26.67,31.94,0.0,924.0,0.0
2017-08-20,36.67,28.33,32.5,0.0,569.0,0.0
2017-08-21,35.56,26.11,30.84,0.0,474.0,0.0
2017-08-22,36.67,26.67,31.67,0.0,436.0,0.0
2017-08-23,32.78,25.56,29.17,0.0,421.0,0.0
2017-08-24,32.22,25.56,28.89,1.02,1000.0,1.0
2017-08-25,31.11,25.0,28.06,0.0,2320.0,1.0
2017-08-26,28.33,24.44,26.38,0.0,1380.0,0.0
2017-08-27,28.33,23.89,26.11,18.8,1550.0,1.0
2017-08-28,31.11,23.33,27.22,8.13,2720.0,1.0
2017-08-29,32.22,22.0,27.11,0.0,1740.0,0.0
2017-08-30,31.67,21.11,26.39,0.0,1570.0,0.0
2017-08-31,32.22,22.22,27.22,0.0,1770.0,1.0
2017-09-01,33.33,21.11,27.22,0.0,1770.0,0.0
2017-09-02,34.44,23.33,28.88,0.0,1390.0,0.0
2017-09-03,35.0,24.44,29.72,0.0,826.0,0.0
2017-09-04,35.0,24.44,29.72,0.0,721.0,0.0
2017-09-05,33.89,23.89,28.89,0.0,693.0,0.0
2017-09-06,29.44,17.78,23.61,0.0,690.0,0.0
2017-09-07,30.0,15.56,22.78,0.0,652.0,0.0
2017-09-08,29.44,17.22,23.33,0.0,663.0,1.0
2017-09-09,30.56,17.78,24.17,0.0,584.0,0.0
2017-09-10,30.0,18.28,24.14,0.0,444.0,0.0
2017-09-11,30.56,18.33,24.44,0.0,420.0,0.0
2017-09-12,29.44,17.22,23.33,0.0,404.0,0.0
2017-09-13,32.78,17.22,25.0,0.0,401.0,0.0
2017-09-14,36.67,20.56,28.62,0.0,365.0,0.0
2017-09-15,34.44,23.33,28.88,0.0,368.0,1.0
2017-09-16,35.0,23.89,29.44,0.0,359.0,0.0
2017-09-17,35.0,23.89,29.44,0.0,356.0,0.0
2017-09-18,34.44,23.28,28.86,0.0,371.0,1.0
2017-09-19,36.11,23.89,30.0,0.0,334.0,0.0
2017-09-20,36.67,25.56,31.12,0.0,319.0,0.0
2017-09-21,36.11,26.11,31.11,0.0,327.0,1.0
2017-09-22,36.11,22.78,29.44,0.0,346.0,1.0
2017-09-23,35.0,23.89,29.44,0.0,354.0,1.0
2017-09-24,33.89,23.89,28.89,0.0,343.0,0.0
2017-09-25,33.89,22.78,28.34,0.0,352.0,1.0
2017-09-26,32.78,25.0,28.89,0.0,346.0,0.0
2017-09-27,33.33,22.78,28.06,5.59,350.0,1.0
2017-09-28,27.22,20.56,23.89,5.59,1630.0,1.0
2017-09-29,22.78,19.44,21.11,1.02,1650.0,1.0
2017-09-30,30.0,17.78,23.89,0.0,817.0,0.0
2017-10-01,31.67,19.39,25.53,0.0,596.0,0.0
2017-10-02,32.78,21.67,27.22,0.0,499.0,0.0
2017-10-03,31.11,23.33,27.22,18.54,762.0,1.0
2017-10-04,31.11,24.44,27.78,2.79,2140.0,1.0
2017-10-05,31.11,21.67,26.39,0.0,1010.0,0.0
2017-10-06,31.67,21.67,26.67,0.0,604.0,0.0
2017-10-07,31.67,20.0,25.84,0.0,517.0,0.0
2017-10-08,32.78,15.0,23.89,0.0,499.0,0.0
2017-10-09,34.44,21.11,27.78,0.0,518.0,1.0
2017-10-10,22.22,13.33,17.77,3.56,538.0,1.0
2017-10-11,25.0,10.56,17.78,0.0,502.0,0.0
2017-10-12,30.56,15.56,23.06,0.0,476.0,0.0
2017-10-13,33.33,22.22,27.78,0.0,452.0,0.0
2017-10-14,33.89,22.22,28.06,0.0,485.0,1.0
2017-10-15,27.22,13.89,20.56,1.52,531.0,1.0
2017-10-16,23.89,9.44,16.66,0.0,496.0,0.0
2017-10-17,24.44,10.0,17.22,0.0,453.0,0.0
2017-10-18,28.33,11.11,19.72,0.0,435.0,0.0
2017-10-19,27.78,15.56,21.67,0.0,430.0,0.0
2017-10-20,28.89,17.78,23.34,0.0,419.0,0.0
2017-10-21,31.67,18.33,25.0,0.76,405.0,0.0
2017-10-22,23.89,12.22,18.06,24.64,3100.0,1.0
2017-10-23,28.33,11.11,19.72,0.0,2070.0,0.0
2017-10-24,23.33,12.22,17.77,0.0,846.0,0.0
2017-10-25,26.67,7.22,16.94,0.0,612.0,0.0
2017-10-26,29.44,12.78,21.11,0.0,502.0,0.0
2017-10-27,19.44,5.0,12.22,0.0,428.0,0.0
2017-10-28,15.56,1.11,8.34,0.0,398.0,0.0
2017-10-29,25.56,4.44,15.0,0.0,403.0,1.0
2017-10-30,25.0,9.44,17.22,0.0,420.0,1.0
2017-10-31,16.11,10.0,13.06,1.52,360.0,0.0
2017-11-01,26.67,10.56,18.62,0.0,408.0,1.0
2017-11-02,33.33,18.89,26.11,0.0,427.0,1.0
2017-11-03,23.33,12.78,18.06,0.0,424.0,0.0
2017-11-04,31.11,15.56,23.34,0.0,391.0,0.0
2017-11-05,33.33,22.78,28.06,0.0,388.0,0.0
2017-11-06,23.89,15.0,19.44,0.0,415.0,1.0
2017-11-07,16.67,10.0,13.34,0.0,389.0,0.0
2017-11-08,10.0,7.78,8.89,21.34,1010.0,1.0
2017-11-09,12.22,7.22,9.72,0.0,2350.0,1.0
2017-11-10,17.78,5.56,11.67,0.0,1130.0,0.0
2017-11-11,21.11,13.33,17.22,0.0,651.0,0.0
2017-11-12,21.67,16.11,18.89,0.25,552.0,0.0
2017-11-13,19.44,12.78,16.11,0.0,503.0,0.0
2017-11-14,26.11,16.11,21.11,0.0,490.0,0.0
2017-11-15,23.33,18.89,21.11,0.0,457.0,0.0
2017-11-16,23.89,17.22,20.56,0.0,440.0,0.0
2017-11-17,27.78,20.56,24.17,0.0,411.0,0.0
2017-11-18,24.44,8.33,16.39,0.0,413.0,1.0
2017-11-19,17.22,5.56,11.39,0.0,414.0,1.0
2017-11-20,18.89,6.11,12.5,0.0,403.0,0.0
2017-11-21,21.11,10.0,15.56,0.0,412.0,1.0
2017-11-22,13.33,4.44,8.88,0.0,398.0,0.0
2017-11-23,20.0,2.78,11.39,0.0,419.0,1.0
2017-11-24,25.56,5.56,15.56,0.0,378.0,0.0
2017-11-25,23.89,10.56,17.23,0.0,375.0,0.0
2017-11-26,22.78,8.33,15.56,0.0,384.0,1.0
2017-11-27,24.44,12.22,18.33,0.0,390.0,1.0
2017-11-28,25.56,12.22,18.89,0.0,387.0,0.0
2017-11-29,18.89,11.11,15.0,0.0,389.0,1.0
2017-11-30,24.44,8.33,16.39,0.0,386.0,0.0
2017-12-01,22.78,8.33,15.56,0.0,394.0,1.0
2017-12-02,25.56,13.33,19.44,0.0,374.0,0.0
2017-12-03,25.0,14.44,19.72,0.25,373.0,0.0
2017-12-04,27.78,13.33,20.56,0.51,392.0,1.0
2017-12-05,14.44,8.33,11.38,0.0,516.0,1.0
2017-12-06,12.78,7.22,10.0,0.0,495.0,0.0
2017-12-07,10.56,0.56,5.56,0.0,437.0,0.0
2017-12-08,8.89,-3.33,2.78,0.0,420.0,0.0
2017-12-09,15.56,0.56,8.06,0.0,393.0,0.0
2017-12-10,22.22,1.11,11.66,0.0,398.0,1.0
2017-12-11,25.0,3.33,14.16,0.0,410.0,1.0
2017-12-12,13.89,5.0,9.44,0.0,385.0,0.0
2017-12-13,23.89,3.89,13.89,0.0,393.0,1.0
2017-12-14,16.67,4.44,10.56,0.0,387.0,0.0
2017-12-15,13.33,2.22,7.78,0.0,381.0,0.0
2017-12-16,17.22,3.89,10.56,20.07,465.0,1.0
2017-12-17,11.11,6.67,8.89,0.0,1870.0,1.0
2017-12-18,11.67,8.89,10.28,0.0,1240.0,0.0
2017-12-19,16.11,11.67,13.89,81.53,5810.0,1.0
2017-12-20,16.11,11.11,13.61,0.0,10300.0,1.0
2017-12-21,25.0,8.89,16.94,0.0,3160.0,0.0
2017-12-22,20.0,2.22,11.11,5.59,1600.0,0.0
2017-12-23,10.56,1.11,5.84,0.0,3620.0,1.0
2017-12-24,7.78,1.67,4.72,0.0,1800.0,0.0
2017-12-25,8.33,-0.56,3.88,0.0,940.0,0.0
2017-12-26,6.67,2.78,4.72,0.76,746.0,0.0
2017-12-27,5.0,0.56,2.78,0.0,634.0,0.0
2017-12-28,5.56,2.22,3.89,0.0,566.0,0.0
2017-12-29,8.89,3.33,6.11,0.0,519.0,0.0
2017-12-30,8.33,1.67,5.0,0.0,492.0,0.0
2017-12-31,1.67,-5.0,-1.66,0.0,460.0,0.0
2018-01-01,,,,,452.0,0.0
2018-01-02,,,,,473.0,1.0
2018-01-03,,,,,471.0,0.0
2018-01-04,,,,,512.0,1.0
2018-01-05,,,,,490.0,0.0
2018-01-06,,,,,464.0,0.0
2018-01-07,,,,,481.0,1.0
2018-01-08,,,,,765.0,1.0
2018-01-09,,,,,530.0,0.0
2018-01-10,,,,,467.0,0.0
2018-01-11,,,,,429.0,0.0
2018-01-12,,,,,416.0,0.0
2018-01-13,,,,,418.0,1.0
2018-01-14,,,,,403.0,0.0
2018-01-15,,,,,399.0,0.0
2018-01-16,,,,,394.0,0.0
2018-01-17,,,,,430.0,1.0
2018-01-18,,,,,424.0,0.0
2018-01-19,,,,,422.0,0.0
2018-01-20,,,,,427.0,1.0
2018-01-21,,,,,431.0,1.0
2018-01-22,,,,,991.0,1.0
2018-01-23,,,,,785.0,0.0
2018-01-24,,,,,527.0,0.0
2018-01-25,,,,,409.0,0.0
2018-01-26,,,,,383.0,0.0
2018-01-27,,,,,455.0,1.0
2018-01-28,,,,,461.0,1.0
2018-01-29,,,,,410.0,0.0
2018-01-30,,,,,401.0,0.0
2018-01-31,,,,,406.0,1.0
2018-02-01,,,,,416.0,1.0
2018-02-02,,,,,410.0,0.0
2018-02-03,,,,,408.0,0.0
2018-02-04,,,,,406.0,0.0
2018-02-05,,,,,372.0,0.0
2018-02-06,,,,,469.0,1.0
2018-02-07,,,,,1160.0,1.0
2018-02-08,,,,,802.0,0.0
2018-02-09,,,,,555.0,0.0
2018-02-10,,,,,498.0,0.0
2018-02-11,,,,,468.0,0.0
2018-02-12,,,,,435.0,0.0
2018-02-13,,,,,424.0,0.0
2018-02-14,,,,,407.0,0.0
2018-02-15,,,,,405.0,0.0
2018-02-16,,,,,419.0,1.0
2018-02-17,,,,,672.0,1.0
2018-02-18,,,,,1160.0,1.0
2018-02-19,,,,,1130.0,0.0
2018-02-20,,,,,3770.0,1.0
2018-02-21,,,,,17800.0,1.0
2018-02-22,,,,,18500.0,1.0
2018-02-23,,,,,13800.0,0.0
2018-02-24,,,,,10600.0,0.0
2018-02-25,,,,,9330.0,0.0
2018-02-26,,,,,3800.0,0.0
2018-02-27,,,,,3850.0,1.0
2018-02-28,,,,,6230.0,1.0
2018-03-01,,,,,17000.0,1.0
2018-03-02,,,,,15400.0,0.0
2018-03-03,,,,,8180.0,0.0
2018-03-04,,,,,6190.0,0.0
2018-03-05,,,,,5790.0,0.0
2018-03-06,,,,,5970.0,1.0
2018-03-07,,,,,7110.0,1.0
2018-03-08,,,,,7310.0,1.0
2018-03-09,,,,,6160.0,0.0
2018-03-10,,,,,6120.0,0.0
2018-03-11,,,,,6110.0,0.0
2018-03-12,,,,,5460.0,0.0
2018-03-13,,,,,5210.0,0.0
2018-03-14,,,,,5130.0,0.0
2018-03-15,,,,,4950.0,0.0
2018-03-16,,,,,4610.0,0.0
2018-03-17,,,,,4600.0,0.0
2018-03-18,,,,,6140.0,1.0
2018-03-19,,,,,4770.0,0.0
2018-03-20,,,,,4170.0,0.0
2018-03-21,,,,,3990.0,0.0
2018-03-22,,,,,3630.0,0.0
2018-03-23,,,,,3030.0,0.0
2018-03-24,,,,,2200.0,0.0
2018-03-25,,,,,1420.0,0.0
2018-03-26,,,,,1300.0,0.0
2018-03-27,,,,,2750.0,1.0
2018-03-28,,,,,9830.0,1.0
2018-03-29,,,,,6990.0,0.0
2018-03-30,,,,,3770.0,0.0
2018-03-31,,,,,3550.0,0.0
2018-04-01,,,,,3500.0,0.0
2018-04-02,,,,,3080.0,0.0
2018-04-03,,,,,3660.0,1.0
2018-04-04,,,,,2830.0,0.0
2018-04-05,,,,,3060.0,1.0
2018-04-06,,,,,2530.0,0.0
2018-04-07,,,,,2130.0,0.0
2018-04-08,,,,,1930.0,0.0
2018-04-09,,,,,1850.0,0.0
2018-04-10,,,,,1650.0,0.0
2018-04-11,,,,,1170.0,0.0
2018-04-12,,,,,958.0,0.0
2018-04-13,,,,,966.0,1.0
2018-04-14,,,,,804.0,0.0
2018-04-15,,,,,749.0,0.0
2018-04-16,,,,,763.0,1.0
2018-04-17,,,,,680.0,0.0
2018-04-18,,,,,627.0,0.0
2018-04-19,,,,,636.0,1.0
2018-04-20,,,,,590.0,0.0
2018-04-21,,,,,541.0,0.0
2018-04-22,,,,,1640.0,1.0
2018-04-23,,,,,1210.0,0.0
2018-04-24,,,,,795.0,0.0
2018-04-25,,,,,683.0,0.0
2018-04-26,,,,,666.0,0.0
2018-04-27,,,,,784.0,1.0
2018-04-28,,,,,704.0,0.0
2018-04-29,,,,,535.0,0.0
2018-04-30,,,,,483.0,0.0
2018-05-01,,,,,469.0,0.0
2018-05-02,,,,,477.0,1.0
2018-05-03,,,,,1210.0,1.0
2018-05-04,,,,,3690.0,1.0
2018-05-05,,,,,3340.0,0.0
2018-05-06,,,,,1250.0,0.0
2018-05-07,,,,,778.0,0.0
2018-05-08,,,,,675.0,0.0
2018-05-09,,,,,647.0,0.0
2018-05-10,,,,,598.0,0.0
2018-05-11,,,,,518.0,0.0
2018-05-12,,,,,491.0,0.0
2018-05-13,,,,,482.0,0.0
2018-05-14,,,,,485.0,1.0
2018-05-15,,,,,531.0,1.0
2018-05-16,,,,,524.0,0.0
2018-05-17,,,,,474.0,0.0
2018-05-18,,,,,471.0,0.0
2018-05-19,,,,,462.0,0.0
2018-05-20,,,,,867.0,1.0
2018-05-21,,,,,1500.0,1.0
2018-05-22,,,,,957.0,0.0
2018-05-23,,,,,568.0,0.0
2018-05-24,,,,,570.0,1.0
2018-05-25,,,,,539.0,0.0
2018-05-26,,,,,498.0,0.0
2018-05-27,,,,,492.0,0.0
2018-05-28,,,,,429.0,0.0
2018-05-29,,,,,431.0,1.0
2018-05-30,,,,,445.0,1.0
2018-05-31,,,,,396.0,0.0
2018-06-01,,,,,404.0,1.0
2018-06-02,,,,,392.0,0.0
2018-06-03,,,,,402.0,1.0
2018-06-04,,,,,855.0,1.0
2018-06-05,,,,,1170.0,1.0
2018-06-06,,,,,1050.0,0.0
2018-06-07,,,,,727.0,0.0
2018-06-08,,,,,904.0,1.0
2018-06-09,,,,,547.0,0.0
2018-06-10,,,,,402.0,0.0
2018-06-11,,,,,406.0,1.0
2018-06-12,,,,,440.0,1.0
2018-06-13,,,,,390.0,0.0
2018-06-14,,,,,365.0,0.0
2018-06-15,,,,,339.0,0.0
2018-06-16,,,,,336.0,0.0
2018-06-17,,,,,337.0,1.0
2018-06-18,,,,,351.0,1.0
2018-06-19,,,,,359.0,1.0
2018-06-20,,,,,380.0,1.0
2018-06-21,,,,,869.0,1.0
2018-06-22,,,,,999.0,1.0
2018-06-23,,,,,494.0,0.0
2018-06-24,,,,,398.0,0.0
2018-06-25,,,,,405.0,1.0
2018-06-26,,,,,380.0,0.0
2018-06-27,,,,,383.0,1.0
2018-06-28,,,,,371.0,0.0
2018-06-29,,,,,386.0,1.0
2018-06-30,,,,,345.0,0.0
2018-07-01,,,,,309.0,0.0
2018-07-02,,,,,295.0,0.0
2018-07-03,,,,,303.0,1.0
2018-07-04,,,,,292.0,0.0
2018-07-05,,,,,274.0,0.0
2018-07-06,,,,,286.0,1.0
2018-07-07,,,,,296.0,1.0
2018-07-08,,,,,298.0,1.0
2018-07-09,,,,,414.0,1.0
2018-07-10,,,,,995.0,1.0
2018-07-11,,,,,885.0,0.0
2018-07-12,,,,,519.0,0.0
2018-07-13,,,,,686.0,1.0
2018-07-14,,,,,542.0,0.0
2018-07-15,,,,,322.0,0.0
2018-07-16,,,,,339.0,1.0
2018-07-17,,,,,323.0,0.0
2018-07-18,,,,,292.0,0.0
2018-07-19,,,,,265.0,0.0
2018-07-20,,,,,250.0,0.0
2018-07-21,,,,,264.0,1.0
2018-07-22,,,,,237.0,0.0
2018-07-23,,,,,222.0,0.0
2018-07-24,,,,,255.0,1.0
2018-07-25,,,,,251.0,0.0
2018-07-26,,,,,186.0,0.0
2018-07-27,,,,,233.0,1.0
2018-07-28,,,,,249.0,1.0
2018-07-29,,,,,234.0,0.0
2018-07-30,,,,,314.0,1.0
2018-07-31,,,,,299.0,0.0
2018-08-01,,,,,263.0,0.0
2018-08-02,,,,,255.0,0.0
2018-08-03,,,,,273.0,1.0
2018-08-04,,,,,262.0,0.0
2018-08-05,,,,,243.0,0.0
2018-08-06,,,,,229.0,0.0
2018-08-07,,,,,236.0,1.0
2018-08-08,,,,,226.0,0.0
2018-08-09,,,,,551.0,1.0
2018-08-10,,,,,545.0,0.0
2018-08-11,,,,,2800.0,1.0
2018-08-12,,,,,6890.0,1.0
2018-08-13,,,,,2130.0,0.0
2018-08-14,,,,,3730.0,1.0
2018-08-15,,,,,1640.0,0.0
2018-08-16,,,,,765.0,0.0
2018-08-17,,,,,542.0,0.0
2018-08-18,,,,,637.0,1.0
2018-08-19,,,,,2400.0,1.0
2018-08-20,,,,,1060.0,0.0
2018-08-21,,,,,672.0,0.0
2018-08-22,,,,,506.0,0.0
2018-08-23,,,,,401.0,0.0
2018-08-24,,,,,381.0,0.0
2018-08-25,,,,,357.0,0.0
2018-08-26,,,,,346.0,0.0
2018-08-27,,,,,343.0,0.0
2018-08-28,,,,,245.0,0.0
2018-08-29,,,,,325.0,1.0
2018-08-30,,,,,308.0,0.0
2018-08-31,,,,,317.0,1.0
2018-09-01,,,,,292.0,0.0
2018-09-02,,,,,274.0,0.0
2018-09-03,,,,,929.0,1.0
2018-09-04,,,,,3250.0,1.0
2018-09-05,,,,,1090.0,0.0
2018-09-06,,,,,1960.0,1.0
2018-09-07,,,,,4570.0,1.0
2018-09-08,,,,,7970.0,1.0
2018-09-09,,,,,10500.0,1.0
2018-09-10,,,,,2830.0,0.0
2018-09-11,,,,,1160.0,0.0
2018-09-12,,,,,1170.0,1.0
2018-09-13,,,,,1110.0,0.0
2018-09-14,,,,,854.0,0.0
2018-09-15,,,,,1370.0,1.0
2018-09-16,,,,,1370.0,0.0
2018-09-17,,,,,1080.0,0.0
2018-09-18,,,,,698.0,0.0
2018-09-19,,,,,557.0,0.0
2018-09-20,,,,,548.0,0.0
2018-09-21,,,,,1710.0,1.0
2018-09-22,,,,,31900.0,1.0
2018-09-23,,,,,29300.0,0.0
2018-09-24,,,,,11900.0,0.0
2018-09-25,,,,,5770.0,0.0
2018-09-26,,,,,7790.0,1.0
2018-09-27,,,,,9260.0,1.0
2018-09-28,,,,,5710.0,0.0
2018-09-29,,,,,6010.0,1.0
2018-09-30,,,,,7670.0,1.0
2018-10-01,,,,,7410.0,0.0
2018-10-02,,,,,6360.0,0.0
2018-10-03,,,,,6410.0,1.0
2018-10-04,,,,,6380.0,0.0
2018-10-05,,,,,5650.0,0.0
2018-10-06,,,,,5620.0,0.0
2018-10-07,,,,,6590.0,1.0
2018-10-08,,,,,6540.0,0.0
2018-10-09,,,,,12800.0,1.0
2018-10-10,,,,,22500.0,1.0
2018-10-11,,,,,9370.0,0.0
2018-10-12,,,,,4780.0,0.0
2018-10-13,,,,,12300.0,1.0
2018-10-14,,,,,22900.0,1.0
2018-10-15,,,,,20900.0,0.0
2018-10-16,,,,,28700.0,1.0
2018-10-17,,,,,24900.0,0.0
2018-10-18,,,,,18800.0,0.0
2018-10-19,,,,,12800.0,0.0
2018-10-20,,,,,13700.0,1.0
2018-10-21,,,,,10400.0,0.0
2018-10-22,,,,,5330.0,0.0
2018-10-23,,,,,5550.0,1.0
2018-10-24,,,,,9300.0,1.0
2018-10-25,,,,,21400.0,1.0
2018-10-26,,,,,20700.0,0.0
2018-10-27,,,,,12600.0,0.0
2018-10-28,,,,,10200.0,0.0
2018-10-29,,,,,10200.0,0.0
2018-10-30,,,,,10000.0,0.0
2018-10-31,,,,,11100.0,1.0
2018-11-01,,,,,15300.0,1.0
2018-11-02,,,,,13300.0,0.0
2018-11-03,,,,,10900.0,0.0
2018-11-04,,,,,9860.0,0.0
2018-11-05,,,,,10200.0,1.0
2018-11-06,,,,,10600.0,1.0
2018-11-07,,,,,11300.0,1.0
2018-11-08,,,,,12300.0,1.0
2018-11-09,,,,,13200.0,1.0
2018-11-10,,,,,11500.0,0.0
2018-11-11,,,,,9740.0,0.0
2018-11-12,,,,,10600.0,1.0
2018-11-13,,,,,10400.0,0.0
2018-11-14,,,,,9370.0,0.0
2018-11-15,,,,,9080.0,0.0
2018-11-16,,,,,9000.0,0.0
2018-11-17,,,,,8730.0,0.0
2018-11-18,,,,,8590.0,0.0
2018-11-19,,,,,7520.0,0.0
2018-11-20,,,,,3640.0,0.0
2018-11-21,,,,,2800.0,0.0
2018-11-22,,,,,3450.0,1.0
2018-11-23,,,,,4050.0,1.0
2018-11-24,,,,,3880.0,0.0
2018-11-25,,,,,5030.0,1.0
2018-11-26,,,,,5700.0,1.0
2018-11-27,,,,,6050.0,1.0
2018-11-28,,,,,6600.0,1.0
2018-11-29,,,,,6920.0,1.0
2018-11-30,,,,,6590.0,0.0
2018-12-01,,,,,6830.0,1.0
2018-12-02,,,,,6580.0,0.0
2018-12-03,,,,,6440.0,0.0
2018-12-04,,,,,6410.0,0.0
2018-12-05,,,,,6680.0,1.0
2018-12-06,,,,,6930.0,1.0
2018-12-07,,,,,6990.0,1.0
2018-12-08,,,,,7990.0,1.0
2018-12-09,,,,,4950.0,0.0
2018-12-10,,,,,2150.0,0.0
2018-12-11,,,,,2990.0,1.0
2018-12-12,,,,,5500.0,1.0
2018-12-13,,,,,6500.0,1.0
2018-12-14,,,,,7380.0,1.0
2018-12-15,,,,,7600.0,1.0
2018-12-16,,,,,7660.0,1.0
2018-12-17,,,,,7790.0,1.0
2018-12-18,,,,,7070.0,0.0
2018-12-19,,,,,6820.0,0.0
2018-12-20,,,,,7030.0,1.0
2018-12-21,,,,,6480.0,0.0
2018-12-22,,,,,6080.0,0.0
2018-12-23,,,,,5830.0,0.0
2018-12-24,,,,,5720.0,0.0
2018-12-25,,,,,5710.0,0.0
2018-12-26,,,,,7110.0,1.0
2018-12-27,,,,,18500.0,1.0
2018-12-28,,,,,16100.0,0.0
2018-12-29,,,,,7860.0,0.0
2018-12-30,,,,,5290.0,0.0
2018-12-31,,,,,7500.0,1.0
2019-01-01,7.22,2.22,4.72,0.0,7730.0,1.0
2019-01-02,3.33,0.56,1.94,20.83,7030.0,0.0
2019-01-03,5.0,2.22,3.61,17.02,11800.0,1.0
2019-01-04,15.56,3.33,9.44,0.0,12600.0,1.0
2019-01-05,22.22,2.22,12.22,0.0,8940.0,0.0
2019-01-06,20.56,6.67,13.61,0.0,7110.0,0.0
2019-01-07,24.44,12.78,18.61,0.0,6800.0,0.0
2019-01-08,20.56,8.33,14.44,0.0,6400.0,0.0
2019-01-09,16.11,6.11,11.11,0.0,7860.0,1.0
2019-01-10,10.56,5.56,8.06,0.0,8920.0,1.0
2019-01-11,12.78,7.78,10.28,9.65,9250.0,1.0
2019-01-12,13.33,5.56,9.44,0.25,9860.0,1.0
2019-01-13,5.56,2.78,4.17,0.0,9590.0,0.0
2019-01-14,8.33,2.78,5.56,0.0,7920.0,0.0
2019-01-15,10.0,2.78,6.39,0.0,8160.0,1.0
2019-01-16,17.22,7.78,12.5,0.0,8520.0,1.0
2019-01-17,15.0,6.11,10.56,0.0,7470.0,0.0
2019-01-18,20.56,5.56,13.06,0.0,7100.0,0.0
2019-01-19,17.22,-0.56,8.33,0.76,5890.0,0.0
2019-01-20,8.33,-2.78,2.78,0.0,5530.0,0.0
2019-01-21,15.0,3.33,9.16,0.0,5220.0,0.0
2019-01-22,18.33,3.33,10.83,0.51,5530.0,1.0
2019-01-23,9.44,-1.72,3.86,0.0,4760.0,0.0
2019-01-24,16.11,0.0,8.06,0.0,3140.0,0.0
2019-01-25,11.67,-0.56,5.56,0.0,2590.0,0.0
2019-01-26,15.0,3.33,9.16,0.0,2130.0,0.0
2019-01-27,17.78,0.56,9.17,0.0,1930.0,0.0
2019-01-28,17.22,4.44,10.83,0.0,1540.0,0.0
2019-01-29,9.44,-1.11,4.16,0.0,1380.0,0.0
2019-01-30,11.11,1.67,6.39,0.0,1370.0,0.0
2019-01-31,13.89,5.56,9.72,0.0,1390.0,1.0
2019-02-01,17.22,11.67,14.44,0.25,1830.0,1.0
2019-02-02,18.89,12.22,15.56,0.25,2050.0,1.0
2019-02-03,22.22,16.11,19.16,0.0,1380.0,0.0
2019-02-04,27.22,17.22,22.22,0.0,1350.0,0.0
2019-02-05,25.56,17.78,21.67,0.0,1240.0,0.0
2019-02-06,25.56,20.56,23.06,0.0,1350.0,1.0
2019-02-07,22.78,-0.56,11.11,7.87,1980.0,1.0
2019-02-08,3.33,-3.89,-0.28,0.0,1880.0,0.0
2019-02-09,4.44,1.67,3.06,3.05,1530.0,0.0
2019-02-10,7.22,2.22,4.72,2.29,2030.0,1.0
2019-02-11,15.56,7.22,11.39,8.64,1920.0,0.0
2019-02-12,14.44,5.56,10.0,0.0,2590.0,1.0
2019-02-13,17.22,2.22,9.72,0.0,2390.0,0.0
2019-02-14,26.11,10.56,18.34,0.0,2380.0,0.0
2019-02-15,23.89,2.78,13.34,0.0,2590.0,1.0
2019-02-16,6.67,1.67,4.17,0.0,2200.0,0.0
2019-02-17,12.78,4.0,8.39,0.25,1610.0,0.0
2019-02-18,7.78,1.67,4.72,0.0,1440.0,0.0
2019-02-19,4.44,2.78,3.61,10.41,2240.0,1.0
2019-02-20,14.44,3.0,8.72,0.0,2880.0,1.0
2019-02-21,11.11,6.11,8.61,2.54,1810.0,0.0
2019-02-22,10.0,8.33,9.16,1.02,1620.0,0.0
2019-02-23,20.56,8.89,14.72,0.51,1650.0,1.0
2019-02-24,16.67,3.33,10.0,0.0,1590.0,0.0
2019-02-25,18.89,3.89,11.39,0.0,1480.0,0.0
2019-02-26,17.22,10.56,13.89,0.0,1490.0,1.0
2019-02-27,18.33,0.56,9.44,0.0,1780.0,1.0
2019-02-28,3.89,-0.56,1.66,0.0,1620.0,0.0
2019-03-01,7.78,1.11,4.44,0.0,1680.0,1.0
2019-03-02,6.67,3.89,5.28,2.29,1270.0,0.0
2019-03-03,6.11,-2.22,1.94,0.76,1390.0,1.0
2019-03-04,1.11,-5.56,-2.22,0.0,1040.0,0.0
2019-03-05,7.78,-5.0,1.39,0.0,950.0,0.0
2019-03-06,12.78,-2.78,5.0,0.0,870.0,0.0
2019-03-07,22.78,7.22,15.0,0.0,1100.0,1.0
2019-03-08,26.67,16.67,21.67,0.0,1390.0,1.0
2019-03-09,25.56,14.44,20.0,8.13,2170.0,1.0
2019-03-10,16.11,11.67,13.89,1.02,2890.0,1.0
2019-03-11,18.33,11.11,14.72,0.0,1740.0,0.0
2019-03-12,20.56,13.89,17.23,1.78,2190.0,1.0
2019-03-13,22.78,13.33,18.06,25.4,6360.0,1.0
2019-03-14,19.44,10.0,14.72,0.0,7970.0,1.0
2019-03-15,16.11,6.67,11.39,0.0,3820.0,0.0
2019-03-16,17.22,2.78,10.0,0.0,4350.0,1.0
2019-03-17,20.0,3.89,11.94,0.0,4660.0,1.0
2019-03-18,21.67,5.56,13.62,0.0,4610.0,0.0
2019-03-19,21.67,10.0,15.84,0.0,4490.0,0.0
2019-03-20,19.44,11.11,15.28,0.0,4530.0,1.0
2019-03-21,26.11,8.33,17.22,0.0,4680.0,1.0
2019-03-22,25.0,10.0,17.5,0.0,4480.0,0.0
2019-03-23,21.67,16.11,18.89,0.25,4050.0,0.0
2019-03-24,27.78,16.67,22.22,7.87,4170.0,1.0
2019-03-25,22.78,13.33,18.06,0.0,4720.0,1.0
2019-03-26,22.22,11.11,16.66,0.0,4140.0,0.0
2019-03-27,23.89,12.22,18.06,0.0,3430.0,0.0
2019-03-28,26.11,14.44,20.27,0.0,3200.0,0.0
2019-03-29,23.33,17.78,20.56,0.0,3040.0,0.0
2019-03-30,20.56,8.33,14.44,0.51,2540.0,0.0
2019-03-31,14.44,4.44,9.44,0.0,1770.0,0.0
2019-04-01,17.22,5.56,11.39,0.0,1590.0,0.0
2019-04-02,22.22,7.22,14.72,0.0,1460.0,0.0
2019-04-03,21.11,11.11,16.11,0.0,1090.0,0.0
2019-04-04,29.44,16.67,23.06,0.0,742.0,0.0
2019-04-05,26.67,13.33,20.0,0.0,757.0,1.0
2019-04-06,20.0,15.0,17.5,21.34,2040.0,1.0
2019-04-07,22.22,16.67,19.44,1.78,3030.0,1.0
2019-04-08,28.89,16.11,22.5,0.51,1510.0,0.0
2019-04-09,31.67,14.44,23.06,,1090.0,0.0
2019-04-10,32.22,19.44,25.83,0.0,891.0,0.0
2019-04-11,22.78,11.11,16.94,0.0,824.0,0.0
2019-04-12,22.22,8.89,15.56,0.0,721.0,0.0
2019-04-13,17.78,6.11,11.94,69.34,5180.0,1.0
2019-04-14,20.56,6.67,13.61,1.02,11800.0,1.0
2019-04-15,26.67,12.22,19.44,0.0,4090.0,0.0
2019-04-16,25.0,17.22,21.11,0.0,2000.0,0.0
2019-04-17,27.78,16.67,22.22,7.11,2790.0,1.0
2019-04-18,23.33,12.22,17.77,13.72,7320.0,1.0
2019-04-19,20.0,11.11,15.56,0.0,6570.0,0.0
2019-04-20,26.67,8.89,17.78,0.0,4760.0,0.0
2019-04-21,27.78,15.56,21.67,0.0,5690.0,1.0
2019-04-22,26.67,18.0,22.34,0.0,5270.0,0.0
2019-04-23,24.44,16.67,20.56,69.85,6010.0,1.0
2019-04-24,20.0,16.67,18.34,31.75,22600.0,1.0
2019-04-25,27.78,15.56,21.67,0.0,26000.0,1.0
2019-04-26,26.11,14.44,20.27,0.0,16700.0,0.0
2019-04-27,29.44,17.78,23.61,0.0,10300.0,0.0
2019-04-28,28.33,19.44,23.88,0.25,9360.0,0.0
2019-04-29,28.33,20.56,24.44,0.0,8780.0,0.0
2019-04-30,27.61,23.28,25.44,,8150.0,0.0
2019-05-01,28.89,17.78,23.34,30.99,9310.0,1.0
2019-05-02,27.78,16.67,22.22,9.14,16000.0,1.0
2019-05-03,26.11,17.22,21.66,0.0,17300.0,1.0
2019-05-04,26.67,17.78,22.22,4.32,12000.0,0.0
2019-05-05,28.33,15.56,21.94,0.0,9850.0,0.0
2019-05-06,28.89,22.22,25.56,0.0,7500.0,0.0
2019-05-07,30.56,21.67,26.12,0.0,8160.0,1.0
2019-05-08,22.78,17.22,20.0,66.29,14900.0,1.0
2019-05-09,25.0,12.78,18.89,0.76,22400.0,1.0
2019-05-10,16.11,11.11,13.61,1.78,19200.0,0.0
2019-05-11,20.0,13.89,16.94,50.29,19100.0,0.0
2019-05-12,26.11,15.0,20.56,0.0,21800.0,1.0
2019-05-13,28.89,16.11,22.5,0.0,16600.0,0.0
2019-05-14,29.44,17.22,23.33,0.0,10600.0,0.0
2019-05-15,30.56,18.89,24.72,0.0,6930.0,0.0
2019-05-16,31.11,21.67,26.39,0.0,5490.0,0.0
2019-05-17,30.56,21.11,25.84,0.0,5910.0,1.0
2019-05-18,25.56,18.89,22.22,73.41,11000.0,1.0
2019-05-19,31.11,21.67,26.39,0.0,22300.0,1.0
2019-05-20,31.67,23.33,27.5,0.0,18700.0,0.0
2019-05-21,29.44,19.44,24.44,2.79,11700.0,0.0
2019-05-22,32.78,20.56,26.67,0.0,8510.0,0.0
2019-05-23,32.78,25.0,28.89,0.0,8840.0,1.0
2019-05-24,32.78,25.0,28.89,0.0,10200.0,1.0
2019-05-25,32.78,22.78,27.78,0.0,11300.0,1.0
2019-05-26,32.22,23.33,27.78,0.0,11800.0,1.0
2019-05-27,32.22,23.33,27.78,0.0,11400.0,0.0
2019-05-28,31.11,23.33,27.22,0.0,12000.0,1.0
2019-05-29,30.0,21.67,25.84,14.22,13100.0,1.0
2019-05-30,30.56,20.0,25.28,0.0,15100.0,1.0
2019-05-31,30.0,21.11,25.56,0.0,13100.0,0.0
2019-06-01,33.89,19.44,26.66,19.56,13400.0,1.0
2019-06-02,32.22,20.56,26.39,0.0,17500.0,1.0
2019-06-03,33.89,23.89,28.89,0.0,18300.0,1.0
2019-06-04,30.56,23.89,27.22,0.0,16500.0,0.0
2019-06-05,27.78,23.89,25.84,3.56,15300.0,0.0
2019-06-06,32.78,21.11,26.94,3.05,15200.0,0.0
2019-06-07,31.11,21.11,26.11,0.0,13300.0,0.0
2019-06-08,34.44,22.22,28.33,0.0,11100.0,0.0
2019-06-09,33.33,21.11,27.22,16.51,9780.0,0.0
2019-06-10,28.89,20.56,24.72,0.0,10400.0,1.0
2019-06-11,26.67,20.0,23.34,0.0,9790.0,0.0
2019-06-12,31.11,18.33,24.72,0.0,10000.0,1.0
2019-06-13,31.67,17.78,24.72,0.0,9910.0,0.0
2019-06-14,33.33,22.22,27.78,0.0,9930.0,1.0
2019-06-15,34.44,25.0,29.72,0.0,10000.0,1.0
2019-06-16,28.89,19.44,24.16,44.7,11400.0,1.0
2019-06-17,31.67,19.44,25.56,0.0,18000.0,1.0
2019-06-18,34.44,23.33,28.88,0.0,12500.0,0.0
2019-06-19,35.56,22.78,29.17,5.33,7190.0,0.0
2019-06-20,36.11,25.0,30.56,0.0,7380.0,1.0
2019-06-21,35.56,27.78,31.67,0.0,7450.0,1.0
2019-06-22,33.89,27.78,30.84,0.25,7870.0,1.0
2019-06-23,35.0,20.56,27.78,15.75,8370.0,1.0
2019-06-24,30.0,21.11,25.56,0.0,9950.0,1.0
2019-06-25,33.33,23.89,28.61,0.0,9180.0,0.0
2019-06-26,32.78,23.33,28.06,0.0,7910.0,0.0
2019-06-27,33.33,23.33,28.33,0.0,7780.0,0.0
2019-06-28,35.0,23.89,29.44,0.0,7730.0,0.0
2019-06-29,36.67,23.33,30.0,0.51,7370.0,0.0
2019-06-30,31.11,22.22,26.66,0.0,7610.0,1.0
2019-07-01,32.78,23.89,28.34,0.25,7750.0,1.0
2019-07-02,33.33,24.44,28.88,0.0,7670.0,0.0
2019-07-03,33.89,23.89,28.89,0.0,7480.0,0.0
2019-07-04,33.89,25.56,29.72,3.56,7400.0,0.0
2019-07-05,34.44,26.11,30.28,0.0,7300.0,0.0
2019-07-06,35.0,26.11,30.56,0.0,7340.0,1.0
2019-07-07,36.67,26.67,31.67,0.0,9100.0,1.0
2019-07-08,35.56,27.22,31.39,0.0,8120.0,0.0
2019-07-09,36.11,27.22,31.66,0.0,7550.0,0.0
2019-07-10,36.67,24.44,30.56,3.3,7480.0,0.0
2019-07-11,36.11,24.44,30.28,0.0,9230.0,1.0
2019-07-12,34.44,23.89,29.16,0.0,7030.0,0.0
2019-07-13,35.0,25.0,30.0,0.0,5210.0,0.0
2019-07-14,31.67,25.0,28.34,0.0,4600.0,0.0
2019-07-15,35.0,22.78,28.89,0.0,4480.0,0.0
2019-07-16,36.67,27.22,31.94,0.0,4500.0,1.0
2019-07-17,36.11,26.67,31.39,0.0,2920.0,0.0
2019-07-18,36.11,26.11,31.11,0.0,2270.0,0.0
2019-07-19,36.11,26.67,31.39,0.0,2030.0,0.0
2019-07-20,36.67,26.67,31.67,0.0,1390.0,0.0
2019-07-21,36.67,26.67,31.67,0.0,1010.0,0.0
2019-07-22,35.56,27.22,31.39,0.0,904.0,0.0
2019-07-23,33.33,23.89,28.61,0.0,991.0,1.0
2019-07-24,30.0,22.78,26.39,0.0,964.0,0.0
2019-07-25,31.67,21.67,26.67,0.0,902.0,0.0
2019-07-26,31.67,21.67,26.67,0.0,933.0,1.0
2019-07-27,35.0,23.33,29.16,0.0,883.0,0.0
2019-07-28,36.11,25.0,30.56,0.0,858.0,0.0
2019-07-29,35.56,26.67,31.12,0.0,898.0,1.0
2019-07-30,38.89,27.22,33.06,0.0,848.0,0.0
2019-07-31,37.22,25.0,31.11,0.0,594.0,0.0
2019-08-01,35.56,26.67,31.12,0.0,551.0,0.0
2019-08-02,36.11,26.67,31.39,0.0,665.0,1.0
2019-08-03,31.67,25.0,28.34,9.91,928.0,1.0
2019-08-04,34.44,24.44,29.44,2.79,994.0,1.0
2019-08-05,36.11,26.67,31.39,0.0,890.0,0.0
2019-08-06,37.22,28.33,32.78,0.0,646.0,0.0
2019-08-07,38.89,28.33,33.61,0.0,506.0,0.0
2019-08-08,35.56,27.78,31.67,0.0,514.0,1.0
2019-08-09,38.89,27.78,33.34,0.0,515.0,1.0
2019-08-10,38.89,27.22,33.06,0.0,509.0,0.0
2019-08-11,38.33,27.78,33.06,0.0,448.0,0.0
2019-08-12,38.89,28.33,33.61,0.0,433.0,0.0
2019-08-13,39.44,28.33,33.88,0.0,439.0,1.0
2019-08-14,35.56,24.44,30.0,2.54,478.0,1.0
2019-08-15,37.22,26.67,31.94,0.0,1130.0,1.0
2019-08-16,38.33,27.22,32.78,0.0,803.0,0.0
2019-08-17,37.78,27.78,32.78,0.0,551.0,0.0
2019-08-18,37.78,27.22,32.5,0.0,490.0,0.0
2019-08-19,38.33,27.78,33.06,0.0,476.0,0.0
2019-08-20,38.89,28.33,33.61,0.0,457.0,0.0
2019-08-21,37.78,27.22,32.5,0.0,449.0,0.0
2019-08-22,37.22,27.78,32.5,0.0,442.0,0.0
2019-08-23,35.56,27.22,31.39,0.0,448.0,1.0
2019-08-24,35.0,26.11,30.56,0.0,462.0,1.0
2019-08-25,37.22,26.11,31.66,0.0,903.0,1.0
2019-08-26,39.44,27.78,33.61,0.0,986.0,1.0
2019-08-27,32.22,22.78,27.5,4.06,654.0,0.0
2019-08-28,35.56,24.44,30.0,0.0,1170.0,1.0
2019-08-29,37.22,26.11,31.66,0.0,816.0,0.0
2019-08-30,35.0,23.33,29.16,2.03,671.0,0.0
2019-08-31,30.0,23.33,26.66,0.0,1020.0,1.0
2019-09-01,36.11,22.78,29.44,0.0,812.0,0.0
2019-09-02,36.11,23.89,30.0,0.0,559.0,0.0
2019-09-03,36.67,26.11,31.39,0.0,511.0,0.0
2019-09-04,37.22,25.56,31.39,0.0,477.0,0.0
2019-09-05,38.33,25.0,31.66,0.0,452.0,0.0
2019-09-06,38.89,24.44,31.66,0.0,445.0,0.0
2019-09-07,38.89,25.56,32.22,0.0,434.0,0.0
2019-09-08,38.33,26.11,32.22,0.0,431.0,0.0
2019-09-09,36.11,25.56,30.84,0.0,440.0,1.0
2019-09-10,35.56,24.44,30.0,0.0,433.0,0.0
2019-09-11,36.11,24.39,30.25,0.0,443.0,1.0
2019-09-12,35.56,24.44,30.0,0.0,445.0,1.0
2019-09-13,36.11,26.67,31.39,0.0,451.0,1.0
2019-09-14,37.22,25.56,31.39,0.0,423.0,0.0
2019-09-15,37.22,25.56,31.39,0.0,425.0,1.0
2019-09-16,36.11,26.67,31.39,0.0,448.0,1.0
2019-09-17,35.0,25.0,30.0,0.0,422.0,0.0
2019-09-18,34.44,24.44,29.44,0.0,422.0,0.0
2019-09-19,27.78,24.44,26.11,0.0,417.0,0.0
2019-09-20,36.11,24.44,30.28,1.52,422.0,1.0
2019-09-21,35.0,25.0,30.0,0.0,410.0,0.0
2019-09-22,35.0,25.0,30.0,0.0,408.0,0.0
2019-09-23,35.0,26.11,30.56,26.42,595.0,1.0
2019-09-24,35.56,25.56,30.56,0.0,470.0,0.0
2019-09-25,36.67,26.11,31.39,0.0,419.0,0.0
2019-09-26,35.0,25.56,30.28,0.0,419.0,0.0
2019-09-27,35.0,24.44,29.72,0.0,408.0,0.0
2019-09-28,35.0,26.11,30.56,0.0,385.0,0.0
2019-09-29,35.56,26.11,30.84,0.0,388.0,1.0
2019-09-30,33.89,24.44,29.16,0.0,405.0,1.0
2019-10-01,35.0,25.56,30.28,0.0,403.0,0.0
2019-10-02,35.56,25.0,30.28,0.0,403.0,0.0
2019-10-03,35.56,25.56,30.56,0.0,396.0,0.0
2019-10-04,32.78,24.44,28.61,0.0,400.0,1.0
2019-10-05,35.0,22.22,28.61,0.0,397.0,0.0
2019-10-06,36.11,18.89,27.5,0.0,397.0,0.0
2019-10-07,27.22,16.11,21.66,0.0,410.0,1.0
2019-10-08,27.22,15.0,21.11,0.0,391.0,0.0
2019-10-09,31.67,18.33,25.0,0.0,361.0,0.0
2019-10-10,33.33,14.44,23.88,24.13,645.0,1.0
2019-10-11,17.78,6.67,12.23,4.57,3210.0,1.0
2019-10-12,19.44,5.0,12.22,0.0,1720.0,0.0
2019-10-13,25.56,13.33,19.44,0.0,760.0,0.0
2019-10-14,23.89,16.67,20.28,1.02,565.0,0.0
2019-10-15,28.89,20.0,24.44,0.25,530.0,0.0
2019-10-16,21.67,11.67,16.67,0.0,402.0,0.0
2019-10-17,22.78,10.0,16.39,0.0,459.0,1.0
2019-10-18,25.0,10.56,17.78,0.0,453.0,0.0
2019-10-19,30.0,16.67,23.34,0.76,445.0,0.0
2019-10-20,31.11,13.89,22.5,1.78,439.0,0.0
2019-10-21,23.33,11.67,17.5,20.57,5050.0,1.0
2019-10-22,24.44,9.44,16.94,0.0,3320.0,0.0
2019-10-23,27.78,13.89,20.84,0.0,1040.0,0.0
2019-10-24,25.0,10.0,17.5,31.75,1250.0,1.0
2019-10-25,10.0,7.22,8.61,10.67,7500.0,1.0
2019-10-26,20.56,8.89,14.72,0.0,3530.0,0.0
2019-10-27,25.0,10.0,17.5,0.0,1140.0,0.0
2019-10-28,18.33,10.0,14.16,0.76,881.0,0.0
2019-10-29,10.0,7.22,8.61,26.16,825.0,0.0
2019-10-30,7.78,3.33,5.56,8.64,3480.0,1.0
2019-10-31,11.11,-0.56,5.28,0.0,3230.0,0.0
2019-11-01,16.11,1.11,8.61,0.0,1170.0,0.0
2019-11-02,18.33,3.33,10.83,0.0,793.0,0.0
2019-11-03,20.56,5.0,12.78,0.0,644.0,0.0
2019-11-04,25.56,11.11,18.34,0.0,620.0,0.0
2019-11-05,19.44,15.61,17.52,1.52,554.0,0.0
2019-11-06,25.0,16.11,20.56,0.0,542.0,0.0
2019-11-07,21.67,6.11,13.89,16.51,2480.0,1.0
2019-11-08,13.89,5.56,9.72,0.0,3300.0,1.0
2019-11-09,20.56,5.0,12.78,0.0,1160.0,0.0
2019-11-10,23.33,9.44,16.38,0.0,788.0,0.0
2019-11-11,18.89,-1.11,8.89,0.0,652.0,0.0
2019-11-12,4.44,-5.0,-0.28,0.0,586.0,0.0
2019-11-13,8.89,-3.33,2.78,0.0,583.0,0.0
2019-11-14,15.0,5.0,10.0,0.0,505.0,0.0
2019-11-15,17.22,1.11,9.16,0.0,459.0,0.0
2019-11-16,17.22,3.33,10.27,0.0,469.0,1.0
2019-11-17,20.56,6.11,13.34,0.0,488.0,1.0
2019-11-18,22.22,5.0,13.61,0.0,466.0,0.0
2019-11-19,26.67,7.78,17.23,0.0,463.0,0.0
2019-11-20,25.56,15.0,20.28,1.52,465.0,1.0
2019-11-21,24.44,11.67,18.06,1.02,439.0,0.0
2019-11-22,11.67,5.56,8.62,20.57,1320.0,1.0
2019-11-23,13.89,2.78,8.34,0.0,1350.0,1.0
2019-11-24,21.11,4.44,12.78,0.0,829.0,0.0
2019-11-25,23.89,10.0,16.94,0.0,965.0,1.0
2019-11-26,22.78,12.78,17.78,0.0,656.0,0.0
2019-11-27,13.89,5.56,9.72,0.0,519.0,0.0
2019-11-28,10.56,6.67,8.62,11.94,1310.0,1.0
2019-11-29,22.22,7.78,15.0,17.02,2030.0,1.0
2019-11-30,23.33,13.33,18.33,2.29,1760.0,0.0
2019-12-01,14.44,6.11,10.28,0.0,1590.0,0.0
2019-12-02,14.44,3.89,9.16,0.0,916.0,0.0
2019-12-03,21.11,5.0,13.06,0.0,764.0,0.0
2019-12-04,21.67,5.0,13.34,0.0,736.0,0.0
2019-12-05,22.22,12.22,17.22,0.0,698.0,0.0
2019-12-06,18.33,9.44,13.88,0.0,692.0,0.0
2019-12-07,18.33,4.44,11.38,0.0,639.0,0.0
2019-12-08,21.11,10.0,15.56,0.0,625.0,0.0
2019-12-09,23.33,5.0,14.16,0.0,597.0,0.0
2019-12-10,8.33,2.22,5.28,14.99,1930.0,1.0
2019-12-11,11.67,1.67,6.67,0.0,1910.0,0.0
2019-12-12,14.44,3.89,9.16,0.0,1080.0,0.0
2019-12-13,17.78,6.67,12.23,0.0,962.0,0.0
2019-12-14,19.44,4.44,11.94,0.0,904.0,0.0
2019-12-15,24.44,8.33,16.39,0.0,1150.0,1.0
2019-12-16,8.33,2.78,5.56,0.0,842.0,0.0
2019-12-17,10.56,0.0,5.28,0.0,814.0,0.0
2019-12-18,16.11,-1.11,7.5,0.0,807.0,0.0
2019-12-19,15.56,0.56,8.06,0.0,1050.0,1.0
2019-12-20,10.56,6.11,8.34,0.0,1280.0,1.0
2019-12-21,10.0,6.67,8.34,0.0,1330.0,1.0
2019-12-22,13.33,3.89,8.61,0.0,1330.0,0.0
2019-12-23,19.44,0.56,10.0,0.0,1330.0,0.0
2019-12-24,22.22,5.0,13.61,0.0,1250.0,0.0
2019-12-25,21.67,9.44,15.56,0.0,1220.0,0.0
2019-12-26,18.89,11.11,15.0,0.0,1170.0,0.0
2019-12-27,22.22,15.0,18.61,0.0,933.0,0.0
2019-12-28,19.44,13.33,16.39,22.1,1550.0,1.0
2019-12-29,13.33,6.67,10.0,0.25,3180.0,1.0
2019-12-30,13.33,2.22,7.78,0.0,1360.0,0.0
2019-12-31,13.89,0.56,7.22,0.0,953.0,0.0
2020-01-01,13.33,6.11,9.72,0.0,834.0,0.0
2020-01-02,16.67,10.0,13.34,0.0,809.0,0.0
2020-01-03,15.56,6.67,11.12,0.0,795.0,0.0
2020-01-04,15.56,2.78,9.17,0.0,740.0,0.0
2020-01-05,21.67,4.44,13.06,0.0,727.0,0.0
2020-01-06,18.89,3.89,11.39,0.0,772.0,1.0
2020-01-07,17.78,2.78,10.28,0.0,681.0,0.0
2020-01-08,18.33,3.33,10.83,0.0,574.0,0.0
2020-01-09,21.67,14.44,18.06,0.0,539.0,0.0
2020-01-10,21.67,6.67,14.17,27.94,743.0,1.0
2020-01-11,6.67,-0.61,3.03,2.29,7570.0,1.0
2020-01-12,13.33,0.56,6.94,0.0,4030.0,0.0
2020-01-13,16.67,6.11,11.39,0.0,1340.0,0.0
2020-01-14,22.22,13.89,18.06,0.0,2440.0,1.0
2020-01-15,26.11,17.22,21.66,0.0,4140.0,1.0
2020-01-16,16.11,8.89,12.5,101.85,10300.0,1.0
2020-01-17,18.33,9.44,13.88,8.13,14100.0,1.0
2020-01-18,17.22,6.11,11.66,0.0,8580.0,0.0
2020-01-19,12.78,0.56,6.67,0.0,5570.0,0.0
2020-01-20,13.33,3.33,8.33,0.0,5040.0,0.0
2020-01-21,11.11,2.78,6.94,1.02,5180.0,1.0
2020-01-22,7.78,4.0,5.89,8.13,5680.0,1.0
2020-01-23,13.89,7.22,10.56,0.51,6360.0,1.0
2020-01-24,15.56,4.44,10.0,0.0,6320.0,0.0
2020-01-25,18.33,6.67,12.5,0.0,5500.0,0.0
2020-01-26,17.78,10.0,13.89,0.0,5330.0,0.0
2020-01-27,16.11,6.67,11.39,0.0,5250.0,0.0
2020-01-28,16.67,5.56,11.12,9.14,5550.0,1.0
2020-01-29,7.78,4.44,6.11,0.25,5790.0,1.0
2020-01-30,8.33,4.44,6.38,0.0,5410.0,0.0
2020-01-31,13.33,6.11,9.72,0.0,5250.0,0.0
2020-02-01,19.44,2.22,10.83,0.0,5190.0,0.0
2020-02-02,26.67,5.56,16.12,0.0,5150.0,0.0
2020-02-03,21.67,13.33,17.5,0.76,5120.0,0.0
2020-02-04,19.44,4.44,11.94,0.51,5240.0,1.0
2020-02-05,4.44,1.0,2.72,0.51,5450.0,1.0
2020-02-06,8.33,-1.11,3.61,0.0,5290.0,0.0
2020-02-07,16.11,1.11,8.61,0.0,5220.0,0.0
2020-02-08,18.33,5.56,11.94,0.0,5230.0,1.0
2020-02-09,21.67,14.0,17.84,0.51,4900.0,0.0
2020-02-10,13.33,5.0,9.16,10.41,5010.0,1.0
2020-02-11,7.22,5.0,6.11,8.38,5570.0,1.0
2020-02-12,8.89,6.11,7.5,53.34,11900.0,1.0
2020-02-13,7.22,1.11,4.16,0.0,15600.0,1.0
2020-02-14,11.11,-2.22,4.44,0.0,7050.0,0.0
2020-02-15,17.78,5.56,11.67,0.0,4630.0,0.0
2020-02-16,25.56,10.56,18.06,0.0,5050.0,1.0
2020-02-17,25.0,16.11,20.56,0.0,5290.0,1.0
2020-02-18,17.78,8.89,13.34,8.13,5550.0,1.0
2020-02-19,9.44,6.11,7.78,17.27,5850.0,1.0
2020-02-20,12.78,3.33,8.06,5.59,8970.0,1.0
2020-02-21,10.0,0.0,5.0,0.0,7860.0,0.0
2020-02-22,13.33,6.11,9.72,0.0,5930.0,0.0
2020-02-23,16.11,10.0,13.06,0.25,5420.0,0.0
2020-02-24,19.44,10.0,14.72,0.0,5290.0,0.0
2020-02-25,16.11,6.67,11.39,0.0,5120.0,0.0
2020-02-26,9.44,2.22,5.83,0.0,4940.0,0.0
2020-02-27,16.11,0.0,8.06,0.0,4950.0,1.0
2020-02-28,19.44,3.89,11.66,0.0,4660.0,0.0
2020-02-29,23.33,8.33,15.83,0.0,3370.0,0.0
2020-03-01,22.22,15.0,18.61,0.0,2060.0,0.0
2020-03-02,21.67,15.56,18.62,0.0,1820.0,0.0
2020-03-03,20.56,14.44,17.5,0.0,1740.0,0.0
2020-03-04,15.56,10.56,13.06,23.62,3530.0,1.0
2020-03-05,22.78,7.22,15.0,0.76,5590.0,1.0
2020-03-06,20.0,5.56,12.78,0.0,2780.0,0.0
2020-03-07,17.22,9.44,13.33,0.0,2090.0,0.0
2020-03-08,20.56,10.0,15.28,0.0,1940.0,0.0
2020-03-09,23.33,16.11,19.72,1.52,1950.0,1.0
2020-03-10,26.11,11.67,18.89,0.0,2490.0,1.0
2020-03-11,30.0,20.0,25.0,0.0,3360.0,1.0
2020-03-12,27.78,20.56,24.17,0.0,4010.0,1.0
2020-03-13,24.44,16.67,20.56,23.11,9090.0,1.0
2020-03-14,22.78,12.78,17.78,0.76,13100.0,1.0
2020-03-15,14.44,10.56,12.5,50.8,9360.0,0.0
2020-03-16,20.0,11.0,15.5,19.3,19600.0,1.0
2020-03-17,20.56,16.11,18.34,3.3,20200.0,1.0
2020-03-18,25.56,18.0,21.78,32.51,20900.0,1.0
2020-03-19,27.22,18.89,23.06,30.23,23000.0,1.0
2020-03-20,19.44,7.78,13.61,3.05,19700.0,0.0
2020-03-21,14.44,5.56,10.0,4.32,15000.0,0.0
2020-03-22,19.0,11.67,15.34,3.56,12400.0,0.0
2020-03-23,20.0,15.56,17.78,0.0,10900.0,0.0
2020-03-24,30.56,17.22,23.89,0.0,9510.0,0.0
2020-03-25,31.11,14.44,22.78,0.0,8080.0,0.0
2020-03-26,28.33,20.0,24.16,0.0,7290.0,0.0
2020-03-27,28.33,20.56,24.44,0.0,7520.0,1.0
2020-03-28,25.0,13.33,19.16,10.16,8960.0,1.0
2020-03-29,21.11,11.67,16.39,0.0,9320.0,1.0
2020-03-30,17.78,12.78,15.28,12.19,9150.0,0.0
2020-03-31,20.56,11.67,16.11,0.0,9480.0,1.0
2020-04-01,21.67,10.0,15.84,0.0,9040.0,0.0
2020-04-02,21.11,15.56,18.34,0.51,8600.0,0.0
2020-04-03,20.0,5.0,12.5,3.3,8650.0,1.0
2020-04-04,9.44,5.0,7.22,1.27,9020.0,1.0
2020-04-05,18.89,8.89,13.89,0.0,9290.0,1.0
2020-04-06,22.22,16.11,19.16,0.0,8930.0,0.0
2020-04-07,31.11,20.0,25.56,0.0,8730.0,0.0
2020-04-08,35.56,21.11,28.34,0.0,8660.0,0.0
2020-04-09,25.0,18.33,21.66,0.0,8570.0,0.0
2020-04-10,23.33,14.44,18.88,0.0,8230.0,0.0
2020-04-11,20.56,15.0,17.78,2.54,9070.0,1.0
2020-04-12,26.67,8.33,17.5,8.64,8920.0,0.0
2020-04-13,14.44,5.0,9.72,0.0,10100.0,1.0
2020-04-14,13.89,6.67,10.28,0.0,9240.0,0.0
2020-04-15,18.89,5.0,11.94,0.0,8570.0,0.0
2020-04-16,23.33,10.0,16.66,0.0,9180.0,1.0
2020-04-17,19.0,10.56,14.78,0.0,8580.0,0.0
2020-04-18,21.67,6.67,14.17,0.0,8830.0,1.0
2020-04-19,28.33,17.0,22.66,0.51,8990.0,1.0
2020-04-20,24.44,13.33,18.89,0.0,8960.0,0.0
2020-04-21,28.89,17.22,23.06,0.0,8040.0,0.0
2020-04-22,31.11,20.0,25.56,0.51,7450.0,0.0
2020-04-23,28.89,15.56,22.22,0.0,7590.0,1.0
2020-04-24,33.33,19.44,26.38,0.0,7260.0,0.0
2020-04-25,25.56,14.44,20.0,0.0,7430.0,1.0
2020-04-26,28.33,12.22,20.27,0.0,7480.0,1.0
2020-04-27,28.89,18.89,23.89,0.0,6810.0,0.0
2020-04-28,31.67,19.0,25.34,14.99,7420.0,1.0
2020-04-29,26.67,17.22,21.94,0.0,9460.0,1.0
2020-04-30,27.78,12.22,20.0,0.0,8050.0,0.0
2020-05-01,30.56,18.33,24.44,0.0,7100.0,0.0
2020-05-02,31.11,19.44,25.28,0.0,6770.0,0.0
2020-05-03,32.22,21.67,26.94,0.0,6680.0,0.0
2020-05-04,33.33,21.67,27.5,3.56,6670.0,0.0
2020-05-05,26.67,18.33,22.5,0.0,7070.0,1.0
2020-05-06,28.33,13.89,21.11,0.0,6880.0,0.0
2020-05-07,28.89,16.11,22.5,2.54,6680.0,0.0
2020-05-08,23.33,16.11,19.72,3.05,6540.0,0.0
2020-05-09,23.33,12.78,18.06,0.0,5520.0,0.0
2020-05-10,25.0,12.78,18.89,0.0,4110.0,0.0
2020-05-11,26.67,15.0,20.84,0.0,3690.0,0.0
2020-05-12,25.56,20.0,22.78,2.79,3260.0,0.0
2020-05-13,28.89,19.44,24.16,0.0,2700.0,0.0
2020-05-14,32.22,22.78,27.5,0.0,2470.0,0.0
2020-05-15,30.56,20.0,25.28,0.0,2220.0,0.0
2020-05-16,20.56,18.0,19.28,76.45,7860.0,1.0
2020-05-17,29.44,18.33,23.88,0.76,21400.0,1.0
2020-05-18,32.22,17.78,25.0,0.0,12100.0,0.0
2020-05-19,35.0,22.78,28.89,0.0,4890.0,0.0
2020-05-20,25.56,22.22,23.89,0.0,5410.0,1.0
2020-05-21,30.56,21.67,26.12,0.0,5750.0,1.0
2020-05-22,33.33,24.44,28.88,0.0,5740.0,0.0
2020-05-23,32.22,19.0,25.61,12.19,8010.0,1.0
2020-05-24,30.56,20.56,25.56,0.25,8710.0,1.0
2020-05-25,21.11,18.89,20.0,31.24,9490.0,1.0
2020-05-26,23.33,17.78,20.56,0.0,15000.0,1.0
2020-05-27,29.44,16.11,22.78,0.0,11900.0,0.0
2020-05-28,30.0,20.56,25.28,0.0,11900.0,0.0
2020-05-29,31.11,19.44,25.28,0.0,11600.0,0.0
2020-05-30,30.56,20.56,25.56,0.0,11500.0,0.0
2020-05-31,30.0,21.11,25.56,0.0,11300.0,0.0
2020-06-01,30.0,22.22,26.11,0.0,10700.0,0.0
2020-06-02,32.22,23.89,28.06,0.0,9980.0,0.0
2020-06-03,33.33,25.0,29.16,0.0,9150.0,0.0
2020-06-04,35.0,25.0,30.0,0.0,8220.0,0.0
2020-06-05,35.0,26.67,30.84,0.0,7450.0,0.0
2020-06-06,35.56,26.11,30.84,0.0,7070.0,0.0
2020-06-07,34.44,25.56,30.0,0.0,6590.0,0.0
2020-06-08,36.11,26.67,31.39,0.0,6240.0,0.0
2020-06-09,37.22,25.0,31.11,0.0,6030.0,0.0
2020-06-10,32.22,19.44,25.83,0.0,5830.0,0.0
2020-06-11,33.33,18.33,25.83,0.0,5630.0,0.0
2020-06-12,33.33,21.11,27.22,0.0,5240.0,0.0
2020-06-13,34.44,22.22,28.33,0.0,4030.0,0.0
2020-06-14,33.33,22.78,28.06,0.0,2660.0,0.0
2020-06-15,34.44,25.56,30.0,0.0,2410.0,0.0
2020-06-16,34.44,25.56,30.0,0.0,1830.0,0.0
2020-06-17,35.0,24.44,29.72,0.0,1190.0,0.0
2020-06-18,33.89,23.89,28.89,0.0,883.0,0.0
2020-06-19,34.44,20.0,27.22,77.47,881.0,0.0
2020-06-20,31.67,20.56,26.12,36.07,11900.0,1.0
2020-06-21,31.11,21.11,26.11,4.32,5560.0,0.0
2020-06-22,33.33,20.0,26.66,14.99,6000.0,1.0
2020-06-23,27.78,21.0,24.39,17.53,10300.0,1.0
2020-06-24,33.33,21.11,27.22,0.0,13800.0,1.0
2020-06-25,31.67,23.89,27.78,0.0,9210.0,0.0
2020-06-26,32.22,24.44,28.33,0.0,8200.0,0.0
2020-06-27,33.89,25.0,29.44,0.0,8590.0,1.0
2020-06-28,31.67,26.11,28.89,2.79,8460.0,0.0
2020-06-29,33.89,27.22,30.56,0.0,8130.0,0.0
2020-06-30,33.89,27.78,30.84,0.0,7740.0,0.0
2020-07-01,34.44,27.22,30.83,0.0,6970.0,0.0
2020-07-02,33.33,26.11,29.72,5.33,6770.0,0.0
2020-07-03,37.22,26.11,31.66,0.0,7780.0,1.0
2020-07-04,35.0,25.0,30.0,0.0,5730.0,0.0
2020-07-05,35.0,25.56,30.28,19.81,5100.0,0.0
2020-07-06,31.67,23.33,27.5,4.83,7780.0,1.0
2020-07-07,32.22,23.89,28.06,0.0,6720.0,0.0
2020-07-08,34.44,25.0,29.72,0.0,4770.0,0.0
2020-07-09,35.0,26.67,30.84,0.0,4200.0,0.0
2020-07-10,35.0,26.67,30.84,0.0,3710.0,0.0
2020-07-11,36.67,27.78,32.22,0.0,2990.0,0.0
2020-07-12,38.33,26.67,32.5,0.0,2520.0,0.0
2020-07-13,38.89,29.44,34.16,0.0,2390.0,0.0
2020-07-14,36.67,27.22,31.94,0.0,2260.0,0.0
2020-07-15,35.56,27.0,31.28,0.0,1670.0,0.0
2020-07-16,36.67,27.78,32.22,0.0,981.0,0.0
2020-07-17,36.11,27.22,31.66,0.0,671.0,0.0
2020-07-18,33.33,26.11,29.72,0.0,571.0,0.0
2020-07-19,35.56,26.67,31.12,0.0,531.0,0.0
2020-07-20,35.56,27.22,31.39,0.0,594.0,1.0
2020-07-21,33.33,25.56,29.44,0.0,548.0,0.0
2020-07-22,33.89,25.56,29.72,2.03,538.0,0.0
2020-07-23,35.0,26.11,30.56,0.0,523.0,0.0
2020-07-24,35.56,27.22,31.39,0.0,459.0,0.0
2020-07-25,33.33,26.11,29.72,0.0,425.0,0.0
2020-07-26,34.44,26.11,30.28,0.0,439.0,1.0
2020-07-27,32.78,25.0,28.89,0.0,436.0,0.0
2020-07-28,28.33,24.44,26.38,5.08,932.0,1.0
2020-07-29,34.44,26.11,30.28,0.0,1540.0,1.0
2020-07-30,36.67,24.44,30.56,0.0,726.0,0.0
2020-07-31,33.33,23.89,28.61,0.0,560.0,0.0
2020-08-01,33.89,22.78,28.34,0.0,520.0,0.0
2020-08-02,35.56,25.0,30.28,0.0,419.0,0.0
2020-08-03,34.44,24.44,29.44,0.0,411.0,0.0
2020-08-04,33.89,24.44,29.16,0.0,397.0,0.0
2020-08-05,32.78,25.56,29.17,0.0,386.0,0.0
2020-08-06,36.67,24.44,30.56,0.0,400.0,1.0
2020-08-07,36.67,26.67,31.67,0.0,392.0,0.0
2020-08-08,36.67,27.22,31.94,0.0,341.0,0.0
2020-08-09,36.67,26.67,31.67,0.0,383.0,1.0
2020-08-10,37.22,27.22,32.22,0.0,395.0,1.0
2020-08-11,37.22,27.78,32.5,0.0,389.0,0.0
2020-08-12,38.33,28.89,33.61,0.0,394.0,1.0
2020-08-13,38.89,29.44,34.16,0.0,384.0,0.0
2020-08-14,40.0,29.44,34.72,0.0,383.0,0.0
2020-08-15,39.44,28.33,33.88,0.0,381.0,0.0
2020-08-16,40.0,22.0,31.0,26.16,701.0,1.0
2020-08-17,33.89,23.33,28.61,0.0,1050.0,1.0
2020-08-18,35.56,25.56,30.56,0.0,685.0,0.0
2020-08-19,34.0,22.78,28.39,0.0,457.0,0.0
2020-08-20,33.89,22.78,28.34,0.0,392.0,0.0
2020-08-21,34.44,22.22,28.33,0.0,380.0,0.0
2020-08-22,35.56,24.44,30.0,0.0,355.0,0.0
2020-08-23,35.56,24.44,30.0,0.0,329.0,0.0
2020-08-24,36.11,25.56,30.84,0.0,409.0,1.0
2020-08-25,36.67,26.11,31.39,0.0,383.0,0.0
2020-08-26,33.33,25.0,29.16,0.0,371.0,0.0
2020-08-27,35.0,23.89,29.44,0.0,375.0,1.0
2020-08-28,40.56,26.67,33.62,0.0,375.0,0.0
2020-08-29,40.56,26.67,33.62,1.27,370.0,0.0
2020-08-30,35.56,22.78,29.17,66.29,4360.0,1.0
2020-08-31,37.22,28.33,32.78,0.0,2820.0,0.0
2020-09-01,32.78,22.22,27.5,7.37,1580.0,0.0
2020-09-02,26.67,22.78,24.72,0.0,9830.0,1.0
2020-09-03,27.78,22.78,25.28,0.25,4540.0,0.0
2020-09-04,30.56,23.0,26.78,0.0,1560.0,0.0
2020-09-05,32.78,24.44,28.61,1.02,1910.0,1.0
2020-09-06,32.22,23.33,27.78,0.0,3340.0,1.0
2020-09-07,34.44,25.0,29.72,0.0,2050.0,0.0
2020-09-08,32.22,24.44,28.33,0.0,1630.0,0.0
2020-09-09,28.89,16.11,22.5,52.83,3260.0,1.0
2020-09-10,20.56,13.89,17.23,17.02,11500.0,1.0
2020-09-11,26.11,18.33,22.22,0.0,5920.0,0.0
2020-09-12,31.11,20.0,25.56,0.0,3500.0,0.0
2020-09-13,31.67,21.67,26.67,0.0,3250.0,0.0
2020-09-14,31.67,21.11,26.39,0.0,3100.0,0.0
2020-09-15,31.11,23.89,27.5,0.0,3040.0,0.0
2020-09-16,30.56,23.33,26.94,0.0,2310.0,0.0
2020-09-17,31.67,23.33,27.5,0.0,1360.0,0.0
2020-09-18,30.0,20.0,25.0,0.0,965.0,0.0
2020-09-19,27.22,18.33,22.78,0.0,581.0,0.0
2020-09-20,28.89,16.67,22.78,0.0,480.0,0.0
2020-09-21,23.89,18.89,21.39,7.87,519.0,1.0
2020-09-22,22.22,18.89,20.56,3.3,792.0,1.0
2020-09-23,22.78,17.78,20.28,0.25,850.0,1.0
2020-09-24,26.11,18.0,22.06,,785.0,0.0
2020-09-25,28.89,17.22,23.06,0.0,999.0,1.0
2020-09-26,31.67,18.89,25.28,0.0,693.0,0.0
2020-09-27,31.67,21.11,26.39,0.0,623.0,0.0
2020-09-28,25.56,15.56,20.56,0.0,640.0,1.0
2020-09-29,27.78,12.78,20.28,0.0,563.0,0.0
2020-09-30,33.33,13.89,23.61,0.0,451.0,0.0
2020-10-01,27.78,16.67,22.22,0.0,412.0,0.0
2020-10-02,25.56,14.44,20.0,0.0,406.0,0.0
2020-10-03,28.33,15.56,21.94,0.0,396.0,0.0
2020-10-04,26.11,17.78,21.94,0.0,399.0,1.0
2020-10-05,26.11,13.89,20.0,0.0,403.0,1.0
2020-10-06,30.56,16.11,23.34,0.0,405.0,1.0
2020-10-07,30.56,18.89,24.72,0.0,404.0,0.0
2020-10-08,30.56,17.78,24.17,0.0,406.0,1.0
2020-10-09,28.89,22.22,25.56,0.0,399.0,0.0
2020-10-10,31.67,18.89,25.28,0.0,400.0,1.0
2020-10-11,36.11,22.22,29.16,0.0,391.0,0.0
2020-10-12,27.78,18.33,23.06,0.0,392.0,1.0
2020-10-13,28.33,11.67,20.0,0.0,396.0,1.0
2020-10-14,32.22,17.22,24.72,0.0,392.0,0.0
2020-10-15,25.56,18.33,21.94,0.0,407.0,1.0
2020-10-16,21.67,13.33,17.5,0.0,395.0,0.0
2020-10-17,24.44,11.67,18.06,0.0,390.0,0.0
2020-10-18,31.11,17.22,24.16,0.0,390.0,0.0
2020-10-19,19.44,13.89,16.66,0.0,408.0,1.0
2020-10-20,30.56,16.67,23.62,0.0,397.0,0.0
2020-10-21,29.44,21.67,25.56,0.0,406.0,1.0
2020-10-22,29.44,20.56,25.0,0.0,404.0,0.0
2020-10-23,25.0,10.56,17.78,25.15,1780.0,1.0
2020-10-24,15.56,8.33,11.94,0.0,2090.0,1.0
2020-10-25,17.78,11.67,14.73,0.76,754.0,0.0
2020-10-26,13.33,3.89,8.61,5.59,677.0,0.0
2020-10-27,5.56,3.89,4.72,2.29,1230.0,1.0
2020-10-28,7.78,4.44,6.11,10.67,1190.0,0.0
2020-10-29,16.11,4.44,10.28,0.0,1490.0,1.0
2020-10-30,19.44,3.89,11.66,0.0,769.0,0.0
2020-10-31,21.67,7.22,14.44,0.0,529.0,0.0
2020-11-01,22.78,8.33,15.56,0.0,481.0,0.0
2020-11-02,22.22,5.0,13.61,0.0,464.0,0.0
2020-11-03,25.56,6.67,16.11,0.0,460.0,0.0
2020-11-04,23.89,11.67,17.78,0.0,471.0,1.0
2020-11-05,24.44,15.0,19.72,0.0,605.0,1.0
2020-11-06,23.89,16.0,19.94,0.0,498.0,0.0
2020-11-07,24.44,12.78,18.61,0.0,425.0,0.0
2020-11-08,23.33,15.56,19.44,0.0,414.0,0.0
2020-11-09,27.22,18.33,22.78,0.0,422.0,1.0
2020-11-10,24.44,13.33,18.89,0.0,422.0,0.0
2020-11-11,23.33,8.33,15.83,0.0,409.0,0.0
2020-11-12,26.67,12.78,19.73,0.0,412.0,1.0
2020-11-13,24.44,14.44,19.44,0.0,409.0,0.0
2020-11-14,28.33,20.0,24.16,0.0,403.0,0.0
2020-11-15,22.22,7.22,14.72,0.0,402.0,0.0
2020-11-16,21.67,4.44,13.06,0.0,401.0,0.0
2020-11-17,23.33,6.11,14.72,0.0,395.0,0.0
2020-11-18,23.33,10.0,16.66,0.0,445.0,1.0
2020-11-19,25.0,13.0,19.0,0.0,486.0,1.0
2020-11-20,23.89,17.22,20.56,0.0,490.0,1.0
2020-11-21,25.0,18.33,21.66,0.0,416.0,0.0
2020-11-22,18.89,8.89,13.89,0.0,390.0,0.0
2020-11-23,15.56,8.33,11.94,0.0,397.0,1.0
2020-11-24,22.78,11.67,17.23,6.6,890.0,1.0
2020-11-25,17.78,8.33,13.06,0.0,1290.0,1.0
2020-11-26,22.78,6.67,14.73,0.0,1050.0,0.0
2020-11-27,17.78,12.22,15.0,0.0,635.0,0.0
2020-11-28,15.56,8.33,11.94,11.43,540.0,0.0
2020-11-29,11.67,7.22,9.44,0.51,1390.0,1.0
2020-11-30,11.11,0.56,5.84,0.0,1220.0,0.0
2020-12-01,13.89,1.67,7.78,0.0,629.0,0.0
2020-12-02,13.89,5.0,9.44,1.02,556.0,0.0
2020-12-03,8.33,3.33,5.83,0.0,514.0,0.0
2020-12-04,13.89,1.11,7.5,0.0,503.0,0.0
2020-12-05,18.33,1.11,9.72,0.0,442.0,0.0
2020-12-06,16.11,6.11,11.11,0.0,417.0,0.0
2020-12-07,17.78,3.33,10.56,0.0,420.0,1.0
2020-12-08,21.67,4.44,13.06,0.0,419.0,0.0
2020-12-09,26.11,3.33,14.72,0.0,593.0,1.0
2020-12-10,25.56,7.22,16.39,0.0,442.0,0.0
2020-12-11,20.0,9.44,14.72,3.05,634.0,1.0
2020-12-12,12.78,4.44,8.61,0.0,522.0,0.0
2020-12-13,7.22,3.33,5.28,26.92,2170.0,1.0
2020-12-14,10.56,1.67,6.12,0.0,2750.0,1.0
2020-12-15,6.11,3.89,5.0,1.52,1190.0,0.0
2020-12-16,6.11,0.56,3.34,0.25,828.0,0.0
2020-12-17,16.67,-1.11,7.78,0.0,620.0,0.0
2020-12-18,16.67,4.44,10.56,0.0,517.0,0.0
2020-12-19,15.56,5.0,10.28,0.0,495.0,0.0
2020-12-20,17.78,2.22,10.0,0.0,453.0,0.0
2020-12-21,22.22,2.22,12.22,0.0,434.0,0.0
2020-12-22,21.67,6.67,14.17,0.0,424.0,0.0
2020-12-23,22.22,2.78,12.5,0.0,524.0,1.0
2020-12-24,12.22,-1.72,5.25,0.0,435.0,0.0
2020-12-25,15.56,0.0,7.78,0.0,421.0,0.0
2020-12-26,21.11,3.33,12.22,0.0,386.0,0.0
2020-12-27,23.33,9.44,16.38,0.0,403.0,1.0
2020-12-28,16.67,8.89,12.78,0.51,411.0,1.0
2020-12-29,21.11,13.33,17.22,0.51,665.0,1.0
2020-12-30,16.67,3.89,10.28,10.16,657.0,0.0
2020-12-31,5.56,3.89,4.72,51.56,4030.0,1.0
2021-01-01,5.0,2.78,3.89,0.51,9430.0,1.0
2021-01-02,12.78,2.78,7.78,0.0,2950.0,0.0
2021-01-03,19.44,2.78,11.11,0.0,1510.0,0.0
2021-01-04,20.0,3.89,11.94,0.0,850.0,0.0
2021-01-05,19.44,3.33,11.39,0.0,772.0,0.0
2021-01-06,17.0,8.33,12.66,0.0,873.0,1.0
2021-01-07,8.89,6.67,7.78,0.0,996.0,1.0
2021-01-08,10.0,2.78,6.39,0.0,829.0,0.0
2021-01-09,10.0,-0.61,4.7,0.0,694.0,0.0
2021-01-10,5.0,1.0,3.0,2.54,604.0,0.0
2021-01-11,9.44,0.56,5.0,0.51,706.0,1.0
2021-01-12,11.67,-0.61,5.53,0.0,712.0,1.0
2021-01-13,17.22,1.67,9.44,0.0,685.0,0.0
2021-01-14,18.33,6.11,12.22,0.0,616.0,0.0
2021-01-15,12.22,3.33,7.78,0.0,559.0,0.0
2021-01-16,14.44,1.67,8.06,0.0,549.0,0.0
2021-01-17,15.56,3.33,9.44,0.0,650.0,1.0
2021-01-18,20.0,2.78,11.39,0.0,621.0,0.0
2021-01-19,15.56,10.56,13.06,0.25,644.0,1.0
2021-01-20,10.56,7.0,8.78,3.81,1110.0,1.0
2021-01-21,12.78,8.0,10.39,2.03,1300.0,1.0
2021-01-22,11.67,9.0,10.34,0.0,1060.0,0.0
2021-01-23,12.0,8.89,10.44,3.3,828.0,0.0
2021-01-24,18.89,11.67,15.28,12.45,1060.0,1.0
2021-01-25,20.56,8.89,14.72,3.56,1270.0,1.0
2021-01-26,15.56,3.89,9.72,0.0,1610.0,1.0
2021-01-27,10.56,2.78,6.67,0.0,853.0,0.0
2021-01-28,10.0,0.0,5.0,0.0,720.0,0.0
2021-01-29,16.67,4.44,10.56,0.0,688.0,0.0
2021-01-30,25.0,12.22,18.61,0.51,705.0,1.0
2021-01-31,14.44,5.56,10.0,0.0,785.0,1.0
2021-02-01,15.0,2.78,8.89,0.0,755.0,0.0
2021-02-02,17.78,6.11,11.94,0.0,805.0,1.0
2021-02-03,21.67,7.78,14.73,0.0,821.0,1.0
2021-02-04,18.89,9.44,14.16,0.0,784.0,0.0
2021-02-05,15.56,5.56,10.56,0.0,812.0,1.0
2021-02-06,15.0,6.11,10.56,0.0,800.0,0.0
2021-02-07,14.44,3.33,8.88,0.0,791.0,0.0
2021-02-08,20.0,5.56,12.78,0.0,804.0,1.0
2021-02-09,4.44,0.0,2.22,0.0,816.0,1.0
2021-02-10,0.56,-2.22,-0.83,0.0,844.0,1.0
2021-02-11,-1.11,-3.89,-2.5,0.76,795.0,0.0
2021-02-12,-2.22,-4.39,-3.3,0.0,781.0,0.0
2021-02-13,1.67,-6.11,-2.22,0.0,684.0,0.0
2021-02-14,,,,3.3,533.0,0.0
2021-02-15,,,,1.78,564.0,1.0
2021-02-16,,,,0.25,640.0,1.0
2021-02-17,-1.72,-6.72,-4.22,3.3,639.0,0.0
2021-02-18,-0.61,-6.11,-3.36,0.0,880.0,1.0
2021-02-19,5.56,-8.89,-1.67,0.0,1130.0,1.0
2021-02-20,13.89,-1.72,6.08,0.0,1250.0,1.0
2021-02-21,23.89,7.22,15.56,0.0,1530.0,1.0
2021-02-22,21.11,1.67,11.39,0.0,1120.0,0.0
2021-02-23,26.11,5.56,15.84,0.0,966.0,0.0
2021-02-24,22.78,13.33,18.06,0.0,712.0,0.0
2021-02-25,12.78,8.89,10.84,5.08,662.0,0.0
2021-02-26,14.44,8.0,11.22,27.69,7630.0,1.0
2021-02-27,22.22,12.0,17.11,0.51,6840.0,0.0
2021-02-28,24.44,10.0,17.22,6.35,1730.0,0.0
2021-03-01,15.0,7.78,11.39,3.3,1450.0,0.0
2021-03-02,17.78,4.44,11.11,0.0,1980.0,1.0
2021-03-03,21.11,5.56,13.34,0.0,2380.0,1.0
2021-03-04,22.78,10.0,16.39,0.0,2350.0,0.0
2021-03-05,21.67,11.67,16.67,0.0,2270.0,0.0
2021-03-06,18.33,7.22,12.77,0.0,2200.0,0.0
2021-03-07,19.44,7.78,13.61,0.0,2060.0,0.0
2021-03-08,21.11,8.89,15.0,0.0,2020.0,0.0
2021-03-09,22.22,13.89,18.06,0.0,2000.0,0.0
2021-03-10,24.44,17.22,20.83,0.0,1960.0,0.0
2021-03-11,25.56,20.56,23.06,0.0,1740.0,0.0
2021-03-12,26.11,20.0,23.06,0.0,1620.0,0.0
2021-03-13,25.56,20.0,22.78,0.0,1250.0,0.0
2021-03-14,23.89,14.44,19.16,1.78,1040.0,0.0
2021-03-15,27.22,11.11,19.16,0.0,1050.0,1.0
2021-03-16,27.22,17.78,22.5,0.0,1170.0,1.0
2021-03-17,22.22,9.44,15.83,26.42,3330.0,1.0
2021-03-18,17.78,6.67,12.23,0.0,2030.0,0.0
2021-03-19,18.89,6.11,12.5,0.0,1060.0,0.0
2021-03-20,20.0,7.22,13.61,0.0,953.0,0.0
2021-03-21,20.56,8.33,14.44,0.0,815.0,0.0
2021-03-22,17.78,13.33,15.56,38.35,1540.0,1.0
2021-03-23,23.33,10.56,16.94,0.0,6540.0,1.0
2021-03-24,25.56,11.11,18.34,0.25,2440.0,0.0
2021-03-25,20.56,11.67,16.11,14.99,4600.0,1.0
2021-03-26,26.11,11.67,18.89,0.0,4000.0,0.0
2021-03-27,27.22,16.11,21.66,0.0,1710.0,0.0
2021-03-28,23.33,12.22,17.77,0.0,1360.0,0.0
2021-03-29,25.0,10.0,17.5,0.0,1190.0,0.0
2021-03-30,26.67,15.56,21.12,0.0,1650.0,1.0
2021-03-31,20.0,13.89,16.94,0.0,1990.0,1.0
2021-04-01,20.56,6.11,13.34,0.0,1990.0,0.0
2021-04-02,20.0,8.89,14.44,0.0,1850.0,0.0
2021-04-03,20.56,14.44,17.5,0.0,1240.0,0.0
2021-04-04,22.78,15.56,19.17,0.0,1050.0,0.0
2021-04-05,25.56,15.0,20.28,0.0,1030.0,0.0
2021-04-06,27.78,18.33,23.06,0.0,992.0,0.0
2021-04-07,26.11,15.56,20.84,0.0,1010.0,1.0
2021-04-08,28.89,12.22,20.56,0.0,799.0,0.0
2021-04-09,28.89,18.89,23.89,0.0,752.0,0.0
2021-04-10,23.33,12.22,17.77,0.0,739.0,0.0
2021-04-11,29.44,10.56,20.0,0.0,639.0,0.0
2021-04-12,29.44,17.78,23.61,0.0,752.0,1.0
2021-04-13,27.78,13.33,20.56,4.57,874.0,1.0
2021-04-14,23.33,15.56,19.44,1.02,845.0,0.0
2021-04-15,17.22,13.89,15.56,12.45,935.0,1.0
2021-04-16,16.11,12.22,14.16,24.38,5040.0,1.0
2021-04-17,16.11,9.44,12.77,0.0,4500.0,0.0
2021-04-18,20.56,7.22,13.89,0.0,1320.0,0.0
2021-04-19,23.89,7.78,15.84,0.0,841.0,0.0
2021-04-20,16.67,6.67,11.67,0.0,692.0,0.0
2021-04-21,16.67,5.0,10.84,0.0,621.0,0.0
2021-04-22,18.33,12.78,15.56,0.0,754.0,1.0
2021-04-23,22.22,16.67,19.44,7.11,1430.0,1.0
2021-04-24,22.22,13.89,18.06,0.0,3100.0,1.0
2021-04-25,27.78,12.22,20.0,0.0,1250.0,0.0
2021-04-26,27.78,17.78,22.78,0.0,849.0,0.0
2021-04-27,24.44,20.56,22.5,0.0,794.0,0.0
2021-04-28,28.33,23.0,25.66,3.05,860.0,1.0
2021-04-29,24.44,19.44,21.94,35.05,8970.0,1.0
2021-04-30,20.56,17.22,18.89,16.76,8690.0,0.0
2021-05-01,22.78,17.78,20.28,0.0,3290.0,0.0
2021-05-02,27.78,18.89,23.34,0.51,2390.0,0.0
2021-05-03,32.78,21.11,26.94,0.25,1910.0,0.0
2021-05-04,24.44,16.11,20.27,0.0,3560.0,1.0
2021-05-05,25.56,11.67,18.61,0.0,4980.0,1.0
2021-05-06,28.89,15.56,22.22,0.0,5540.0,1.0
2021-05-07,30.0,17.0,23.5,0.0,6280.0,1.0
2021-05-08,31.11,17.22,24.16,0.0,6510.0,1.0
2021-05-09,28.89,19.44,24.16,0.0,6120.0,0.0
2021-05-10,18.33,14.44,16.38,14.73,6940.0,1.0
2021-05-11,17.0,13.89,15.44,22.1,10700.0,1.0
2021-05-12,17.78,13.89,15.84,0.0,15200.0,1.0
2021-05-13,24.44,16.11,20.27,0.0,9080.0,0.0
2021-05-14,25.56,17.22,21.39,0.0,5940.0,0.0
2021-05-15,27.78,17.78,22.78,0.0,6700.0,1.0
2021-05-16,24.44,20.56,22.5,129.79,12100.0,1.0
2021-05-17,27.22,19.44,23.33,10.41,20800.0,1.0
2021-05-18,23.33,17.78,20.56,6.35,14500.0,0.0
2021-05-19,27.78,19.44,23.61,0.0,8110.0,0.0
2021-05-20,26.67,19.44,23.06,7.37,3630.0,0.0
2021-05-21,29.44,21.67,25.56,0.0,2330.0,0.0
2021-05-22,26.67,21.67,24.17,16.26,2540.0,1.0
2021-05-23,25.56,21.11,23.34,0.51,5710.0,1.0
2021-05-24,26.11,21.11,23.61,6.1,3830.0,0.0
2021-05-25,27.22,20.0,23.61,17.27,12200.0,1.0
2021-05-26,32.78,23.33,28.06,0.0,15600.0,1.0
2021-05-27,31.67,25.0,28.34,0.0,8150.0,0.0
2021-05-28,27.22,20.0,23.61,0.0,5550.0,0.0
2021-05-29,30.0,20.56,25.28,0.0,5660.0,1.0
2021-05-30,25.0,18.33,21.66,0.0,6180.0,1.0
2021-05-31,23.89,19.44,21.66,44.45,7770.0,1.0
2021-06-01,22.78,18.89,20.84,0.25,19000.0,1.0
2021-06-02,28.33,16.11,22.22,0.0,18000.0,0.0
2021-06-03,27.22,18.89,23.06,0.0,10000.0,0.0
2021-06-04,27.22,20.56,23.89,1.52,7680.0,0.0
2021-06-05,29.44,20.56,25.0,10.92,7190.0,0.0
2021-06-06,30.56,20.0,25.28,0.0,9320.0,1.0
2021-06-07,26.67,20.0,23.34,18.54,10400.0,1.0
2021-06-08,31.11,22.78,26.94,0.25,14400.0,1.0
2021-06-09,32.78,25.0,28.89,0.0,9700.0,0.0
2021-06-10,32.78,25.0,28.89,0.0,8020.0,0.0
2021-06-11,32.78,25.56,29.17,0.0,8640.0,1.0
2021-06-12,32.78,22.78,27.78,0.0,9290.0,1.0
2021-06-13,37.22,25.56,31.39,0.0,10200.0,1.0
2021-06-14,36.11,27.78,31.94,0.0,10100.0,0.0
2021-06-15,35.0,24.44,29.72,0.0,9990.0,0.0
2021-06-16,35.56,23.33,29.44,0.0,9720.0,0.0
2021-06-17,36.11,25.0,30.56,0.0,9010.0,0.0
2021-06-18,33.89,26.11,30.0,0.0,9430.0,1.0
2021-06-19,35.0,22.78,28.89,0.0,9470.0,1.0
2021-06-20,35.56,26.11,30.84,0.0,9400.0,0.0
2021-06-21,33.33,21.11,27.22,1.02,8830.0,0.0
2021-06-22,30.0,20.56,25.28,0.0,9320.0,1.0
2021-06-23,35.56,25.0,30.28,0.0,8750.0,0.0
2021-06-24,35.0,26.67,30.84,0.0,8800.0,1.0
2021-06-25,35.56,26.67,31.12,0.0,9100.0,1.0
2021-06-26,35.0,26.67,30.84,0.0,9170.0,1.0
2021-06-27,33.33,26.11,29.72,2.03,8720.0,0.0
2021-06-28,29.44,24.44,26.94,1.27,9570.0,1.0
2021-06-29,32.22,23.89,28.06,3.56,8660.0,0.0
2021-06-30,33.89,23.89,28.89,0.0,7220.0,0.0
2021-07-01,35.56,25.0,30.28,6.35,7440.0,1.0
2021-07-02,31.11,25.0,28.06,17.53,9320.0,1.0
2021-07-03,29.44,25.56,27.5,0.0,8050.0,0.0
2021-07-04,31.67,25.56,28.62,0.0,7240.0,0.0
2021-07-05,31.67,25.0,28.34,0.0,6940.0,0.0
2021-07-06,32.78,23.89,28.34,0.25,7390.0,1.0
2021-07-07,33.89,24.44,29.16,0.0,7080.0,0.0
2021-07-08,33.89,26.11,30.0,0.0,7010.0,0.0
2021-07-09,30.0,24.0,27.0,0.0,6870.0,0.0
2021-07-10,33.89,23.89,28.89,0.0,6690.0,0.0
2021-07-11,33.33,21.11,27.22,12.95,7440.0,1.0
2021-07-12,31.67,23.89,27.78,0.0,7560.0,1.0
2021-07-13,33.33,23.33,28.33,0.0,7430.0,0.0
2021-07-14,32.78,23.33,28.06,0.51,6830.0,0.0
2021-07-15,33.33,23.89,28.61,0.0,6490.0,0.0
2021-07-16,32.78,25.0,28.89,0.0,6310.0,0.0
2021-07-17,32.78,25.56,29.17,0.0,5460.0,0.0
2021-07-18,33.89,26.67,30.28,0.0,3930.0,0.0
2021-07-19,29.44,24.0,26.72,9.91,3240.0,0.0
2021-07-20,31.67,23.0,27.34,0.0,3430.0,1.0
2021-07-21,32.22,23.89,28.06,0.0,3010.0,0.0
2021-07-22,33.89,24.44,29.16,0.0,2610.0,0.0
2021-07-23,34.44,25.56,30.0,0.0,2430.0,0.0
2021-07-24,36.11,26.11,31.11,0.0,2060.0,0.0
2021-07-25,37.22,26.67,31.94,0.0,1740.0,0.0
2021-07-26,37.78,27.78,32.78,0.0,1670.0,0.0
2021-07-27,37.78,28.89,33.34,0.0,1480.0,0.0
2021-07-28,36.67,27.22,31.94,0.0,876.0,0.0
2021-07-29,36.67,26.67,31.67,0.0,677.0,0.0
2021-07-30,36.67,27.78,32.22,0.0,744.0,1.0
2021-07-31,37.22,28.33,32.78,0.0,593.0,0.0
2021-08-01,36.11,25.0,30.56,3.81,795.0,1.0
2021-08-02,31.11,23.89,27.5,24.13,5670.0,1.0
2021-08-03,32.78,23.33,28.06,0.0,3820.0,0.0
2021-08-04,32.22,24.44,28.33,0.0,1190.0,0.0
2021-08-05,32.22,24.44,28.33,0.0,783.0,0.0
2021-08-06,33.33,25.0,29.16,0.0,667.0,0.0
2021-08-07,33.89,23.89,28.89,0.0,630.0,0.0
2021-08-08,35.0,26.11,30.56,0.0,605.0,0.0
2021-08-09,35.56,26.11,30.84,0.0,590.0,0.0
2021-08-10,35.56,25.56,30.56,0.0,579.0,0.0
2021-08-11,35.56,25.56,30.56,0.0,567.0,0.0
2021-08-12,36.11,26.67,31.39,0.0,603.0,1.0
2021-08-13,35.0,26.11,30.56,0.0,594.0,0.0
2021-08-14,32.22,22.78,27.5,48.51,1400.0,1.0
2021-08-15,31.11,24.44,27.78,0.0,1930.0,1.0
2021-08-16,33.89,23.89,28.89,0.0,989.0,0.0
2021-08-17,31.67,22.78,27.22,18.03,1120.0,1.0
2021-08-18,27.22,22.78,25.0,6.35,2860.0,1.0
2021-08-19,34.44,23.89,29.16,2.29,4900.0,1.0
2021-08-20,35.0,25.56,30.28,0.0,2010.0,0.0
2021-08-21,35.0,26.11,30.56,0.0,998.0,0.0
2021-08-22,35.56,26.11,30.84,0.0,804.0,0.0
2021-08-23,36.11,26.67,31.39,0.0,688.0,0.0
2021-08-24,35.0,25.56,30.28,0.0,640.0,0.0
2021-08-25,35.56,26.67,31.12,0.0,593.0,0.0
2021-08-26,35.56,26.67,31.12,0.0,571.0,0.0
2021-08-27,33.33,25.0,29.16,0.0,559.0,0.0
2021-08-28,33.33,25.0,29.16,0.0,537.0,0.0
2021-08-29,32.78,25.0,28.89,0.0,541.0,1.0
2021-08-30,36.11,25.56,30.84,0.0,601.0,1.0
2021-08-31,36.67,27.22,31.94,0.0,656.0,1.0
2021-09-01,36.67,28.33,32.5,0.0,596.0,0.0
2021-09-02,35.56,27.22,31.39,0.0,572.0,0.0
2021-09-03,35.56,26.67,31.12,0.0,558.0,0.0
2021-09-04,35.56,26.11,30.84,0.0,534.0,0.0
2021-09-05,34.44,27.22,30.83,0.0,513.0,0.0
2021-09-06,35.0,25.0,30.0,0.0,517.0,1.0
2021-09-07,35.56,22.78,29.17,0.0,533.0,1.0
2021-09-08,33.89,21.11,27.5,5.59,573.0,1.0
2021-09-09,33.33,20.56,26.94,0.0,678.0,1.0
2021-09-10,33.33,21.67,27.5,0.0,656.0,0.0
2021-09-11,32.78,22.78,27.78,0.0,557.0,0.0
2021-09-12,32.78,21.11,26.94,0.0,527.0,0.0
2021-09-13,31.67,24.44,28.06,0.0,535.0,1.0
2021-09-14,28.89,22.22,25.56,1.52,538.0,1.0
2021-09-15,32.22,20.56,26.39,0.0,524.0,0.0
2021-09-16,31.67,22.78,27.22,0.0,517.0,0.0
2021-09-17,33.33,23.33,28.33,0.0,507.0,0.0
2021-09-18,35.56,23.33,29.44,0.0,502.0,0.0
2021-09-19,34.44,23.89,29.16,0.0,500.0,0.0
2021-09-20,38.33,24.44,31.38,0.0,513.0,1.0
2021-09-21,31.11,22.78,26.94,0.0,498.0,0.0
2021-09-22,28.89,15.0,21.94,0.0,484.0,0.0
2021-09-23,28.89,14.44,21.66,0.0,477.0,0.0
2021-09-24,31.11,15.56,23.34,0.0,464.0,0.0
2021-09-25,32.78,18.33,25.56,0.0,463.0,0.0
2021-09-26,32.78,19.44,26.11,0.0,468.0,1.0
2021-09-27,31.11,19.44,25.28,0.0,476.0,1.0
2021-09-28,34.44,22.22,28.33,0.0,477.0,1.0
2021-09-29,32.78,23.33,28.06,0.0,482.0,1.0
2021-09-30,31.67,22.78,27.22,1.02,485.0,1.0
2021-10-01,25.56,20.56,23.06,22.61,1300.0,1.0
2021-10-02,29.44,21.67,25.56,0.0,1490.0,1.0
2021-10-03,31.11,19.44,25.28,0.0,778.0,0.0
2021-10-04,31.67,17.78,24.72,0.0,503.0,0.0
2021-10-05,30.56,16.11,23.34,0.0,452.0,0.0
2021-10-06,30.56,17.22,23.89,0.0,424.0,0.0
2021-10-07,32.78,17.22,25.0,0.0,412.0,0.0
2021-10-08,33.33,22.22,27.78,0.0,406.0,0.0
2021-10-09,33.33,21.11,27.22,0.0,401.0,0.0
2021-10-10,32.78,17.78,25.28,17.02,495.0,1.0
2021-10-11,27.78,16.67,22.22,0.0,1970.0,1.0
2021-10-12,28.33,17.78,23.06,0.0,1310.0,0.0
2021-10-13,30.0,18.33,24.16,42.16,1110.0,0.0
2021-10-14,28.33,19.0,23.66,3.3,5870.0,1.0
2021-10-15,23.89,15.56,19.73,0.0,1880.0,0.0
2021-10-16,22.78,9.44,16.11,0.0,737.0,0.0
2021-10-17,22.22,8.33,15.27,0.0,589.0,0.0
2021-10-18,23.89,10.0,16.94,0.0,529.0,0.0
2021-10-19,26.67,15.56,21.12,0.0,469.0,0.0
2021-10-20,27.22,18.0,22.61,0.0,500.0,1.0
2021-10-21,28.33,17.78,23.06,0.0,468.0,0.0
2021-10-22,28.33,15.56,21.94,0.0,433.0,0.0
2021-10-23,28.89,20.0,24.44,0.0,426.0,0.0
2021-10-24,28.33,20.0,24.16,0.0,429.0,1.0
2021-10-25,30.0,17.78,23.89,0.0,454.0,1.0
2021-10-26,28.33,21.0,24.66,0.0,525.0,1.0
2021-10-27,24.44,15.56,20.0,20.07,1800.0,1.0
2021-10-28,22.22,14.44,18.33,0.0,1740.0,0.0
2021-10-29,21.11,10.0,15.56,0.0,739.0,0.0
2021-10-30,22.78,6.11,14.44,0.0,503.0,0.0
2021-10-31,26.11,11.11,18.61,0.0,455.0,0.0
2021-11-01,25.56,12.78,19.17,0.0,444.0,0.0
2021-11-02,15.56,9.44,12.5,20.07,735.0,1.0
2021-11-03,9.44,7.0,8.22,20.83,4190.0,1.0
2021-11-04,15.0,6.67,10.84,0.0,3630.0,0.0
2021-11-05,15.0,4.44,9.72,0.0,1170.0,0.0
2021-11-06,18.33,5.0,11.66,0.0,728.0,0.0
2021-11-07,22.22,6.67,14.44,0.0,654.0,0.0
2021-11-08,21.67,10.0,15.84,0.0,599.0,0.0
2021-11-09,23.33,13.89,18.61,0.0,581.0,0.0
2021-11-10,23.89,13.89,18.89,34.54,745.0,1.0
2021-11-11,18.89,9.44,14.16,0.0,4710.0,1.0
2021-11-12,19.44,6.67,13.06,0.0,1690.0,0.0
2021-11-13,17.22,2.78,10.0,0.0,761.0,0.0
2021-11-14,20.56,6.67,13.61,0.0,600.0,0.0
2021-11-15,26.67,7.78,17.23,0.0,536.0,0.0
2021-11-16,25.56,16.0,20.78,0.0,565.0,1.0
2021-11-17,27.22,12.22,19.72,0.0,717.0,1.0
2021-11-18,16.11,7.78,11.94,0.0,575.0,0.0
2021-11-19,15.0,3.89,9.44,0.0,537.0,0.0
2021-11-20,21.67,8.89,15.28,0.0,535.0,0.0
2021-11-21,21.11,10.0,15.56,0.0,509.0,0.0
2021-11-22,18.33,5.0,11.66,0.0,503.0,0.0
2021-11-23,21.11,6.67,13.89,0.0,521.0,1.0
2021-11-24,23.89,12.22,18.06,0.0,513.0,0.0
2021-11-25,20.0,5.56,12.78,0.76,452.0,0.0
2021-11-26,12.22,1.67,6.94,0.0,431.0,0.0
2021-11-27,14.44,6.67,10.56,9.14,612.0,1.0
2021-11-28,17.78,8.33,13.06,0.0,1570.0,1.0
2021-11-29,22.22,4.44,13.33,0.0,915.0,0.0
2021-11-30,25.0,8.33,16.66,0.0,653.0,0.0
2021-12-01,23.33,10.0,16.66,0.0,579.0,0.0
2021-12-02,25.56,7.78,16.67,0.0,548.0,0.0
2021-12-03,23.33,15.0,19.16,0.0,549.0,1.0
2021-12-04,23.0,15.56,19.28,0.0,544.0,0.0
2021-12-05,23.89,14.44,19.16,0.0,523.0,0.0
2021-12-06,19.44,5.0,12.22,0.0,522.0,0.0
2021-12-07,13.89,2.78,8.34,0.0,503.0,0.0
2021-12-08,14.44,6.0,10.22,0.0,501.0,0.0
2021-12-09,25.56,13.89,19.73,0.0,501.0,0.0
2021-12-10,27.22,19.44,23.33,0.0,486.0,0.0
2021-12-11,16.67,2.22,9.44,0.0,479.0,0.0
2021-12-12,13.89,-0.61,6.64,0.0,476.0,0.0
2021-12-13,18.33,5.0,11.66,0.0,486.0,1.0
2021-12-14,22.0,12.78,17.39,0.0,497.0,1.0
2021-12-15,28.33,20.56,24.44,0.0,523.0,1.0
2021-12-16,29.44,16.67,23.06,0.0,509.0,0.0
2021-12-17,25.0,16.67,20.84,0.25,481.0,0.0
2021-12-18,21.11,3.33,12.22,8.64,879.0,1.0
2021-12-19,8.89,0.56,4.73,0.0,726.0,0.0
2021-12-20,11.11,4.44,7.78,1.78,607.0,0.0
2021-12-21,16.67,1.67,9.17,0.0,499.0,0.0
2021-12-22,18.33,6.11,12.22,0.0,504.0,1.0
2021-12-23,23.33,12.22,17.77,0.0,493.0,0.0
2021-12-24,25.56,16.11,20.84,0.0,469.0,0.0
2021-12-25,27.22,17.22,22.22,0.0,453.0,0.0
2021-12-26,24.44,15.0,19.72,0.0,431.0,0.0
2021-12-27,25.56,18.33,21.94,0.0,595.0,1.0
2021-12-28,26.67,13.89,20.28,0.0,728.0,1.0
2021-12-29,22.78,13.33,18.06,3.05,477.0,0.0
2021-12-30,23.89,8.33,16.11,0.0,604.0,1.0
2021-12-31,20.56,11.11,15.84,0.0,597.0,0.0
2022-01-01,22.78,-5.0,8.89,0.51,505.0,0.0
2022-01-02,3.33,-7.78,-2.22,0.0,488.0,0.0
2022-01-03,11.67,-3.89,3.89,0.0,508.0,1.0
2022-01-04,16.67,1.11,8.89,0.0,464.0,0.0
2022-01-05,16.11,3.89,10.0,0.0,451.0,0.0
2022-01-06,3.89,-2.22,0.84,0.0,432.0,0.0
2022-01-07,8.33,-5.0,1.66,0.0,434.0,1.0
2022-01-08,17.22,7.78,12.5,0.76,433.0,0.0
2022-01-09,16.11,5.0,10.56,0.0,460.0,1.0
2022-01-10,12.22,0.0,6.11,0.0,538.0,1.0
2022-01-11,13.89,-1.11,6.39,0.0,449.0,0.0
2022-01-12,16.67,3.89,10.28,0.0,437.0,0.0
2022-01-13,23.33,3.89,13.61,0.0,439.0,1.0
2022-01-14,23.33,5.0,14.16,0.0,443.0,1.0
2022-01-15,8.33,-1.11,3.61,0.0,456.0,1.0
2022-01-16,11.11,-2.78,4.16,0.0,438.0,0.0
2022-01-17,17.22,-1.11,8.06,0.0,453.0,1.0
2022-01-18,22.22,7.22,14.72,0.0,447.0,0.0
2022-01-19,16.67,1.11,8.89,0.25,432.0,0.0
2022-01-20,2.22,-3.89,-0.84,0.0,414.0,0.0
2022-01-21,6.67,-5.61,0.53,0.0,492.0,1.0
2022-01-22,10.56,-2.22,4.17,0.0,483.0,0.0
2022-01-23,18.33,-0.61,8.86,0.0,454.0,0.0
2022-01-24,13.33,6.11,9.72,1.52,462.0,1.0
2022-01-25,15.0,4.44,9.72,0.0,460.0,0.0
2022-01-26,9.44,-1.11,4.16,0.0,447.0,0.0
2022-01-27,10.0,1.67,5.84,0.0,437.0,0.0
2022-01-28,13.89,-0.61,6.64,0.0,426.0,0.0
2022-01-29,19.44,0.0,9.72,0.0,704.0,1.0
2022-01-30,20.56,3.89,12.22,0.0,476.0,0.0
2022-01-31,19.44,8.33,13.89,0.0,437.0,0.0
2022-02-01,21.11,12.22,16.66,0.0,430.0,0.0
2022-02-02,14.44,-1.0,6.72,23.62,575.0,1.0
2022-02-03,0.0,-7.22,-3.61,14.73,3850.0,1.0
2022-02-04,2.22,-6.72,-2.25,0.0,2340.0,0.0
2022-02-05,8.33,-6.11,1.11,0.0,1310.0,0.0
2022-02-06,12.78,0.0,6.39,0.0,1050.0,0.0
2022-02-07,14.44,0.0,7.22,0.0,807.0,0.0
2022-02-08,18.33,1.11,9.72,0.0,688.0,0.0
2022-02-09,21.11,2.22,11.66,0.0,582.0,0.0
2022-02-10,21.67,3.33,12.5,0.0,502.0,0.0
2022-02-11,23.89,6.11,15.0,0.0,479.0,0.0
2022-02-12,12.78,-0.61,6.08,0.0,457.0,0.0
2022-02-13,18.33,-1.72,8.3,0.0,457.0,0.0
2022-02-14,21.11,2.22,11.66,0.0,464.0,1.0
2022-02-15,21.11,6.67,13.89,0.0,451.0,0.0
2022-02-16,18.89,16.11,17.5,4.32,499.0,1.0
2022-02-17,18.89,0.0,9.44,1.78,513.0,1.0
2022-02-18,11.11,-3.28,3.92,0.0,512.0,0.0
2022-02-19,17.78,-0.61,8.59,0.0,472.0,0.0
2022-02-20,17.78,6.67,12.23,0.0,449.0,0.0
2022-02-21,27.22,12.78,20.0,0.0,455.0,1.0
2022-02-22,21.11,0.56,10.84,0.76,572.0,1.0
2022-02-23,0.0,-5.0,-2.5,0.51,710.0,1.0
2022-02-24,,,,0.25,594.0,0.0
2022-02-25,2.78,-5.61,-1.42,0.0,546.0,0.0
2022-02-26,3.89,0.56,2.22,0.51,497.0,0.0
2022-02-27,13.33,-1.72,5.8,0.0,483.0,0.0
2022-02-28,18.33,-1.72,8.3,0.0,479.0,0.0
2022-03-01,22.22,2.78,12.5,0.0,452.0,0.0
2022-03-02,25.0,6.11,15.56,0.0,699.0,1.0
2022-03-03,25.0,7.22,16.11,0.0,916.0,1.0
2022-03-04,22.22,12.78,17.5,0.0,441.0,0.0
2022-03-05,25.0,17.0,21.0,0.0,429.0,0.0
2022-03-06,25.56,3.89,14.72,0.51,430.0,1.0
2022-03-07,10.56,2.22,6.39,1.52,609.0,1.0
2022-03-08,9.44,1.11,5.28,0.0,701.0,1.0
2022-03-09,14.44,-1.11,6.66,0.0,521.0,0.0
2022-03-10,19.44,5.56,12.5,0.0,459.0,0.0
2022-03-11,5.56,0.0,2.78,1.78,434.0,0.0
2022-03-12,13.33,-2.78,5.28,0.0,427.0,0.0
2022-03-13,18.33,6.11,12.22,0.0,434.0,1.0
2022-03-14,23.89,10.0,16.94,8.64,507.0,1.0
2022-03-15,21.11,8.33,14.72,0.0,606.0,1.0
2022-03-16,26.67,7.78,17.23,0.0,529.0,0.0
2022-03-17,23.33,12.78,18.06,0.0,446.0,0.0
2022-03-18,18.89,8.89,13.89,0.0,484.0,1.0
2022-03-19,24.44,5.0,14.72,0.0,462.0,0.0
2022-03-20,26.11,12.78,19.44,0.0,445.0,0.0
2022-03-21,22.78,13.89,18.34,37.08,1400.0,1.0
2022-03-22,15.0,8.89,11.94,0.0,4540.0,1.0
2022-03-23,17.22,8.33,12.77,0.0,1580.0,0.0
2022-03-24,19.44,4.44,11.94,0.0,733.0,0.0
2022-03-25,27.22,6.11,16.66,0.0,557.0,0.0
2022-03-26,28.89,12.22,20.56,0.0,496.0,0.0
2022-03-27,32.78,13.33,23.06,0.0,454.0,0.0
2022-03-28,28.89,16.11,22.5,0.0,454.0,0.0
2022-03-29,25.56,20.0,22.78,0.0,432.0,0.0
2022-03-30,23.33,8.89,16.11,26.92,3080.0,1.0
2022-03-31,20.56,7.78,14.17,0.0,2070.0,0.0
2022-04-01,23.33,8.89,16.11,0.76,870.0,0.0
2022-04-02,25.0,12.22,18.61,0.76,635.0,0.0
2022-04-03,28.33,15.0,21.66,0.0,555.0,0.0
2022-04-04,25.56,16.11,20.84,37.59,690.0,1.0
2022-04-05,33.89,16.11,25.0,0.0,9450.0,1.0
2022-04-06,25.56,14.44,20.0,0.0,5230.0,0.0
2022-04-07,21.11,9.44,15.27,0.0,1200.0,0.0
2022-04-08,20.0,9.44,14.72,0.0,665.0,0.0
2022-04-09,30.0,7.22,18.61,0.0,548.0,0.0
2022-04-10,27.22,16.67,21.94,0.0,504.0,0.0
2022-04-11,30.0,21.67,25.84,0.0,495.0,0.0
2022-04-12,26.67,20.56,23.62,1.27,497.0,1.0
2022-04-13,26.11,15.56,20.84,0.76,906.0,1.0
2022-04-14,24.44,10.56,17.5,0.0,705.0,0.0
2022-04-15,26.11,15.0,20.56,0.0,506.0,0.0
2022-04-16,26.67,13.89,20.28,0.0,496.0,0.0
2022-04-17,25.56,13.0,19.28,0.0,480.0,0.0
2022-04-18,23.33,11.11,17.22,0.0,459.0,0.0
2022-04-19,22.22,13.33,17.77,0.0,435.0,0.0
2022-04-20,31.11,17.78,24.44,0.0,427.0,0.0
2022-04-21,27.78,22.22,25.0,0.0,431.0,1.0
2022-04-22,29.44,21.67,25.56,0.0,418.0,0.0
2022-04-23,28.33,20.56,24.44,0.0,417.0,0.0
2022-04-24,27.78,17.22,22.5,11.43,419.0,1.0
2022-04-25,20.0,14.44,17.22,22.61,4480.0,1.0
2022-04-26,23.33,9.44,16.38,0.0,2680.0,0.0
2022-04-27,25.0,13.33,19.16,0.0,795.0,0.0
2022-04-28,27.22,17.0,22.11,0.0,558.0,0.0
2022-04-29,27.22,21.0,24.11,0.0,506.0,0.0
2022-04-30,28.89,20.56,24.72,0.0,475.0,0.0
2022-05-01,28.89,15.0,21.94,0.0,444.0,0.0
2022-05-02,30.0,18.0,24.0,14.99,2180.0,1.0
2022-05-03,25.0,12.22,18.61,14.73,5060.0,1.0
2022-05-04,30.0,15.56,22.78,1.52,2680.0,0.0
2022-05-05,25.56,16.11,20.84,16.76,2200.0,0.0
2022-05-06,28.89,13.89,21.39,0.0,2330.0,1.0
2022-05-07,31.0,20.0,25.5,0.0,2740.0,1.0
2022-05-08,33.33,23.89,28.61,0.0,3030.0,1.0
2022-05-09,32.78,24.44,28.61,0.0,3130.0,1.0
2022-05-10,32.22,25.56,28.89,0.0,3100.0,0.0
2022-05-11,31.11,22.78,26.94,0.0,3090.0,0.0
2022-05-12,32.78,22.22,27.5,0.0,3070.0,0.0
2022-05-13,32.78,21.11,26.94,0.0,3090.0,1.0
2022-05-14,33.33,22.22,27.78,0.0,2710.0,0.0
2022-05-15,34.44,21.67,28.06,0.0,1950.0,0.0
2022-05-16,31.67,20.0,25.84,0.0,1820.0,0.0
2022-05-17,33.89,24.44,29.16,0.0,1720.0,0.0
2022-05-18,34.44,22.78,28.61,0.0,1660.0,0.0
2022-05-19,33.89,22.78,28.34,0.0,1460.0,0.0
2022-05-20,33.89,23.89,28.89,0.0,1380.0,0.0
2022-05-21,33.33,17.78,25.56,0.51,1020.0,0.0
2022-05-22,22.22,16.11,19.16,0.0,638.0,0.0
2022-05-23,26.11,15.56,20.84,0.0,579.0,0.0
2022-05-24,25.0,17.0,21.0,56.9,1530.0,1.0
2022-05-25,22.22,16.67,19.44,2.29,5830.0,1.0
2022-05-26,30.56,14.44,22.5,0.0,2920.0,0.0
2022-05-27,32.22,15.56,23.89,0.0,1530.0,0.0
2022-05-28,33.89,20.0,26.94,0.0,1250.0,0.0
2022-05-29,32.78,21.67,27.22,0.0,1160.0,0.0
2022-05-30,33.33,24.44,28.88,0.0,1140.0,0.0
2022-05-31,33.89,25.0,29.44,0.0,1110.0,0.0
2022-06-01,31.11,23.89,27.5,21.34,1670.0,1.0
2022-06-02,28.33,18.0,23.16,20.32,4470.0,1.0
2022-06-03,27.78,22.22,25.0,3.56,4040.0,0.0
2022-06-04,30.0,20.56,25.28,0.0,7250.0,1.0
2022-06-05,32.78,22.78,27.78,0.0,3230.0,0.0
2022-06-06,33.89,24.0,28.94,0.0,2290.0,0.0
2022-06-07,33.89,25.0,29.44,0.0,2390.0,1.0
2022-06-08,31.67,25.0,28.34,0.0,2490.0,1.0
2022-06-09,33.89,23.33,28.61,0.0,2390.0,0.0
2022-06-10,36.67,26.11,31.39,0.0,2390.0,0.0
2022-06-11,38.89,26.67,32.78,0.0,2310.0,0.0
2022-06-12,37.78,27.22,32.5,0.0,2250.0,0.0
2022-06-13,36.67,26.67,31.67,0.0,2240.0,0.0
2022-06-14,35.0,26.0,30.5,0.0,2160.0,0.0
2022-06-15,34.44,26.67,30.56,0.0,1990.0,0.0
2022-06-16,37.78,26.11,31.94,0.0,2030.0,1.0
2022-06-17,36.67,26.11,31.39,0.0,2020.0,0.0
2022-06-18,35.56,25.56,30.56,0.0,1740.0,0.0
2022-06-19,37.22,26.67,31.94,0.0,1560.0,0.0
2022-06-20,37.22,25.0,31.11,0.0,1530.0,0.0
2022-06-21,37.22,27.78,32.5,0.0,1510.0,0.0
2022-06-22,36.67,26.67,31.67,0.0,1220.0,0.0
2022-06-23,38.33,27.78,33.06,0.0,940.0,0.0
2022-06-24,38.33,28.33,33.33,0.0,795.0,0.0
2022-06-25,38.33,28.33,33.33,0.0,723.0,0.0
2022-06-26,38.33,27.78,33.06,0.0,691.0,0.0
2022-06-27,34.44,23.33,28.88,0.0,707.0,1.0
2022-06-28,32.22,24.44,28.33,0.0,786.0,1.0
2022-06-29,33.89,23.89,28.89,0.0,604.0,0.0
2022-06-30,36.11,24.44,30.28,0.0,394.0,0.0
2022-07-01,34.44,24.44,29.44,0.0,371.0,0.0
2022-07-02,37.22,25.56,31.39,0.0,390.0,1.0
2022-07-03,38.33,26.67,32.5,0.0,393.0,1.0
2022-07-04,37.22,27.78,32.5,0.0,379.0,0.0
2022-07-05,37.78,27.78,32.78,0.0,380.0,1.0
2022-07-06,38.89,27.78,33.34,0.0,371.0,0.0
2022-07-07,38.33,27.78,33.06,0.0,370.0,0.0
2022-07-08,40.0,28.89,34.44,0.0,373.0,1.0
2022-07-09,41.11,30.0,35.56,0.0,401.0,1.0
2022-07-10,38.89,27.78,33.34,0.0,394.0,0.0
2022-07-11,38.89,26.67,32.78,0.0,377.0,0.0
2022-07-12,38.89,27.78,33.34,0.0,364.0,0.0
2022-07-13,40.0,27.78,33.89,0.0,361.0,0.0
2022-07-14,34.44,26.11,30.28,0.0,359.0,0.0
2022-07-15,36.67,26.11,31.39,0.0,373.0,1.0
2022-07-16,37.22,25.56,31.39,0.0,440.0,1.0
2022-07-17,40.0,29.44,34.72,0.0,503.0,1.0
2022-07-18,41.67,28.89,35.28,0.0,467.0,0.0
2022-07-19,41.11,28.89,35.0,0.0,443.0,0.0
2022-07-20,41.67,27.78,34.72,0.0,383.0,0.0
2022-07-21,37.78,29.44,33.61,0.0,359.0,0.0
2022-07-22,37.22,28.89,33.06,0.0,364.0,1.0
2022-07-23,37.22,25.0,31.11,0.0,380.0,1.0
2022-07-24,38.33,27.78,33.06,0.0,362.0,0.0
2022-07-25,39.44,28.89,34.16,0.0,361.0,0.0
2022-07-26,38.33,27.78,33.06,0.0,364.0,1.0
2022-07-27,38.33,28.33,33.33,0.0,365.0,1.0
2022-07-28,38.33,28.33,33.33,0.0,357.0,0.0
2022-07-29,37.78,28.33,33.06,0.0,357.0,0.0
2022-07-30,37.22,28.33,32.78,0.0,368.0,1.0
2022-07-31,38.89,28.89,33.89,0.0,391.0,1.0
2022-08-01,37.78,28.33,33.06,0.0,373.0,0.0
2022-08-02,37.78,28.33,33.06,0.0,366.0,0.0
2022-08-03,38.89,27.78,33.34,0.0,366.0,0.0
2022-08-04,38.33,27.22,32.78,0.0,348.0,0.0
2022-08-05,38.89,28.33,33.61,0.0,354.0,1.0
2022-08-06,35.56,25.56,30.56,0.0,347.0,0.0
2022-08-07,37.22,26.67,31.94,0.0,341.0,0.0
2022-08-08,37.78,27.78,32.78,0.0,349.0,1.0
2022-08-09,38.33,27.22,32.78,0.0,384.0,1.0
2022-08-10,37.78,24.44,31.11,3.56,395.0,1.0
2022-08-11,36.11,23.89,30.0,0.0,523.0,1.0
2022-08-12,35.56,25.56,30.56,0.0,409.0,0.0
2022-08-13,36.11,26.67,31.39,0.0,378.0,0.0
2022-08-14,36.11,26.67,31.39,0.0,360.0,0.0
2022-08-15,36.67,27.78,32.22,0.0,367.0,1.0
2022-08-16,37.78,28.89,33.34,0.0,357.0,0.0
2022-08-17,39.44,22.78,31.11,1.52,444.0,1.0
2022-08-18,30.56,23.89,27.22,0.0,932.0,1.0
2022-08-19,34.44,23.33,28.88,0.0,832.0,0.0
2022-08-20,33.33,24.44,28.88,0.0,459.0,0.0
2022-08-21,31.67,23.0,27.34,71.12,677.0,1.0
2022-08-22,26.11,22.0,24.06,161.29,20800.0,1.0
2022-08-23,29.44,22.78,26.11,1.02,25700.0,1.0
2022-08-24,31.67,23.33,27.5,0.0,13400.0,0.0
2022-08-25,33.89,23.33,28.61,0.0,3780.0,0.0
2022-08-26,33.33,24.44,28.88,0.0,1880.0,0.0
2022-08-27,35.0,25.56,30.28,0.0,1390.0,0.0
2022-08-28,35.56,25.56,30.56,0.0,1090.0,0.0
2022-08-29,33.89,25.56,29.72,0.0,860.0,0.0
2022-08-30,31.67,25.0,28.34,0.0,1090.0,1.0
2022-08-31,31.67,24.0,27.84,2.29,1390.0,1.0
2022-09-01,31.11,23.33,27.22,23.11,1610.0,1.0
2022-09-02,27.78,23.33,25.56,5.08,2070.0,1.0
2022-09-03,35.56,22.78,29.17,2.54,2120.0,1.0
2022-09-04,33.89,20.0,26.94,20.32,2400.0,1.0
2022-09-05,32.78,20.0,26.39,0.0,1970.0,0.0
2022-09-06,33.33,25.0,29.16,0.0,1550.0,0.0
2022-09-07,35.0,23.89,29.44,0.0,1180.0,0.0
2022-09-08,31.67,24.44,28.06,0.0,734.0,0.0
2022-09-09,31.11,21.67,26.39,0.0,584.0,0.0
2022-09-10,32.22,18.89,25.56,0.0,526.0,0.0
2022-09-11,28.33,20.56,24.44,0.0,495.0,0.0
2022-09-12,30.0,18.89,24.44,0.0,491.0,0.0
2022-09-13,31.67,20.56,26.12,0.0,470.0,0.0
2022-09-14,30.56,20.0,25.28,0.0,463.0,0.0
2022-09-15,30.0,19.44,24.72,0.0,448.0,0.0
2022-09-16,32.22,21.67,26.94,0.0,440.0,0.0
2022-09-17,33.33,23.89,28.61,0.0,435.0,0.0
2022-09-18,33.89,25.0,29.44,0.0,474.0,1.0
2022-09-19,33.89,25.56,29.72,0.0,454.0,0.0
2022-09-20,34.44,25.56,30.0,0.0,454.0,0.0
2022-09-21,35.56,24.44,30.0,0.0,437.0,0.0
2022-09-22,36.67,23.33,30.0,0.0,420.0,0.0
2022-09-23,35.0,23.33,29.16,0.0,424.0,1.0
2022-09-24,35.0,26.11,30.56,0.0,431.0,1.0
2022-09-25,36.11,23.33,29.72,0.0,490.0,1.0
2022-09-26,30.56,20.0,25.28,0.0,463.0,0.0
2022-09-27,31.11,16.11,23.61,0.0,483.0,1.0
2022-09-28,31.67,20.0,25.84,0.0,434.0,0.0
2022-09-29,26.67,17.78,22.22,0.0,422.0,0.0
2022-09-30,26.67,15.56,21.12,0.0,413.0,0.0
2022-10-01,26.67,13.33,20.0,0.0,397.0,0.0
2022-10-02,28.33,13.33,20.83,0.0,399.0,1.0
2022-10-03,28.89,13.89,21.39,0.0,411.0,1.0
2022-10-04,29.44,16.11,22.78,0.0,396.0,0.0
2022-10-05,30.0,16.67,23.34,0.0,390.0,0.0
2022-10-06,31.67,16.67,24.17,0.0,396.0,1.0
2022-10-07,31.11,19.44,25.28,0.0,389.0,0.0
2022-10-08,26.11,17.22,21.66,0.0,379.0,0.0
2022-10-09,27.78,15.0,21.39,0.0,375.0,0.0
2022-10-10,30.56,19.44,25.0,0.0,387.0,1.0
2022-10-11,28.33,20.0,24.16,0.0,392.0,1.0
2022-10-12,34.44,21.11,27.78,0.0,410.0,1.0
2022-10-13,28.33,15.0,21.66,0.0,426.0,1.0
2022-10-14,30.0,13.89,21.94,0.0,404.0,0.0
2022-10-15,33.33,22.78,28.06,0.0,408.0,1.0
2022-10-16,26.11,18.0,22.06,3.81,446.0,1.0
2022-10-17,21.11,12.78,16.94,0.0,488.0,1.0
2022-10-18,17.78,8.89,13.34,0.0,490.0,1.0
2022-10-19,18.89,4.44,11.66,0.0,433.0,0.0
2022-10-20,28.89,9.44,19.16,0.0,423.0,0.0
2022-10-21,31.67,11.67,21.67,0.0,413.0,0.0
2022-10-22,29.44,18.33,23.88,0.0,377.0,0.0
2022-10-23,29.44,21.67,25.56,0.0,393.0,1.0
2022-10-24,24.44,16.67,20.56,66.29,2010.0,1.0
2022-10-25,20.56,10.56,15.56,0.0,9570.0,1.0
2022-10-26,22.22,8.33,15.27,0.0,2770.0,0.0
2022-10-27,22.22,11.11,16.66,0.0,1060.0,0.0
2022-10-28,17.78,11.11,14.44,60.2,4520.0,1.0
2022-10-29,17.78,12.78,15.28,2.29,10900.0,1.0
2022-10-30,23.89,12.78,18.34,0.0,3140.0,0.0
2022-10-31,25.0,11.11,18.06,0.0,1140.0,0.0
2022-11-01,24.44,13.89,19.16,0.0,802.0,0.0
2022-11-02,22.78,14.0,18.39,0.0,728.0,0.0
2022-11-03,26.67,18.89,22.78,0.0,797.0,1.0
2022-11-04,25.0,10.0,17.5,18.29,2530.0,1.0
2022-11-05,18.33,7.22,12.77,0.0,8810.0,1.0
2022-11-06,27.22,12.22,19.72,0.0,2500.0,0.0
2022-11-07,26.11,19.44,22.78,6.6,1200.0,0.0
2022-11-08,26.11,20.56,23.34,0.0,1410.0,1.0
2022-11-09,27.78,20.56,24.17,0.0,1100.0,0.0
2022-11-10,22.78,18.33,20.56,0.0,741.0,0.0
2022-11-11,21.11,4.44,12.78,11.43,1410.0,1.0
2022-11-12,11.11,1.67,6.39,0.0,2510.0,1.0
2022-11-13,11.11,1.11,6.11,0.0,1070.0,0.0
2022-11-14,6.67,4.44,5.56,11.43,954.0,0.0
2022-11-15,6.67,3.89,5.28,0.0,1470.0,1.0
2022-11-16,11.67,2.78,7.22,0.0,1020.0,0.0
2022-11-17,15.0,1.11,8.06,0.0,700.0,0.0
2022-11-18,8.89,2.78,5.84,0.0,625.0,0.0
2022-11-19,5.56,1.67,3.62,0.0,561.0,0.0
2022-11-20,10.0,-1.11,4.44,0.0,532.0,0.0
2022-11-21,11.11,5.56,8.33,0.25,521.0,0.0
2022-11-22,15.56,3.89,9.72,0.0,513.0,0.0
2022-11-23,13.33,11.0,12.16,10.41,551.0,1.0
2022-11-24,14.44,11.67,13.06,32.51,3780.0,1.0
2022-11-25,14.44,10.56,12.5,0.51,4980.0,1.0
2022-11-26,13.33,8.89,11.11,30.73,7300.0,1.0
2022-11-27,17.22,7.22,12.22,0.0,8540.0,1.0
2022-11-28,20.0,4.44,12.22,0.0,2530.0,0.0
2022-11-29,26.11,6.11,16.11,0.0,1480.0,0.0
2022-11-30,10.56,1.11,5.84,0.0,1130.0,0.0
2022-12-01,11.67,1.11,6.39,0.25,1110.0,0.0
2022-12-02,18.33,9.44,13.88,0.0,993.0,0.0
2022-12-03,17.22,8.33,12.77,0.0,825.0,0.0
2022-12-04,13.89,8.89,11.39,0.0,685.0,0.0
2022-12-05,26.11,11.11,18.61,0.0,655.0,0.0
2022-12-06,24.44,17.78,21.11,0.0,651.0,0.0
2022-12-07,23.89,15.56,19.73,1.78,622.0,0.0
2022-12-08,22.22,14.44,18.33,9.14,629.0,1.0
2022-12-09,19.0,15.56,17.28,2.29,1270.0,1.0
2022-12-10,23.33,12.0,17.66,13.97,1800.0,1.0
2022-12-11,13.89,11.11,12.5,6.86,8260.0,1.0
2022-12-12,17.22,12.22,14.72,1.27,4070.0,0.0
2022-12-13,21.11,10.0,15.56,11.43,3900.0,0.0
2022-12-14,14.44,6.67,10.56,0.0,6350.0,1.0
2022-12-15,12.78,3.33,8.06,0.0,2140.0,0.0
2022-12-16,8.89,2.22,5.56,0.0,1420.0,0.0
2022-12-17,11.11,1.11,6.11,0.0,1080.0,0.0
2022-12-18,12.22,-0.61,5.81,0.0,919.0,0.0
2022-12-19,9.44,6.67,8.06,0.0,807.0,0.0
2022-12-20,13.33,4.44,8.88,0.51,732.0,0.0
2022-12-21,11.11,0.0,5.56,0.0,679.0,0.0
2022-12-22,7.22,-11.72,-2.25,0.0,638.0,0.0
2022-12-23,-4.39,-11.72,-8.06,0.0,654.0,1.0
2022-12-24,1.67,-6.72,-2.52,0.0,667.0,1.0
2022-12-25,10.0,-5.0,2.5,0.0,674.0,1.0
2022-12-26,14.44,-1.11,6.66,0.0,732.0,1.0
2022-12-27,10.0,-3.89,3.06,0.0,752.0,1.0
2022-12-28,21.67,3.89,12.78,0.0,811.0,1.0
2022-12-29,22.78,13.33,18.06,0.0,808.0,0.0
2022-12-30,17.22,8.33,12.77,0.0,682.0,0.0
2022-12-31,21.67,10.56,16.12,0.0,946.0,1.0
2023-01-01,24.44,12.78,18.61,0.0,590.0,0.0
2023-01-02,25.0,17.78,21.39,0.0,536.0,0.0
2023-01-03,20.0,8.33,14.16,0.0,539.0,1.0
2023-01-04,14.44,3.89,9.16,0.0,529.0,0.0
2023-01-05,16.11,3.33,9.72,0.0,509.0,0.0
2023-01-06,20.56,7.78,14.17,0.0,524.0,1.0
2023-01-07,18.33,10.0,14.16,0.0,520.0,0.0
2023-01-08,16.67,5.0,10.84,0.0,490.0,0.0
2023-01-09,20.0,4.44,12.22,0.0,514.0,1.0
2023-01-10,27.22,7.78,17.5,0.0,508.0,0.0
2023-01-11,27.78,14.44,21.11,0.0,507.0,0.0
2023-01-12,19.44,5.0,12.22,0.0,486.0,0.0
2023-01-13,14.44,1.67,8.06,0.0,483.0,0.0
2023-01-14,16.67,4.44,10.56,0.0,472.0,0.0
2023-01-15,20.56,8.89,14.72,0.0,476.0,1.0
2023-01-16,23.89,13.89,18.89,0.0,491.0,1.0
2023-01-17,26.11,10.56,18.34,0.0,485.0,0.0
2023-01-18,21.67,14.44,18.06,0.0,465.0,0.0
2023-01-19,15.56,6.67,11.12,0.0,752.0,1.0
2023-01-20,16.67,5.0,10.84,0.0,498.0,0.0
2023-01-21,13.33,7.22,10.28,0.0,524.0,1.0
2023-01-22,12.22,3.89,8.06,0.0,503.0,0.0
2023-01-23,12.22,2.22,7.22,0.0,469.0,0.0
2023-01-24,8.89,1.67,5.28,21.59,1620.0,1.0
2023-01-25,6.11,2.22,4.16,0.0,3820.0,1.0
2023-01-26,12.22,-0.61,5.81,0.0,1710.0,0.0
2023-01-27,16.11,0.0,8.06,0.0,774.0,0.0
2023-01-28,19.44,7.78,13.61,0.0,669.0,0.0
2023-01-29,17.22,-0.61,8.3,0.0,594.0,0.0
2023-01-30,-1.72,-3.28,-2.5,0.25,590.0,0.0
2023-01-31,-2.22,-4.0,-3.11,14.22,594.0,1.0
2023-02-01,-0.61,-2.78,-1.69,3.05,767.0,1.0
2023-02-02,1.11,-0.61,0.25,5.84,2390.0,1.0
2023-02-03,11.11,-1.72,4.69,0.0,4590.0,1.0
2023-02-04,13.89,0.56,7.22,0.0,2110.0,0.0
2023-02-05,21.67,5.56,13.62,0.0,1310.0,0.0
2023-02-06,22.22,11.67,16.94,0.0,1070.0,0.0
2023-02-07,17.22,8.89,13.06,2.03,1070.0,0.0
2023-02-08,9.44,4.44,6.94,27.94,11000.0,1.0
2023-02-09,17.78,1.67,9.73,0.0,14200.0,1.0
2023-02-10,10.0,2.78,6.39,0.0,3900.0,0.0
2023-02-11,12.78,2.22,7.5,0.0,2100.0,0.0
2023-02-12,18.89,1.11,10.0,0.0,1860.0,0.0
2023-02-13,19.44,7.78,13.61,0.0,1630.0,0.0
2023-02-14,21.67,11.11,16.39,13.21,3290.0,1.0
2023-02-15,24.44,9.44,16.94,0.0,4300.0,1.0
2023-02-16,11.67,2.22,6.94,0.0,1910.0,0.0
2023-02-17,10.0,-1.11,4.44,0.0,2220.0,1.0
2023-02-18,11.67,0.56,6.12,0.0,1950.0,0.0
2023-02-19,21.11,7.78,14.44,0.0,1290.0,0.0
2023-02-20,25.56,15.0,20.28,0.0,1650.0,1.0
2023-02-21,30.56,17.78,24.17,0.0,1770.0,1.0
2023-02-22,26.11,15.56,20.84,9.14,1900.0,1.0
2023-02-23,20.0,8.33,14.16,0.0,2720.0,1.0
2023-02-24,10.0,5.0,7.5,0.0,1490.0,0.0
2023-02-25,9.44,3.89,6.66,0.76,1880.0,1.0
2023-02-26,25.0,8.89,16.94,0.0,1110.0,0.0
2023-02-27,23.89,12.78,18.34,1.02,1190.0,1.0
2023-02-28,28.89,10.56,19.73,0.0,1460.0,1.0
2023-03-01,22.22,15.56,18.89,3.56,1840.0,1.0
2023-03-02,26.67,11.67,19.17,19.81,2270.0,1.0
2023-03-03,17.78,8.33,13.06,11.68,7960.0,1.0
2023-03-04,23.89,8.33,16.11,0.0,6390.0,0.0
2023-03-05,24.44,12.78,18.61,0.0,4730.0,0.0
2023-03-06,27.22,14.44,20.83,0.0,5220.0,1.0
2023-03-07,22.22,17.78,20.0,0.0,5080.0,0.0
2023-03-08,17.22,11.11,14.16,2.29,4890.0,0.0
2023-03-09,21.11,12.78,16.94,5.33,4350.0,0.0
2023-03-10,18.89,8.33,13.61,0.0,4210.0,0.0
2023-03-11,30.0,14.0,22.0,0.0,4500.0,1.0
2023-03-12,18.89,11.11,15.0,0.0,4910.0,1.0
2023-03-13,15.56,8.33,11.94,0.0,4950.0,1.0
2023-03-14,16.11,6.11,11.11,0.0,4790.0,0.0
2023-03-15,19.44,8.33,13.89,0.0,4260.0,0.0
2023-03-16,21.67,6.67,14.17,27.94,5560.0,1.0
2023-03-17,13.33,4.44,8.88,0.0,11800.0,1.0
2023-03-18,14.0,5.78,9.89,0.0,5120.0,0.0
2023-03-19,12.0,1.11,6.56,0.0,3580.0,0.0
2023-03-20,12.22,4.44,8.33,0.0,3280.0,0.0
2023-03-21,19.44,10.0,14.72,1.78,2570.0,0.0
2023-03-22,26.67,19.44,23.06,0.0,1750.0,0.0
2023-03-23,28.33,20.56,24.44,0.0,1530.0,0.0
2023-03-24,23.89,17.78,20.84,5.33,1800.0,1.0
2023-03-25,24.44,12.22,18.33,0.0,2770.0,1.0
2023-03-26,25.56,8.89,17.23,0.0,2610.0,0.0
2023-03-27,22.22,9.44,15.83,3.56,2060.0,0.0
2023-03-28,17.78,10.0,13.89,0.0,2280.0,1.0
2023-03-29,18.33,10.0,14.16,0.0,2410.0,1.0
2023-03-30,23.0,15.56,19.28,0.0,2410.0,0.0
2023-03-31,29.0,21.11,25.06,2.79,2450.0,1.0
2023-04-01,23.89,14.44,19.16,0.0,1980.0,0.0
2023-04-02,25.56,15.0,20.28,1.27,1540.0,0.0
2023-04-03,32.78,17.78,25.28,0.0,1790.0,1.0
2023-04-04,27.78,22.78,25.28,0.0,1820.0,1.0
2023-04-05,25.0,11.67,18.34,3.56,2030.0,1.0
2023-04-06,13.89,10.56,12.23,0.0,2010.0,0.0
2023-04-07,15.56,11.67,13.62,0.0,2080.0,1.0
2023-04-08,22.78,12.22,17.5,0.0,1620.0,0.0
2023-04-09,22.22,12.78,17.5,0.0,1100.0,0.0
2023-04-10,22.78,13.89,18.34,0.0,1010.0,0.0
2023-04-11,23.89,12.22,18.06,0.0,1110.0,1.0
2023-04-12,25.0,13.33,19.16,0.0,1280.0,1.0
2023-04-13,25.56,14.44,20.0,0.0,1130.0,0.0
2023-04-14,25.0,15.56,20.28,0.0,767.0,0.0
2023-04-15,25.56,16.11,20.84,0.0,794.0,1.0
2023-04-16,22.22,10.0,16.11,0.0,924.0,1.0
2023-04-17,25.56,9.44,17.5,0.0,883.0,0.0
2023-04-18,22.78,16.11,19.44,0.0,701.0,0.0
2023-04-19,27.22,19.44,23.33,0.0,615.0,0.0
2023-04-20,28.89,17.0,22.94,5.33,603.0,0.0
2023-04-21,24.44,13.89,19.16,0.0,2240.0,1.0
2023-04-22,22.78,12.22,17.5,0.0,1200.0,0.0
2023-04-23,13.89,8.89,11.39,1.02,822.0,0.0
2023-04-24,20.56,8.33,14.44,0.0,766.0,0.0
2023-04-25,21.67,15.0,18.34,0.25,718.0,0.0
2023-04-26,18.33,13.33,15.83,25.65,4380.0,1.0
2023-04-27,20.56,13.89,17.23,0.0,4810.0,1.0
2023-04-28,22.78,11.67,17.23,20.57,2860.0,0.0
2023-04-29,21.67,12.22,16.94,0.0,2400.0,0.0
2023-04-30,27.22,12.22,19.72,0.0,1070.0,0.0
2023-05-01,25.0,14.44,19.72,0.0,802.0,0.0
2023-05-02,27.22,14.44,20.83,0.0,753.0,0.0
2023-05-03,27.78,19.44,23.61,0.0,697.0,0.0
2023-05-04,27.22,18.33,22.78,0.0,626.0,0.0
2023-05-05,33.33,20.0,26.66,0.0,701.0,1.0
2023-05-06,30.0,20.56,25.28,6.86,649.0,0.0
2023-05-07,29.44,19.44,24.44,0.51,1580.0,1.0
2023-05-08,30.56,22.22,26.39,5.84,1650.0,1.0
2023-05-09,28.33,21.11,24.72,0.0,983.0,0.0
2023-05-10,23.89,19.44,21.66,3.81,1180.0,1.0
2023-05-11,30.56,18.89,24.72,0.0,1330.0,1.0
2023-05-12,30.56,24.0,27.28,0.0,1180.0,0.0
2023-05-13,28.89,21.11,25.0,0.0,621.0,0.0
2023-05-14,24.44,21.11,22.78,11.94,1190.0,1.0
2023-05-15,29.44,19.44,24.44,3.3,1680.0,1.0
2023-05-16,25.56,18.89,22.22,0.0,1780.0,1.0
2023-05-17,28.89,16.67,22.78,0.0,792.0,0.0
2023-05-18,30.56,18.89,24.72,0.0,594.0,0.0
2023-05-19,32.78,22.22,27.5,10.41,897.0,1.0
2023-05-20,25.56,17.22,21.39,0.0,4330.0,1.0
2023-05-21,24.44,17.22,20.83,0.0,1300.0,0.0
2023-05-22,28.33,17.78,23.06,0.0,800.0,0.0
2023-05-23,28.89,20.0,24.44,0.0,669.0,0.0
2023-05-24,30.0,20.56,25.28,0.51,1170.0,1.0
2023-05-25,28.33,20.0,24.16,0.0,1490.0,1.0
2023-05-26,30.0,21.11,25.56,0.0,763.0,0.0
2023-05-27,30.0,22.78,26.39,0.0,601.0,0.0
2023-05-28,28.89,21.11,25.0,0.51,543.0,0.0
2023-05-29,30.56,21.11,25.84,0.0,659.0,1.0
2023-05-30,30.56,20.0,25.28,1.78,1040.0,1.0
2023-05-31,31.67,20.56,26.12,0.0,1650.0,1.0
2023-06-01,31.11,22.78,26.94,0.0,1030.0,0.0
2023-06-02,32.22,23.33,27.78,0.0,766.0,0.0
2023-06-03,32.78,21.11,26.94,4.32,553.0,0.0
2023-06-04,31.11,20.0,25.56,0.0,543.0,0.0
2023-06-05,30.0,18.33,24.16,2.29,733.0,1.0
2023-06-06,30.0,21.67,25.84,1.52,834.0,1.0
2023-06-07,32.22,20.0,26.11,23.11,1270.0,1.0
2023-06-08,32.78,20.56,26.67,0.0,2290.0,1.0
2023-06-09,34.44,21.67,28.06,0.0,1130.0,0.0
2023-06-10,33.89,24.44,29.16,0.0,647.0,0.0
2023-06-11,36.11,22.22,29.16,41.91,871.0,1.0
2023-06-12,30.0,22.22,26.11,0.0,1760.0,1.0
2023-06-13,25.56,20.56,23.06,20.57,2080.0,1.0
2023-06-14,32.22,23.89,28.06,0.0,1500.0,0.0
2023-06-15,33.33,24.44,28.88,0.0,800.0,0.0
2023-06-16,35.56,22.22,28.89,0.0,639.0,0.0
2023-06-17,35.0,24.44,29.72,0.0,584.0,0.0
2023-06-18,33.33,23.89,28.61,0.0,548.0,0.0
2023-06-19,36.11,24.44,30.28,0.0,531.0,0.0
2023-06-20,36.11,27.78,31.94,0.0,525.0,0.0
2023-06-21,32.22,25.56,28.89,18.03,897.0,1.0
2023-06-22,32.22,25.56,28.89,0.0,933.0,1.0
2023-06-23,32.22,25.56,28.89,0.0,698.0,0.0
2023-06-24,36.11,25.0,30.56,0.0,570.0,0.0
2023-06-25,36.11,27.22,31.66,0.0,597.0,1.0
2023-06-26,36.67,27.78,32.22,0.0,537.0,0.0
2023-06-27,37.78,26.67,32.22,0.0,512.0,0.0
2023-06-28,36.67,26.67,31.67,0.0,639.0,1.0
2023-06-29,36.67,27.22,31.94,0.0,493.0,0.0
2023-06-30,35.0,27.22,31.11,0.0,472.0,0.0
2023-07-01,31.11,26.11,28.61,0.0,455.0,0.0
2023-07-02,31.67,24.44,28.06,0.0,474.0,1.0
2023-07-03,36.11,24.44,30.28,0.0,495.0,1.0
2023-07-04,35.56,24.44,30.0,0.0,438.0,0.0
2023-07-05,35.56,26.67,31.12,0.0,427.0,0.0
2023-07-06,35.0,27.22,31.11,0.0,434.0,1.0
2023-07-07,34.44,25.56,30.0,0.0,436.0,1.0
2023-07-08,36.67,27.22,31.94,0.0,423.0,0.0
2023-07-09,32.78,22.78,27.78,4.32,493.0,1.0
2023-07-10,35.56,25.56,30.56,0.0,568.0,1.0
2023-07-11,34.44,24.44,29.44,0.76,511.0,0.0
2023-07-12,38.89,27.78,33.34,0.0,457.0,0.0
2023-07-13,38.89,27.78,33.34,0.0,433.0,0.0
2023-07-14,38.33,28.89,33.61,0.0,426.0,0.0
2023-07-15,36.67,27.78,32.22,0.0,412.0,0.0
2023-07-16,30.0,23.89,26.94,2.54,498.0,1.0
2023-07-17,40.56,24.44,32.5,0.0,802.0,1.0
2023-07-18,41.11,30.0,35.56,0.0,590.0,0.0
2023-07-19,39.44,28.33,33.88,0.0,453.0,0.0
2023-07-20,38.89,28.33,33.61,0.0,449.0,0.0
2023-07-21,38.89,28.89,33.89,0.0,423.0,0.0
2023-07-22,33.89,25.0,29.44,0.0,405.0,0.0
2023-07-23,36.11,22.78,29.44,0.0,414.0,1.0
2023-07-24,37.78,25.0,31.39,0.0,414.0,0.0
2023-07-25,38.33,27.22,32.78,0.0,403.0,0.0
2023-07-26,38.33,27.78,33.06,0.0,400.0,0.0
2023-07-27,37.78,27.78,32.78,0.0,391.0,0.0
2023-07-28,37.22,28.33,32.78,0.0,385.0,0.0
2023-07-29,38.33,28.33,33.33,0.0,397.0,1.0
2023-07-30,39.44,28.33,33.88,0.0,400.0,1.0
2023-07-31,40.0,28.33,34.16,0.0,403.0,1.0
2023-08-01,41.11,29.44,35.28,0.0,412.0,1.0
2023-08-02,40.56,30.0,35.28,0.0,395.0,0.0
2023-08-03,39.44,30.0,34.72,0.0,384.0,0.0
2023-08-04,39.44,29.44,34.44,0.0,384.0,0.0
2023-08-05,40.56,30.0,35.28,0.0,386.0,1.0
2023-08-06,39.44,30.0,34.72,0.0,390.0,1.0
2023-08-07,38.89,30.0,34.44,0.0,393.0,1.0
2023-08-08,38.89,30.0,34.44,0.0,417.0,1.0
2023-08-09,40.56,28.33,34.44,0.0,395.0,0.0
2023-08-10,41.67,29.44,35.56,0.0,394.0,0.0
2023-08-11,41.11,28.89,35.0,0.0,389.0,0.0
2023-08-12,40.56,28.33,34.44,0.0,401.0,1.0
2023-08-13,40.56,28.89,34.72,0.0,384.0,0.0
2023-08-14,37.22,27.78,32.5,0.0,389.0,1.0
2023-08-15,34.44,24.44,29.44,0.0,385.0,0.0
2023-08-16,35.0,22.22,28.61,0.0,376.0,0.0
2023-08-17,42.78,24.44,33.61,0.0,361.0,0.0
2023-08-18,42.78,28.89,35.84,0.0,382.0,1.0
2023-08-19,41.11,29.44,35.28,0.0,366.0,0.0
2023-08-20,42.22,30.0,36.11,0.0,372.0,1.0
2023-08-21,40.56,28.89,34.72,0.0,389.0,1.0
2023-08-22,38.89,29.44,34.16,0.0,391.0,1.0
2023-08-23,39.44,30.0,34.72,0.0,387.0,0.0
2023-08-24,41.11,30.56,35.84,0.0,394.0,1.0
2023-08-25,42.78,30.0,36.39,0.0,398.0,1.0
2023-08-26,42.22,31.11,36.66,0.0,382.0,0.0
2023-08-27,38.33,27.22,32.78,0.0,389.0,1.0
2023-08-28,35.0,26.11,30.56,0.0,447.0,1.0
2023-08-29,36.11,24.44,30.28,0.0,408.0,0.0
2023-08-30,36.11,25.56,30.84,0.0,391.0,0.0
2023-08-31,36.67,25.0,30.84,0.0,373.0,0.0
2023-09-01,36.11,25.0,30.56,0.0,383.0,1.0
2023-09-02,36.11,22.78,29.44,0.0,360.0,0.0
2023-09-03,37.22,24.44,30.83,0.0,377.0,1.0
2023-09-04,36.67,27.22,31.94,0.0,438.0,1.0
2023-09-05,38.89,27.78,33.34,0.0,426.0,0.0
2023-09-06,39.44,28.89,34.16,0.0,420.0,0.0
2023-09-07,41.67,28.89,35.28,0.0,401.0,0.0
2023-09-08,42.78,29.44,36.11,0.0,391.0,0.0
2023-09-09,35.56,23.33,29.44,0.76,538.0,1.0
2023-09-10,33.89,22.78,28.34,0.0,678.0,1.0
2023-09-11,31.11,23.33,27.22,0.25,536.0,0.0
2023-09-12,28.89,22.78,25.84,0.0,474.0,0.0
2023-09-13,27.78,21.11,24.44,2.29,474.0,0.0
2023-09-14,23.89,21.0,22.44,13.97,899.0,1.0
2023-09-15,28.33,21.11,24.72,0.25,692.0,0.0
2023-09-16,30.0,21.11,25.56,0.0,560.0,0.0
2023-09-17,32.78,20.56,26.67,0.0,526.0,0.0
2023-09-18,33.89,19.44,26.66,0.0,532.0,1.0
2023-09-19,35.0,21.67,28.34,35.31,564.0,1.0
2023-09-20,33.33,21.67,27.5,0.0,1520.0,1.0
2023-09-21,32.78,24.44,28.61,0.0,1210.0,0.0
2023-09-22,35.56,25.56,30.56,0.0,647.0,0.0
2023-09-23,36.67,26.11,31.39,0.0,485.0,0.0
2023-09-24,37.78,23.33,30.56,9.4,617.0,1.0
2023-09-25,32.78,22.22,27.5,9.14,1280.0,1.0
2023-09-26,33.89,22.22,28.06,0.0,594.0,0.0
2023-09-27,33.89,22.78,28.34,0.0,468.0,0.0
2023-09-28,34.44,23.33,28.88,0.0,428.0,0.0
2023-09-29,33.89,23.89,28.89,0.0,411.0,0.0
2023-09-30,33.89,23.89,28.89,0.0,409.0,0.0
2023-10-01,32.22,22.22,27.22,0.0,401.0,0.0
2023-10-02,31.67,22.22,26.94,0.0,408.0,1.0
2023-10-03,32.22,21.67,26.94,0.0,395.0,0.0
2023-10-04,33.33,21.0,27.16,48.01,725.0,1.0
2023-10-05,28.33,21.0,24.66,3.3,4490.0,1.0
2023-10-06,30.56,17.78,24.17,0.0,2030.0,0.0
2023-10-07,21.67,13.89,17.78,0.0,713.0,0.0
2023-10-08,25.0,11.11,18.06,0.0,522.0,0.0
2023-10-09,30.56,17.22,23.89,0.0,480.0,0.0
2023-10-10,28.33,18.33,23.33,0.0,472.0,0.0
2023-10-11,23.33,18.33,20.83,0.0,460.0,0.0
2023-10-12,25.56,17.22,21.39,0.0,443.0,0.0
2023-10-13,26.11,18.89,22.5,0.0,432.0,0.0
2023-10-14,21.11,12.22,16.66,0.0,407.0,0.0
2023-10-15,18.89,10.56,14.73,0.0,400.0,0.0
2023-10-16,18.33,8.89,13.61,0.0,410.0,1.0
2023-10-17,22.78,7.78,15.28,0.0,411.0,1.0
2023-10-18,26.67,11.67,19.17,0.0,411.0,0.0
2023-10-19,29.44,14.44,21.94,0.0,416.0,1.0
2023-10-20,33.89,17.22,25.56,0.0,408.0,0.0
2023-10-21,32.22,15.0,23.61,0.0,404.0,0.0
2023-10-22,27.78,19.44,23.61,0.0,400.0,0.0
2023-10-23,25.56,22.22,23.89,1.02,415.0,1.0
2023-10-24,23.89,22.0,22.94,25.15,1870.0,1.0
2023-10-25,26.67,20.56,23.62,39.88,4560.0,1.0
2023-10-26,27.22,20.56,23.89,59.44,21400.0,1.0
2023-10-27,30.0,17.78,23.89,7.62,23700.0,1.0
2023-10-28,18.33,14.44,16.38,85.09,20200.0,0.0
2023-10-29,14.44,5.0,9.72,3.81,23300.0,1.0
2023-10-30,10.0,2.78,6.39,13.72,14100.0,0.0
2023-10-31,16.11,1.11,8.61,0.0,6310.0,0.0
2023-11-01,13.33,1.67,7.5,0.0,3170.0,0.0
2023-11-02,16.67,3.33,10.0,0.0,2970.0,0.0
2023-11-03,22.22,9.44,15.83,0.0,2640.0,0.0
2023-11-04,23.33,12.78,18.06,0.0,1790.0,0.0
2023-11-05,26.11,15.0,20.56,0.0,2170.0,1.0
2023-11-06,27.22,18.33,22.78,0.0,2050.0,0.0
2023-11-07,28.89,17.78,23.34,0.0,1570.0,0.0
2023-11-08,29.44,20.56,25.0,0.0,1090.0,0.0
2023-11-09,21.67,11.67,16.67,7.62,1370.0,1.0
2023-11-10,17.0,11.0,14.0,0.25,1620.0,1.0
2023-11-11,17.22,12.78,15.0,0.0,838.0,0.0
2023-11-12,17.78,11.67,14.73,0.0,657.0,0.0
2023-11-13,18.33,10.56,14.44,0.0,835.0,1.0
2023-11-14,20.56,10.56,15.56,0.0,1080.0,1.0
2023-11-15,22.22,9.44,15.83,0.0,548.0,0.0
2023-11-16,16.11,11.11,13.61,0.0,535.0,0.0
2023-11-17,16.11,13.89,15.0,0.0,528.0,0.0
2023-11-18,21.11,12.22,16.66,0.0,511.0,0.0
2023-11-19,18.33,12.78,15.56,2.03,528.0,1.0
2023-11-20,23.89,12.78,18.34,0.0,543.0,1.0
2023-11-21,15.56,5.56,10.56,0.0,530.0,0.0
2023-11-22,16.11,2.78,9.44,0.0,508.0,0.0
2023-11-23,16.11,5.56,10.84,0.0,502.0,0.0
2023-11-24,17.78,5.56,11.67,0.0,467.0,0.0
2023-11-25,15.56,6.11,10.84,4.32,454.0,0.0
2023-11-26,10.56,1.67,6.12,0.25,559.0,1.0
2023-11-27,12.22,0.0,6.11,0.0,823.0,1.0
2023-11-28,16.11,2.78,9.44,0.0,805.0,0.0
2023-11-29,17.78,4.44,11.11,0.0,532.0,0.0
2023-11-30,17.22,12.0,14.61,8.89,770.0,1.0
2023-12-01,15.56,7.22,11.39,0.0,654.0,0.0
2023-12-02,18.33,5.0,11.66,0.0,604.0,0.0
2023-12-03,22.22,3.89,13.06,0.0,553.0,0.0
2023-12-04,17.22,4.44,10.83,0.0,555.0,1.0
2023-12-05,21.11,3.89,12.5,0.0,565.0,1.0
2023-12-06,17.78,7.78,12.78,0.0,536.0,0.0
2023-12-07,21.11,9.44,15.27,0.0,511.0,0.0
2023-12-08,25.56,17.22,21.39,0.0,488.0,0.0
2023-12-09,19.44,7.22,13.33,0.0,510.0,1.0
2023-12-10,11.67,1.67,6.67,0.0,534.0,1.0
2023-12-11,18.33,2.22,10.27,0.0,536.0,1.0
2023-12-12,17.78,5.56,11.67,0.0,446.0,0.0
2023-12-13,16.11,8.89,12.5,0.0,448.0,1.0
2023-12-14,17.78,7.22,12.5,0.0,445.0,0.0
2023-12-15,15.0,7.78,11.39,12.7,1090.0,1.0
2023-12-16,15.0,4.44,9.72,0.0,2110.0,1.0
2023-12-17,20.56,2.78,11.67,0.0,941.0,0.0
2023-12-18,17.22,5.56,11.39,0.0,669.0,0.0
2023-12-19,15.0,3.89,9.44,0.0,560.0,0.0
2023-12-20,18.89,8.33,13.61,0.0,515.0,0.0
2023-12-21,15.0,13.89,14.44,19.81,781.0,1.0
2023-12-22,20.0,13.33,16.66,5.33,5070.0,1.0
2023-12-23,18.0,15.56,16.78,4.57,2610.0,0.0
2023-12-24,18.33,8.33,13.33,52.58,10900.0,1.0
2023-12-25,10.0,3.33,6.66,0.0,13300.0,1.0
2023-12-26,12.78,-0.56,6.11,0.0,3330.0,0.0
2023-12-27,10.56,3.33,6.94,0.0,1990.0,0.0
2023-12-28,10.0,1.11,5.56,0.0,2310.0,1.0
2023-12-29,13.33,0.56,6.94,0.0,2080.0,0.0
2023-12-30,17.22,1.67,9.44,0.0,1880.0,0.0
2023-12-31,17.78,3.89,10.84,0.0,1120.0,0.0
2024-01-01,9.44,0.0,4.72,0.0,1740.0,1.0
2024-01-02,8.89,0.56,4.73,9.4,1190.0,0.0
2024-01-03,12.78,5.56,9.17,0.0,3220.0,1.0
2024-01-04,14.44,2.22,8.33,0.0,2250.0,0.0
2024-01-05,10.0,6.67,8.34,8.38,3210.0,1.0
2024-01-06,9.44,4.44,6.94,0.0,2400.0,0.0
2024-01-07,15.56,0.0,7.78,0.0,1470.0,0.0
2024-01-08,13.89,4.44,9.17,21.08,2630.0,1.0
2024-01-09,9.44,0.56,5.0,0.0,4810.0,1.0
2024-01-10,18.89,1.11,10.0,0.0,1860.0,0.0
2024-01-11,20.56,4.44,12.5,0.0,1210.0,0.0
2024-01-12,17.22,-1.67,7.78,7.62,2210.0,1.0
2024-01-13,16.67,-5.0,5.84,0.0,1020.0,0.0
2024-01-14,-6.11,-11.11,-8.61,0.0,849.0,0.0
2024-01-15,-3.33,-12.22,-7.78,0.25,796.0,0.0
2024-01-16,-3.33,-11.11,-7.22,0.0,741.0,0.0
2024-01-17,5.56,-7.78,-1.11,0.0,1120.0,1.0
2024-01-18,15.56,4.44,10.0,0.0,973.0,0.0
2024-01-19,7.22,-3.33,1.94,0.0,628.0,0.0
2024-01-20,2.22,-6.67,-2.22,0.0,648.0,1.0
2024-01-21,4.0,0.0,2.0,2.03,700.0,1.0
2024-01-22,5.0,0.56,2.78,17.78,1690.0,1.0
2024-01-23,10.0,3.89,6.94,10.92,2870.0,1.0
2024-01-24,11.11,7.0,9.06,0.76,3580.0,1.0
2024-01-25,12.22,8.33,10.28,0.25,1630.0,0.0
2024-01-26,11.11,9.44,10.27,3.56,1070.0,0.0
2024-01-27,11.11,2.22,6.66,16.26,4930.0,1.0
2024-01-28,17.22,0.0,8.61,0.0,3760.0,0.0
2024-01-29,23.33,4.44,13.88,0.0,1670.0,0.0
2024-01-30,25.0,6.67,15.84,0.0,1460.0,0.0
2024-01-31,23.89,7.22,15.56,0.0,1310.0,0.0
2024-02-01,22.22,8.89,15.56,0.0,1150.0,0.0
2024-02-02,18.33,12.22,15.27,12.19,1700.0,1.0
2024-02-03,19.44,11.0,15.22,4.57,5150.0,1.0
2024-02-04,16.11,10.0,13.06,0.76,3860.0,0.0
2024-02-05,16.67,8.33,12.5,0.0,1890.0,0.0
2024-02-06,20.0,4.44,12.22,0.0,1490.0,0.0
2024-02-07,18.89,10.56,14.73,0.0,1310.0,0.0
2024-02-08,20.56,14.44,17.5,0.0,1200.0,0.0
2024-02-09,22.22,11.11,16.66,0.0,1390.0,1.0
2024-02-10,16.11,11.67,13.89,10.16,2760.0,1.0
2024-02-11,11.11,4.0,7.56,11.94,5560.0,1.0
2024-02-12,13.33,3.89,8.61,0.0,5290.0,0.0
2024-02-13,17.22,1.67,9.44,0.0,3020.0,0.0
2024-02-14,19.44,7.22,13.33,0.0,2080.0,0.0
2024-02-15,21.11,11.11,16.11,0.0,2560.0,1.0
2024-02-16,21.67,5.0,13.34,0.0,1400.0,0.0
2024-02-17,7.22,1.11,4.16,0.0,1500.0,1.0
2024-02-18,11.67,-2.22,4.72,0.0,1630.0,1.0
2024-02-19,19.44,5.0,12.22,0.0,1040.0,0.0
2024-02-20,26.67,6.11,16.39,0.0,1830.0,1.0
2024-02-21,26.11,14.44,20.27,0.0,968.0,0.0
2024-02-22,27.78,16.11,21.94,0.0,896.0,0.0
2024-02-23,22.22,10.56,16.39,0.0,764.0,0.0
2024-02-24,25.0,7.78,16.39,0.0,893.0,1.0
2024-02-25,28.33,15.0,21.66,0.0,1270.0,1.0
2024-02-26,32.78,16.11,24.44,0.0,903.0,0.0
2024-02-27,25.0,20.0,22.5,0.0,786.0,0.0
2024-02-28,22.22,5.0,13.61,0.0,655.0,0.0
2024-02-29,11.11,5.56,8.33,2.54,1050.0,1.0
2024-03-01,20.56,6.67,13.61,0.0,909.0,0.0
2024-03-02,28.33,10.0,19.16,0.0,758.0,0.0
2024-03-03,26.11,17.0,21.56,0.0,703.0,0.0
2024-03-04,27.78,19.0,23.39,0.0,651.0,0.0
2024-03-05,27.22,16.11,21.66,0.0,592.0,0.0
2024-03-06,24.44,11.67,18.06,2.03,570.0,0.0
2024-03-07,19.44,15.56,17.5,45.21,2080.0,1.0
2024-03-08,21.67,6.67,14.17,14.99,13300.0,1.0
2024-03-09,15.0,6.11,10.56,0.0,6070.0,0.0
2024-03-10,18.89,4.44,11.66,0.0,2390.0,0.0
2024-03-11,21.11,8.89,15.0,1.78,1690.0,0.0
2024-03-12,23.33,12.78,18.06,0.0,1370.0,0.0
2024-03-13,26.11,17.22,21.66,0.0,1200.0,0.0
2024-03-14,26.11,21.67,23.89,0.0,1420.0,1.0
2024-03-15,23.33,12.78,18.06,11.68,1700.0,1.0
2024-03-16,17.22,12.78,15.0,40.89,4970.0,1.0
2024-03-17,19.44,12.78,16.11,0.51,9920.0,1.0
2024-03-18,15.0,8.33,11.66,0.0,4130.0,0.0
2024-03-19,19.44,5.0,12.22,0.0,3420.0,0.0
2024-03-20,21.67,12.22,16.94,0.0,4600.0,1.0
2024-03-21,17.78,14.0,15.89,24.13,4280.0,0.0
2024-03-22,20.56,12.78,16.67,0.25,5410.0,1.0
2024-03-23,20.0,8.89,14.44,0.0,4100.0,0.0
2024-03-24,20.0,14.44,17.22,1.78,3530.0,0.0
2024-03-25,23.33,8.33,15.83,21.08,6950.0,1.0
2024-03-26,15.56,3.89,9.72,0.0,6130.0,0.0
2024-03-27,18.33,7.22,12.77,0.0,3240.0,0.0
2024-03-28,22.78,7.22,15.0,0.0,3030.0,0.0
2024-03-29,25.0,15.0,20.0,0.0,2790.0,0.0
2024-03-30,25.0,17.78,21.39,0.0,2930.0,1.0
2024-03-31,25.0,18.89,21.94,0.0,3200.0,1.0
2024-04-01,27.22,20.0,23.61,1.52,3150.0,0.0
2024-04-02,20.0,11.11,15.56,0.0,3950.0,1.0
2024-04-03,22.78,9.44,16.11,0.0,2990.0,0.0
2024-04-04,28.33,8.89,18.61,0.0,2210.0,0.0
2024-04-05,30.0,15.0,22.5,0.0,2210.0,0.0
2024-04-06,24.44,16.67,20.56,0.0,2610.0,1.0
2024-04-07,26.11,16.67,21.39,0.0,2180.0,0.0
2024-04-08,28.33,14.44,21.38,1.02,1590.0,0.0
2024-04-09,20.56,15.56,18.06,45.72,5570.0,1.0
2024-04-10,17.78,11.67,14.73,9.14,4690.0,0.0
2024-04-11,22.78,9.44,16.11,0.0,2390.0,0.0
2024-04-12,26.67,10.0,18.34,0.0,2820.0,1.0
2024-04-13,27.22,16.67,21.94,0.0,3480.0,1.0
2024-04-14,26.67,17.78,22.22,0.0,3670.0,1.0
2024-04-15,25.56,20.56,23.06,0.0,3700.0,1.0
2024-04-16,29.44,21.0,25.22,1.27,3700.0,0.0
2024-04-17,29.44,21.67,25.56,0.0,3650.0,0.0
2024-04-18,30.0,18.89,24.44,0.0,3460.0,0.0
2024-04-19,22.78,15.56,19.17,0.0,3250.0,0.0
2024-04-20,17.22,8.89,13.06,107.19,9950.0,1.0
2024-04-21,18.89,10.56,14.73,0.0,21800.0,1.0
2024-04-22,21.11,8.33,14.72,0.0,11900.0,0.0
2024-04-23,23.89,14.44,19.16,0.0,4500.0,0.0
2024-04-24,27.78,19.44,23.61,0.0,3820.0,0.0
2024-04-25,25.56,21.0,23.28,0.0,5170.0,1.0
2024-04-26,24.44,21.11,22.78,2.03,5250.0,1.0
2024-04-27,28.33,21.11,24.72,0.0,6040.0,1.0
2024-04-28,24.44,16.67,20.56,62.48,17300.0,1.0
2024-04-29,30.0,17.22,23.61,0.0,24800.0,1.0
2024-04-30,28.33,20.0,24.16,0.0,13300.0,0.0
2024-05-01,27.78,21.67,24.72,0.0,4390.0,0.0
2024-05-02,27.22,18.33,22.78,18.54,7670.0,1.0
2024-05-03,28.33,21.0,24.66,1.78,8100.0,1.0
2024-05-04,27.22,20.0,23.61,32.51,4860.0,0.0
2024-05-05,27.22,18.33,22.78,56.64,20400.0,1.0
2024-05-06,29.0,21.67,25.34,0.0,20500.0,1.0
2024-05-07,32.78,23.33,28.06,0.0,9380.0,0.0
2024-05-08,33.33,23.89,28.61,2.03,4170.0,0.0
2024-05-09,27.78,19.44,23.61,0.0,3790.0,0.0
2024-05-10,28.33,18.33,23.33,0.0,4680.0,1.0
2024-05-11,26.67,19.44,23.06,0.76,5940.0,1.0
2024-05-12,20.0,18.0,19.0,19.81,6440.0,1.0
2024-05-13,28.33,17.78,23.06,0.0,7830.0,1.0
2024-05-14,29.44,17.22,23.33,0.0,6870.0,0.0
2024-05-15,31.67,18.89,25.28,0.0,7030.0,1.0
2024-05-16,26.11,18.89,22.5,12.19,6440.0,0.0
2024-05-17,28.89,17.78,23.34,0.0,8000.0,1.0
2024-05-18,32.22,21.11,26.66,0.0,7660.0,0.0
2024-05-19,32.22,23.33,27.78,0.0,7120.0,0.0
2024-05-20,32.22,23.89,28.06,0.0,6610.0,0.0
2024-05-21,31.11,24.44,27.78,1.02,7370.0,1.0
2024-05-22,28.89,22.78,25.84,4.57,8470.0,1.0
2024-05-23,31.67,22.22,26.94,0.0,8010.0,0.0
2024-05-24,31.67,22.78,27.22,0.0,7220.0,0.0
2024-05-25,33.33,21.67,27.5,0.0,6150.0,0.0
2024-05-26,36.67,25.0,30.84,1.78,6020.0,0.0
2024-05-27,34.44,25.0,29.72,0.76,7330.0,1.0
2024-05-28,28.89,17.78,23.34,26.16,13200.0,1.0
2024-05-29,30.56,21.11,25.84,0.0,15700.0,1.0
2024-05-30,26.11,19.44,22.78,54.61,10300.0,0.0
2024-05-31,30.0,18.89,24.44,13.72,18800.0,1.0
2024-06-01,26.11,20.56,23.34,26.92,16200.0,0.0
2024-06-02,30.0,20.0,25.0,34.29,11200.0,0.0
2024-06-03,29.44,21.11,25.28,4.83,15600.0,1.0
2024-06-04,33.33,20.56,26.94,1.27,10700.0,0.0
2024-06-05,33.33,20.0,26.66,39.37,13200.0,1.0
2024-06-06,35.56,20.56,28.06,0.0,10800.0,0.0
2024-06-07,34.44,23.89,29.16,0.0,4050.0,0.0
2024-06-08,35.56,26.11,30.84,0.0,2350.0,0.0
2024-06-09,33.89,25.0,29.44,0.0,1620.0,0.0
2024-06-10,29.44,25.0,27.22,0.0,1320.0,0.0
2024-06-11,28.89,22.78,25.84,3.81,2770.0,1.0
2024-06-12,31.67,23.33,27.5,0.0,4340.0,1.0
2024-06-13,33.89,23.89,28.89,0.0,5200.0,1.0
2024-06-14,35.0,24.44,29.72,0.0,5990.0,1.0
2024-06-15,33.89,23.89,28.89,0.0,6410.0,1.0
2024-06-16,33.89,25.0,29.44,0.0,6590.0,1.0
2024-06-17,34.44,25.56,30.0,0.0,6630.0,1.0
2024-06-18,33.33,24.44,28.88,0.0,6640.0,1.0
2024-06-19,30.0,23.89,26.94,0.0,6590.0,0.0
2024-06-20,32.78,25.56,29.17,0.0,6590.0,0.0
2024-06-21,33.89,25.56,29.72,0.0,6630.0,1.0
2024-06-22,35.0,26.67,30.84,0.0,6740.0,1.0
2024-06-23,36.11,27.22,31.66,0.0,7490.0,1.0
2024-06-24,36.11,27.78,31.94,0.0,6710.0,0.0
2024-06-25,35.56,27.78,31.67,0.0,7180.0,1.0
2024-06-26,36.11,28.33,32.22,0.0,7130.0,0.0
2024-06-27,35.56,27.22,31.39,0.0,7090.0,0.0
2024-06-28,37.78,27.22,32.5,0.0,7290.0,1.0
2024-06-29,36.11,27.78,31.94,0.0,7250.0,0.0
2024-06-30,37.22,28.33,32.78,0.0,7080.0,0.0
2024-07-01,37.22,28.89,33.06,0.0,7020.0,0.0
2024-07-02,38.33,27.78,33.06,0.0,6970.0,0.0
2024-07-03,37.22,28.33,32.78,0.0,6920.0,0.0
2024-07-04,37.22,27.78,32.5,0.0,5960.0,0.0
2024-07-05,32.22,23.33,27.78,19.81,6050.0,1.0
2024-07-06,35.0,22.22,28.61,0.0,6770.0,1.0
2024-07-07,36.11,26.67,31.39,0.0,5460.0,0.0
2024-07-08,29.44,23.89,26.66,4.57,6650.0,1.0
2024-07-09,35.0,21.67,28.34,0.0,5550.0,0.0
2024-07-10,36.11,25.56,30.84,0.0,6200.0,1.0
2024-07-11,36.11,25.56,30.84,0.0,5530.0,0.0
2024-07-12,35.56,26.11,30.84,0.0,5730.0,1.0
2024-07-13,35.0,25.56,30.28,0.0,6300.0,1.0
2024-07-14,37.22,25.0,31.11,0.0,5330.0,0.0
2024-07-15,37.78,26.11,31.94,0.0,5690.0,1.0
2024-07-16,37.78,28.33,33.06,0.0,5460.0,0.0
2024-07-17,31.67,26.67,29.17,5.84,5760.0,1.0
2024-07-18,32.78,24.44,28.61,0.0,5650.0,0.0
2024-07-19,33.33,23.89,28.61,0.0,5750.0,1.0
2024-07-20,35.0,22.78,28.89,0.0,5690.0,0.0
2024-07-21,30.56,23.0,26.78,10.67,6730.0,1.0
2024-07-22,31.11,23.89,27.5,2.79,7310.0,1.0
2024-07-23,30.0,23.33,26.66,0.51,6450.0,0.0
2024-07-24,32.78,23.33,28.06,2.54,6140.0,0.0
2024-07-25,32.22,24.44,28.33,0.0,5760.0,0.0
2024-07-26,30.0,23.33,26.66,0.0,5420.0,0.0
2024-07-27,33.33,23.89,28.61,0.0,5190.0,0.0
2024-07-28,33.33,23.89,28.61,0.0,5090.0,0.0
2024-07-29,36.11,26.0,31.06,0.0,5060.0,0.0
2024-07-30,36.11,26.11,31.11,0.0,5040.0,0.0
2024-07-31,36.11,27.22,31.66,0.0,4990.0,0.0
2024-08-01,38.89,25.56,32.22,0.0,4680.0,0.0
2024-08-02,39.44,27.22,33.33,0.0,3920.0,0.0
2024-08-03,37.78,23.89,30.84,22.35,4810.0,1.0
2024-08-04,36.67,27.22,31.94,0.0,4200.0,0.0
2024-08-05,36.11,26.11,31.11,0.0,3440.0,0.0
2024-08-06,40.0,27.22,33.61,0.0,3250.0,0.0
2024-08-07,38.33,28.89,33.61,0.0,3160.0,0.0
2024-08-08,38.89,28.33,33.61,0.0,3080.0,0.0
2024-08-09,32.78,26.11,29.44,2.03,2690.0,0.0
2024-08-10,35.56,25.56,30.56,0.0,1760.0,0.0
2024-08-11,35.0,27.78,31.39,0.0,1150.0,0.0
2024-08-12,36.67,26.11,31.39,0.0,1080.0,0.0
2024-08-13,37.22,27.22,32.22,0.0,755.0,0.0
2024-08-14,37.22,27.78,32.5,0.0,507.0,0.0
2024-08-15,37.22,27.78,32.5,0.0,403.0,0.0
2024-08-16,37.78,28.89,33.34,0.0,425.0,1.0
2024-08-17,38.33,27.78,33.06,0.0,422.0,0.0
2024-08-18,39.44,28.33,33.88,0.0,403.0,0.0
2024-08-19,41.11,28.33,34.72,0.0,415.0,1.0
2024-08-20,38.33,27.78,33.06,0.0,461.0,1.0
2024-08-21,36.11,25.56,30.84,0.0,540.0,1.0
2024-08-22,37.22,26.11,31.66,0.0,475.0,0.0
2024-08-23,38.33,27.78,33.06,0.0,451.0,0.0
2024-08-24,36.67,26.67,31.67,0.0,384.0,0.0
2024-08-25,35.56,27.22,31.39,0.0,378.0,0.0
2024-08-26,35.0,26.11,30.56,0.0,392.0,1.0
2024-08-27,35.0,25.56,30.28,0.0,384.0,0.0
2024-08-28,35.0,25.56,30.28,0.0,374.0,0.0
2024-08-29,32.78,25.56,29.17,0.0,432.0,1.0
2024-08-30,32.78,23.89,28.34,0.0,395.0,0.0
2024-08-31,34.44,24.44,29.44,0.0,394.0,0.0
2024-09-01,33.89,23.33,28.61,20.32,510.0,1.0
2024-09-02,32.22,24.44,28.33,0.0,893.0,1.0
2024-09-03,27.78,22.78,25.28,7.37,1220.0,1.0
2024-09-04,25.56,20.0,22.78,6.6,4430.0,1.0
2024-09-05,31.67,22.78,27.22,0.0,1620.0,0.0
2024-09-06,32.78,23.33,28.06,0.0,876.0,0.0
2024-09-07,30.0,21.67,25.84,0.0,696.0,0.0
2024-09-08,28.33,17.78,23.06,0.0,722.0,1.0
2024-09-09,30.0,16.11,23.06,0.0,586.0,0.0
2024-09-10,32.22,16.11,24.16,0.0,528.0,0.0
2024-09-11,27.78,21.67,24.72,0.0,502.0,0.0
2024-09-12,30.0,20.0,25.0,0.0,504.0,1.0
2024-09-13,34.44,20.56,27.5,0.0,475.0,0.0
2024-09-14,35.0,24.44,29.72,0.0,482.0,1.0
2024-09-15,33.89,23.89,28.89,0.0,473.0,0.0
2024-09-16,32.78,22.22,27.5,0.0,473.0,0.0
2024-09-17,32.22,22.0,27.11,0.0,465.0,0.0
2024-09-18,35.56,22.78,29.17,0.0,469.0,1.0
2024-09-19,36.67,25.56,31.12,0.0,448.0,0.0
2024-09-20,37.22,26.11,31.66,0.0,434.0,0.0
2024-09-21,35.56,26.11,30.84,0.0,477.0,1.0
2024-09-22,34.44,25.0,29.72,0.0,440.0,0.0
2024-09-23,27.22,20.56,23.89,14.99,957.0,1.0
2024-09-24,32.78,21.11,26.94,0.0,1410.0,1.0
2024-09-25,28.89,20.0,24.44,27.43,1740.0,1.0
2024-09-26,29.44,16.11,22.78,0.0,984.0,0.0
2024-09-27,30.0,17.22,23.61,0.0,574.0,0.0
2024-09-28,31.11,17.78,24.44,0.0,485.0,0.0
2024-09-29,31.67,18.33,25.0,0.0,474.0,0.0
2024-09-30,33.33,18.89,26.11,0.0,470.0,0.0
2024-10-01,33.33,20.0,26.66,0.0,455.0,0.0
2024-10-02,32.22,20.0,26.11,0.0,451.0,0.0
2024-10-03,32.78,21.11,26.94,0.0,445.0,0.0
2024-10-04,32.22,20.56,26.39,0.0,443.0,0.0
2024-10-05,32.22,19.44,25.83,0.0,430.0,0.0
2024-10-06,32.78,21.67,27.22,0.0,435.0,1.0
2024-10-07,32.78,20.0,26.39,0.0,445.0,1.0
2024-10-08,28.89,19.44,24.16,0.0,428.0,0.0
2024-10-09,30.0,17.78,23.89,0.0,415.0,0.0
2024-10-10,31.67,18.89,25.28,0.0,429.0,1.0
2024-10-11,32.22,18.89,25.56,0.0,422.0,0.0
2024-10-12,33.89,21.0,27.44,0.0,424.0,1.0
2024-10-13,36.11,20.0,28.06,0.0,409.0,0.0
2024-10-14,28.33,19.44,23.88,0.0,411.0,1.0
2024-10-15,34.44,17.22,25.83,0.0,416.0,1.0
2024-10-16,20.0,11.11,15.56,0.0,402.0,0.0
2024-10-17,21.67,8.89,15.28,0.0,401.0,0.0
2024-10-18,24.44,11.67,18.06,0.0,408.0,1.0
2024-10-19,25.56,15.0,20.28,0.0,397.0,0.0
2024-10-20,27.78,12.78,20.28,0.0,399.0,1.0
2024-10-21,28.33,15.0,21.66,0.0,419.0,1.0
2024-10-22,30.56,19.44,25.0,0.0,423.0,1.0
2024-10-23,32.22,19.44,25.83,0.0,431.0,1.0
2024-10-24,31.11,19.44,25.28,0.0,431.0,0.0
2024-10-25,31.11,20.56,25.84,0.0,424.0,0.0
2024-10-26,28.33,19.44,23.88,0.0,422.0,0.0
2024-10-27,29.44,17.22,23.33,0.0,419.0,0.0
2024-10-28,30.0,21.67,25.84,0.0,442.0,1.0
2024-10-29,29.44,22.78,26.11,0.0,434.0,0.0
2024-10-30,30.56,22.78,26.67,0.0,474.0,1.0
2024-10-31,25.56,15.56,20.56,10.41,634.0,1.0
2024-11-01,22.78,14.44,18.61,0.0,618.0,0.0
2024-11-02,25.0,19.44,22.22,1.02,535.0,0.0
2024-11-03,27.78,20.56,24.17,8.38,654.0,1.0
2024-11-04,26.11,17.22,21.66,65.02,2170.0,1.0
2024-11-05,20.0,11.67,15.84,0.76,4110.0,1.0
2024-11-06,22.78,10.0,16.39,0.0,1680.0,0.0
2024-11-07,21.11,13.89,17.5,0.0,770.0,0.0
2024-11-08,21.67,16.11,18.89,8.64,761.0,0.0
2024-11-09,22.22,10.56,16.39,0.0,1080.0,1.0
2024-11-10,26.67,10.56,18.62,0.0,777.0,0.0
2024-11-11,25.0,11.11,18.06,0.0,619.0,0.0
2024-11-12,23.33,11.67,17.5,0.0,549.0,0.0
2024-11-13,25.0,13.33,19.16,0.0,637.0,1.0
2024-11-14,21.67,9.44,15.56,0.0,625.0,0.0
2024-11-15,21.67,8.89,15.28,0.0,561.0,0.0
2024-11-16,23.89,10.0,16.94,0.0,527.0,0.0
2024-11-17,24.44,17.78,21.11,15.49,605.0,1.0
2024-11-18,23.33,15.56,19.44,4.57,1080.0,1.0
2024-11-19,23.89,10.0,16.94,0.0,2260.0,1.0
2024-11-20,17.78,8.33,13.06,0.0,926.0,0.0
2024-11-21,21.11,4.44,12.78,0.0,624.0,0.0
2024-11-22,19.44,5.56,12.5,0.0,564.0,0.0
2024-11-23,23.33,8.33,15.83,0.0,528.0,0.0
2024-11-24,26.11,13.89,20.0,0.0,487.0,0.0
2024-11-25,20.56,7.78,14.17,0.0,485.0,0.0
2024-11-26,15.56,2.78,9.17,0.0,451.0,0.0
2024-11-27,26.11,12.22,19.16,0.0,439.0,0.0
2024-11-28,11.11,6.11,8.61,0.0,412.0,0.0
2024-11-29,12.22,2.22,7.22,0.0,387.0,0.0
2024-11-30,15.0,3.89,9.44,0.0,380.0,0.0
2024-12-01,17.22,2.78,10.0,0.0,389.0,1.0
2024-12-02,18.33,2.78,10.56,0.0,409.0,1.0
2024-12-03,16.11,3.33,9.72,0.0,399.0,0.0
2024-12-04,12.0,10.0,11.0,11.68,685.0,1.0
2024-12-05,13.89,3.33,8.61,0.0,641.0,0.0
2024-12-06,10.56,0.56,5.56,0.25,548.0,0.0
2024-12-07,8.33,5.56,6.94,20.32,837.0,1.0
2024-12-08,13.89,6.67,10.28,1.02,3340.0,1.0
2024-12-09,22.22,9.44,15.83,0.0,1790.0,0.0
2024-12-10,11.11,3.89,7.5,0.0,858.0,0.0
2024-12-11,16.11,1.67,8.89,0.0,563.0,0.0
2024-12-12,16.11,6.11,11.11,0.0,491.0,0.0
2024-12-13,14.44,11.11,12.77,0.76,473.0,0.0
2024-12-14,22.78,10.56,16.67,1.78,484.0,1.0
2024-12-15,24.44,11.67,18.06,0.25,514.0,1.0
2024-12-16,25.0,15.56,20.28,13.97,917.0,1.0
2024-12-17,23.33,11.67,17.5,0.0,3750.0,1.0
2024-12-18,20.0,6.11,13.06,1.27,1180.0,0.0
2024-12-19,16.67,3.33,10.0,0.0,650.0,0.0
2024-12-20,14.44,4.44,9.44,0.0,531.0,0.0
2024-12-21,11.67,1.11,6.39,0.0,501.0,0.0
2024-12-22,16.11,5.0,10.56,0.0,459.0,0.0
2024-12-23,20.0,12.22,16.11,0.0,456.0,0.0
2024-12-24,19.0,11.11,15.06,55.12,2570.0,1.0
2024-12-25,12.78,10.56,11.67,0.0,5150.0,1.0
2024-12-26,15.56,11.67,13.62,32.51,4470.0,0.0
2024-12-27,22.22,8.33,15.27,0.0,6260.0,1.0
2024-12-28,17.78,11.11,14.44,11.18,2910.0,0.0
2024-12-29,18.89,8.89,13.89,0.0,2330.0,0.0
2024-12-30,27.22,11.11,19.16,0.0,1060.0,0.0
2024-12-31,14.44,7.78,11.11,0.0,748.0,0.0
2025-01-01,11.11,3.33,7.22,0.0,588.0,0.0
2025-01-02,15.0,3.33,9.16,0.0,559.0,0.0
2025-01-03,17.78,5.56,11.67,0.0,521.0,0.0
2025-01-04,19.44,12.78,16.11,0.0,574.0,1.0
2025-01-05,20.0,-3.89,8.06,0.0,617.0,1.0
2025-01-06,4.44,-6.11,-0.84,0.0,591.0,0.0
2025-01-07,4.44,-3.89,0.28,0.0,586.0,0.0
2025-01-08,3.89,-2.78,0.56,0.0,543.0,0.0
2025-01-09,2.78,0.0,1.39,44.45,1310.0,1.0
2025-01-10,3.33,-1.0,1.16,1.27,5840.0,1.0
2025-01-11,12.22,-3.33,4.44,0.0,3820.0,0.0
2025-01-12,11.11,2.78,6.94,0.0,1920.0,0.0
2025-01-13,10.56,-1.11,4.73,0.0,1300.0,0.0
2025-01-14,12.78,-1.11,5.84,0.0,954.0,0.0
2025-01-15,15.56,0.56,8.06,0.0,735.0,0.0
2025-01-16,17.22,0.56,8.89,0.0,681.0,0.0
2025-01-17,16.67,8.33,12.5,0.0,589.0,0.0
2025-01-18,13.89,-1.67,6.11,0.0,524.0,0.0
2025-01-19,1.67,-5.56,-1.94,0.0,538.0,1.0
2025-01-20,0.56,-5.56,-2.5,0.0,550.0,1.0
2025-01-21,0.0,-5.56,-2.78,0.0,529.0,0.0
2025-01-22,10.56,-3.89,3.34,0.0,573.0,1.0
2025-01-23,10.0,-2.78,3.61,0.0,847.0,1.0
2025-01-24,13.89,-3.33,5.28,0.0,1170.0,1.0
2025-01-25,12.78,2.78,7.78,0.0,580.0,0.0
2025-01-26,10.0,5.56,7.78,0.25,482.0,0.0
2025-01-27,11.67,-0.56,5.56,0.0,553.0,1.0
2025-01-28,14.44,8.89,11.66,0.0,565.0,1.0
2025-01-29,16.11,11.0,13.56,60.96,1140.0,1.0
2025-01-30,20.0,13.33,16.66,43.94,22300.0,1.0
2025-01-31,18.89,8.89,13.89,0.0,17700.0,0.0
2025-02-01,21.11,3.89,12.5,0.0,4540.0,0.0
2025-02-02,25.0,9.44,17.22,0.0,1860.0,0.0
2025-02-03,27.22,14.44,20.83,0.0,1870.0,1.0
2025-02-04,19.44,10.0,14.72,0.0,1880.0,1.0
2025-02-05,23.33,8.89,16.11,0.25,1710.0,0.0
2025-02-06,28.33,12.78,20.56,0.0,1700.0,0.0
2025-02-07,25.0,10.56,17.78,0.0,1140.0,0.0
2025-02-08,30.0,10.0,20.0,0.0,1250.0,1.0
2025-02-09,10.0,6.67,8.34,0.0,1510.0,1.0
2025-02-10,6.67,4.44,5.56,6.35,1330.0,0.0
2025-02-11,7.78,5.56,6.67,10.41,3560.0,1.0
2025-02-12,7.22,-1.11,3.06,27.18,8070.0,1.0
2025-02-13,3.33,-5.0,-0.84,0.0,6270.0,0.0
2025-02-14,11.67,2.78,7.22,0.0,2730.0,0.0
2025-02-15,22.22,2.22,12.22,0.25,1780.0,0.0
2025-02-16,7.78,-1.11,3.34,0.0,1940.0,1.0
2025-02-17,12.78,0.0,6.39,0.0,2470.0,1.0
2025-02-18,11.11,-7.22,1.94,0.51,1030.0,0.0
2025-02-19,,,,0.0,1180.0,1.0
2025-02-20,0.0,-10.56,-5.28,0.0,1620.0,1.0
2025-02-21,0.56,-5.0,-2.22,0.0,1230.0,0.0
2025-02-22,10.56,-2.22,4.17,0.0,763.0,0.0
2025-02-23,16.67,4.44,10.56,4.06,930.0,1.0
2025-02-24,21.11,5.0,13.06,0.0,860.0,0.0
2025-02-25,25.0,9.44,17.22,0.0,778.0,0.0
2025-02-26,26.67,13.89,20.28,0.0,1660.0,1.0
2025-02-27,21.67,10.0,15.84,4.83,1100.0,0.0
2025-02-28,23.33,6.11,14.72,0.0,897.0,0.0
2025-03-01,26.11,9.44,17.77,0.0,732.0,0.0
2025-03-02,24.44,12.78,18.61,8.13,794.0,1.0
2025-03-03,20.56,12.22,16.39,0.0,1580.0,1.0
2025-03-04,21.67,9.44,15.56,15.49,3010.0,1.0
2025-03-05,16.67,6.11,11.39,0.0,3660.0,1.0
2025-03-06,18.33,6.11,12.22,0.0,1510.0,0.0
2025-03-07,27.22,13.89,20.56,0.0,1020.0,0.0
2025-03-08,17.22,6.67,11.94,6.6,1020.0,0.0
2025-03-09,13.89,6.11,10.0,1.52,1220.0,1.0
2025-03-10,22.78,3.89,13.34,0.0,1450.0,1.0
2025-03-11,26.67,10.56,18.62,0.0,1560.0,1.0
2025-03-12,28.33,16.11,22.22,0.0,789.0,0.0
2025-03-13,30.0,12.22,21.11,0.0,676.0,0.0
2025-03-14,30.56,17.78,24.17,0.0,736.0,1.0
2025-03-15,21.67,11.67,16.67,0.0,691.0,0.0
2025-03-16,21.11,6.11,13.61,0.0,596.0,0.0
2025-03-17,27.78,12.78,20.28,0.0,546.0,0.0
2025-03-18,27.22,15.0,21.11,0.0,693.0,1.0
2025-03-19,20.56,10.0,15.28,0.0,846.0,1.0
2025-03-20,17.78,5.56,11.67,0.0,561.0,0.0
2025-03-21,24.44,8.89,16.66,0.0,503.0,0.0
2025-03-22,26.67,12.78,19.73,0.0,543.0,1.0
2025-03-23,27.78,18.33,23.06,0.0,1220.0,1.0
2025-03-24,27.22,10.0,18.61,0.0,707.0,0.0
2025-03-25,31.11,15.0,23.06,0.0,600.0,0.0
2025-03-26,27.22,19.44,23.33,0.0,634.0,1.0
2025-03-27,25.56,16.11,20.84,2.03,558.0,0.0
2025-03-28,22.22,16.11,19.16,5.84,993.0,1.0
2025-03-29,27.78,17.78,22.78,0.76,1210.0,1.0
2025-03-30,27.78,15.56,21.67,0.0,950.0,0.0
2025-03-31,22.22,10.56,16.39,0.0,1210.0,1.0
2025-04-01,26.11,13.89,20.0,0.0,887.0,0.0
2025-04-02,26.11,17.78,21.94,2.03,664.0,0.0
2025-04-03,21.11,13.33,17.22,4.32,649.0,0.0
2025-04-04,15.56,13.89,14.73,2.29,774.0,1.0
2025-04-05,13.89,8.89,11.39,50.29,6790.0,1.0
2025-04-06,8.33,5.0,6.66,0.51,7250.0,1.0
2025-04-07,18.89,2.78,10.84,0.0,2400.0,0.0
2025-04-08,23.89,6.67,15.28,0.0,1110.0,0.0
2025-04-09,27.78,12.78,20.28,0.0,984.0,0.0
2025-04-10,28.89,15.0,21.94,0.0,854.0,0.0
2025-04-11,27.22,12.22,19.72,0.0,759.0,0.0
2025-04-12,28.33,15.0,21.66,0.0,697.0,0.0
2025-04-13,32.78,17.78,25.28,0.0,622.0,0.0
2025-04-14,30.0,18.33,24.16,0.0,783.0,1.0
2025-04-15,23.33,15.56,19.44,0.0,1150.0,1.0
2025-04-16,27.22,15.0,21.11,0.0,608.0,0.0
2025-04-17,28.33,18.89,23.61,0.0,501.0,0.0
2025-04-18,30.0,20.56,25.28,0.0,480.0,0.0
2025-04-19,25.0,18.33,21.66,3.3,744.0,1.0
2025-04-20,25.56,15.56,20.56,8.89,1920.0,1.0
2025-04-21,27.22,12.22,19.72,0.0,2210.0,1.0
2025-04-22,30.0,17.22,23.61,0.0,843.0,0.0
2025-04-23,27.22,17.22,22.22,28.45,3870.0,1.0
2025-04-24,21.11,17.78,19.44,18.03,5420.0,1.0
2025-04-25,26.67,16.67,21.67,0.0,5730.0,1.0
2025-04-26,28.33,21.11,24.72,0.0,2670.0,0.0
2025-04-27,27.22,20.56,23.89,0.0,1340.0,0.0
2025-04-28,27.22,22.22,24.72,0.0,1120.0,0.0
2025-04-29,28.33,22.22,25.28,0.0,1190.0,1.0
2025-04-30,23.33,15.0,19.16,67.31,7690.0,1.0
2025-05-01,25.0,16.11,20.56,0.0,19600.0,1.0
2025-05-02,21.67,16.11,18.89,14.73,8270.0,0.0
2025-05-03,22.78,11.67,17.23,0.0,8660.0,1.0
2025-05-04,25.0,11.11,18.06,0.0,9620.0,1.0
2025-05-05,21.11,15.0,18.06,6.1,10200.0,1.0
2025-05-06,20.0,15.56,17.78,17.53,13600.0,1.0
2025-05-07,25.56,15.56,20.56,0.0,18300.0,1.0
2025-05-08,25.0,16.67,20.84,0.0,15900.0,0.0
2025-05-09,25.0,16.11,20.56,0.0,11600.0,0.0
2025-05-10,26.11,16.11,21.11,0.0,9610.0,0.0
2025-05-11,25.0,12.78,18.89,0.0,7680.0,0.0
2025-05-12,28.33,15.56,21.94,0.0,5360.0,0.0
2025-05-13,33.89,19.44,26.66,0.0,5730.0,1.0
2025-05-14,34.44,25.0,29.72,0.0,6710.0,1.0
2025-05-15,32.22,23.89,28.06,0.0,7450.0,1.0
2025-05-16,30.56,23.89,27.22,2.03,7710.0,1.0
2025-05-17,32.22,23.33,27.78,0.25,7580.0,0.0
2025-05-18,30.0,23.33,26.66,0.0,7640.0,1.0
2025-05-19,29.44,23.89,26.66,0.51,7530.0,0.0
2025-05-20,28.89,19.44,24.16,3.05,6790.0,0.0
2025-05-21,31.67,16.11,23.89,0.0,7280.0,1.0
2025-05-22,31.11,21.67,26.39,0.0,7140.0,0.0
2025-05-23,33.89,22.78,28.34,0.0,6780.0,0.0
2025-05-24,33.33,25.0,29.16,0.0,6950.0,1.0
2025-05-25,35.0,25.0,30.0,0.0,5740.0,0.0
2025-05-26,28.33,18.33,23.33,41.15,12000.0,1.0
2025-05-27,28.89,19.44,24.16,0.0,13000.0,1.0
2025-05-28,26.11,20.56,23.34,0.0,5230.0,0.0
2025-05-29,31.11,20.0,25.56,0.0,6880.0,1.0
2025-05-30,28.33,18.33,23.33,1.52,8670.0,1.0
2025-05-31,30.56,19.44,25.0,0.0,8720.0,1.0
2025-06-01,31.11,22.78,26.94,0.0,7810.0,0.0
2025-06-02,33.89,23.33,28.61,0.0,7920.0,1.0
2025-06-03,31.67,23.33,27.5,3.05,7200.0,0.0
2025-06-04,27.22,19.44,23.33,0.25,8080.0,1.0
2025-06-05,32.22,22.78,27.5,0.0,7960.0,0.0
2025-06-06,33.33,26.11,29.72,0.0,4710.0,0.0
2025-06-07,33.89,26.11,30.0,0.0,5290.0,1.0
2025-06-08,34.44,20.56,27.5,48.26,4810.0,0.0
2025-06-09,32.22,21.11,26.66,6.6,13000.0,1.0
2025-06-10,27.22,23.89,25.56,0.0,8280.0,0.0
2025-06-11,24.44,21.67,23.06,7.37,6160.0,0.0
2025-06-12,27.22,21.11,24.16,11.18,6080.0,0.0
2025-06-13,32.78,21.67,27.22,0.0,4170.0,0.0
2025-06-14,33.89,23.33,28.61,0.0,1970.0,0.0
2025-06-15,28.33,22.22,25.28,1.52,1460.0,0.0
2025-06-16,35.0,22.78,28.89,0.0,1350.0,0.0
2025-06-17,33.33,25.0,29.16,0.0,1990.0,1.0
2025-06-18,33.33,26.11,29.72,0.0,3530.0,1.0
2025-06-19,34.44,26.11,30.28,0.0,5840.0,1.0
2025-06-20,34.44,26.11,30.28,0.0,6050.0,1.0
2025-06-21,33.89,25.56,29.72,0.0,6710.0,1.0
2025-06-22,33.89,25.0,29.44,0.0,6680.0,0.0
2025-06-23,33.89,25.56,29.72,0.0,6490.0,0.0
2025-06-24,33.89,25.0,29.44,0.0,5910.0,0.0
2025-06-25,32.22,23.89,28.06,0.25,6190.0,1.0
2025-06-26,32.78,23.89,28.34,0.0,6200.0,1.0
2025-06-27,33.33,23.89,28.61,0.0,4340.0,0.0
2025-06-28,33.89,26.11,30.0,0.0,3600.0,0.0
2025-06-29,34.44,26.11,30.28,0.0,3210.0,0.0
2025-06-30,34.44,25.0,29.72,0.0,3520.0,1.0
2025-07-01,34.44,23.89,29.16,0.0,2620.0,0.0
2025-07-02,32.78,26.67,29.72,3.05,2030.0,0.0
2025-07-03,30.0,25.0,27.5,0.0,2010.0,0.0
2025-07-04,31.67,23.89,27.78,0.76,2670.0,1.0
2025-07-05,31.11,23.33,27.22,4.57,2430.0,0.0
2025-07-06,30.56,23.33,26.94,0.0,2050.0,0.0
2025-07-07,31.67,23.89,27.78,3.81,2860.0,1.0
2025-07-08,35.0,22.78,28.89,17.78,3850.0,1.0
2025-07-09,34.44,22.78,28.61,0.51,5490.0,1.0
2025-07-10,34.44,23.33,28.88,0.0,4120.0,0.0
2025-07-11,33.33,25.0,29.16,0.0,2560.0,0.0
2025-07-12,33.33,23.89,28.61,9.14,1520.0,0.0
2025-07-13,31.67,23.33,27.5,0.0,4830.0,1.0
2025-07-14,32.22,22.22,27.22,11.43,3220.0,0.0
2025-07-15,34.44,25.56,30.0,0.0,2790.0,0.0
2025-07-16,33.89,25.0,29.44,0.0,2470.0,0.0
2025-07-17,34.44,25.0,29.72,0.0,1520.0,0.0
2025-07-18,35.56,25.56,30.56,0.0,1410.0,0.0
2025-07-19,34.44,25.56,30.0,0.0,946.0,0.0
2025-07-20,34.44,26.67,30.56,0.0,728.0,0.0
2025-07-21,35.56,25.56,30.56,0.0,927.0,1.0
2025-07-22,35.0,25.0,30.0,0.0,1480.0,1.0
2025-07-23,35.56,25.56,30.56,0.0,573.0,0.0
2025-07-24,36.11,26.67,31.39,0.0,506.0,0.0
2025-07-25,36.67,26.11,31.39,0.0,446.0,0.0
2025-07-26,33.89,26.67,30.28,14.48,456.0,1.0
2025-07-27,34.44,26.11,30.28,0.0,471.0,1.0
2025-07-28,35.56,26.11,30.84,0.0,477.0,1.0
2025-07-29,36.67,27.78,32.22,0.0,475.0,0.0
2025-07-30,38.33,27.22,32.78,0.0,446.0,0.0
2025-07-31,39.44,26.11,32.78,0.0,431.0,0.0
2025-08-01,35.56,26.67,31.12,0.0,419.0,0.0
2025-08-02,34.44,25.0,29.72,0.0,411.0,0.0
2025-08-03,32.78,23.89,28.34,8.38,621.0,1.0
2025-08-04,31.67,20.56,26.12,15.75,2470.0,1.0
2025-08-05,33.33,23.89,28.61,0.0,2360.0,0.0
2025-08-06,35.0,25.56,30.28,0.0,767.0,0.0
2025-08-07,35.56,26.67,31.12,0.0,541.0,0.0
2025-08-08,36.67,27.22,31.94,0.0,463.0,0.0
2025-08-09,36.11,27.22,31.66,0.0,437.0,0.0
2025-08-10,35.0,26.11,30.56,0.0,422.0,0.0
2025-08-11,35.56,26.11,30.84,0.0,426.0,1.0
2025-08-12,32.78,26.67,29.72,0.0,433.0,1.0
2025-08-13,33.33,25.56,29.44,0.0,403.0,0.0
2025-08-14,36.11,26.11,31.11,0.0,404.0,1.0
2025-08-15,36.11,26.67,31.39,0.0,445.0,1.0
2025-08-16,35.0,26.67,30.84,0.0,376.0,0.0
2025-08-17,35.0,26.67,30.84,0.0,439.0,1.0
2025-08-18,37.22,27.22,32.22,0.0,399.0,0.0
2025-08-19,38.89,28.33,33.61,0.0,361.0,0.0
2025-08-20,33.89,22.78,28.34,9.65,721.0,1.0
2025-08-21,36.11,25.56,30.84,0.0,1410.0,1.0
2025-08-22,35.56,27.22,31.39,0.0,777.0,0.0
2025-08-23,36.11,25.56,30.84,0.0,883.0,1.0
2025-08-24,36.11,23.89,30.0,0.0,576.0,0.0
2025-08-25,36.11,26.67,31.39,0.0,480.0,0.0
2025-08-26,31.11,23.33,27.22,0.0,411.0,0.0
2025-08-27,33.33,21.67,27.5,0.0,397.0,0.0
2025-08-28,37.22,23.89,30.56,9.4,392.0,0.0
2025-08-29,27.78,21.67,24.72,0.25,819.0,1.0
2025-08-30,25.56,22.22,23.89,32.0,2720.0,1.0
2025-08-31,30.0,23.33,26.66,35.56,3330.0,1.0
2025-09-01,32.22,23.33,27.78,0.0,7210.0,1.0
2025-09-02,33.33,22.22,27.78,0.0,3200.0,0.0
2025-09-03,31.67,22.22,26.94,0.0,1100.0,0.0
2025-09-04,38.33,22.22,30.28,0.0,698.0,0.0
2025-09-05,36.67,21.0,28.84,36.32,678.0,0.0
2025-09-06,26.11,17.78,21.94,2.03,2530.0,1.0
2025-09-07,27.78,20.56,24.17,0.0,1380.0,0.0
2025-09-08,28.33,18.33,23.33,0.0,772.0,0.0
2025-09-09,30.0,17.78,23.89,0.0,555.0,0.0
2025-09-10,32.22,19.44,25.83,0.0,488.0,0.0
2025-09-11,33.89,21.11,27.5,0.0,453.0,0.0
2025-09-12,34.44,25.0,29.72,0.0,355.0,0.0
2025-09-13,33.89,25.0,29.44,0.0,381.0,1.0
2025-09-14,33.89,23.89,28.89,0.0,429.0,1.0
2025-09-15,34.44,24.44,29.44,0.0,433.0,1.0
2025-09-16,35.0,24.44,29.72,0.0,407.0,0.0
2025-09-17,35.0,24.44,29.72,0.0,365.0,0.0
2025-09-18,35.0,24.44,29.72,0.0,382.0,1.0
2025-09-19,32.78,24.44,28.61,0.0,396.0,1.0
2025-09-20,33.89,23.89,28.89,0.0,367.0,0.0
2025-09-21,33.89,24.44,29.16,0.25,362.0,0.0
2025-09-22,33.89,24.44,29.16,0.25,549.0,1.0
2025-09-23,35.0,25.0,30.0,0.0,995.0,1.0
2025-09-24,28.89,21.67,25.28,3.3,617.0,0.0
2025-09-25,30.0,20.0,25.0,0.0,502.0,0.0
2025-09-26,31.67,20.0,25.84,0.0,452.0,0.0
2025-09-27,31.67,19.44,25.56,0.0,405.0,0.0
2025-09-28,30.56,18.89,24.72,0.0,375.0,0.0
2025-09-29,30.0,19.44,24.72,0.0,387.0,1.0
2025-09-30,31.67,22.22,26.94,0.0,372.0,0.0
2025-10-01,32.22,20.56,26.39,0.0,371.0,0.0
2025-10-02,32.22,20.56,26.39,0.0,359.0,0.0
2025-10-03,32.22,22.22,27.22,0.0,348.0,0.0
2025-10-04,31.11,20.0,25.56,0.0,348.0,0.0
2025-10-05,31.11,20.56,25.84,0.0,344.0,0.0
2025-10-06,32.78,21.67,27.22,0.0,358.0,1.0
2025-10-07,33.33,22.22,27.78,0.0,345.0,0.0
2025-10-08,32.22,21.11,26.66,0.0,331.0,0.0
2025-10-09,30.56,21.11,25.84,0.0,336.0,1.0
2025-10-10,30.56,18.89,24.72,0.0,329.0,0.0
2025-10-11,31.67,17.78,24.72,0.0,325.0,0.0
2025-10-12,32.22,21.11,26.66,0.0,322.0,0.0
2025-10-13,31.11,20.56,25.84,0.0,330.0,1.0
2025-10-14,31.11,20.56,25.84,0.0,338.0,1.0
2025-10-15,30.0,19.44,24.72,0.0,320.0,0.0
2025-10-16,28.33,18.33,23.33,0.0,310.0,0.0
2025-10-17,30.56,21.11,25.84,0.0,320.0,1.0
2025-10-18,26.67,19.44,23.06,6.35,425.0,1.0
2025-10-19,23.89,15.0,19.44,0.0,438.0,1.0
2025-10-20,32.22,14.44,23.33,0.0,373.0,0.0
2025-10-21,27.78,18.33,23.06,0.0,360.0,0.0
2025-10-22,27.22,11.11,19.16,0.0,344.0,0.0
2025-10-23,26.67,16.11,21.39,0.0,341.0,0.0
2025-10-24,26.11,17.0,21.56,52.07,1780.0,1.0
2025-10-25,24.44,15.56,20.0,19.05,9490.0,1.0
2025-10-26,21.67,15.56,18.62,0.0,6180.0,0.0
2025-10-27,26.11,16.11,21.11,0.0,1590.0,0.0
2025-10-28,25.56,14.44,20.0,0.0,905.0,0.0
2025-10-29,18.89,10.56,14.73,0.0,655.0,0.0
2025-10-30,19.44,6.67,13.06,0.0,517.0,0.0
2025-10-31,21.67,7.22,14.44,0.0,466.0,0.0
2025-11-01,21.11,12.22,16.66,1.02,443.0,0.0
2025-11-02,21.67,8.89,15.28,0.0,449.0,1.0
2025-11-03,25.0,11.11,18.06,0.0,384.0,0.0
2025-11-04,24.44,12.78,18.61,0.0,409.0,1.0
2025-11-05,27.22,13.89,20.56,0.0,473.0,1.0
2025-11-06,28.33,16.11,22.22,0.0,474.0,1.0
2025-11-07,26.67,16.67,21.67,0.0,394.0,0.0
2025-11-08,27.22,12.22,19.72,0.0,375.0,0.0
2025-11-09,16.11,6.67,11.39,0.0,358.0,0.0
2025-11-10,12.78,2.22,7.5,0.0,372.0,1.0
2025-11-11,21.67,7.22,14.44,0.0,357.0,0.0
2025-11-12,25.0,11.11,18.06,0.0,363.0,1.0
2025-11-13,26.67,15.56,21.12,0.0,363.0,0.0
2025-11-14,27.22,17.22,22.22,0.0,366.0,1.0
2025-11-15,31.11,18.89,25.0,0.0,365.0,0.0
2025-11-16,27.22,15.0,21.11,0.0,368.0,1.0
2025-11-17,30.0,19.44,24.72,0.0,379.0,1.0
2025-11-18,30.56,22.22,26.39,0.0,354.0,0.0
2025-11-19,28.33,20.56,24.44,0.0,420.0,1.0
2025-11-20,23.33,17.78,20.56,52.58,7170.0,1.0
2025-11-21,26.11,15.0,20.56,0.0,15200.0,1.0
2025-11-22,18.89,10.56,14.73,0.0,4250.0,0.0
2025-11-23,20.56,8.33,14.44,0.51,1430.0,0.0
2025-11-24,17.22,14.44,15.83,37.08,5840.0,1.0
2025-11-25,21.11,12.22,16.66,0.0,7330.0,1.0
2025-11-26,15.0,6.67,10.84,0.0,2470.0,0.0
2025-11-27,16.67,7.78,12.23,0.0,2060.0,0.0
2025-11-28,16.67,6.11,11.39,6.6,1780.0,0.0
2025-11-29,19.44,7.22,13.33,6.35,2080.0,1.0
2025-11-30,6.11,1.11,3.61,0.0,2620.0,1.0
2025-12-01,4.44,2.78,3.61,0.25,1950.0,0.0
2025-12-02,10.0,-1.67,4.16,0.0,1780.0,0.0
2025-12-03,14.44,3.89,9.16,0.0,1370.0,0.0
2025-12-04,7.78,4.44,6.11,0.0,996.0,0.0
2025-12-05,11.67,3.89,7.78,0.0,886.0,0.0
2025-12-06,11.67,5.0,8.34,0.0,791.0,0.0
2025-12-07,12.22,2.78,7.5,0.0,748.0,0.0
2025-12-08,11.67,0.0,5.84,0.0,719.0,0.0
2025-12-09,18.33,3.89,11.11,0.0,688.0,0.0
2025-12-10,18.33,5.56,11.94,0.0,671.0,0.0
2025-12-11,18.89,3.33,11.11,0.0,634.0,0.0
2025-12-12,20.56,7.22,13.89,0.0,547.0,0.0
2025-12-13,15.56,5.56,10.56,0.0,511.0,0.0
2025-12-14,6.67,-1.11,2.78,0.0,499.0,0.0
2025-12-15,11.11,-1.11,5.0,0.0,519.0,1.0
2025-12-16,16.11,6.11,11.11,0.0,575.0,1.0
2025-12-17,17.78,12.78,15.28,0.51,561.0,0.0
2025-12-18,21.11,9.44,15.27,0.0,575.0,1.0
2025-12-19,17.78,2.78,10.28,0.0,530.0,0.0
2025-12-20,27.22,11.11,19.16,0.0,524.0,0.0
2025-12-21,16.67,13.89,15.28,0.0,528.0,1.0
2025-12-22,23.33,13.89,18.61,0.0,528.0,0.0
2025-12-23,26.67,18.89,22.78,0.0,501.0,0.0
2025-12-24,25.56,17.22,21.39,0.0,457.0,0.0
2025-12-25,26.11,16.11,21.11,0.0,422.0,0.0
2025-12-26,30.0,18.33,24.16,0.0,389.0,0.0
2025-12-27,26.67,18.33,22.5,0.0,413.0,1.0
2025-12-28,28.89,5.0,16.94,0.0,418.0,1.0
2025-12-29,6.11,-1.11,2.5,0.0,399.0,0.0
2025-12-30,11.67,-1.11,5.28,0.0,414.0,1.0
2025-12-31,19.44,3.89,11.66,0.0,436.0,1.0
2026-01-01,22.22,5.56,13.89,0.0,412.0,0.0
2026-01-02,25.0,13.33,19.16,0.0,471.0,1.0
2026-01-03,17.78,8.89,13.34,0.0,566.0,1.0
2026-01-04,17.22,4.44,10.83,0.0,543.0,0.0
2026-01-05,21.11,10.0,15.56,0.0,528.0,0.0
2026-01-06,25.56,9.44,17.5,0.0,444.0,0.0
2026-01-07,27.22,7.22,17.22,0.0,423.0,0.0
2026-01-08,26.67,13.89,20.28,0.0,406.0,0.0
2026-01-09,21.11,9.44,15.27,6.1,623.0,1.0
2026-01-10,12.78,2.22,7.5,0.0,535.0,0.0
2026-01-11,16.67,1.11,8.89,0.0,409.0,0.0
2026-01-12,19.44,2.22,10.83,0.0,411.0,1.0
2026-01-13,18.89,5.0,11.94,0.0,433.0,1.0
2026-01-14,16.67,6.67,11.67,0.0,489.0,1.0
2026-01-15,15.0,-0.56,7.22,0.0,447.0,0.0
2026-01-16,15.0,5.0,10.0,0.0,461.0,1.0
2026-01-17,6.67,-0.56,3.06,0.0,421.0,0.0
2026-01-18,16.67,-4.44,6.12,0.0,544.0,1.0
2026-01-19,12.22,1.67,6.94,0.0,530.0,0.0
2026-01-20,12.22,-0.56,5.83,0.0,497.0,0.0
2026-01-21,18.89,10.56,14.73,0.25,421.0,0.0
2026-01-22,11.67,6.11,8.89,0.0,400.0,0.0
2026-01-23,11.67,0.56,6.12,14.48,623.0,1.0
2026-01-24,0.56,-7.78,-3.61,22.35,1430.0,1.0
2026-01-25,,,,2.54,1340.0,0.0
2026-01-26,0.56,-10.0,-4.72,0.0,898.0,0.0
2026-01-27,5.0,-4.44,0.28,0.0,775.0,0.0
2026-01-28,9.44,-5.0,2.22,0.0,1040.0,1.0
2026-01-29,15.56,1.67,8.62,0.0,1930.0,1.0
2026-01-30,9.44,-2.22,3.61,0.0,1420.0,0.0
2026-01-31,1.11,-7.22,-3.06,0.0,927.0,0.0
2026-02-01,10.56,-3.89,3.34,0.0,702.0,0.0
2026-02-02,21.11,0.56,10.84,0.0,621.0,0.0
2026-02-03,20.0,9.44,14.72,0.0,540.0,0.0
2026-02-04,13.33,3.33,8.33,0.0,518.0,0.0
2026-02-05,21.67,2.22,11.94,0.0,504.0,0.0
2026-02-06,28.89,5.56,17.23,0.0,546.0,1.0
2026-02-07,23.33,10.0,16.66,0.0,485.0,0.0
2026-02-08,26.67,12.22,19.44,0.0,477.0,0.0
2026-02-09,28.89,10.0,19.44,0.0,482.0,1.0
2026-02-10,23.33,12.22,17.77,0.0,473.0,0.0
2026-02-11,18.89,8.33,13.61,0.0,459.0,0.0
2026-02-12,23.89,8.89,16.39,0.0,601.0,1.0
2026-02-13,25.0,13.33,19.16,0.0,649.0,1.0
2026-02-14,20.56,15.56,18.06,42.42,3230.0,1.0
2026-02-15,21.11,12.22,16.66,0.0,7710.0,1.0
2026-02-16,21.67,7.78,14.73,0.0,2170.0,0.0
2026-02-17,25.0,13.33,19.16,0.0,969.0,0.0
2026-02-18,25.0,13.89,19.44,0.0,673.0,0.0
2026-02-19,26.11,13.33,19.72,0.0,615.0,0.0
2026-02-20,16.11,6.11,11.11,0.0,593.0,0.0
2026-02-21,16.67,6.67,11.67,0.0,546.0,0.0
2026-02-22,14.44,3.89,9.16,0.0,599.0,1.0
2026-02-23,16.11,1.11,8.61,0.0,584.0,0.0
2026-02-24,22.22,7.22,14.72,0.0,530.0,0.0
2026-02-25,27.22,13.89,20.56,0.0,555.0,1.0
2026-02-26,28.33,13.33,20.83,0.0,598.0,1.0
2026-02-27,27.78,10.0,18.89,0.0,551.0,0.0
2026-02-28,28.89,16.11,22.5,1.02,555.0,1.0
2026-03-01,27.22,16.11,21.66,0.0,519.0,0.0
2026-03-02,28.33,16.67,22.5,0.0,538.0,1.0
2026-03-03,28.89,18.33,23.61,0.0,443.0,0.0
2026-03-04,27.22,17.78,22.5,41.91,790.0,1.0
2026-03-05,27.78,18.89,23.34,0.0,6270.0,1.0
2026-03-06,28.33,19.44,23.88,0.0,4110.0,0.0
2026-03-07,23.89,8.89,16.39,14.99,2350.0,0.0
2026-03-08,23.89,7.78,15.84,0.0,1920.0,0.0
2026-03-09,29.44,17.78,23.61,0.0,1230.0,0.0
2026-03-10,28.33,16.67,22.5,23.37,2150.0,1.0
2026-03-11,25.56,10.0,17.78,23.62,10600.0,1.0
2026-03-12,17.78,5.0,11.39,0.0,7200.0,0.0
2026-03-13,25.0,9.44,17.22,0.0,3040.0,0.0
2026-03-14,27.22,13.33,20.27,0.0,2790.0,0.0
2026-03-15,30.56,6.11,18.34,0.0,3650.0,1.0
2026-03-16,8.89,1.67,5.28,0.0,3500.0,0.0
2026-03-17,17.22,1.11,9.16,0.0,2520.0,0.0
2026-03-18,23.89,8.33,16.11,0.0,1700.0,0.0
2026-03-19,30.0,12.78,21.39,0.0,851.0,0.0
2026-03-20,32.22,15.56,23.89,0.0,722.0,0.0
2026-03-21,32.78,16.67,24.72,0.0,700.0,0.0
2026-03-22,33.89,18.33,26.11,0.0,761.0,1.0
2026-03-23,26.67,15.0,20.84,0.0,1120.0,1.0
2026-03-24,28.33,16.11,22.22,0.0,1050.0,0.0
2026-03-25,30.0,18.89,24.44,0.0,565.0,0.0
2026-03-26,30.56,19.44,25.0,0.0,552.0,0.0
2026-03-27,23.89,13.33,18.61,0.0,535.0,0.0
2026-03-28,14.44,11.67,13.06,0.0,505.0,0.0
2026-03-29,27.78,10.56,19.17,0.0,469.0,0.0
2026-03-30,28.89,17.78,23.34,0.0,459.0,0.0
2026-03-31,29.44,18.89,24.16,0.0,448.0,0.0
2026-04-01,30.0,21.11,25.56,0.0,441.0,0.0
2026-04-02,28.33,18.33,23.33,18.8,2110.0,1.0
2026-04-03,28.89,21.11,25.0,0.0,2600.0,1.0
2026-04-04,23.33,11.67,17.5,46.23,6940.0,1.0
2026-04-05,21.11,9.44,15.27,0.0,8820.0,1.0
2026-04-06,23.33,8.89,16.11,0.0,2120.0,0.0
2026-04-07,22.22,12.22,17.22,0.0,2520.0,1.0
2026-04-08,25.56,15.0,20.28,0.0,3630.0,1.0
2026-04-09,26.67,16.67,21.67,0.0,3790.0,1.0
2026-04-10,27.78,18.33,23.06,0.0,3910.0,1.0
2026-04-11,26.67,18.89,22.78,0.76,3890.0,0.0
2026-04-12,22.78,18.89,20.84,3.05,4070.0,1.0
2026-04-13,29.44,19.44,24.44,0.0,4340.0,1.0
2026-04-14,26.67,22.22,24.44,0.0,3830.0,0.0
2026-04-15,26.11,21.67,23.89,0.0,3450.0,0.0
2026-04-16,30.0,20.0,25.0,0.0,2710.0,0.0
2026-04-17,28.33,20.56,24.44,0.0,2610.0,0.0
2026-04-18,23.89,8.33,16.11,13.46,3650.0,1.0
2026-04-19,22.22,5.56,13.89,0.0,3790.0,1.0
2026-04-20,21.67,12.22,16.94,0.0,2910.0,0.0
2026-04-21,17.78,13.89,15.84,20.32,3650.0,1.0
2026-04-22,26.11,15.56,20.84,2.54,5620.0,1.0
2026-04-23,27.22,20.56,23.89,0.0,2790.0,0.0
2026-04-24,32.78,22.22,27.5,0.0,2110.0,0.0
2026-04-25,30.56,21.67,26.12,4.06,1870.0,0.0
2026-04-26,30.0,21.11,25.56,4.32,7010.0,1.0
2026-04-27,33.89,23.89,28.89,24.38,5170.0,0.0
2026-04-28,28.89,21.67,25.28,0.51,2890.0,0.0
2026-04-29,21.67,15.56,18.62,6.86,2760.0,0.0
2026-04-30,17.78,15.56,16.67,1.02,2490.0,0.0
2026-05-01,18.33,13.33,15.83,0.0,1900.0,0.0
2026-05-02,25.56,10.0,17.78,0.0,1220.0,0.0
2026-05-03,27.78,15.0,21.39,0.0,971.0,0.0
2026-05-04,27.22,17.78,22.5,0.0,939.0,0.0
2026-05-05,32.78,17.22,25.0,0.0,828.0,0.0
2026-05-06,17.22,11.67,14.44,4.06,1160.0,1.0
2026-05-07,23.33,11.67,17.5,0.0,820.0,0.0
2026-05-08,24.44,16.11,20.27,0.0,817.0,0.0
2026-05-09,32.78,21.67,27.22,0.0,962.0,1.0
2026-05-10,26.67,17.22,21.94,11.43,1060.0,1.0
2026-05-11,26.11,15.0,20.56,0.0,2780.0,1.0
2026-05-12,30.0,15.0,22.5,0.0,1840.0,0.0
2026-05-13,32.78,17.22,25.0,0.0,1040.0,0.0
2026-05-14,33.33,20.56,26.94,0.0,827.0,0.0
2026-05-15,31.67,20.56,26.12,0.0,733.0,0.0
2026-05-16,31.11,21.67,26.39,0.0,647.0,0.0
2026-05-17,31.11,24.44,27.78,0.0,559.0,0.0
2026-05-18,32.78,26.11,29.44,0.0,561.0,1.0
2026-05-19,30.0,18.89,24.44,17.53,1390.0,1.0
2026-05-20,28.33,18.33,23.33,0.0,3710.0,1.0
2026-05-21,25.56,21.11,23.34,0.76,1840.0,0.0
2026-05-22,31.11,20.56,25.84,0.0,1350.0,0.0
2026-05-23,30.0,18.89,24.44,18.29,2430.0,1.0
2026-05-24,31.11,20.56,25.84,23.11,3180.0,1.0
2026-05-25,30.56,20.0,25.28,0.76,6570.0,1.0
2026-05-26,30.56,19.44,25.0,27.69,5630.0,0.0
2026-05-27,28.89,19.44,24.16,4.57,5560.0,0.0
2026-05-28,31.11,21.11,26.11,0.0,3140.0,0.0
2026-05-29,33.33,23.33,28.33,0.0,1320.0,0.0
2026-05-30,33.89,24.44,29.16,0.0,1630.0,1.0
2026-05-31,34.44,25.0,29.72,0.0,1400.0,0.0
2026-06-01,34.44,25.56,30.0,0.0,1120.0,0.0
2026-06-02,36.11,23.33,29.72,0.0,1220.0,1.0
2026-06-03,31.67,22.22,26.94,0.0,4760.0,1.0
2026-06-04,31.11,22.78,26.94,0.76,2920.0,0.0
2026-06-05,29.44,23.89,26.66,0.0,1640.0,0.0
2026-06-06,31.11,22.22,26.66,5.08,1350.0,0.0
2026-06-07,33.33,21.11,27.22,39.12,11400.0,1.0
2026-06-08,35.0,25.56,30.28,0.0,11600.0,1.0
2026-06-09,33.33,25.0,29.16,0.0,3790.0,0.0
2026-06-10,33.89,25.56,29.72,0.0,3410.0,0.0
2026-06-11,33.89,26.67,30.28,0.0,3760.0,1.0
2026-06-12,32.78,25.56,29.17,0.0,3100.0,0.0
2026-06-13,33.33,25.56,29.44,0.0,3610.0,1.0
2026-06-14,29.44,21.11,25.28,1.02,3560.0,0.0
2026-06-15,30.0,23.89,26.94,0.0,3680.0,1.0
2026-06-16,32.22,23.33,27.78,0.0,4380.0,1.0
2026-06-17,33.89,24.44,29.16,0.0,4190.0,0.0
2026-06-18,35.0,25.0,30.0,0.0,4130.0,0.0
2026-06-19,28.89,21.11,25.0,85.6,8760.0,1.0
2026-06-20,33.33,23.33,28.33,0.0,9310.0,1.0
2026-06-21,33.33,23.89,28.61,0.0,6670.0,0.0
2026-06-22,35.0,22.22,28.61,6.86,4860.0,0.0
2026-06-23,34.44,26.11,30.28,0.0,4560.0,0.0
2026-06-24,34.44,26.11,30.28,0.0,4640.0,1.0
2026-06-25,33.33,25.56,29.44,0.0,4760.0,1.0
2026-06-26,35.0,26.11,30.56,0.0,5020.0,1.0
2026-06-27,35.56,26.67,31.12,0.0,4590.0,0.0
2026-06-28,35.56,26.67,31.12,0.0,4480.0,0.0
2026-06-29,36.11,27.78,31.94,0.0,4460.0,0.0
2026-06-30,35.0,26.11,30.56,0.0,4460.0,0.0
2026-07-01,35.56,26.11,30.84,0.0,4460.0,0.0
2026-07-02,35.56,27.22,31.39,0.0,4380.0,0.0
2026-07-03,36.67,26.67,31.67,0.0,3670.0,0.0
2026-07-04,38.33,27.78,33.06,0.0,2130.0,0.0
2026-07-05,36.11,25.56,30.84,0.0,1730.0,0.0
2026-07-06,37.78,26.11,31.94,0.0,1690.0,0.0
2026-07-07,38.33,27.22,32.78,0.0,1700.0,1.0
2026-07-08,38.33,27.22,32.78,0.0,1610.0,0.0
2026-07-09,38.33,28.89,33.61,0.0,1510.0,0.0
2026-07-10,37.22,27.78,32.5,0.0,1080.0,0.0
2026-07-11,36.67,27.22,31.94,0.0,776.0,0.0
2026-07-12,37.78,26.11,31.94,0.0,676.0,0.0
2026-07-13,33.33,24.44,28.88,11.94,3930.0,1.0
2026-07-14,33.33,25.0,29.16,0.0,5460.0,1.0
2026-07-15,33.33,23.89,28.61,0.25,2080.0,0.0
2026-07-16,32.78,25.0,28.89,2.79,1660.0,0.0
2026-07-17,35.0,25.56,30.28,0.25,1390.0,0.0
2026-07-18,36.11,26.67,31.39,0.0,1110.0,0.0
2026-07-19,37.22,27.78,32.5,0.0,904.0,0.0
2026-07-20,39.44,28.33,33.88,0.0,825.0,0.0
2026-07-21,42.22,28.89,35.56,0.0,771.0,0.0
2026-07-22,42.78,31.67,37.22,0.0,628.0,0.0
2026-07-23,36.11,28.33,32.22,0.0,515.0,0.0
2026-07-24,35.0,26.67,30.84,0.0,560.0,1.0
2026-07-25,37.22,27.78,32.5,0.0,492.0,0.0
2026-07-26,37.22,27.22,32.22,0.0,498.0,1.0
2026-07-27,37.78,27.78,32.78,0.0,524.0,1.0
2026-07-28,37.78,27.22,32.5,0.0,482.0,0.0
2026-07-29,37.22,27.78,32.5,0.0,462.0,0.0
2026-07-30,37.78,27.78,32.78,0.0,455.0,0.0
2026-07-31,39.44,28.33,33.88,0.0,447.0,0.0
2026-08-01,36.11,28.89,32.5,0.0,426.0,0.0
2026-08-02,35.56,24.44,30.0,0.0,423.0,0.0
2026-08-03,37.78,24.44,31.11,0.0,424.0,1.0
2026-08-04,38.33,26.67,32.5,0.0,409.0,0.0
2026-08-05,38.33,28.33,33.33,0.0,412.0,1.0
2026-08-06,38.33,27.78,33.06,0.0,422.0,1.0
2026-08-07,38.33,27.22,32.78,0.0,431.0,1.0
2026-08-08,38.33,27.22,32.78,0.0,425.0,0.0
2026-08-09,37.22,25.56,31.39,0.0,433.0,1.0
2026-08-10,37.22,26.11,31.66,0.0,446.0,1.0
2026-08-11,37.78,25.56,31.67,0.0,437.0,0.0
2026-08-12,38.33,27.22,32.78,0.0,444.0,1.0
2026-08-13,38.33,27.78,33.06,0.0,428.0,0.0
2026-08-14,38.33,26.67,32.5,0.0,424.0,0.0
2026-08-15,37.78,27.22,32.5,0.0,417.0,0.0
2026-08-16,40.0,28.33,34.16,0.0,426.0,1.0
2026-08-17,40.56,28.33,34.44,0.0,432.0,1.0
2026-08-18,40.56,28.33,34.44,0.0,428.0,0.0
2026-08-19,40.56,28.89,34.72,0.0,410.0,0.0
2026-08-20,40.56,27.78,34.17,0.0,411.0,1.0
2026-08-21,37.78,28.89,33.34,0.0,405.0,0.0
2026-08-22,40.56,28.89,34.72,0.0,397.0,0.0
2026-08-23,42.22,28.89,35.56,0.0,406.0,1.0
2026-08-24,42.22,30.0,36.11,0.0,419.0,1.0
2026-08-25,38.33,28.89,33.61,0.0,414.0,0.0
2026-08-26,38.33,29.44,33.88,0.0,397.0,0.0
2026-08-27,38.33,27.22,32.78,0.0,460.0,1.0
2026-08-28,38.89,26.67,32.78,0.0,435.0,0.0
2026-08-29,38.89,26.67,32.78,0.0,402.0,0.0
2026-08-30,37.78,27.78,32.78,0.0,399.0,0.0
2026-08-31,37.78,28.33,33.06,0.0,414.0,1.0
2026-09-01,37.78,27.78,32.78,0.0,405.0,0.0
2026-09-02,38.33,26.67,32.5,0.0,402.0,0.0
2026-09-03,33.33,26.11,29.72,0.0,411.0,1.0
2026-09-04,37.22,25.56,31.39,0.0,412.0,1.0
2026-09-05,37.78,27.22,32.5,0.0,403.0,0.0
2026-09-06,37.78,26.11,31.94,0.0,407.0,1.0
2026-09-07,38.33,27.78,33.06,0.0,395.0,0.0
2026-09-08,38.33,28.89,33.61,0.0,421.0,1.0
2026-09-09,38.33,28.33,33.33,0.0,407.0,0.0
2026-09-10,37.78,26.11,31.94,0.0,411.0,1.0
2026-09-11,37.78,27.22,32.5,0.0,402.0,0.0
2026-09-12,38.89,25.0,31.94,0.0,397.0,0.0
2026-09-13,38.33,27.22,32.78,0.0,399.0,1.0
2026-09-14,37.78,26.67,32.22,0.0,413.0,1.0
2026-09-15,37.78,27.22,32.5,0.0,406.0,0.0
2026-09-16,37.22,27.78,32.5,0.0,397.0,0.0
2026-09-17,37.78,28.33,33.06,0.0,390.0,0.0
2026-09-18,36.67,27.22,31.94,0.0,393.0,1.0
2026-09-19,36.11,25.0,30.56,0.0,388.0,0.0
2026-09-20,36.67,26.67,31.67,0.0,391.0,1.0
2026-09-21,36.67,25.0,30.84,0.0,502.0,1.0
2026-09-22,36.67,24.44,30.56,0.0,477.0,0.0
2026-09-23,37.22,25.56,31.39,0.0,429.0,0.0
2026-09-24,35.0,25.0,30.0,0.0,475.0,1.0
2026-09-25,33.33,21.67,27.5,0.0,447.0,0.0
2026-09-26,34.44,22.22,28.33,0.0,409.0,0.0
2026-09-27,35.0,24.44,29.72,0.0,399.0,0.0
2026-09-28,34.44,25.56,30.0,0.0,415.0,1.0
2026-09-29,35.0,25.0,30.0,0.0,407.0,0.0
2026-09-30,32.22,26.11,29.16,3.81,448.0,1.0
2026-10-01,26.70,21.10,23.90,51.30,6650.0,1.0
2026-10-02,26.30,22.00,24.15,29.70,12000.0,1.0
2026-10-03,22.60,21.00,21.80,38.00,2450.0,0.0
2026-10-04,24.70,20.80,22.75,46.20,2280.0,0.0
2026-10-05,27.40,19.20,23.30,0.00,3250.0,1.0
2026-10-06,28.10,16.70,22.40,0.00,1290.0,0.0
2026-10-07,28.50,15.70,22.10,0.00,821.0,0.0
2026-10-08,30.40,17.70,24.05,0.00,676.0,0.0
