date,tmax_c,tmin_c,tmean_c,precip_mm,flow_cfs,rising
2016-10-01,27.22,13.33,20.27,0.0,939.0,
2016-10-02,29.44,12.22,20.83,0.0,857.0,0.0
2016-10-03,30.56,15.0,22.78,0.0,804.0,0.0
2016-10-04,32.78,17.22,25.0,0.0,820.0,1.0
2016-10-05,33.33,20.0,26.66,0.0,863.0,1.0
2016-10-06,33.33,22.22,27.78,0.0,822.0,0.0
2016-10-07,31.67,17.78,24.72,0.0,811.0,0.0
2016-10-08,28.89,16.11,22.5,0.0,869.0,1.0
2016-10-09,27.78,10.56,19.17,0.0,943.0,1.0
2016-10-10,28.89,7.78,18.34,0.0,888.0,0.0
2016-10-11,31.11,9.44,20.27,0.0,680.0,0.0
2016-10-12,32.78,15.0,23.89,0.0,433.0,0.0
2016-10-13,31.67,18.89,25.28,6.35,463.0,1.0
2016-10-14,30.56,19.44,25.0,0.0,320.0,0.0
2016-10-15,32.78,18.89,25.84,0.0,723.0,1.0
2016-10-16,33.33,22.22,27.78,0.0,478.0,0.0
2016-10-17,33.89,22.22,28.06,0.0,483.0,1.0
2016-10-18,33.33,23.33,28.33,0.0,441.0,0.0
2016-10-19,32.78,21.67,27.22,0.0,489.0,1.0
2016-10-20,28.33,16.67,22.5,0.0,499.0,1.0
2016-10-21,24.44,8.89,16.66,0.0,437.0,0.0
2016-10-22,26.67,6.11,16.39,0.0,429.0,0.0
2016-10-23,28.89,8.33,18.61,0.25,427.0,0.0
2016-10-24,30.0,18.33,24.16,0.25,413.0,0.0
2016-10-25,30.0,15.0,22.5,0.0,409.0,0.0
2016-10-26,30.56,12.78,21.67,0.0,392.0,0.0
2016-10-27,30.56,15.0,22.78,0.0,387.0,0.0
2016-10-28,29.44,11.67,20.56,0.0,391.0,1.0
2016-10-29,29.44,15.0,22.22,0.0,392.0,1.0
2016-10-30,31.11,15.0,23.06,0.0,391.0,0.0
2016-10-31,28.89,12.78,20.84,0.0,378.0,0.0
2016-11-01,32.78,20.0,26.39,1.52,387.0,1.0
2016-11-02,31.11,22.78,26.94,0.0,387.0,0.0
2016-11-03,28.89,18.89,23.89,22.1,966.0,1.0
2016-11-04,23.33,20.56,21.94,0.0,470.0,0.0
2016-11-05,24.44,17.78,21.11,0.0,412.0,0.0
2016-11-06,25.56,15.0,20.28,15.24,702.0,1.0
2016-11-07,23.89,15.56,19.73,0.25,480.0,0.0
2016-11-08,22.22,17.78,20.0,1.27,1860.0,1.0
2016-11-09,18.89,15.0,16.94,17.78,4050.0,1.0
2016-11-10,21.67,11.67,16.67,0.0,3380.0,0.0
2016-11-11,23.33,10.56,16.94,0.0,3810.0,1.0
2016-11-12,24.44,10.56,17.5,0.0,3700.0,0.0
2016-11-13,24.44,12.22,18.33,0.0,3690.0,0.0
2016-11-14,27.78,11.11,19.44,0.0,3690.0,0.0
2016-11-15,30.56,10.56,20.56,0.0,3080.0,0.0
2016-11-16,30.56,9.44,20.0,0.0,1510.0,0.0
2016-11-17,28.89,13.33,21.11,0.0,1390.0,0.0
2016-11-18,27.22,11.67,19.44,0.0,1380.0,0.0
2016-11-19,17.22,2.22,9.72,0.0,769.0,0.0
2016-11-20,20.0,0.56,10.28,0.0,950.0,1.0
2016-11-21,25.56,2.22,13.89,0.0,467.0,0.0
2016-11-22,26.11,13.89,20.0,0.51,509.0,1.0
2016-11-23,22.78,7.78,15.28,2.54,491.0,0.0
2016-11-24,25.0,5.0,15.0,0.0,430.0,0.0
2016-11-25,18.89,11.11,15.0,0.51,963.0,1.0
2016-11-26,21.11,10.0,15.56,0.0,901.0,0.0
2016-11-27,25.56,10.56,18.06,0.0,936.0,1.0
2016-11-28,27.22,5.56,16.39,0.0,947.0,1.0
2016-11-29,26.67,5.0,15.84,0.0,667.0,0.0
2016-11-30,19.44,1.67,10.56,0.0,658.0,0.0
2016-12-01,21.11,0.0,10.56,0.0,561.0,0.0
2016-12-02,18.33,6.11,12.22,3.56,615.0,1.0
2016-12-03,12.78,10.0,11.39,45.47,964.0,1.0
2016-12-04,11.67,10.0,10.84,13.72,693.0,0.0
2016-12-05,12.22,5.56,8.89,13.97,651.0,0.0
2016-12-06,15.56,3.89,9.72,0.0,343.0,0.0
2016-12-07,12.78,1.67,7.22,0.0,998.0,1.0
2016-12-08,11.67,2.78,7.22,0.0,1320.0,1.0
2016-12-09,8.0,1.11,4.56,0.0,1620.0,1.0
2016-12-10,12.22,-1.11,5.56,0.0,787.0,0.0
2016-12-11,18.33,10.56,14.44,0.25,1260.0,1.0
2016-12-12,19.44,6.67,13.06,0.0,1270.0,1.0
2016-12-13,25.56,8.89,17.23,0.0,1280.0,1.0
2016-12-14,14.44,5.0,9.72,0.0,279.0,0.0
2016-12-15,12.78,7.22,10.0,0.0,1260.0,1.0
2016-12-16,18.89,10.56,14.73,0.0,715.0,0.0
2016-12-17,26.11,2.78,14.44,0.76,689.0,0.0
2016-12-18,2.78,-2.78,0.0,0.0,1090.0,1.0
2016-12-19,7.22,-4.44,1.39,0.0,1170.0,1.0
2016-12-20,15.56,2.22,8.89,0.0,1380.0,1.0
2016-12-21,21.67,4.44,13.06,0.0,564.0,0.0
2016-12-22,20.0,6.67,13.34,0.0,530.0,0.0
2016-12-23,22.78,11.67,17.23,1.27,486.0,0.0
2016-12-24,25.56,19.44,22.5,0.0,485.0,0.0
2016-12-25,27.78,20.0,23.89,0.0,605.0,1.0
2016-12-26,29.44,21.11,25.28,0.0,486.0,0.0
2016-12-27,24.44,15.0,19.72,0.0,458.0,0.0
2016-12-28,29.44,16.11,22.78,0.0,509.0,1.0
2016-12-29,21.67,6.11,13.89,0.0,435.0,0.0
2016-12-30,13.33,8.33,10.83,0.0,636.0,1.0
2016-12-31,26.11,10.0,18.06,0.0,650.0,1.0
2017-01-01,24.44,9.44,16.94,0.0,453.0,0.0
2017-01-02,25.0,11.67,18.34,11.68,989.0,1.0
2017-01-03,25.0,3.33,14.16,0.0,833.0,0.0
2017-01-04,8.89,0.56,4.73,0.0,934.0,1.0
2017-01-05,17.78,2.22,10.0,0.0,1490.0,1.0
2017-01-06,,,,0.0,1540.0,1.0
2017-01-07,6.11,-7.22,-0.55,0.0,1540.0,0.0
2017-01-08,11.67,-8.89,1.39,0.0,1400.0,0.0
2017-01-09,22.78,2.78,12.78,0.0,965.0,0.0
2017-01-10,27.22,15.0,21.11,0.0,1010.0,1.0
2017-01-11,27.22,13.33,20.27,0.0,944.0,0.0
2017-01-12,28.33,18.33,23.33,0.0,1150.0,1.0
2017-01-13,27.22,13.33,20.27,7.11,1630.0,1.0
2017-01-14,13.33,9.44,11.38,3.3,1480.0,0.0
2017-01-15,24.44,10.0,17.22,12.19,1530.0,1.0
2017-01-16,21.11,15.0,18.06,19.81,2050.0,1.0
2017-01-17,15.0,9.44,12.22,25.91,1970.0,0.0
2017-01-18,13.89,8.89,11.39,38.1,3140.0,1.0
2017-01-19,20.56,10.56,15.56,0.0,2750.0,0.0
2017-01-20,25.56,8.33,16.94,0.0,2310.0,0.0
2017-01-21,28.89,6.11,17.5,0.0,2350.0,1.0
2017-01-22,21.11,10.0,15.56,0.0,1140.0,0.0
2017-01-23,24.44,4.44,14.44,0.0,948.0,0.0
2017-01-24,29.44,4.44,16.94,0.0,945.0,0.0
2017-01-25,20.56,5.56,13.06,0.0,539.0,0.0
2017-01-26,15.0,0.56,7.78,0.0,,
2017-01-27,14.44,0.0,7.22,0.0,510.0,
2017-01-28,16.11,1.67,8.89,0.0,487.0,0.0
2017-01-29,21.67,-1.11,10.28,0.0,458.0,0.0
2017-01-30,27.22,0.0,13.61,0.0,515.0,1.0
2017-01-31,25.56,0.56,13.06,0.0,490.0,0.0
2017-02-01,28.33,3.89,16.11,0.0,423.0,0.0
2017-02-02,18.89,8.33,13.61,0.0,373.0,0.0
2017-02-03,12.22,8.33,10.28,0.0,1010.0,1.0
2017-02-04,11.67,8.89,10.28,0.51,1070.0,1.0
2017-02-05,23.89,11.11,17.5,0.51,567.0,0.0
2017-02-06,27.22,20.0,23.61,0.0,663.0,1.0
2017-02-07,31.11,10.0,20.56,0.0,413.0,0.0
2017-02-08,30.0,8.33,19.16,0.0,435.0,1.0
2017-02-09,19.44,5.56,12.5,0.0,415.0,0.0
2017-02-10,26.67,4.44,15.56,0.0,423.0,1.0
2017-02-11,31.11,19.44,25.28,0.0,392.0,0.0
2017-02-12,28.89,17.78,23.34,0.0,425.0,1.0
2017-02-13,26.67,17.22,21.94,0.0,479.0,1.0
2017-02-14,20.0,9.44,14.72,31.5,1040.0,1.0
2017-02-15,18.89,3.89,11.39,0.0,1450.0,1.0
2017-02-16,20.56,0.56,10.56,0.0,1320.0,0.0
2017-02-17,25.0,7.78,16.39,0.0,1360.0,1.0
2017-02-18,30.56,16.67,23.62,0.0,1440.0,1.0
2017-02-19,27.22,18.33,22.78,3.05,1430.0,0.0
2017-02-20,21.67,15.0,18.34,31.75,2070.0,1.0
2017-02-21,26.67,9.44,18.06,0.0,2780.0,1.0
2017-02-22,30.0,6.67,18.34,0.0,2790.0,1.0
2017-02-23,32.22,7.22,19.72,0.0,2830.0,1.0
2017-02-24,27.78,11.11,19.44,0.0,2710.0,0.0
2017-02-25,17.22,3.89,10.56,0.0,2830.0,1.0
2017-02-26,22.78,1.67,12.23,0.25,2760.0,0.0
2017-02-27,28.33,19.44,23.88,0.0,2790.0,1.0
2017-02-28,27.78,18.89,23.34,0.0,2270.0,0.0
2017-03-01,22.78,7.22,15.0,0.0,2180.0,0.0
2017-03-02,19.44,4.44,11.94,0.0,1480.0,0.0
2017-03-03,21.11,1.11,11.11,0.0,1420.0,0.0
2017-03-04,15.56,11.11,13.34,19.81,1130.0,0.0
2017-03-05,23.89,15.0,19.44,11.18,1150.0,1.0
2017-03-06,29.44,20.0,24.72,0.0,1020.0,0.0
2017-03-07,25.0,15.0,20.0,0.0,903.0,0.0
2017-03-08,24.44,15.0,19.72,0.0,1330.0,1.0
2017-03-09,27.22,18.89,23.06,0.0,1510.0,1.0
2017-03-10,28.33,13.89,21.11,0.0,1500.0,0.0
2017-03-11,20.0,15.56,17.78,17.27,1580.0,1.0
2017-03-12,17.78,8.89,13.34,0.0,1630.0,1.0
2017-03-13,20.56,6.67,13.61,0.51,1500.0,0.0
2017-03-14,22.22,3.89,13.06,0.0,1490.0,0.0
2017-03-15,23.89,5.0,14.44,0.0,1530.0,1.0
2017-03-16,26.67,15.56,21.12,0.25,775.0,0.0
2017-03-17,28.33,18.33,23.33,0.0,728.0,0.0
2017-03-18,28.89,13.33,21.11,0.0,1530.0,1.0
2017-03-19,28.89,17.78,23.34,0.0,1510.0,0.0
2017-03-20,29.44,17.78,23.61,0.0,1470.0,0.0
2017-03-21,28.89,17.22,23.06,0.0,1480.0,1.0
2017-03-22,28.33,18.33,23.33,0.0,1460.0,0.0
2017-03-23,30.0,18.89,24.44,0.0,1520.0,1.0
2017-03-24,28.33,17.78,23.06,2.29,1420.0,0.0
2017-03-25,27.78,9.44,18.61,0.0,1330.0,0.0
2017-03-26,30.0,12.22,21.11,0.0,884.0,0.0
2017-03-27,28.89,20.0,24.44,0.0,802.0,0.0
2017-03-28,31.11,21.11,26.11,0.0,800.0,0.0
2017-03-29,29.44,16.11,22.78,33.27,1100.0,1.0
2017-03-30,27.22,11.11,19.16,0.0,842.0,0.0
2017-03-31,30.0,8.89,19.44,0.0,1310.0,1.0
2017-04-01,26.11,18.33,22.22,0.0,851.0,0.0
2017-04-02,26.11,13.89,20.0,19.56,1160.0,1.0
2017-04-03,30.56,8.89,19.73,0.0,2380.0,1.0
2017-04-04,31.11,10.0,20.56,0.0,3650.0,1.0
2017-04-05,23.33,9.44,16.38,0.0,3670.0,1.0
2017-04-06,25.56,6.67,16.11,0.0,3650.0,0.0
2017-04-07,26.67,6.11,16.39,0.0,3650.0,0.0
2017-04-08,27.22,11.67,19.44,0.0,3660.0,1.0
2017-04-09,27.78,17.22,22.5,0.0,3680.0,1.0
2017-04-10,27.22,21.67,24.44,1.78,1320.0,0.0
2017-04-11,22.78,17.22,20.0,2.54,1440.0,1.0
2017-04-12,26.11,15.0,20.56,0.0,1640.0,1.0
2017-04-13,28.89,16.67,22.78,0.0,3650.0,1.0
2017-04-14,28.33,14.44,21.38,0.0,1610.0,0.0
2017-04-15,29.44,18.89,24.16,0.0,1550.0,0.0
2017-04-16,30.0,20.0,25.0,0.0,1460.0,0.0
2017-04-17,26.11,15.56,20.84,1.27,882.0,0.0
2017-04-18,27.22,16.11,21.66,0.0,778.0,0.0
2017-04-19,30.0,19.44,24.72,0.0,1180.0,1.0
2017-04-20,31.11,20.56,25.84,0.0,1150.0,0.0
2017-04-21,31.67,21.67,26.67,0.0,1380.0,1.0
2017-04-22,22.78,13.33,18.06,0.0,803.0,0.0
2017-04-23,25.0,10.0,17.5,0.0,672.0,0.0
2017-04-24,27.78,6.67,17.23,0.0,671.0,0.0
2017-04-25,32.78,15.56,24.17,0.0,674.0,1.0
2017-04-26,33.33,16.67,25.0,0.0,670.0,0.0
2017-04-27,29.44,7.78,18.61,0.0,667.0,0.0
2017-04-28,35.0,21.67,28.34,0.0,671.0,1.0
2017-04-29,33.33,18.89,26.11,1.78,599.0,0.0
2017-04-30,25.56,10.56,18.06,2.29,596.0,0.0
2017-05-01,31.67,8.89,20.28,0.0,588.0,0.0
2017-05-02,32.78,10.0,21.39,0.0,661.0,1.0
2017-05-03,34.44,17.78,26.11,0.0,535.0,0.0
2017-05-04,26.67,10.0,18.34,0.0,655.0,1.0
2017-05-05,30.0,10.56,20.28,0.0,662.0,1.0
2017-05-06,31.11,9.44,20.27,0.0,589.0,0.0
2017-05-07,31.11,11.67,21.39,0.0,672.0,1.0
2017-05-08,30.0,14.44,22.22,0.0,669.0,0.0
2017-05-09,26.67,17.22,21.94,1.27,676.0,1.0
2017-05-10,28.89,21.67,25.28,0.0,787.0,1.0
2017-05-11,32.22,20.56,26.39,0.0,817.0,1.0
2017-05-12,32.22,17.22,24.72,0.0,898.0,1.0
2017-05-13,31.11,13.33,22.22,0.0,885.0,0.0
2017-05-14,33.33,13.33,23.33,0.0,1060.0,1.0
2017-05-15,33.33,16.67,25.0,0.0,1060.0,0.0
2017-05-16,30.56,20.56,25.56,0.0,1080.0,1.0
2017-05-17,30.56,21.67,26.12,3.05,1100.0,1.0
2017-05-18,33.89,24.44,29.16,0.0,1090.0,0.0
2017-05-19,35.56,23.89,29.72,0.0,1090.0,0.0
2017-05-20,28.33,20.0,24.16,19.05,1290.0,1.0
2017-05-21,26.11,17.22,21.66,14.73,853.0,0.0
2017-05-22,24.44,16.67,20.56,3.56,976.0,1.0
2017-05-23,30.0,15.56,22.78,6.6,991.0,1.0
2017-05-24,31.11,12.22,21.66,0.0,931.0,0.0
2017-05-25,35.0,15.0,25.0,0.0,1310.0,1.0
2017-05-26,33.89,25.0,29.44,0.0,1310.0,0.0
2017-05-27,36.67,25.0,30.84,0.0,1180.0,0.0
2017-05-28,34.44,20.0,27.22,27.18,1160.0,0.0
2017-05-29,30.56,21.11,25.84,0.0,1050.0,0.0
2017-05-30,31.11,19.44,25.28,0.0,878.0,0.0
2017-05-31,30.0,20.0,25.0,0.51,939.0,1.0
2017-06-01,31.67,17.78,24.72,0.76,1170.0,1.0
2017-06-02,33.33,22.22,27.78,0.0,737.0,0.0
2017-06-03,33.89,21.11,27.5,26.42,709.0,0.0
2017-06-04,32.22,20.0,26.11,0.25,729.0,1.0
2017-06-05,32.78,20.0,26.39,21.08,1120.0,1.0
2017-06-06,32.78,21.11,26.94,0.0,1550.0,1.0
2017-06-07,35.0,18.89,26.94,0.0,1600.0,1.0
2017-06-08,33.89,21.11,27.5,0.0,1460.0,0.0
2017-06-09,32.78,22.22,27.5,0.0,1320.0,0.0
2017-06-10,33.33,18.89,26.11,0.0,1090.0,0.0
2017-06-11,34.44,21.11,27.78,0.0,916.0,0.0
2017-06-12,35.0,22.22,28.61,0.0,840.0,0.0
2017-06-13,35.56,23.33,29.44,0.0,874.0,1.0
2017-06-14,35.0,25.56,30.28,0.51,1350.0,1.0
2017-06-15,36.67,24.44,30.56,0.0,1350.0,0.0
2017-06-16,36.67,25.0,30.84,0.0,1320.0,0.0
2017-06-17,37.78,25.0,31.39,0.0,1310.0,0.0
2017-06-18,36.67,26.11,31.39,0.0,1340.0,1.0
2017-06-19,33.33,23.33,28.33,0.0,1390.0,1.0
2017-06-20,35.56,22.78,29.17,0.0,1410.0,1.0
2017-06-21,35.56,22.78,29.17,0.0,1520.0,1.0
2017-06-22,37.22,25.0,31.11,0.0,1480.0,0.0
2017-06-23,38.89,25.0,31.94,0.0,1280.0,0.0
2017-06-24,29.44,22.78,26.11,1.52,1330.0,1.0
2017-06-25,32.22,23.89,28.06,0.0,1310.0,0.0
2017-06-26,33.89,23.33,28.61,10.92,1310.0,0.0
2017-06-27,33.33,21.67,27.5,0.25,1450.0,1.0
2017-06-28,33.89,21.11,27.5,0.0,967.0,0.0
2017-06-29,36.11,22.78,29.44,0.0,908.0,0.0
2017-06-30,36.72,26.67,31.7,0.0,988.0,1.0
2017-07-01,36.11,26.11,31.11,0.0,937.0,0.0
2017-07-02,36.72,25.56,31.14,0.0,938.0,1.0
2017-07-03,36.72,23.89,30.3,0.0,989.0,1.0
2017-07-04,37.22,24.39,30.8,0.0,958.0,0.0
2017-07-05,36.72,24.0,30.36,0.0,1010.0,1.0
2017-07-06,37.22,23.28,30.25,8.13,989.0,0.0
2017-07-07,36.72,22.78,29.75,13.21,984.0,0.0
2017-07-08,36.11,22.78,29.44,0.0,986.0,1.0
2017-07-09,36.72,23.28,30.0,0.0,1020.0,1.0
2017-07-10,36.72,23.28,30.0,0.0,995.0,0.0
2017-07-11,36.72,23.28,30.0,0.0,983.0,0.0
2017-07-12,36.72,22.78,29.75,0.0,939.0,0.0
2017-07-13,37.22,21.67,29.44,0.0,763.0,0.0
2017-07-14,37.78,22.22,30.0,0.0,755.0,0.0
2017-07-15,38.89,22.22,30.56,5.59,741.0,0.0
2017-07-16,36.11,21.11,28.61,0.0,692.0,0.0
2017-07-17,36.11,23.28,29.7,0.0,679.0,0.0
2017-07-18,36.72,23.28,30.0,0.0,678.0,0.0
2017-07-19,37.78,22.22,30.0,0.0,538.0,0.0
2017-07-20,38.33,23.89,31.11,0.0,503.0,0.0
2017-07-21,38.33,22.22,30.28,0.0,477.0,0.0
2017-07-22,38.33,23.89,31.11,0.0,495.0,1.0
2017-07-23,38.33,23.89,31.11,0.0,470.0,0.0
2017-07-24,38.33,25.0,31.66,0.0,492.0,1.0
2017-07-25,37.78,25.0,31.39,0.0,477.0,0.0
2017-07-26,38.33,24.39,31.36,0.0,524.0,1.0
2017-07-27,38.33,21.11,29.72,0.0,535.0,1.0
2017-07-28,38.89,22.78,30.84,0.0,576.0,1.0
2017-07-29,41.11,23.89,32.5,0.0,624.0,1.0
2017-07-30,40.61,23.28,31.94,0.0,653.0,1.0
2017-07-31,37.22,23.33,30.28,0.0,639.0,0.0
2017-08-01,37.22,20.56,28.89,0.0,643.0,1.0
2017-08-02,31.67,25.0,28.34,0.25,581.0,0.0
2017-08-03,35.0,24.44,29.72,1.02,648.0,1.0
2017-08-04,36.67,22.78,29.72,0.0,635.0,0.0
2017-08-05,38.33,23.33,30.83,0.0,577.0,0.0
2017-08-06,38.89,25.56,32.22,0.0,521.0,0.0
2017-08-07,29.44,21.67,25.56,72.9,1200.0,1.0
2017-08-08,33.89,22.78,28.34,0.0,563.0,0.0
2017-08-09,35.56,22.78,29.17,0.0,459.0,0.0
2017-08-10,36.67,22.78,29.72,0.0,294.0,0.0
2017-08-11,36.67,23.33,30.0,0.0,377.0,1.0
2017-08-12,37.22,25.0,31.11,0.0,414.0,1.0
2017-08-13,37.22,24.44,30.83,0.0,399.0,0.0
2017-08-14,37.22,25.56,31.39,0.0,449.0,1.0
2017-08-15,36.67,25.0,30.84,0.0,445.0,0.0
2017-08-16,37.78,26.67,32.22,0.0,539.0,1.0
2017-08-17,37.78,26.67,32.22,0.0,491.0,0.0
2017-08-18,37.78,25.0,31.39,0.0,553.0,1.0
2017-08-19,37.78,22.22,30.0,0.0,602.0,1.0
2017-08-20,37.22,23.89,30.56,0.0,898.0,1.0
2017-08-21,36.11,23.33,29.72,0.0,970.0,1.0
2017-08-22,37.22,21.67,29.44,0.0,987.0,1.0
2017-08-23,38.33,21.67,30.0,0.0,985.0,0.0
2017-08-24,35.56,24.44,30.0,0.0,970.0,0.0
2017-08-25,32.22,23.89,28.06,1.27,381.0,0.0
2017-08-26,25.56,23.33,24.44,189.74,1870.0,1.0
2017-08-27,24.44,21.67,23.06,55.88,3400.0,1.0
2017-08-28,29.44,21.11,25.28,8.89,580.0,0.0
2017-08-29,31.67,21.67,26.67,0.0,307.0,0.0
2017-08-30,33.33,20.56,26.94,0.0,235.0,0.0
2017-08-31,33.89,18.89,26.39,0.0,198.0,0.0
2017-09-01,34.44,19.44,26.94,0.0,190.0,0.0
2017-09-02,34.44,18.89,26.66,0.0,223.0,1.0
2017-09-03,33.33,20.0,26.66,0.0,161.0,0.0
2017-09-04,32.78,18.89,25.84,0.0,190.0,1.0
2017-09-05,35.0,20.56,27.78,0.0,166.0,0.0
2017-09-06,30.56,15.0,22.78,0.0,166.0,0.0
2017-09-07,28.89,11.67,20.28,0.0,232.0,1.0
2017-09-08,29.44,12.22,20.83,0.0,145.0,0.0
2017-09-09,30.56,15.0,22.78,0.0,166.0,1.0
2017-09-10,30.56,15.0,22.78,0.0,227.0,1.0
2017-09-11,30.56,14.44,22.5,0.0,137.0,0.0
2017-09-12,33.33,12.78,23.06,0.0,164.0,1.0
2017-09-13,33.33,15.56,24.44,0.0,212.0,1.0
2017-09-14,34.44,18.89,26.66,0.0,214.0,1.0
2017-09-15,33.33,18.33,25.83,0.0,237.0,1.0
2017-09-16,33.89,23.33,28.61,0.0,229.0,0.0
2017-09-17,33.89,21.67,27.78,0.0,228.0,0.0
2017-09-18,35.0,20.56,27.78,0.0,228.0,0.0
2017-09-19,34.44,24.44,29.44,0.0,259.0,1.0
2017-09-20,35.0,25.0,30.0,0.0,234.0,0.0
2017-09-21,35.56,23.33,29.44,0.0,248.0,1.0
2017-09-22,23.89,22.78,23.34,0.0,242.0,0.0
2017-09-23,33.33,19.44,26.38,0.0,244.0,1.0
2017-09-24,33.33,20.0,26.66,0.0,241.0,0.0
2017-09-25,32.78,19.44,26.11,0.51,246.0,1.0
2017-09-26,28.33,22.78,25.56,63.25,540.0,1.0
2017-09-27,30.0,23.33,26.66,0.25,307.0,0.0
2017-09-28,30.56,22.78,26.67,19.05,262.0,0.0
2017-09-29,25.56,21.11,23.34,13.72,468.0,1.0
2017-09-30,30.0,17.78,23.89,0.0,479.0,1.0
2017-10-01,31.11,15.56,23.34,0.0,198.0,0.0
2017-10-02,32.22,18.89,25.56,0.0,212.0,1.0
2017-10-03,30.0,23.33,26.66,23.88,385.0,1.0
2017-10-04,31.67,22.78,27.22,0.0,316.0,0.0
2017-10-05,31.67,20.0,25.84,0.0,337.0,1.0
2017-10-06,30.56,18.89,24.72,0.0,266.0,0.0
2017-10-07,31.67,17.78,24.72,0.0,197.0,0.0
2017-10-08,32.78,18.89,25.84,0.0,213.0,1.0
2017-10-09,33.33,21.67,27.5,0.0,210.0,0.0
2017-10-10,25.56,16.11,20.84,0.0,134.0,0.0
2017-10-11,25.56,13.89,19.73,0.0,234.0,1.0
2017-10-12,30.56,14.44,22.5,0.0,149.0,0.0
2017-10-13,31.67,18.33,25.0,0.0,226.0,1.0
2017-10-14,31.67,21.67,26.67,0.0,147.0,0.0
2017-10-15,26.11,17.22,21.66,0.0,218.0,1.0
2017-10-16,24.44,8.33,16.39,0.0,143.0,0.0
2017-10-17,25.0,6.11,15.56,0.0,167.0,1.0
2017-10-18,27.78,5.0,16.39,0.0,189.0,1.0
2017-10-19,28.33,10.0,19.16,0.0,153.0,0.0
2017-10-20,28.33,16.11,22.22,0.25,163.0,1.0
2017-10-21,32.22,21.67,26.94,0.0,183.0,1.0
2017-10-22,25.56,10.0,17.78,17.78,334.0,1.0
2017-10-23,27.22,7.78,17.5,0.0,267.0,0.0
2017-10-24,25.0,7.22,16.11,0.0,43.5,0.0
2017-10-25,27.22,4.44,15.83,0.0,98.2,1.0
2017-10-26,28.33,7.22,17.77,0.0,136.0,1.0
2017-10-27,18.33,6.67,12.5,0.0,150.0,1.0
2017-10-28,16.67,2.22,9.44,0.0,177.0,1.0
2017-10-29,23.89,0.0,11.94,0.0,142.0,0.0
2017-10-30,26.11,3.89,15.0,0.0,130.0,0.0
2017-10-31,16.11,10.56,13.34,18.54,201.0,1.0
2017-11-01,25.56,11.67,18.61,3.05,197.0,0.0
2017-11-02,28.89,18.89,23.89,0.0,128.0,0.0
2017-11-03,30.56,21.67,26.12,0.0,198.0,1.0
2017-11-04,27.22,20.56,23.89,0.25,127.0,0.0
2017-11-05,31.67,20.0,25.84,0.0,136.0,1.0
2017-11-06,30.56,20.0,25.28,0.0,199.0,1.0
2017-11-07,28.33,15.56,21.94,0.0,126.0,0.0
2017-11-08,15.56,7.22,11.39,5.33,136.0,1.0
2017-11-09,13.89,7.78,10.84,0.0,134.0,0.0
2017-11-10,17.22,11.11,14.16,0.0,178.0,1.0
2017-11-11,23.89,13.33,18.61,0.0,139.0,0.0
2017-11-12,25.0,15.56,20.28,0.0,111.0,0.0
2017-11-13,26.11,15.56,20.84,0.0,140.0,1.0
2017-11-14,26.67,12.78,19.73,0.0,179.0,1.0
2017-11-15,22.78,18.33,20.56,0.0,107.0,0.0
2017-11-16,28.33,15.56,21.94,2.03,120.0,1.0
2017-11-17,28.89,20.56,24.72,0.0,179.0,1.0
2017-11-18,28.89,11.67,20.28,0.0,107.0,0.0
2017-11-19,18.33,3.89,11.11,0.0,170.0,1.0
2017-11-20,20.56,2.22,11.39,0.0,97.7,0.0
2017-11-21,23.89,7.22,15.56,0.0,167.0,1.0
2017-11-22,18.33,2.22,10.27,0.0,101.0,0.0
2017-11-23,21.67,-0.56,10.56,0.0,160.0,1.0
2017-11-24,24.44,1.67,13.06,0.0,117.0,0.0
2017-11-25,27.22,3.33,15.27,0.0,145.0,1.0
2017-11-26,24.44,8.89,16.66,0.0,136.0,0.0
2017-11-27,23.89,5.56,14.72,0.0,120.0,0.0
2017-11-28,26.11,5.0,15.56,0.0,107.0,0.0
2017-11-29,22.22,5.0,13.61,0.0,219.0,1.0
2017-11-30,23.89,4.44,14.16,0.0,94.4,0.0
2017-12-01,24.44,7.22,15.83,0.0,167.0,1.0
2017-12-02,25.56,5.0,15.28,0.0,85.7,0.0
2017-12-03,22.78,12.22,17.5,0.51,164.0,1.0
2017-12-04,29.44,20.0,24.72,0.0,86.8,0.0
2017-12-05,21.67,7.22,14.44,1.27,158.0,1.0
2017-12-06,7.22,4.44,5.83,23.62,138.0,0.0
2017-12-07,8.33,0.0,4.16,9.91,208.0,1.0
2017-12-08,8.89,-1.67,3.61,0.0,128.0,0.0
2017-12-09,19.44,-2.22,8.61,0.0,165.0,1.0
2017-12-10,20.0,-1.11,9.44,0.0,68.6,0.0
2017-12-11,25.0,-0.56,12.22,0.0,166.0,1.0
2017-12-12,17.78,0.56,9.17,0.0,109.0,0.0
2017-12-13,16.67,-2.78,6.95,0.0,141.0,1.0
2017-12-14,17.78,3.89,10.84,0.0,87.6,0.0
2017-12-15,15.0,2.78,8.89,0.0,142.0,1.0
2017-12-16,12.22,1.11,6.66,32.77,267.0,1.0
2017-12-17,13.89,7.22,10.56,0.0,310.0,1.0
2017-12-18,13.89,7.22,10.56,0.76,134.0,0.0
2017-12-19,22.22,13.89,18.06,21.84,746.0,1.0
2017-12-20,25.0,7.22,16.11,0.0,198.0,0.0
2017-12-21,25.56,4.44,15.0,0.0,206.0,1.0
2017-12-22,22.78,5.56,14.17,1.27,127.0,0.0
2017-12-23,13.33,-0.56,6.38,0.0,209.0,1.0
2017-12-24,17.22,-1.11,8.06,0.0,123.0,0.0
2017-12-25,12.78,-2.22,5.28,0.0,191.0,1.0
2017-12-26,10.56,5.0,7.78,0.51,124.0,0.0
2017-12-27,5.0,3.33,4.16,0.25,195.0,1.0
2017-12-28,9.44,3.33,6.38,0.0,104.0,0.0
2017-12-29,9.44,4.44,6.94,0.0,186.0,1.0
2017-12-30,17.78,6.11,11.94,0.0,149.0,0.0
2017-12-31,6.11,-2.78,1.67,0.0,177.0,1.0
2018-01-01,0.0,-4.44,-2.22,0.0,113.0,0.0
2018-01-02,0.0,-5.0,-2.5,0.0,185.0,1.0
2018-01-03,13.33,-9.44,1.95,0.0,133.0,0.0
2018-01-04,12.22,-5.56,3.33,0.0,174.0,1.0
2018-01-05,16.11,1.67,8.89,0.0,140.0,0.0
2018-01-06,17.78,-1.67,8.06,0.0,115.0,0.0
2018-01-07,21.11,11.67,16.39,0.0,121.0,1.0
2018-01-08,20.56,2.22,11.39,0.0,140.0,1.0
2018-01-09,21.11,-0.56,10.28,0.0,134.0,0.0
2018-01-10,22.22,4.44,13.33,0.0,126.0,0.0
2018-01-11,23.33,6.67,15.0,0.0,120.0,0.0
2018-01-12,13.33,-0.56,6.38,0.0,114.0,0.0
2018-01-13,11.67,-3.89,3.89,0.0,133.0,1.0
2018-01-14,16.11,-6.11,5.0,0.0,124.0,0.0
2018-01-15,21.11,-2.22,9.44,2.54,112.0,0.0
2018-01-16,3.33,-3.89,-0.28,2.03,158.0,1.0
2018-01-17,2.78,-9.44,-3.33,0.0,183.0,1.0
2018-01-18,7.22,-4.44,1.39,0.0,141.0,0.0
2018-01-19,12.78,3.89,8.33,0.25,98.4,0.0
2018-01-20,17.78,8.89,13.34,0.0,133.0,1.0
2018-01-21,22.22,12.78,17.5,0.0,126.0,0.0
2018-01-22,18.33,2.78,10.56,0.0,143.0,1.0
2018-01-23,18.33,-3.33,7.5,0.0,142.0,0.0
2018-01-24,18.33,-4.44,6.94,0.0,105.0,0.0
2018-01-25,18.33,-5.0,6.66,0.0,152.0,1.0
2018-01-26,20.56,10.56,15.56,0.0,124.0,0.0
2018-01-27,21.67,14.44,18.06,1.52,135.0,1.0
2018-01-28,21.11,1.11,11.11,0.0,117.0,0.0
2018-01-29,20.0,-0.56,9.72,0.0,197.0,1.0
2018-01-30,18.89,-3.33,7.78,0.0,165.0,0.0
2018-01-31,22.22,1.67,11.94,0.0,185.0,1.0
2018-02-01,23.33,10.0,16.66,0.0,187.0,1.0
2018-02-02,15.56,7.22,11.39,0.0,174.0,0.0
2018-02-03,13.33,4.44,8.88,0.51,182.0,1.0
2018-02-04,23.89,1.11,12.5,0.0,185.0,1.0
2018-02-05,13.33,4.44,8.88,0.0,158.0,0.0
2018-02-06,12.78,4.44,8.61,1.02,174.0,1.0
2018-02-07,8.89,1.67,5.28,0.25,172.0,0.0
2018-02-08,15.0,-0.56,7.22,0.0,157.0,0.0
2018-02-09,16.67,10.0,13.34,0.25,164.0,1.0
2018-02-10,17.22,3.89,10.56,1.27,171.0,1.0
2018-02-11,5.0,-1.67,1.66,0.51,158.0,0.0
2018-02-12,5.0,-1.11,1.94,0.0,161.0,1.0
2018-02-13,7.78,3.33,5.56,1.27,165.0,1.0
2018-02-14,21.67,7.78,14.73,0.76,165.0,0.0
2018-02-15,25.0,17.78,21.39,0.0,147.0,0.0
2018-02-16,24.44,13.89,19.16,0.0,174.0,1.0
2018-02-17,16.67,7.22,11.94,0.25,167.0,0.0
2018-02-18,25.0,10.56,17.78,0.25,177.0,1.0
2018-02-19,27.78,20.0,23.89,0.0,189.0,1.0
2018-02-20,22.78,20.56,21.67,1.02,219.0,1.0
2018-02-21,21.67,4.44,13.06,6.86,213.0,0.0
2018-02-22,6.67,2.78,4.72,1.27,179.0,0.0
2018-02-23,18.33,6.11,12.22,7.11,246.0,1.0
2018-02-24,24.44,16.11,20.27,0.76,157.0,0.0
2018-02-25,17.78,6.67,12.23,2.79,181.0,1.0
2018-02-26,21.11,9.44,15.27,0.0,179.0,0.0
2018-02-27,27.22,12.78,20.0,1.02,175.0,0.0
2018-02-28,28.33,20.0,24.16,0.0,156.0,0.0
2018-03-01,21.67,10.0,15.84,0.0,176.0,1.0
2018-03-02,24.44,8.33,16.39,0.0,169.0,0.0
2018-03-03,22.22,6.11,14.16,2.54,154.0,0.0
2018-03-04,27.22,17.78,22.5,0.0,172.0,1.0
2018-03-05,28.89,16.11,22.5,0.0,169.0,0.0
2018-03-06,23.33,8.33,15.83,0.0,122.0,0.0
2018-03-07,18.89,3.89,11.39,0.0,130.0,1.0
2018-03-08,21.67,5.0,13.34,0.0,140.0,1.0
2018-03-09,22.78,7.78,15.28,0.0,161.0,1.0
2018-03-10,31.67,18.89,25.28,0.0,190.0,1.0
2018-03-11,21.11,12.22,16.66,0.0,188.0,0.0
2018-03-12,18.89,3.89,11.39,0.0,179.0,0.0
2018-03-13,21.11,1.11,11.11,0.0,168.0,0.0
2018-03-14,22.22,0.56,11.39,0.0,157.0,0.0
2018-03-15,24.44,4.44,14.44,0.0,156.0,0.0
2018-03-16,31.11,16.11,23.61,0.0,147.0,0.0
2018-03-17,28.89,15.0,21.94,0.0,155.0,1.0
2018-03-18,27.78,16.67,22.22,0.51,178.0,1.0
2018-03-19,28.89,13.89,21.39,0.0,178.0,0.0
2018-03-20,23.33,6.11,14.72,0.0,168.0,0.0
2018-03-21,25.56,3.33,14.44,0.0,166.0,0.0
2018-03-22,27.78,6.11,16.94,0.0,134.0,0.0
2018-03-23,27.22,12.22,19.72,0.0,182.0,1.0
2018-03-24,28.89,18.89,23.89,0.0,131.0,0.0
2018-03-25,25.0,20.0,22.5,0.25,173.0,1.0
2018-03-26,30.0,18.89,24.44,0.0,182.0,1.0
2018-03-27,28.33,17.22,22.78,2.29,256.0,1.0
2018-03-28,21.67,15.0,18.34,152.15,2460.0,1.0
2018-03-29,28.33,13.33,20.83,0.0,509.0,0.0
2018-03-30,23.33,11.67,17.5,0.0,238.0,0.0
2018-03-31,28.33,12.22,20.27,0.0,174.0,0.0
2018-04-01,28.33,17.78,23.06,0.0,168.0,0.0
2018-04-02,30.0,14.44,22.22,0.0,158.0,0.0
2018-04-03,27.22,17.22,22.22,0.0,144.0,0.0
2018-04-04,21.67,9.44,15.56,0.0,207.0,1.0
2018-04-05,25.56,11.67,18.61,0.0,198.0,0.0
2018-04-06,30.0,17.78,23.89,7.62,199.0,1.0
2018-04-07,17.78,5.0,11.39,0.25,224.0,1.0
2018-04-08,18.33,5.0,11.66,0.0,194.0,0.0
2018-04-09,18.33,9.44,13.88,0.0,199.0,1.0
2018-04-10,23.89,7.78,15.84,0.0,188.0,0.0
2018-04-11,27.78,5.56,16.67,0.0,184.0,0.0
2018-04-12,30.0,16.11,23.06,0.0,129.0,0.0
2018-04-13,29.44,15.0,22.22,2.54,192.0,1.0
2018-04-14,21.67,8.33,15.0,0.0,133.0,0.0
2018-04-15,22.78,4.44,13.61,0.0,113.0,0.0
2018-04-16,27.78,5.0,16.39,0.0,127.0,1.0
2018-04-17,29.44,12.22,20.83,0.0,115.0,0.0
2018-04-18,27.78,11.67,19.73,0.0,131.0,1.0
2018-04-19,25.0,10.56,17.78,0.0,111.0,0.0
2018-04-20,20.56,8.89,14.72,0.0,118.0,1.0
2018-04-21,21.67,15.0,18.34,6.1,120.0,1.0
2018-04-22,25.0,11.11,18.06,0.0,111.0,0.0
2018-04-23,30.0,8.33,19.16,0.0,174.0,1.0
2018-04-24,29.44,10.0,19.72,0.0,111.0,0.0
2018-04-25,30.56,11.11,20.84,8.13,199.0,1.0
2018-04-26,24.44,7.22,15.83,0.0,196.0,0.0
2018-04-27,26.67,10.0,18.34,0.0,168.0,0.0
2018-04-28,28.33,10.0,19.16,0.0,271.0,1.0
2018-04-29,27.78,10.56,19.17,0.0,265.0,0.0
2018-04-30,26.11,14.44,20.27,0.0,260.0,0.0
2018-05-01,27.22,21.11,24.16,0.0,269.0,1.0
2018-05-02,30.56,22.78,26.67,0.0,311.0,1.0
2018-05-03,30.0,23.33,26.66,0.25,460.0,1.0
2018-05-04,23.33,17.22,20.27,63.25,2360.0,1.0
2018-05-05,28.89,14.44,21.66,2.29,474.0,0.0
2018-05-06,31.11,12.78,21.94,0.0,367.0,0.0
2018-05-07,32.78,11.67,22.22,0.0,435.0,1.0
2018-05-08,31.67,16.11,23.89,0.0,452.0,1.0
2018-05-09,31.11,15.0,23.06,0.0,514.0,1.0
2018-05-10,31.67,15.0,23.34,0.0,498.0,0.0
2018-05-11,32.78,21.11,26.94,0.0,564.0,1.0
2018-05-12,33.89,21.67,27.78,0.0,981.0,1.0
2018-05-13,33.33,22.78,28.06,0.0,1130.0,1.0
2018-05-14,32.22,22.22,27.22,0.0,1110.0,0.0
2018-05-15,32.78,22.22,27.5,0.25,1110.0,0.0
2018-05-16,36.11,18.33,27.22,0.0,966.0,0.0
2018-05-17,36.11,18.33,27.22,0.0,956.0,0.0
2018-05-18,35.56,21.67,28.62,0.0,1030.0,1.0
2018-05-19,34.44,22.78,28.61,0.0,1090.0,1.0
2018-05-20,30.56,21.11,25.84,12.19,1200.0,1.0
2018-05-21,30.0,20.0,25.0,0.0,1160.0,0.0
2018-05-22,32.22,19.44,25.83,0.0,1150.0,0.0
2018-05-23,32.22,18.33,25.28,3.81,1100.0,0.0
2018-05-24,33.89,20.56,27.22,0.0,1020.0,0.0
2018-05-25,35.0,22.22,28.61,0.0,992.0,0.0
2018-05-26,36.11,22.22,29.16,0.0,838.0,0.0
2018-05-27,36.11,21.67,28.89,0.0,826.0,0.0
2018-05-28,35.0,20.56,27.78,0.0,720.0,0.0
2018-05-29,35.56,20.0,27.78,0.0,952.0,1.0
2018-05-30,36.11,21.67,28.89,0.0,790.0,0.0
2018-05-31,36.67,23.33,30.0,0.0,723.0,0.0
2018-06-01,37.22,23.89,30.56,0.0,828.0,1.0
2018-06-02,37.78,24.44,31.11,0.0,924.0,1.0
2018-06-03,37.22,23.89,30.56,0.0,876.0,0.0
2018-06-04,33.33,22.78,28.06,2.79,1370.0,1.0
2018-06-05,37.78,22.22,30.0,0.0,946.0,0.0
2018-06-06,37.22,24.44,30.83,0.0,818.0,0.0
2018-06-07,36.67,22.78,29.72,0.0,832.0,1.0
2018-06-08,36.11,21.11,28.61,0.0,838.0,1.0
2018-06-09,36.11,22.78,29.44,0.0,818.0,0.0
2018-06-10,37.22,24.44,30.83,0.0,833.0,1.0
2018-06-11,36.67,25.0,30.84,0.0,832.0,0.0
2018-06-12,37.78,25.0,31.39,0.0,778.0,0.0
2018-06-13,37.22,22.78,30.0,0.0,716.0,0.0
2018-06-14,36.67,20.56,28.62,0.0,748.0,1.0
2018-06-15,36.67,20.0,28.34,0.0,727.0,0.0
2018-06-16,35.0,21.67,28.34,0.51,675.0,0.0
2018-06-17,34.44,20.56,27.5,0.0,690.0,1.0
2018-06-18,34.44,23.89,29.16,0.76,680.0,0.0
2018-06-19,27.78,23.33,25.56,5.59,680.0,0.0
2018-06-20,27.78,23.89,25.84,5.84,757.0,1.0
2018-06-21,34.44,23.33,28.88,0.0,699.0,0.0
2018-06-22,37.22,24.44,30.83,0.0,532.0,0.0
2018-06-23,37.22,23.33,30.28,0.0,540.0,1.0
2018-06-24,37.22,25.0,31.11,0.0,538.0,0.0
2018-06-25,35.0,25.0,30.0,0.25,546.0,1.0
2018-06-26,36.67,25.0,30.84,0.0,504.0,0.0
2018-06-27,37.22,23.89,30.56,0.0,643.0,1.0
2018-06-28,37.22,23.33,30.28,0.0,737.0,1.0
2018-06-29,37.22,24.44,30.83,0.0,764.0,1.0
2018-06-30,37.78,25.0,31.39,0.0,751.0,0.0
2018-07-01,39.44,24.44,31.94,0.0,839.0,1.0
2018-07-02,38.33,22.78,30.56,0.0,967.0,1.0
2018-07-03,38.89,23.33,31.11,0.0,912.0,0.0
2018-07-04,36.67,22.22,29.44,16.0,1140.0,1.0
2018-07-05,33.89,21.67,27.78,0.0,1010.0,0.0
2018-07-06,35.56,22.78,29.17,5.33,927.0,0.0
2018-07-07,34.44,22.22,28.33,0.0,858.0,0.0
2018-07-08,35.0,21.67,28.34,0.0,656.0,0.0
2018-07-09,29.44,21.67,25.56,10.67,1260.0,1.0
2018-07-10,35.0,21.11,28.06,0.0,525.0,0.0
2018-07-11,35.56,22.22,28.89,0.0,496.0,0.0
2018-07-12,36.11,22.78,29.44,0.0,429.0,0.0
2018-07-13,35.56,23.33,29.44,0.0,542.0,1.0
2018-07-14,36.67,23.33,30.0,0.0,450.0,0.0
2018-07-15,36.67,23.89,30.28,0.0,511.0,1.0
2018-07-16,37.22,23.33,30.28,0.0,604.0,1.0
2018-07-17,37.78,22.78,30.28,0.0,585.0,0.0
2018-07-18,38.89,23.33,31.11,0.0,692.0,1.0
2018-07-19,40.0,24.44,32.22,0.0,628.0,0.0
2018-07-20,40.0,23.89,31.94,0.0,637.0,1.0
2018-07-21,39.44,20.56,30.0,0.0,635.0,0.0
2018-07-22,40.56,23.89,32.22,0.0,633.0,0.0
2018-07-23,42.78,23.89,33.34,0.0,631.0,0.0
2018-07-24,38.89,25.56,32.22,0.0,599.0,0.0
2018-07-25,38.33,23.33,30.83,0.0,578.0,0.0
2018-07-26,37.78,21.11,29.44,0.0,562.0,0.0
2018-07-27,38.89,20.0,29.44,0.0,551.0,0.0
2018-07-28,38.33,19.44,28.88,0.0,544.0,0.0
2018-07-29,38.89,23.33,31.11,0.0,597.0,1.0
2018-07-30,38.33,25.0,31.66,0.0,597.0,0.0
2018-07-31,36.67,24.44,30.56,0.0,625.0,1.0
2018-08-01,37.22,20.56,28.89,0.0,628.0,1.0
2018-08-02,37.22,16.67,26.94,0.0,632.0,1.0
2018-08-03,36.67,19.44,28.06,0.0,632.0,0.0
2018-08-04,37.22,18.89,28.06,0.0,636.0,1.0
2018-08-05,36.67,21.67,29.17,0.0,634.0,0.0
2018-08-06,35.56,20.56,28.06,0.0,639.0,1.0
2018-08-07,37.22,22.78,30.0,0.0,605.0,0.0
2018-08-08,38.33,25.56,31.94,0.0,551.0,0.0
2018-08-09,37.78,21.11,29.44,0.0,548.0,0.0
2018-08-10,36.67,23.89,30.28,0.0,603.0,1.0
2018-08-11,36.11,24.44,30.28,0.0,697.0,1.0
2018-08-12,33.33,23.33,28.33,15.49,697.0,0.0
2018-08-13,36.67,24.44,30.56,0.0,474.0,0.0
2018-08-14,36.67,23.33,30.0,0.0,524.0,1.0
2018-08-15,37.78,23.33,30.56,0.0,531.0,1.0
2018-08-16,38.33,25.0,31.66,0.0,522.0,0.0
2018-08-17,39.44,22.22,30.83,0.0,606.0,1.0
2018-08-18,39.44,24.44,31.94,0.0,530.0,0.0
2018-08-19,38.89,24.44,31.66,0.0,581.0,1.0
2018-08-20,38.89,25.56,32.22,5.84,497.0,0.0
2018-08-21,39.44,24.44,31.94,0.0,508.0,1.0
2018-08-22,39.44,25.56,32.5,0.0,551.0,1.0
2018-08-23,38.89,22.78,30.84,0.0,696.0,1.0
2018-08-24,38.89,22.78,30.84,0.0,794.0,1.0
2018-08-25,38.33,24.44,31.38,0.0,809.0,1.0
2018-08-26,38.33,23.89,31.11,0.0,806.0,0.0
2018-08-27,38.33,23.89,31.11,0.0,713.0,0.0
2018-08-28,38.89,25.56,32.22,0.0,791.0,1.0
2018-08-29,38.89,23.89,31.39,0.0,814.0,1.0
2018-08-30,37.22,22.78,30.0,0.0,733.0,0.0
2018-08-31,37.78,20.0,28.89,0.0,874.0,1.0
2018-09-01,37.78,22.22,30.0,0.0,726.0,0.0
2018-09-02,37.78,23.33,30.56,0.0,735.0,1.0
2018-09-03,35.56,23.89,29.72,19.81,769.0,1.0
2018-09-04,33.89,24.44,29.16,1.78,838.0,1.0
2018-09-05,35.0,23.33,29.16,0.0,653.0,0.0
2018-09-06,35.0,23.89,29.44,0.76,463.0,0.0
2018-09-07,31.67,24.44,28.06,8.64,441.0,0.0
2018-09-08,34.44,23.33,28.88,0.0,474.0,1.0
2018-09-09,26.11,23.33,24.72,52.83,606.0,1.0
2018-09-10,25.0,22.22,23.61,3.3,156.0,0.0
2018-09-11,30.0,22.22,26.11,7.37,211.0,1.0
2018-09-12,30.56,23.89,27.22,7.11,162.0,0.0
2018-09-13,33.33,22.78,28.06,0.0,138.0,0.0
2018-09-14,30.0,22.78,26.39,10.41,128.0,0.0
2018-09-15,30.0,23.33,26.66,2.54,164.0,1.0
2018-09-16,32.22,21.67,26.94,3.05,332.0,1.0
2018-09-17,33.89,21.11,27.5,0.0,245.0,0.0
2018-09-18,33.89,22.78,28.34,0.0,238.0,0.0
2018-09-19,33.89,21.11,27.5,0.0,233.0,0.0
2018-09-20,32.78,23.89,28.34,6.86,316.0,1.0
2018-09-21,32.22,25.0,28.61,4.32,425.0,1.0
2018-09-22,26.67,21.67,24.17,11.94,926.0,1.0
2018-09-23,26.67,18.89,22.78,0.0,367.0,0.0
2018-09-24,32.22,21.67,26.94,0.0,218.0,0.0
2018-09-25,34.44,23.33,28.88,0.0,154.0,0.0
2018-09-26,32.22,20.56,26.39,1.27,149.0,0.0
2018-09-27,26.67,16.67,21.67,0.0,231.0,1.0
2018-09-28,29.44,15.56,22.5,0.0,350.0,1.0
2018-09-29,27.22,20.56,23.89,0.0,434.0,1.0
2018-09-30,30.56,19.44,25.0,0.0,387.0,0.0
2018-10-01,30.56,18.89,24.72,1.78,375.0,0.0
2018-10-02,31.67,20.0,25.84,0.0,377.0,1.0
2018-10-03,32.78,22.22,27.5,0.0,377.0,0.0
2018-10-04,32.78,20.56,26.67,0.0,373.0,0.0
2018-10-05,33.33,23.33,28.33,0.0,370.0,0.0
2018-10-06,30.56,22.78,26.67,12.19,613.0,1.0
2018-10-07,31.67,21.11,26.39,0.25,627.0,1.0
2018-10-08,29.44,22.22,25.83,13.46,662.0,1.0
2018-10-09,27.78,20.0,23.89,11.94,945.0,1.0
2018-10-10,26.11,16.11,21.11,0.0,853.0,0.0
2018-10-11,24.44,15.56,20.0,0.0,942.0,1.0
2018-10-12,30.0,15.0,22.5,0.0,933.0,0.0
2018-10-13,32.78,21.11,26.94,2.03,969.0,1.0
2018-10-14,32.78,20.0,26.39,1.52,1390.0,1.0
2018-10-15,24.44,7.22,15.83,57.15,1860.0,1.0
2018-10-16,11.67,8.89,10.28,16.26,8490.0,1.0
2018-10-17,15.56,10.56,13.06,1.27,24800.0,1.0
2018-10-18,16.67,12.78,14.73,1.27,27200.0,1.0
2018-10-19,18.89,15.56,17.23,28.19,27500.0,1.0
2018-10-20,20.0,15.56,17.78,0.0,27200.0,0.0
2018-10-21,23.33,12.78,18.06,0.0,26800.0,0.0
2018-10-22,18.89,12.78,15.84,0.51,26500.0,0.0
2018-10-23,20.0,11.67,15.84,8.89,26400.0,0.0
2018-10-24,17.22,14.44,15.83,11.68,26600.0,1.0
2018-10-25,20.56,10.0,15.28,0.0,26700.0,1.0
2018-10-26,26.67,9.44,18.06,0.0,26300.0,0.0
2018-10-27,30.0,9.44,19.72,0.0,25800.0,0.0
2018-10-28,28.89,11.11,20.0,0.0,25700.0,0.0
2018-10-29,29.44,12.22,20.83,0.0,25600.0,0.0
2018-10-30,29.44,18.33,23.88,0.0,25400.0,0.0
2018-10-31,29.44,13.89,21.66,14.48,25200.0,0.0
2018-11-01,21.11,8.89,15.0,0.0,22400.0,0.0
2018-11-02,25.56,4.44,15.0,0.0,19800.0,0.0
2018-11-03,26.11,7.78,16.94,0.0,17100.0,0.0
2018-11-04,22.78,10.56,16.67,12.95,15300.0,0.0
2018-11-05,26.67,10.56,18.62,0.0,12500.0,0.0
2018-11-06,26.67,14.44,20.56,0.25,10400.0,0.0
2018-11-07,31.11,17.78,24.44,0.0,7730.0,0.0
2018-11-08,17.78,13.89,15.84,24.38,4590.0,0.0
2018-11-09,15.56,10.56,13.06,3.3,4840.0,1.0
2018-11-10,12.22,8.89,10.56,0.0,4560.0,0.0
2018-11-11,13.33,8.89,11.11,5.59,4450.0,0.0
2018-11-12,10.56,3.89,7.22,3.81,4450.0,0.0
2018-11-13,9.44,1.11,5.28,0.0,4400.0,0.0
2018-11-14,13.33,-4.44,4.44,0.0,4280.0,0.0
2018-11-15,18.89,-2.78,8.06,0.0,4330.0,1.0
2018-11-16,21.11,0.0,10.56,0.0,966.0,0.0
2018-11-17,23.89,3.33,13.61,0.0,781.0,0.0
2018-11-18,17.22,6.67,11.94,7.37,977.0,1.0
2018-11-19,12.22,6.67,9.44,0.0,1270.0,1.0
2018-11-20,17.22,2.78,10.0,0.0,1410.0,1.0
2018-11-21,13.33,2.22,7.78,0.76,2650.0,1.0
2018-11-22,16.67,10.0,13.34,0.0,2270.0,0.0
2018-11-23,26.67,8.33,17.5,0.0,2050.0,0.0
2018-11-24,25.0,3.89,14.44,0.0,1640.0,0.0
2018-11-25,21.67,9.44,15.56,0.0,2030.0,1.0
2018-11-26,15.56,-0.56,7.5,0.0,1150.0,0.0
2018-11-27,17.78,-1.11,8.34,0.0,2030.0,1.0
2018-11-28,22.78,7.22,15.0,0.0,1850.0,0.0
2018-11-29,24.44,8.33,16.39,0.0,1230.0,0.0
2018-11-30,26.11,19.44,22.78,0.0,1840.0,1.0
2018-12-01,26.67,7.22,16.94,1.02,1700.0,0.0
2018-12-02,21.11,4.44,12.78,0.0,1180.0,0.0
2018-12-03,18.33,5.0,11.66,0.0,1250.0,1.0
2018-12-04,14.44,2.78,8.61,0.0,1540.0,1.0
2018-12-05,13.89,3.89,8.89,0.0,1300.0,0.0
2018-12-06,14.44,10.56,12.5,14.48,1260.0,0.0
2018-12-07,13.33,8.89,11.11,88.65,2300.0,1.0
2018-12-08,8.89,6.11,7.5,1.02,2350.0,1.0
2018-12-09,13.89,1.67,7.78,0.0,2640.0,1.0
2018-12-10,16.11,1.11,8.61,0.0,4100.0,1.0
2018-12-11,17.22,-1.67,7.78,0.0,4010.0,0.0
2018-12-12,19.44,8.33,13.89,0.0,3920.0,0.0
2018-12-13,22.78,7.22,15.0,0.0,3730.0,0.0
2018-12-14,12.78,7.22,10.0,0.0,3870.0,1.0
2018-12-15,21.11,2.22,11.66,0.0,3850.0,0.0
2018-12-16,18.89,-2.22,8.34,0.0,3950.0,1.0
2018-12-17,22.78,2.78,12.78,0.0,2450.0,0.0
2018-12-18,17.78,1.67,9.73,0.76,2400.0,0.0
2018-12-19,17.22,9.44,13.33,0.0,3880.0,1.0
2018-12-20,18.33,10.0,14.16,0.0,3820.0,0.0
2018-12-21,18.89,2.22,10.56,0.0,1510.0,0.0
2018-12-22,26.11,6.11,16.11,0.0,1610.0,1.0
2018-12-23,17.78,3.89,10.84,0.0,1580.0,0.0
2018-12-24,18.33,0.0,9.16,0.0,1580.0,0.0
2018-12-25,25.0,15.0,20.0,0.0,1580.0,0.0
2018-12-26,22.78,12.22,17.5,19.05,1540.0,0.0
2018-12-27,21.67,8.89,15.28,29.46,7070.0,1.0
2018-12-28,12.78,4.44,8.61,0.0,4650.0,0.0
2018-12-29,8.33,5.56,6.94,0.0,4380.0,0.0
2018-12-30,6.11,3.89,5.0,6.6,4280.0,0.0
2018-12-31,17.78,1.11,9.44,0.76,4190.0,0.0
2019-01-01,7.78,0.56,4.17,0.0,4250.0,1.0
2019-01-02,5.56,2.78,4.17,54.86,7140.0,1.0
2019-01-03,11.67,-0.56,5.56,5.59,10400.0,1.0
2019-01-04,19.44,-1.67,8.89,0.0,9160.0,0.0
2019-01-05,22.78,-1.11,10.84,0.0,8540.0,0.0
2019-01-06,23.89,0.56,12.22,0.0,8510.0,0.0
2019-01-07,25.0,13.89,19.44,0.0,8310.0,0.0
2019-01-08,25.56,9.44,17.5,0.0,5760.0,0.0
2019-01-09,17.22,5.0,11.11,0.0,4340.0,0.0
2019-01-10,16.11,3.89,10.0,0.0,4220.0,0.0
2019-01-11,16.67,5.0,10.84,8.38,4230.0,1.0
2019-01-12,17.22,5.0,11.11,0.0,4350.0,1.0
2019-01-13,12.22,3.33,7.78,0.0,4190.0,0.0
2019-01-14,10.56,1.11,5.84,0.0,4140.0,0.0
2019-01-15,11.11,8.33,9.72,0.0,4110.0,0.0
2019-01-16,14.44,10.0,12.22,1.27,4110.0,0.0
2019-01-17,25.56,8.33,16.94,0.0,1610.0,0.0
2019-01-18,18.89,8.33,13.61,0.25,1170.0,0.0
2019-01-19,18.89,1.67,10.28,0.0,1150.0,0.0
2019-01-20,12.78,-0.56,6.11,0.0,1320.0,1.0
2019-01-21,19.44,-2.78,8.33,0.0,1970.0,1.0
2019-01-22,21.67,6.11,13.89,2.54,394.0,0.0
2019-01-23,13.89,-1.11,6.39,0.0,1120.0,1.0
2019-01-24,17.78,-3.89,6.94,0.0,1070.0,0.0
2019-01-25,16.11,-0.56,7.78,0.0,2540.0,1.0
2019-01-26,18.33,2.78,10.56,6.86,3910.0,1.0
2019-01-27,20.0,3.33,11.66,2.79,3910.0,0.0
2019-01-28,22.22,2.22,12.22,0.0,3930.0,1.0
2019-01-29,10.0,2.22,6.11,0.0,3940.0,1.0
2019-01-30,12.78,2.22,7.5,0.0,2190.0,0.0
2019-01-31,16.11,8.89,12.5,0.25,1880.0,0.0
2019-02-01,19.44,13.89,16.66,0.0,1890.0,1.0
2019-02-02,19.44,15.56,17.5,0.0,1260.0,0.0
2019-02-03,24.44,16.67,20.56,0.51,1260.0,0.0
2019-02-04,25.0,18.89,21.94,0.0,1540.0,1.0
2019-02-05,26.11,20.0,23.06,0.0,1580.0,1.0
2019-02-06,25.56,20.56,23.06,0.25,2430.0,1.0
2019-02-07,22.78,4.44,13.61,0.25,3050.0,1.0
2019-02-08,4.44,1.11,2.78,0.0,2120.0,0.0
2019-02-09,5.0,1.11,3.06,4.57,2380.0,1.0
2019-02-10,9.44,3.89,6.66,2.03,2430.0,1.0
2019-02-11,17.78,9.44,13.61,1.27,2410.0,0.0
2019-02-12,18.33,1.11,9.72,0.0,1650.0,0.0
2019-02-13,18.89,-2.78,8.06,0.0,864.0,0.0
2019-02-14,23.89,11.11,17.5,0.0,600.0,0.0
2019-02-15,30.56,9.44,20.0,0.0,621.0,1.0
2019-02-16,16.67,6.11,11.39,0.0,641.0,1.0
2019-02-17,17.22,8.33,12.77,0.0,634.0,0.0
2019-02-18,16.67,6.67,11.67,0.0,637.0,1.0
2019-02-19,7.78,5.0,6.39,3.81,961.0,1.0
2019-02-20,17.78,3.33,10.56,0.0,1330.0,1.0
2019-02-21,13.89,3.89,8.89,0.0,907.0,0.0
2019-02-22,14.44,10.0,12.22,0.76,766.0,0.0
2019-02-23,25.56,9.44,17.5,0.0,627.0,0.0
2019-02-24,17.78,4.44,11.11,0.0,582.0,0.0
2019-02-25,20.0,2.22,11.11,0.0,622.0,1.0
2019-02-26,18.33,12.78,15.56,1.02,601.0,0.0
2019-02-27,26.11,11.67,18.89,0.0,634.0,1.0
2019-02-28,11.67,4.44,8.06,1.02,601.0,0.0
2019-03-01,13.33,6.11,9.72,0.0,465.0,0.0
2019-03-02,12.22,7.78,10.0,0.25,793.0,1.0
2019-03-03,8.33,1.11,4.72,0.0,767.0,0.0
2019-03-04,4.44,-1.11,1.66,0.0,758.0,0.0
2019-03-05,9.44,-3.89,2.77,0.0,730.0,0.0
2019-03-06,15.56,-4.44,5.56,0.0,1010.0,1.0
2019-03-07,23.33,10.56,16.94,0.0,1100.0,1.0
2019-03-08,28.89,18.89,23.89,0.0,1090.0,0.0
2019-03-09,30.56,11.11,20.84,0.25,1370.0,1.0
2019-03-10,26.11,11.11,18.61,0.0,1430.0,1.0
2019-03-11,19.44,14.44,16.94,0.0,1410.0,0.0
2019-03-12,26.11,15.0,20.56,0.76,983.0,0.0
2019-03-13,27.78,13.33,20.56,10.92,1030.0,1.0
2019-03-14,23.89,10.56,17.23,0.0,937.0,0.0
2019-03-15,16.11,7.78,11.94,0.0,1140.0,1.0
2019-03-16,16.11,3.89,10.0,0.0,1470.0,1.0
2019-03-17,20.0,2.78,11.39,0.0,1450.0,0.0
2019-03-18,21.11,4.44,12.78,0.0,1400.0,0.0
2019-03-19,22.78,5.56,14.17,0.0,1180.0,0.0
2019-03-20,24.44,5.56,15.0,0.0,1090.0,0.0
2019-03-21,25.61,7.22,16.42,0.0,1100.0,1.0
2019-03-22,26.67,6.11,16.39,0.0,1040.0,0.0
2019-03-23,23.89,15.56,19.73,0.0,906.0,0.0
2019-03-24,28.33,18.33,23.33,0.0,912.0,1.0
2019-03-25,27.22,13.89,20.56,0.0,941.0,1.0
2019-03-26,25.56,8.89,17.23,0.0,924.0,0.0
2019-03-27,26.11,6.11,16.11,0.0,902.0,0.0
2019-03-28,26.11,8.89,17.5,0.0,906.0,1.0
2019-03-29,26.67,15.56,21.12,0.0,940.0,1.0
2019-03-30,21.67,10.56,16.12,0.0,811.0,0.0
2019-03-31,14.44,2.22,8.33,0.0,881.0,1.0
2019-04-01,16.11,1.11,8.61,0.0,897.0,1.0
2019-04-02,23.33,0.0,11.66,0.0,998.0,1.0
2019-04-03,21.67,11.67,16.67,0.25,1140.0,1.0
2019-04-04,32.78,17.22,25.0,1.02,1060.0,0.0
2019-04-05,28.33,13.33,20.83,0.0,1040.0,0.0
2019-04-06,22.78,17.78,20.28,19.05,2580.0,1.0
2019-04-07,22.78,17.78,20.28,29.97,3110.0,1.0
2019-04-08,31.11,15.56,23.34,0.0,1380.0,0.0
2019-04-09,31.67,11.11,21.39,0.0,1450.0,1.0
2019-04-10,33.89,10.56,22.22,0.0,1650.0,1.0
2019-04-11,28.33,13.89,21.11,0.0,1190.0,0.0
2019-04-12,26.67,10.56,18.62,0.0,998.0,0.0
2019-04-13,22.22,10.0,16.11,27.69,1170.0,1.0
2019-04-14,24.44,8.89,16.66,0.0,1020.0,0.0
2019-04-15,27.22,7.22,17.22,0.0,963.0,0.0
2019-04-16,28.33,17.22,22.78,0.0,1020.0,1.0
2019-04-17,28.89,17.22,23.06,4.57,905.0,0.0
2019-04-18,25.0,13.33,19.16,11.68,928.0,1.0
2019-04-19,24.44,9.44,16.94,0.0,2000.0,1.0
2019-04-20,27.78,7.78,17.78,0.0,2150.0,1.0
2019-04-21,28.89,10.0,19.44,0.0,1880.0,0.0
2019-04-22,27.22,20.0,23.61,0.0,1750.0,0.0
2019-04-23,26.67,20.0,23.34,0.0,1400.0,0.0
2019-04-24,22.22,14.44,18.33,47.75,4410.0,1.0
2019-04-25,31.11,11.67,21.39,0.0,4180.0,0.0
2019-04-26,27.22,15.0,21.11,0.0,4040.0,0.0
2019-04-27,29.44,11.67,20.56,0.0,3190.0,0.0
2019-04-28,30.0,16.67,23.34,0.0,4050.0,1.0
2019-04-29,30.0,20.0,25.0,0.0,4040.0,0.0
2019-04-30,30.56,24.44,27.5,0.0,4030.0,0.0
2019-05-01,29.44,24.44,26.94,0.0,4070.0,1.0
2019-05-02,28.33,16.67,22.5,0.51,4040.0,0.0
2019-05-03,28.33,17.22,22.78,121.16,7560.0,1.0
2019-05-04,27.78,15.0,21.39,0.0,7150.0,0.0
2019-05-05,30.0,13.89,21.94,0.0,4160.0,0.0
2019-05-06,25.0,17.78,21.39,0.0,8300.0,1.0
2019-05-07,30.56,18.89,24.72,19.56,9040.0,1.0
2019-05-08,26.11,19.44,22.78,40.13,12400.0,1.0
2019-05-09,31.11,18.33,24.72,0.0,10900.0,0.0
2019-05-10,20.0,13.89,16.94,0.0,10800.0,0.0
2019-05-11,19.44,15.0,17.22,1.02,12300.0,1.0
2019-05-12,27.22,15.0,21.11,0.0,18400.0,1.0
2019-05-13,29.44,12.78,21.11,0.0,18400.0,0.0
2019-05-14,28.33,15.56,21.94,0.0,18300.0,0.0
2019-05-15,31.11,17.22,24.16,0.0,17700.0,0.0
2019-05-16,31.67,17.22,24.44,0.0,13600.0,0.0
2019-05-17,33.33,23.33,28.33,0.0,9980.0,0.0
2019-05-18,31.67,25.0,28.34,5.84,4590.0,0.0
2019-05-19,33.89,23.89,28.89,0.0,4630.0,1.0
2019-05-20,33.33,23.89,28.61,0.0,1240.0,0.0
2019-05-21,31.11,18.89,25.0,3.56,4350.0,1.0
2019-05-22,34.44,23.33,28.88,0.0,2420.0,0.0
2019-05-23,34.44,25.0,29.72,0.0,2390.0,0.0
2019-05-24,33.89,24.44,29.16,0.0,3220.0,1.0
2019-05-25,33.89,24.44,29.16,0.0,4200.0,1.0
2019-05-26,33.89,24.44,29.16,0.0,4270.0,1.0
2019-05-27,32.78,22.78,27.78,0.0,3410.0,0.0
2019-05-28,33.33,23.33,28.33,0.0,4140.0,1.0
2019-05-29,34.44,25.0,29.72,0.0,1600.0,0.0
2019-05-30,30.0,21.67,25.84,42.93,1010.0,0.0
2019-05-31,32.78,21.67,27.22,0.0,1400.0,1.0
2019-06-01,33.33,23.89,28.61,0.0,1370.0,0.0
2019-06-02,34.44,22.22,28.33,0.0,1290.0,0.0
2019-06-03,34.44,22.22,28.33,0.0,2510.0,1.0
2019-06-04,29.44,22.22,25.83,10.92,4180.0,1.0
2019-06-05,32.78,24.44,28.61,0.25,4100.0,0.0
2019-06-06,34.44,20.56,27.5,26.67,4160.0,1.0
2019-06-07,35.0,21.67,28.34,0.0,4150.0,0.0
2019-06-08,36.67,20.56,28.62,0.0,4000.0,0.0
2019-06-09,36.11,22.78,29.44,9.91,4240.0,1.0
2019-06-10,31.67,22.78,27.22,0.0,2640.0,0.0
2019-06-11,26.67,20.56,23.62,1.27,1430.0,0.0
2019-06-12,32.22,18.89,25.56,0.0,1900.0,1.0
2019-06-13,33.33,20.0,26.66,0.0,2250.0,1.0
2019-06-14,33.33,20.0,26.66,0.0,2030.0,0.0
2019-06-15,35.0,24.44,29.72,0.0,2090.0,1.0
2019-06-16,35.56,21.67,28.62,16.51,1380.0,0.0
2019-06-17,32.78,21.11,26.94,5.33,1310.0,0.0
2019-06-18,34.44,21.67,28.06,0.0,1200.0,0.0
2019-06-19,35.56,25.56,30.56,0.0,898.0,0.0
2019-06-20,35.56,26.67,31.12,0.0,888.0,0.0
2019-06-21,35.56,26.67,31.12,0.0,814.0,0.0
2019-06-22,34.44,23.89,29.16,0.51,987.0,1.0
2019-06-23,35.56,27.22,31.39,0.25,1030.0,1.0
2019-06-24,28.33,20.0,24.16,13.97,1080.0,1.0
2019-06-25,33.89,21.11,27.5,0.0,2020.0,1.0
2019-06-26,33.33,20.56,26.94,0.0,2060.0,1.0
2019-06-27,34.44,21.67,28.06,32.26,2080.0,1.0
2019-06-28,33.89,22.78,28.34,0.0,1490.0,0.0
2019-06-29,34.44,21.11,27.78,12.19,1010.0,0.0
2019-06-30,30.56,20.56,25.56,11.94,1280.0,1.0
2019-07-01,33.89,22.22,28.06,0.0,1030.0,0.0
2019-07-02,34.44,23.89,29.16,0.0,1020.0,0.0
2019-07-03,33.33,23.89,28.61,0.0,1200.0,1.0
2019-07-04,33.89,23.89,28.89,0.0,1230.0,1.0
2019-07-05,35.0,25.56,30.28,0.0,1280.0,1.0
2019-07-06,33.89,23.89,28.89,0.0,1030.0,0.0
2019-07-07,35.0,25.56,30.28,0.0,967.0,0.0
2019-07-08,35.0,24.44,29.72,0.0,1060.0,1.0
2019-07-09,35.56,25.0,30.28,0.0,844.0,0.0
2019-07-10,36.11,25.0,30.56,0.0,922.0,1.0
2019-07-11,36.11,22.78,29.44,0.0,1070.0,1.0
2019-07-12,36.11,23.33,29.72,0.0,780.0,0.0
2019-07-13,35.56,21.67,28.62,0.0,844.0,1.0
2019-07-14,36.67,23.89,30.28,0.0,855.0,1.0
2019-07-15,36.11,23.33,29.72,0.0,863.0,1.0
2019-07-16,36.67,25.0,30.84,0.0,808.0,0.0
2019-07-17,36.67,23.89,30.28,0.0,731.0,0.0
2019-07-18,36.67,22.78,29.72,0.0,708.0,0.0
2019-07-19,36.67,24.44,30.56,0.0,656.0,0.0
2019-07-20,36.67,24.44,30.56,0.0,647.0,0.0
2019-07-21,36.67,21.67,29.17,0.0,646.0,0.0
2019-07-22,36.11,23.33,29.72,0.0,699.0,1.0
2019-07-23,33.33,23.89,28.61,0.0,690.0,0.0
2019-07-24,31.67,17.78,24.72,0.0,546.0,0.0
2019-07-25,32.22,14.44,23.33,0.0,407.0,0.0
2019-07-26,32.78,16.11,24.44,0.0,416.0,1.0
2019-07-27,34.44,18.33,26.38,0.0,346.0,0.0
2019-07-28,36.67,21.67,29.17,0.0,354.0,1.0
2019-07-29,36.11,22.78,29.44,0.0,359.0,1.0
2019-07-30,36.67,23.33,30.0,0.0,354.0,0.0
2019-07-31,37.78,22.78,30.28,0.0,341.0,0.0
2019-08-01,36.11,21.11,28.61,0.0,270.0,0.0
2019-08-02,36.67,22.78,29.72,0.0,269.0,0.0
2019-08-03,33.89,23.33,28.61,0.0,265.0,0.0
2019-08-04,34.44,23.33,28.88,1.02,273.0,1.0
2019-08-05,36.67,22.22,29.44,0.0,265.0,0.0
2019-08-06,37.22,22.78,30.0,0.0,265.0,0.0
2019-08-07,36.67,23.89,30.28,0.0,271.0,1.0
2019-08-08,37.78,24.44,31.11,0.0,285.0,1.0
2019-08-09,37.78,24.44,31.11,0.0,189.0,0.0
2019-08-10,37.78,25.0,31.39,0.0,250.0,1.0
2019-08-11,37.78,23.89,30.84,0.0,259.0,1.0
2019-08-12,38.33,24.44,31.38,0.0,255.0,0.0
2019-08-13,38.33,23.89,31.11,0.0,674.0,1.0
2019-08-14,37.78,22.78,30.28,0.0,466.0,0.0
2019-08-15,38.33,23.33,30.83,0.0,611.0,1.0
2019-08-16,38.89,23.89,31.39,0.0,686.0,1.0
2019-08-17,38.89,26.11,32.5,0.0,803.0,1.0
2019-08-18,38.89,26.11,32.5,0.0,837.0,1.0
2019-08-19,38.33,25.0,31.66,0.0,774.0,0.0
2019-08-20,37.78,25.0,31.39,0.0,707.0,0.0
2019-08-21,37.78,23.33,30.56,0.0,699.0,0.0
2019-08-22,37.78,23.89,30.84,0.0,706.0,1.0
2019-08-23,37.78,23.89,30.84,0.0,693.0,0.0
2019-08-24,36.11,24.44,30.28,0.0,702.0,1.0
2019-08-25,37.78,23.89,30.84,0.0,657.0,0.0
2019-08-26,38.89,25.56,32.22,0.0,656.0,0.0
2019-08-27,35.56,26.11,30.84,0.0,546.0,0.0
2019-08-28,37.78,23.89,30.84,0.0,460.0,0.0
2019-08-29,38.33,23.89,31.11,0.0,530.0,1.0
2019-08-30,37.22,23.33,30.28,0.0,453.0,0.0
2019-08-31,36.67,22.22,29.44,0.0,528.0,1.0
2019-09-01,36.11,22.22,29.16,0.0,499.0,0.0
2019-09-02,37.78,21.11,29.44,0.0,595.0,1.0
2019-09-03,37.78,20.0,28.89,0.0,540.0,0.0
2019-09-04,37.78,22.22,30.0,0.0,556.0,1.0
2019-09-05,38.33,20.0,29.16,0.0,562.0,1.0
2019-09-06,38.33,22.22,30.28,0.0,589.0,1.0
2019-09-07,37.78,22.22,30.0,0.0,692.0,1.0
2019-09-08,37.78,22.78,30.28,0.0,770.0,1.0
2019-09-09,37.78,22.78,30.28,0.0,772.0,1.0
2019-09-10,37.22,21.67,29.44,4.57,710.0,0.0
2019-09-11,36.11,20.56,28.34,0.0,660.0,0.0
2019-09-12,36.67,21.67,29.17,0.0,672.0,1.0
2019-09-13,36.67,20.56,28.62,0.0,586.0,0.0
2019-09-14,37.78,21.11,29.44,0.0,582.0,0.0
2019-09-15,36.11,20.0,28.06,0.0,590.0,1.0
2019-09-16,37.22,21.11,29.16,0.0,592.0,1.0
2019-09-17,33.89,21.67,27.78,0.0,632.0,1.0
2019-09-18,37.78,21.67,29.72,0.0,479.0,0.0
2019-09-19,36.67,24.44,30.56,0.0,187.0,0.0
2019-09-20,37.22,25.56,31.39,0.0,234.0,1.0
2019-09-21,36.11,25.56,30.84,0.0,325.0,1.0
2019-09-22,36.67,22.78,29.72,0.0,231.0,0.0
2019-09-23,36.11,23.89,30.0,0.0,341.0,1.0
2019-09-24,35.56,24.44,30.0,0.0,214.0,0.0
2019-09-25,36.11,21.11,28.61,0.0,164.0,0.0
2019-09-26,36.11,21.11,28.61,0.0,199.0,1.0
2019-09-27,36.11,22.22,29.16,0.0,287.0,1.0
2019-09-28,34.44,25.56,30.0,0.0,218.0,0.0
2019-09-29,36.11,26.11,31.11,0.0,296.0,1.0
2019-09-30,36.11,26.11,31.11,4.32,304.0,1.0
2019-10-01,35.56,25.0,30.28,0.0,364.0,1.0
2019-10-02,35.56,22.78,29.17,0.0,312.0,0.0
2019-10-03,35.56,21.11,28.34,0.0,344.0,1.0
2019-10-04,34.44,21.11,27.78,0.0,442.0,1.0
2019-10-05,35.56,19.44,27.5,0.0,384.0,0.0
2019-10-06,35.56,18.89,27.22,0.0,431.0,1.0
2019-10-07,28.89,19.44,24.16,0.0,365.0,0.0
2019-10-08,30.56,15.56,23.06,0.0,351.0,0.0
2019-10-09,35.0,15.56,25.28,0.0,324.0,0.0
2019-10-10,36.11,24.44,30.28,0.0,295.0,0.0
2019-10-11,27.22,8.33,17.77,1.02,289.0,0.0
2019-10-12,17.78,12.22,15.0,0.0,185.0,0.0
2019-10-13,26.67,13.33,20.0,0.0,145.0,0.0
2019-10-14,31.67,20.56,26.12,0.0,166.0,1.0
2019-10-15,35.0,23.33,29.16,0.76,177.0,1.0
2019-10-16,24.44,11.11,17.77,2.79,213.0,1.0
2019-10-17,25.0,10.0,17.5,0.0,252.0,1.0
2019-10-18,29.44,8.33,18.89,0.0,136.0,0.0
2019-10-19,36.11,15.56,25.84,0.0,174.0,1.0
2019-10-20,34.44,16.67,25.56,0.0,181.0,1.0
2019-10-21,27.22,10.0,18.61,6.1,180.0,0.0
2019-10-22,28.33,7.78,18.06,0.0,138.0,0.0
2019-10-23,30.56,7.78,19.17,0.0,155.0,1.0
2019-10-24,30.56,10.0,20.28,52.58,646.0,1.0
2019-10-25,16.11,7.78,11.94,0.51,1070.0,1.0
2019-10-26,23.33,6.67,15.0,0.0,200.0,0.0
2019-10-27,27.78,2.22,15.0,0.0,152.0,0.0
2019-10-28,28.33,9.44,18.88,0.0,140.0,0.0
2019-10-29,15.56,10.0,12.78,0.25,136.0,0.0
2019-10-30,10.0,5.56,7.78,0.25,131.0,0.0
2019-10-31,13.89,-1.11,6.39,0.0,127.0,0.0
2019-11-01,17.78,-3.89,6.94,0.0,120.0,0.0
2019-11-02,20.56,1.11,10.84,0.0,192.0,1.0
2019-11-03,23.33,2.22,12.77,0.0,124.0,0.0
2019-11-04,28.33,8.89,18.61,0.0,123.0,0.0
2019-11-05,29.44,13.89,21.66,0.0,120.0,0.0
2019-11-06,29.44,17.22,23.33,0.0,212.0,1.0
2019-11-07,19.44,7.22,13.33,3.3,162.0,0.0
2019-11-08,10.56,5.0,7.78,2.29,339.0,1.0
2019-11-09,21.11,3.89,12.5,0.0,297.0,0.0
2019-11-10,24.44,5.56,15.0,0.0,352.0,1.0
2019-11-11,23.33,0.56,11.94,0.51,368.0,1.0
2019-11-12,7.78,-1.67,3.06,0.0,336.0,0.0
2019-11-13,5.56,-2.78,1.39,0.0,354.0,1.0
2019-11-14,7.22,0.0,3.61,4.06,382.0,1.0
2019-11-15,17.22,-1.11,8.06,0.0,298.0,0.0
2019-11-16,19.44,-2.22,8.61,0.0,355.0,1.0
2019-11-17,21.11,2.22,11.66,0.0,285.0,0.0
2019-11-18,24.44,3.33,13.89,0.0,330.0,1.0
2019-11-19,26.67,4.44,15.56,0.0,364.0,1.0
2019-11-20,28.89,16.67,22.78,0.0,271.0,0.0
2019-11-21,26.67,20.0,23.34,0.0,351.0,1.0
2019-11-22,21.11,7.78,14.44,1.02,274.0,0.0
2019-11-23,21.67,4.44,13.06,0.0,269.0,0.0
2019-11-24,23.89,2.22,13.06,0.0,342.0,1.0
2019-11-25,28.33,8.89,18.61,0.0,308.0,0.0
2019-11-26,25.56,15.0,20.28,0.0,355.0,1.0
2019-11-27,19.44,11.11,15.28,0.0,233.0,0.0
2019-11-28,12.78,10.0,11.39,0.25,348.0,1.0
2019-11-29,23.89,11.11,17.5,4.32,397.0,1.0
2019-11-30,30.56,14.44,22.5,0.0,295.0,0.0
2019-12-01,18.89,3.89,11.39,0.0,339.0,1.0
2019-12-02,18.89,2.78,10.84,0.0,330.0,0.0
2019-12-03,23.33,-1.11,11.11,0.0,357.0,1.0
2019-12-04,23.33,4.44,13.88,0.0,304.0,0.0
2019-12-05,23.89,6.11,15.0,0.0,357.0,1.0
2019-12-06,23.33,9.44,16.38,0.0,308.0,0.0
2019-12-07,20.56,5.0,12.78,0.0,287.0,0.0
2019-12-08,25.0,4.44,14.72,0.0,351.0,1.0
2019-12-09,27.22,14.44,20.83,0.0,313.0,0.0
2019-12-10,14.44,2.22,8.33,9.4,434.0,1.0
2019-12-11,14.44,0.0,7.22,0.0,290.0,0.0
2019-12-12,16.67,-1.11,7.78,0.0,366.0,1.0
2019-12-13,26.11,1.67,13.89,0.0,348.0,0.0
2019-12-14,25.56,2.22,13.89,0.0,313.0,0.0
2019-12-15,27.78,3.89,15.84,0.0,379.0,1.0
2019-12-16,21.11,5.0,13.06,0.0,331.0,0.0
2019-12-17,12.78,-3.33,4.72,0.0,301.0,0.0
2019-12-18,15.56,-5.0,5.28,0.0,207.0,0.0
2019-12-19,16.11,-6.67,4.72,0.0,185.0,0.0
2019-12-20,11.11,8.33,9.72,10.16,221.0,1.0
2019-12-21,16.11,2.22,9.16,0.0,271.0,1.0
2019-12-22,15.56,-0.56,7.5,0.0,240.0,0.0
2019-12-23,22.22,-1.11,10.56,0.0,237.0,0.0
2019-12-24,21.67,-1.11,10.28,0.0,278.0,1.0
2019-12-25,22.22,2.78,12.5,0.0,333.0,1.0
2019-12-26,20.56,8.33,14.44,0.0,271.0,0.0
2019-12-27,20.56,8.89,14.72,0.0,253.0,0.0
2019-12-28,22.78,10.56,16.67,0.25,359.0,1.0
2019-12-29,19.44,5.0,12.22,0.0,302.0,0.0
2019-12-30,16.67,-0.56,8.06,0.0,298.0,0.0
2019-12-31,16.67,-2.22,7.22,0.0,311.0,1.0
2020-01-01,13.89,10.0,11.94,0.0,350.0,1.0
2020-01-02,16.11,5.0,10.56,0.51,325.0,0.0
2020-01-03,18.89,4.44,11.66,0.0,215.0,0.0
2020-01-04,21.67,0.56,11.12,0.0,289.0,1.0
2020-01-05,23.33,3.89,13.61,0.0,247.0,0.0
2020-01-06,23.89,1.67,12.78,0.0,311.0,1.0
2020-01-07,20.0,-0.61,9.7,0.0,274.0,0.0
2020-01-08,21.67,-3.28,9.2,0.0,301.0,1.0
2020-01-09,25.56,17.22,21.39,0.0,261.0,0.0
2020-01-10,25.56,14.44,20.0,10.92,288.0,1.0
2020-01-11,15.0,1.67,8.34,0.51,430.0,1.0
2020-01-12,17.22,-2.22,7.5,0.0,268.0,0.0
2020-01-13,16.11,8.33,12.22,2.29,261.0,0.0
2020-01-14,24.44,15.56,20.0,0.0,379.0,1.0
2020-01-15,27.78,19.0,23.39,0.25,327.0,0.0
2020-01-16,21.11,13.89,17.5,8.89,313.0,0.0
2020-01-17,16.11,11.11,13.61,2.79,376.0,1.0
2020-01-18,20.56,9.44,15.0,0.0,293.0,0.0
2020-01-19,14.44,3.33,8.88,0.0,316.0,1.0
2020-01-20,16.11,-0.61,7.75,0.0,360.0,1.0
2020-01-21,16.67,3.89,10.28,0.0,396.0,1.0
2020-01-22,15.0,8.89,11.94,23.11,665.0,1.0
2020-01-23,18.89,5.56,12.22,0.0,507.0,0.0
2020-01-24,19.44,2.78,11.11,0.0,444.0,0.0
2020-01-25,18.89,1.67,10.28,1.02,440.0,0.0
2020-01-26,25.0,8.33,16.66,0.0,435.0,0.0
2020-01-27,20.56,5.0,12.78,0.0,494.0,1.0
2020-01-28,22.78,10.0,16.39,6.1,416.0,0.0
2020-01-29,16.67,5.56,11.12,0.0,326.0,0.0
2020-01-30,10.0,6.67,8.34,0.0,314.0,0.0
2020-01-31,16.11,4.44,10.28,0.0,341.0,1.0
2020-02-01,23.33,1.11,12.22,0.0,325.0,0.0
2020-02-02,25.0,1.11,13.06,0.0,279.0,0.0
2020-02-03,22.78,12.78,17.78,0.0,337.0,1.0
2020-02-04,25.0,8.33,16.66,0.0,337.0,0.0
2020-02-05,7.78,1.0,4.39,0.51,405.0,1.0
2020-02-06,12.78,0.0,6.39,0.0,360.0,0.0
2020-02-07,23.89,-0.61,11.64,0.0,319.0,0.0
2020-02-08,20.56,2.78,11.67,0.0,298.0,0.0
2020-02-09,22.78,16.11,19.44,0.76,286.0,0.0
2020-02-10,22.22,8.89,15.56,5.59,312.0,1.0
2020-02-11,8.89,6.67,7.78,8.89,262.0,0.0
2020-02-12,14.44,5.0,9.72,17.02,851.0,1.0
2020-02-13,11.67,1.67,6.67,0.0,317.0,0.0
2020-02-14,14.44,-1.11,6.66,0.0,303.0,0.0
2020-02-15,18.33,-0.61,8.86,0.0,279.0,0.0
2020-02-16,24.44,7.22,15.83,0.0,450.0,1.0
2020-02-17,26.11,16.11,21.11,0.25,442.0,0.0
2020-02-18,22.78,10.0,16.39,1.27,545.0,1.0
2020-02-19,10.56,8.33,9.44,1.27,514.0,0.0
2020-02-20,10.56,6.67,8.62,8.38,535.0,1.0
2020-02-21,11.67,2.22,6.94,0.0,319.0,0.0
2020-02-22,17.22,3.33,10.27,0.0,360.0,1.0
2020-02-23,21.11,12.22,16.66,0.0,504.0,1.0
2020-02-24,21.11,6.67,13.89,0.0,353.0,0.0
2020-02-25,19.44,4.44,11.94,0.0,465.0,1.0
2020-02-26,12.22,-1.72,5.25,0.0,456.0,0.0
2020-02-27,17.22,-3.28,6.97,0.0,366.0,0.0
2020-02-28,22.78,0.0,11.39,0.0,256.0,0.0
2020-02-29,23.33,2.78,13.06,0.0,411.0,1.0
2020-03-01,25.0,12.78,18.89,0.0,388.0,0.0
2020-03-02,25.0,17.78,21.39,0.0,394.0,1.0
2020-03-03,23.89,15.56,19.73,0.0,307.0,0.0
2020-03-04,20.0,12.22,16.11,21.59,622.0,1.0
2020-03-05,23.33,9.44,16.38,0.0,220.0,0.0
2020-03-06,20.56,6.11,13.34,0.0,209.0,0.0
2020-03-07,17.22,4.44,10.83,0.0,219.0,1.0
2020-03-08,24.44,5.0,14.72,0.0,159.0,0.0
2020-03-09,20.56,17.78,19.17,5.33,185.0,1.0
2020-03-10,26.67,14.44,20.56,0.0,207.0,1.0
2020-03-11,28.33,18.33,23.33,0.0,207.0,0.0
2020-03-12,30.0,19.44,24.72,0.0,166.0,0.0
2020-03-13,28.33,20.0,24.16,0.0,172.0,1.0
2020-03-14,28.33,21.67,25.0,0.0,164.0,0.0
2020-03-15,21.67,15.56,18.62,1.27,168.0,1.0
2020-03-16,22.78,15.56,19.17,0.0,157.0,0.0
2020-03-17,26.67,19.44,23.06,9.65,162.0,1.0
2020-03-18,27.78,21.11,24.44,0.0,211.0,1.0
2020-03-19,27.22,20.56,23.89,3.05,238.0,1.0
2020-03-20,22.78,11.67,17.23,16.51,424.0,1.0
2020-03-21,12.78,9.44,11.11,24.64,484.0,1.0
2020-03-22,20.0,12.78,16.39,0.51,420.0,0.0
2020-03-23,27.78,18.33,23.06,0.51,275.0,0.0
2020-03-24,32.78,15.56,24.17,0.0,175.0,0.0
2020-03-25,31.11,12.22,21.66,0.0,115.0,0.0
2020-03-26,30.56,19.44,25.0,0.0,150.0,1.0
2020-03-27,31.11,20.0,25.56,0.0,175.0,1.0
2020-03-28,25.56,10.56,18.06,2.54,493.0,1.0
2020-03-29,26.11,8.89,17.5,0.0,534.0,1.0
2020-03-30,22.0,17.22,19.61,8.13,613.0,1.0
2020-03-31,21.67,11.11,16.39,0.0,499.0,0.0
2020-04-01,25.0,7.78,16.39,0.0,532.0,1.0
2020-04-02,22.22,15.56,18.89,9.4,564.0,1.0
2020-04-03,23.33,8.89,16.11,55.88,1220.0,1.0
2020-04-04,11.67,7.78,9.72,13.46,1220.0,0.0
2020-04-05,19.44,10.56,15.0,0.0,785.0,0.0
2020-04-06,25.56,15.0,20.28,0.0,685.0,0.0
2020-04-07,30.0,20.0,25.0,0.0,654.0,0.0
2020-04-08,31.67,22.22,26.94,0.0,638.0,0.0
2020-04-09,32.78,19.44,26.11,5.84,707.0,1.0
2020-04-10,23.33,17.78,20.56,0.0,648.0,0.0
2020-04-11,25.56,13.33,19.44,0.25,718.0,1.0
2020-04-12,30.0,14.44,22.22,0.0,676.0,0.0
2020-04-13,17.22,7.22,12.22,0.0,573.0,0.0
2020-04-14,17.78,7.22,12.5,0.0,614.0,1.0
2020-04-15,20.0,5.0,12.5,0.0,560.0,0.0
2020-04-16,25.0,6.67,15.84,0.0,627.0,1.0
2020-04-17,22.78,13.33,18.06,1.27,616.0,0.0
2020-04-18,16.11,12.78,14.44,0.51,571.0,0.0
2020-04-19,34.44,15.0,24.72,1.02,721.0,1.0
2020-04-20,30.56,11.11,20.84,0.0,739.0,1.0
2020-04-21,30.0,17.78,23.89,0.0,982.0,1.0
2020-04-22,27.22,20.0,23.61,0.76,662.0,0.0
2020-04-23,30.56,15.0,22.78,0.0,717.0,1.0
2020-04-24,35.0,10.56,22.78,0.0,822.0,1.0
2020-04-25,27.22,12.78,20.0,0.0,1100.0,1.0
2020-04-26,29.44,8.89,19.16,0.0,1120.0,1.0
2020-04-27,31.11,12.22,21.66,0.0,1140.0,1.0
2020-04-28,32.78,23.33,28.06,0.0,1050.0,0.0
2020-04-29,28.89,14.44,21.66,24.13,1430.0,1.0
2020-04-30,29.44,11.11,20.27,0.0,1240.0,0.0
2020-05-01,30.56,11.11,20.84,0.0,1550.0,1.0
2020-05-02,32.22,19.44,25.83,0.0,1420.0,0.0
2020-05-03,33.89,20.56,27.22,0.0,1360.0,0.0
2020-05-04,35.0,22.22,28.61,0.0,1280.0,0.0
2020-05-05,28.89,22.22,25.56,0.0,518.0,0.0
2020-05-06,29.44,15.0,22.22,0.0,495.0,0.0
2020-05-07,28.33,11.11,19.72,0.0,673.0,1.0
2020-05-08,30.0,18.33,24.16,0.0,761.0,1.0
2020-05-09,25.0,13.33,19.16,0.0,1140.0,1.0
2020-05-10,27.22,11.11,19.16,0.0,1160.0,1.0
2020-05-11,28.89,12.22,20.56,0.0,1200.0,1.0
2020-05-12,23.33,18.89,21.11,69.34,1850.0,1.0
2020-05-13,30.56,16.67,23.62,0.25,613.0,0.0
2020-05-14,32.78,22.22,27.5,0.0,825.0,1.0
2020-05-15,33.33,21.11,27.22,26.92,1060.0,1.0
2020-05-16,27.78,17.22,22.5,18.03,2480.0,1.0
2020-05-17,32.78,18.33,25.56,0.0,1020.0,0.0
2020-05-18,33.89,17.22,25.56,0.0,786.0,0.0
2020-05-19,34.44,18.89,26.66,0.0,801.0,1.0
2020-05-20,34.44,23.89,29.16,0.0,1040.0,1.0
2020-05-21,32.78,22.22,27.5,0.0,1060.0,1.0
2020-05-22,34.44,24.44,29.44,0.0,1040.0,0.0
2020-05-23,33.33,25.56,29.44,0.25,702.0,0.0
2020-05-24,33.33,20.0,26.66,70.36,1190.0,1.0
2020-05-25,25.0,19.0,22.0,25.4,1190.0,0.0
2020-05-26,29.44,17.22,23.33,0.0,329.0,0.0
2020-05-27,32.78,16.11,24.44,15.49,302.0,0.0
2020-05-28,30.56,17.22,23.89,0.0,578.0,1.0
2020-05-29,31.11,20.0,25.56,0.0,528.0,0.0
2020-05-30,30.56,16.67,23.62,0.0,481.0,0.0
2020-05-31,28.89,21.11,25.0,1.02,505.0,1.0
2020-06-01,28.33,20.56,24.44,0.0,467.0,0.0
2020-06-02,31.67,20.0,25.84,0.0,496.0,1.0
2020-06-03,32.78,21.67,27.22,0.0,501.0,1.0
2020-06-04,32.78,23.33,28.06,0.0,597.0,1.0
2020-06-05,33.89,23.89,28.89,0.0,551.0,0.0
2020-06-06,34.44,21.67,28.06,0.0,611.0,1.0
2020-06-07,34.44,23.33,28.88,0.0,579.0,0.0
2020-06-08,36.11,22.78,29.44,0.0,685.0,1.0
2020-06-09,36.67,25.56,31.12,0.0,810.0,1.0
2020-06-10,32.78,18.33,25.56,0.0,816.0,1.0
2020-06-11,34.44,15.0,24.72,0.0,849.0,1.0
2020-06-12,33.33,15.0,24.16,0.0,854.0,1.0
2020-06-13,33.33,17.22,25.28,0.0,810.0,0.0
2020-06-14,33.33,16.11,24.72,0.0,810.0,0.0
2020-06-15,34.44,20.56,27.5,5.84,1050.0,1.0
2020-06-16,33.33,22.22,27.78,0.0,1060.0,1.0
2020-06-17,33.89,19.44,26.66,0.0,1100.0,1.0
2020-06-18,34.44,20.0,27.22,0.0,1120.0,1.0
2020-06-19,33.89,23.89,28.89,0.0,1180.0,1.0
2020-06-20,33.89,21.11,27.5,13.46,1370.0,1.0
2020-06-21,35.0,23.89,29.44,0.0,1190.0,0.0
2020-06-22,33.33,25.56,29.44,0.0,1110.0,0.0
2020-06-23,33.33,21.67,27.5,27.94,1720.0,1.0
2020-06-24,28.89,23.33,26.11,0.25,991.0,0.0
2020-06-25,33.33,22.22,27.78,0.0,569.0,0.0
2020-06-26,29.44,22.22,25.83,16.76,946.0,1.0
2020-06-27,32.78,24.44,28.61,0.0,693.0,0.0
2020-06-28,30.56,25.0,27.78,4.83,692.0,0.0
2020-06-29,32.22,26.11,29.16,0.0,608.0,0.0
2020-06-30,33.33,26.11,29.72,0.0,490.0,0.0
2020-07-01,33.89,26.67,30.28,0.0,404.0,0.0
2020-07-02,35.0,26.11,30.56,0.0,354.0,0.0
2020-07-03,35.0,23.89,29.44,0.0,347.0,0.0
2020-07-04,36.11,23.89,30.0,0.0,334.0,0.0
2020-07-05,36.11,22.78,29.44,0.0,368.0,1.0
2020-07-06,33.89,25.56,29.72,0.0,455.0,1.0
2020-07-07,35.56,26.67,31.12,0.0,432.0,0.0
2020-07-08,35.56,26.11,30.84,0.0,510.0,1.0
2020-07-09,36.67,25.56,31.12,0.0,388.0,0.0
2020-07-10,37.22,26.11,31.66,0.0,416.0,1.0
2020-07-11,37.22,24.44,30.83,0.0,533.0,1.0
2020-07-12,38.33,25.0,31.66,0.0,547.0,1.0
2020-07-13,40.0,24.44,32.22,0.0,572.0,1.0
2020-07-14,38.89,25.0,31.94,0.0,545.0,0.0
2020-07-15,37.22,25.0,31.11,0.0,541.0,0.0
2020-07-16,37.22,24.44,30.83,0.0,685.0,1.0
2020-07-17,37.78,22.78,30.28,0.0,635.0,0.0
2020-07-18,35.0,23.33,29.16,0.0,681.0,1.0
2020-07-19,36.11,22.78,29.44,0.0,690.0,1.0
2020-07-20,36.67,22.78,29.72,0.0,771.0,1.0
2020-07-21,33.89,25.0,29.44,0.0,742.0,0.0
2020-07-22,35.56,25.0,30.28,0.0,802.0,1.0
2020-07-23,37.22,23.89,30.56,0.0,728.0,0.0
2020-07-24,36.67,24.44,30.56,0.0,813.0,1.0
2020-07-25,33.89,23.89,28.89,5.84,685.0,0.0
2020-07-26,33.89,24.44,29.16,10.67,663.0,0.0
2020-07-27,35.56,23.33,29.44,0.0,547.0,0.0
2020-07-28,36.11,23.33,29.72,0.0,570.0,1.0
2020-07-29,35.56,23.33,29.44,0.0,417.0,0.0
2020-07-30,36.11,23.89,30.0,0.0,340.0,0.0
2020-07-31,36.67,23.33,30.0,13.46,858.0,1.0
2020-08-01,35.56,23.33,29.44,0.0,410.0,0.0
2020-08-02,36.11,22.78,29.44,0.76,378.0,0.0
2020-08-03,37.22,21.11,29.16,0.0,337.0,0.0
2020-08-04,37.22,22.78,30.0,0.0,429.0,1.0
2020-08-05,37.78,23.33,30.56,0.0,487.0,1.0
2020-08-06,37.78,22.78,30.28,0.0,507.0,1.0
2020-08-07,37.22,22.22,29.72,0.0,506.0,0.0
2020-08-08,37.22,22.22,29.72,0.0,573.0,1.0
2020-08-09,37.78,25.0,31.39,0.0,663.0,1.0
2020-08-10,37.78,25.56,31.67,0.0,634.0,0.0
2020-08-11,38.33,25.0,31.66,0.0,546.0,0.0
2020-08-12,38.89,25.56,32.22,0.0,543.0,0.0
2020-08-13,38.89,25.0,31.94,0.0,673.0,1.0
2020-08-14,40.56,25.56,33.06,0.0,825.0,1.0
2020-08-15,40.0,25.56,32.78,0.0,815.0,0.0
2020-08-16,40.0,24.44,32.22,0.0,759.0,0.0
2020-08-17,36.67,24.44,30.56,0.0,775.0,1.0
2020-08-18,38.89,23.33,31.11,0.0,996.0,1.0
2020-08-19,38.33,20.56,29.44,0.0,899.0,0.0
2020-08-20,37.22,18.33,27.78,0.0,958.0,1.0
2020-08-21,38.33,20.56,29.44,0.0,913.0,0.0
2020-08-22,32.22,20.56,26.39,18.8,1290.0,1.0
2020-08-23,35.56,20.0,27.78,0.0,983.0,0.0
2020-08-24,36.11,22.78,29.44,0.0,932.0,0.0
2020-08-25,36.67,22.22,29.44,0.0,772.0,0.0
2020-08-26,33.89,23.89,28.89,0.0,821.0,1.0
2020-08-27,37.22,23.89,30.56,0.0,683.0,0.0
2020-08-28,40.0,26.67,33.34,0.0,845.0,1.0
2020-08-29,38.89,25.56,32.22,0.0,774.0,0.0
2020-08-30,38.33,24.44,31.38,0.0,857.0,1.0
2020-08-31,37.78,27.22,32.5,0.0,909.0,1.0
2020-09-01,38.33,28.33,33.33,0.0,1030.0,1.0
2020-09-02,30.0,22.78,26.39,8.38,1070.0,1.0
2020-09-03,33.33,24.44,28.88,2.03,1500.0,1.0
2020-09-04,28.33,22.0,25.16,90.17,1960.0,1.0
2020-09-05,32.78,22.78,27.78,0.0,1100.0,0.0
2020-09-06,34.44,22.78,28.61,0.0,1010.0,0.0
2020-09-07,34.44,22.22,28.33,0.0,989.0,0.0
2020-09-08,31.11,25.0,28.06,0.25,929.0,0.0
2020-09-09,27.78,16.67,22.22,31.75,1630.0,1.0
2020-09-10,20.0,15.0,17.5,0.51,892.0,0.0
2020-09-11,28.89,17.78,23.34,0.0,645.0,0.0
2020-09-12,33.33,20.0,26.66,0.0,172.0,0.0
2020-09-13,33.89,22.78,28.34,0.0,162.0,0.0
2020-09-14,32.22,23.33,27.78,0.0,501.0,1.0
2020-09-15,32.78,23.33,28.06,0.0,344.0,0.0
2020-09-16,33.33,23.33,28.33,2.29,621.0,1.0
2020-09-17,30.0,22.78,26.39,13.46,438.0,0.0
2020-09-18,31.11,21.67,26.39,0.0,478.0,1.0
2020-09-19,28.89,18.89,23.89,0.0,257.0,0.0
2020-09-20,29.44,16.67,23.06,4.32,166.0,0.0
2020-09-21,22.78,20.0,21.39,14.22,326.0,1.0
2020-09-22,23.89,20.56,22.22,0.76,559.0,1.0
2020-09-23,24.44,20.56,22.5,0.0,407.0,0.0
2020-09-24,26.11,16.67,21.39,0.0,199.0,0.0
2020-09-25,30.0,13.89,21.94,0.0,162.0,0.0
2020-09-26,31.67,16.67,24.17,0.0,138.0,0.0
2020-09-27,33.33,24.44,28.88,0.0,229.0,1.0
2020-09-28,26.67,17.22,21.94,0.0,273.0,1.0
2020-09-29,28.33,9.44,18.88,0.0,461.0,1.0
2020-09-30,30.56,8.33,19.44,0.0,242.0,0.0
2020-10-01,32.78,9.44,21.11,0.0,242.0,0.0
2020-10-02,28.33,12.22,20.27,0.0,300.0,1.0
2020-10-03,30.0,10.56,20.28,0.0,322.0,1.0
2020-10-04,30.56,12.78,21.67,0.0,389.0,1.0
2020-10-05,30.0,16.11,23.06,0.0,398.0,1.0
2020-10-06,31.11,15.56,23.34,0.0,464.0,1.0
2020-10-07,32.22,15.0,23.61,0.0,457.0,0.0
2020-10-08,30.56,13.89,22.22,0.0,492.0,1.0
2020-10-09,31.11,22.22,26.66,3.81,393.0,0.0
2020-10-10,35.0,17.78,26.39,0.0,406.0,1.0
2020-10-11,35.56,17.22,26.39,0.0,499.0,1.0
2020-10-12,30.56,16.11,23.34,0.0,179.0,0.0
2020-10-13,31.11,13.33,22.22,0.0,199.0,1.0
2020-10-14,32.78,13.89,23.34,0.0,181.0,0.0
2020-10-15,30.56,19.44,25.0,0.0,149.0,0.0
2020-10-16,25.0,10.0,17.5,0.0,144.0,0.0
2020-10-17,27.22,13.33,20.27,0.25,154.0,1.0
2020-10-18,32.78,22.78,27.78,0.0,133.0,0.0
2020-10-19,33.33,22.78,28.06,0.0,140.0,1.0
2020-10-20,32.78,23.33,28.06,0.0,140.0,0.0
2020-10-21,32.22,21.11,26.66,0.0,140.0,0.0
2020-10-22,32.22,19.44,25.83,0.0,195.0,1.0
2020-10-23,28.89,13.0,20.94,0.0,225.0,1.0
2020-10-24,18.89,12.22,15.56,0.0,188.0,0.0
2020-10-25,29.44,10.0,19.72,0.0,139.0,0.0
2020-10-26,26.11,6.67,16.39,0.51,122.0,0.0
2020-10-27,,,,1.02,139.0,1.0
2020-10-28,16.67,5.0,10.84,3.05,125.0,0.0
2020-10-29,17.78,6.11,11.94,0.0,117.0,0.0
2020-10-30,22.22,6.11,14.16,0.0,113.0,0.0
2020-10-31,25.56,2.22,13.89,0.0,111.0,0.0
2020-11-01,26.11,6.67,16.39,0.0,130.0,1.0
2020-11-02,25.0,3.89,14.44,0.0,155.0,1.0
2020-11-03,26.67,2.78,14.73,0.0,250.0,1.0
2020-11-04,27.22,5.0,16.11,0.0,125.0,0.0
2020-11-05,27.22,8.89,18.06,0.0,136.0,1.0
2020-11-06,26.11,12.22,19.16,0.0,140.0,1.0
2020-11-07,27.22,8.33,17.77,0.0,135.0,0.0
2020-11-08,28.33,10.0,19.16,0.0,135.0,0.0
2020-11-09,29.44,16.11,22.78,0.0,119.0,0.0
2020-11-10,27.78,15.0,21.39,0.0,186.0,1.0
2020-11-11,28.33,12.22,20.27,0.0,135.0,0.0
2020-11-12,28.89,14.44,21.66,0.0,125.0,0.0
2020-11-13,28.89,14.44,21.66,0.0,133.0,1.0
2020-11-14,31.11,18.89,25.0,0.0,134.0,1.0
2020-11-15,22.78,3.89,13.34,0.0,153.0,1.0
2020-11-16,24.44,1.67,13.06,0.0,153.0,0.0
2020-11-17,24.44,1.11,12.78,0.0,123.0,0.0
2020-11-18,26.67,2.22,14.44,0.0,107.0,0.0
2020-11-19,28.33,10.0,19.16,0.0,98.3,0.0
2020-11-20,28.33,11.67,20.0,0.0,101.0,1.0
2020-11-21,26.67,13.89,20.28,0.25,97.1,0.0
2020-11-22,27.78,14.44,21.11,0.0,119.0,1.0
2020-11-23,20.0,11.11,15.56,0.0,125.0,1.0
2020-11-24,29.44,16.67,23.06,0.25,212.0,1.0
2020-11-25,22.78,7.22,15.0,0.0,134.0,0.0
2020-11-26,25.0,5.0,15.0,0.0,129.0,0.0
2020-11-27,21.67,15.56,18.62,0.76,144.0,1.0
2020-11-28,16.11,11.11,13.61,19.81,145.0,1.0
2020-11-29,13.89,8.89,11.39,0.0,210.0,1.0
2020-11-30,13.89,0.0,6.94,0.0,115.0,0.0
2020-12-01,17.78,-5.61,6.09,0.0,161.0,1.0
2020-12-02,18.89,3.89,11.39,0.0,163.0,1.0
2020-12-03,14.44,3.33,8.88,0.0,129.0,0.0
2020-12-04,15.0,1.11,8.06,0.0,128.0,0.0
2020-12-05,12.22,1.11,6.66,0.25,147.0,1.0
2020-12-06,19.44,0.56,10.0,0.0,132.0,0.0
2020-12-07,21.67,2.78,12.23,0.0,132.0,0.0
2020-12-08,26.11,3.33,14.72,0.0,130.0,0.0
2020-12-09,27.78,6.11,16.94,0.0,132.0,1.0
2020-12-10,26.67,7.22,16.94,0.0,131.0,0.0
2020-12-11,25.0,9.44,17.22,1.27,156.0,1.0
2020-12-12,17.22,8.33,12.77,0.0,127.0,0.0
2020-12-13,20.0,6.11,13.06,0.0,143.0,1.0
2020-12-14,10.56,1.11,5.84,0.0,132.0,0.0
2020-12-15,16.11,0.0,8.06,0.0,139.0,1.0
2020-12-16,12.78,-0.61,6.08,0.0,142.0,1.0
2020-12-17,17.78,-3.28,7.25,0.0,140.0,0.0
2020-12-18,18.33,-2.78,7.78,0.0,141.0,1.0
2020-12-19,20.0,4.44,12.22,41.15,450.0,1.0
2020-12-20,21.11,1.67,11.39,0.0,209.0,0.0
2020-12-21,24.44,1.11,12.78,0.0,149.0,0.0
2020-12-22,23.33,2.78,13.06,0.0,147.0,0.0
2020-12-23,26.11,8.89,17.5,0.0,166.0,1.0
2020-12-24,13.89,2.78,8.34,0.0,134.0,0.0
2020-12-25,20.56,0.0,10.28,0.0,137.0,1.0
2020-12-26,21.11,-1.11,10.0,0.0,137.0,0.0
2020-12-27,25.0,3.33,14.16,0.0,154.0,1.0
2020-12-28,25.0,8.89,16.94,0.0,136.0,0.0
2020-12-29,25.0,17.0,21.0,0.51,213.0,1.0
2020-12-30,22.78,7.22,15.0,11.94,310.0,1.0
2020-12-31,7.22,3.33,5.28,56.64,937.0,1.0
2021-01-01,11.67,1.11,6.39,0.0,353.0,0.0
2021-01-02,17.78,0.56,9.17,0.0,165.0,0.0
2021-01-03,20.56,0.56,10.56,0.0,189.0,1.0
2021-01-04,25.0,1.67,13.34,0.0,165.0,0.0
2021-01-05,21.67,6.67,14.17,0.0,145.0,0.0
2021-01-06,20.56,11.11,15.84,8.89,311.0,1.0
2021-01-07,17.22,3.33,10.27,0.0,249.0,0.0
2021-01-08,11.11,0.0,5.56,0.0,165.0,0.0
2021-01-09,12.22,-2.78,4.72,0.25,118.0,0.0
2021-01-10,7.78,1.11,4.44,27.18,287.0,1.0
2021-01-11,9.44,-1.72,3.86,0.0,227.0,0.0
2021-01-12,10.0,-3.28,3.36,0.0,174.0,0.0
2021-01-13,18.33,-2.22,8.06,0.0,137.0,0.0
2021-01-14,21.67,2.78,12.23,0.0,131.0,0.0
2021-01-15,16.11,3.89,10.0,0.0,135.0,1.0
2021-01-16,17.22,3.89,10.56,0.0,128.0,0.0
2021-01-17,20.0,3.89,11.94,0.0,149.0,1.0
2021-01-18,23.89,3.89,13.89,0.0,165.0,1.0
2021-01-19,22.22,10.0,16.11,3.3,156.0,0.0
2021-01-20,13.89,9.44,11.66,2.54,167.0,1.0
2021-01-21,19.44,10.0,14.72,0.0,141.0,0.0
2021-01-22,25.56,12.22,18.89,0.25,172.0,1.0
2021-01-23,17.78,10.56,14.17,0.25,141.0,0.0
2021-01-24,22.22,16.11,19.16,1.02,157.0,1.0
2021-01-25,24.44,7.22,15.83,0.76,156.0,0.0
2021-01-26,23.33,2.78,13.06,0.0,134.0,0.0
2021-01-27,19.44,5.0,12.22,0.0,155.0,1.0
2021-01-28,12.78,0.0,6.39,0.0,129.0,0.0
2021-01-29,20.56,0.56,10.56,0.0,216.0,1.0
2021-01-30,25.0,10.56,17.78,0.0,208.0,0.0
2021-01-31,20.56,10.0,15.28,0.0,138.0,0.0
2021-02-01,18.33,1.67,10.0,0.0,215.0,1.0
2021-02-02,20.0,1.67,10.84,0.0,205.0,0.0
2021-02-03,24.44,2.78,13.61,0.0,220.0,1.0
2021-02-04,29.44,12.78,21.11,0.0,284.0,1.0
2021-02-05,15.0,7.22,11.11,0.51,311.0,1.0
2021-02-06,24.44,8.33,16.39,0.0,263.0,0.0
2021-02-07,21.11,3.89,12.5,0.0,299.0,1.0
2021-02-08,24.44,6.11,15.28,0.0,284.0,0.0
2021-02-09,17.78,8.89,13.34,0.0,270.0,0.0
2021-02-10,8.33,3.33,5.83,1.78,212.0,0.0
2021-02-11,2.78,0.0,1.39,12.19,252.0,1.0
2021-02-12,0.56,-1.11,-0.28,0.0,352.0,1.0
2021-02-13,0.0,-2.22,-1.11,0.0,210.0,0.0
2021-02-14,-0.61,-10.0,-5.3,2.79,248.0,1.0
2021-02-15,,,,8.64,1070.0,1.0
2021-02-16,,,,0.25,120.0,0.0
2021-02-17,0.0,-5.0,-2.5,18.8,182.0,1.0
2021-02-18,0.0,-2.78,-1.39,0.0,146.0,0.0
2021-02-19,6.67,-6.72,-0.02,0.0,131.0,0.0
2021-02-20,16.67,-5.61,5.53,0.0,170.0,1.0
2021-02-21,23.89,2.78,13.34,0.0,198.0,1.0
2021-02-22,24.44,1.67,13.06,0.0,177.0,0.0
2021-02-23,25.56,2.78,14.17,0.0,183.0,1.0
2021-02-24,28.33,18.33,23.33,0.0,177.0,0.0
2021-02-25,18.33,11.11,14.72,1.52,138.0,0.0
2021-02-26,15.56,9.44,12.5,0.25,117.0,0.0
2021-02-27,26.11,13.89,20.0,0.0,151.0,1.0
2021-02-28,25.0,15.56,20.28,0.0,168.0,1.0
2021-03-01,14.44,10.0,12.22,0.0,176.0,1.0
2021-03-02,18.89,3.33,11.11,0.0,153.0,0.0
2021-03-03,22.22,2.22,12.22,0.0,103.0,0.0
2021-03-04,25.0,5.0,15.0,0.0,218.0,1.0
2021-03-05,26.67,11.67,19.17,0.0,211.0,0.0
2021-03-06,20.0,5.56,12.78,0.0,232.0,1.0
2021-03-07,21.11,2.78,11.94,0.0,229.0,0.0
2021-03-08,22.78,5.0,13.89,0.0,217.0,0.0
2021-03-09,25.56,11.67,18.61,0.0,136.0,0.0
2021-03-10,28.89,17.78,23.34,0.0,195.0,1.0
2021-03-11,27.22,20.56,23.89,0.0,195.0,0.0
2021-03-12,27.78,20.56,24.17,0.0,201.0,1.0
2021-03-13,25.56,20.0,22.78,2.79,309.0,1.0
2021-03-14,23.33,10.56,16.94,1.78,201.0,0.0
2021-03-15,30.0,3.89,16.94,0.0,289.0,1.0
2021-03-16,27.78,19.44,23.61,0.0,197.0,0.0
2021-03-17,26.11,13.33,19.72,0.0,226.0,1.0
2021-03-18,22.78,8.89,15.84,0.0,207.0,0.0
2021-03-19,21.67,6.67,14.17,0.0,206.0,0.0
2021-03-20,21.67,2.22,11.94,0.0,202.0,0.0
2021-03-21,23.89,5.56,14.72,0.0,208.0,1.0
2021-03-22,25.0,13.33,19.16,3.56,209.0,1.0
2021-03-23,27.22,10.56,18.89,6.35,417.0,1.0
2021-03-24,22.22,8.89,15.56,0.0,222.0,0.0
2021-03-25,23.89,11.67,17.78,2.79,297.0,1.0
2021-03-26,26.67,8.33,17.5,0.0,226.0,0.0
2021-03-27,27.78,16.0,21.89,0.0,170.0,0.0
2021-03-28,22.22,7.78,15.0,0.0,165.0,0.0
2021-03-29,23.33,2.78,13.06,0.0,150.0,0.0
2021-03-30,26.11,15.0,20.56,0.0,145.0,0.0
2021-03-31,21.67,12.22,16.94,0.51,147.0,1.0
2021-04-01,20.0,2.78,11.39,0.0,188.0,1.0
2021-04-02,21.11,2.22,11.66,0.0,203.0,1.0
2021-04-03,19.44,10.0,14.72,3.56,636.0,1.0
2021-04-04,23.89,9.44,16.66,0.0,531.0,0.0
2021-04-05,25.56,8.33,16.94,0.0,584.0,1.0
2021-04-06,28.89,18.33,23.61,0.0,689.0,1.0
2021-04-07,28.89,10.0,19.44,0.0,563.0,0.0
2021-04-08,31.11,8.33,19.72,0.0,750.0,1.0
2021-04-09,31.11,18.33,24.72,0.0,691.0,0.0
2021-04-10,25.56,8.89,17.23,0.0,765.0,1.0
2021-04-11,30.0,6.11,18.06,0.0,850.0,1.0
2021-04-12,30.0,17.22,23.61,0.0,819.0,0.0
2021-04-13,27.22,21.0,24.11,0.0,901.0,1.0
2021-04-14,26.11,20.0,23.06,0.0,949.0,1.0
2021-04-15,21.11,15.56,18.34,3.3,1030.0,1.0
2021-04-16,20.0,15.0,17.5,1.78,1040.0,1.0
2021-04-17,17.78,10.56,14.17,0.0,1020.0,0.0
2021-04-18,18.89,9.44,14.16,0.0,1050.0,1.0
2021-04-19,22.78,5.56,14.17,0.0,1010.0,0.0
2021-04-20,27.78,7.22,17.5,0.0,842.0,0.0
2021-04-21,17.22,6.11,11.66,0.0,748.0,0.0
2021-04-22,18.33,4.44,11.38,0.0,585.0,0.0
2021-04-23,22.22,16.11,19.16,14.22,657.0,1.0
2021-04-24,27.78,14.44,21.11,0.0,500.0,0.0
2021-04-25,29.44,9.44,19.44,0.0,431.0,0.0
2021-04-26,28.89,18.33,23.61,0.0,490.0,1.0
2021-04-27,25.56,20.56,23.06,0.0,219.0,0.0
2021-04-28,28.89,22.22,25.56,2.03,410.0,1.0
2021-04-29,23.89,19.0,21.44,2.29,723.0,1.0
2021-04-30,22.22,18.33,20.27,48.26,392.0,0.0
2021-05-01,22.22,17.78,20.0,38.1,2050.0,1.0
2021-05-02,30.0,14.44,22.22,0.0,663.0,0.0
2021-05-03,32.78,20.56,26.67,0.0,305.0,0.0
2021-05-04,26.11,16.67,21.39,6.35,245.0,0.0
2021-05-05,25.0,11.67,18.34,0.0,186.0,0.0
2021-05-06,28.89,10.56,19.73,0.0,157.0,0.0
2021-05-07,28.89,12.22,20.56,0.0,167.0,1.0
2021-05-08,30.56,17.78,24.17,0.0,549.0,1.0
2021-05-09,30.0,23.33,26.66,0.0,572.0,1.0
2021-05-10,25.0,16.67,20.84,0.0,561.0,0.0
2021-05-11,25.56,16.11,20.84,3.3,606.0,1.0
2021-05-12,22.22,15.0,18.61,0.0,597.0,0.0
2021-05-13,22.78,14.44,18.61,0.0,589.0,0.0
2021-05-14,26.67,12.22,19.44,0.0,646.0,1.0
2021-05-15,25.56,16.67,21.12,0.0,787.0,1.0
2021-05-16,26.11,20.56,23.34,16.26,1040.0,1.0
2021-05-17,26.67,18.33,22.5,24.38,837.0,0.0
2021-05-18,25.0,18.33,21.66,14.48,327.0,0.0
2021-05-19,21.11,17.22,19.16,0.0,254.0,0.0
2021-05-20,28.33,15.56,21.94,0.0,160.0,0.0
2021-05-21,28.89,17.22,23.06,0.0,143.0,0.0
2021-05-22,26.67,21.67,24.17,11.68,363.0,1.0
2021-05-23,22.78,20.0,21.39,4.06,330.0,0.0
2021-05-24,29.44,20.0,24.72,2.79,282.0,0.0
2021-05-25,30.0,21.67,25.84,0.51,355.0,1.0
2021-05-26,30.56,21.67,26.12,0.0,349.0,0.0
2021-05-27,30.56,22.22,26.39,0.0,270.0,0.0
2021-05-28,30.56,17.78,24.17,67.56,929.0,1.0
2021-05-29,28.89,18.33,23.61,0.0,904.0,0.0
2021-05-30,28.89,18.33,23.61,100.33,771.0,0.0
2021-05-31,28.33,20.0,24.16,21.84,575.0,0.0
2021-06-01,28.33,18.89,23.61,6.86,1260.0,1.0
2021-06-02,30.0,17.78,23.89,12.7,630.0,0.0
2021-06-03,21.11,17.22,19.16,58.93,2880.0,1.0
2021-06-04,27.22,19.44,23.33,0.0,1710.0,0.0
2021-06-05,27.22,18.89,23.06,4.06,1010.0,0.0
2021-06-06,31.11,18.33,24.72,0.0,1190.0,1.0
2021-06-07,32.22,25.0,28.61,0.0,805.0,0.0
2021-06-08,31.67,23.33,27.5,0.0,417.0,0.0
2021-06-09,32.78,23.33,28.06,0.0,366.0,0.0
2021-06-10,33.33,25.0,29.16,0.0,346.0,0.0
2021-06-11,32.22,23.89,28.06,0.0,296.0,0.0
2021-06-12,32.78,23.0,27.89,0.0,506.0,1.0
2021-06-13,34.44,22.78,28.61,0.0,569.0,1.0
2021-06-14,35.56,22.22,28.89,0.0,557.0,0.0
2021-06-15,35.0,21.67,28.34,0.0,622.0,1.0
2021-06-16,33.89,19.44,26.66,0.0,569.0,0.0
2021-06-17,34.44,21.67,28.06,0.0,373.0,0.0
2021-06-18,32.78,21.11,26.94,0.0,439.0,1.0
2021-06-19,33.33,17.78,25.56,0.0,498.0,1.0
2021-06-20,32.78,20.56,26.67,0.0,435.0,0.0
2021-06-21,33.89,25.56,29.72,0.51,351.0,0.0
2021-06-22,30.56,22.22,26.39,0.0,403.0,1.0
2021-06-23,34.44,23.33,28.88,0.0,404.0,1.0
2021-06-24,34.44,23.89,29.16,0.0,347.0,0.0
2021-06-25,33.89,24.44,29.16,0.0,321.0,0.0
2021-06-26,33.89,23.89,28.89,0.0,384.0,1.0
2021-06-27,31.11,21.11,26.11,0.51,410.0,1.0
2021-06-28,30.56,21.67,26.12,0.51,412.0,1.0
2021-06-29,29.44,22.22,25.83,8.38,604.0,1.0
2021-06-30,32.22,22.22,27.22,0.0,399.0,0.0
2021-07-01,33.33,21.67,27.5,0.0,349.0,0.0
2021-07-02,34.44,22.78,28.61,0.0,492.0,1.0
2021-07-03,31.67,22.22,26.94,11.94,421.0,0.0
2021-07-04,28.33,22.22,25.28,13.97,566.0,1.0
2021-07-05,28.33,22.22,25.28,0.25,523.0,0.0
2021-07-06,30.56,22.78,26.67,0.0,247.0,0.0
2021-07-07,28.89,21.11,25.0,0.0,239.0,0.0
2021-07-08,29.44,21.67,25.56,1.27,198.0,0.0
2021-07-09,26.11,23.0,24.56,4.32,239.0,1.0
2021-07-10,32.22,23.33,27.78,0.76,338.0,1.0
2021-07-11,31.67,23.89,27.78,0.0,188.0,0.0
2021-07-12,29.44,20.56,25.0,0.0,190.0,1.0
2021-07-13,32.22,19.44,25.83,2.03,369.0,1.0
2021-07-14,31.67,19.44,25.56,0.25,533.0,1.0
2021-07-15,32.22,21.11,26.66,0.0,167.0,0.0
2021-07-16,32.78,21.67,27.22,0.0,256.0,1.0
2021-07-17,32.78,23.89,28.34,0.0,235.0,0.0
2021-07-18,33.33,21.11,27.22,0.0,335.0,1.0
2021-07-19,33.89,21.67,27.78,35.31,508.0,1.0
2021-07-20,31.67,22.22,26.94,0.0,483.0,0.0
2021-07-21,31.11,22.22,26.66,0.0,450.0,0.0
2021-07-22,32.22,20.56,26.39,1.02,320.0,0.0
2021-07-23,32.78,21.67,27.22,0.0,269.0,0.0
2021-07-24,33.89,23.89,28.89,0.0,154.0,0.0
2021-07-25,34.44,22.78,28.61,0.0,253.0,1.0
2021-07-26,35.0,22.22,28.61,0.0,253.0,0.0
2021-07-27,33.89,21.67,27.78,0.0,146.0,0.0
2021-07-28,33.33,22.78,28.06,0.51,148.0,1.0
2021-07-29,34.44,22.22,28.33,0.0,232.0,1.0
2021-07-30,34.44,21.11,27.78,0.0,319.0,1.0
2021-07-31,34.44,22.78,28.61,0.0,297.0,0.0
2021-08-01,35.56,22.78,29.17,35.81,357.0,1.0
2021-08-02,27.78,21.67,24.72,22.35,554.0,1.0
2021-08-03,31.67,22.78,27.22,0.0,526.0,0.0
2021-08-04,31.11,22.22,26.66,0.0,317.0,0.0
2021-08-05,27.22,22.78,25.0,1.27,360.0,1.0
2021-08-06,31.67,23.33,27.5,0.0,443.0,1.0
2021-08-07,32.78,22.78,27.78,0.0,524.0,1.0
2021-08-08,33.33,24.44,28.88,0.0,480.0,0.0
2021-08-09,34.44,24.44,29.44,0.0,463.0,0.0
2021-08-10,33.89,22.78,28.34,0.0,431.0,0.0
2021-08-11,34.44,20.0,27.22,0.0,429.0,0.0
2021-08-12,34.44,22.78,28.61,0.0,420.0,0.0
2021-08-13,34.44,21.11,27.78,0.0,420.0,0.0
2021-08-14,33.89,21.11,27.5,0.0,482.0,1.0
2021-08-15,32.22,21.11,26.66,38.1,1560.0,1.0
2021-08-16,32.78,21.11,26.94,0.0,590.0,0.0
2021-08-17,32.78,22.22,27.5,6.6,516.0,0.0
2021-08-18,32.78,24.44,28.61,0.0,508.0,0.0
2021-08-19,33.89,25.0,29.44,0.0,501.0,0.0
2021-08-20,33.89,22.78,28.34,0.0,544.0,1.0
2021-08-21,34.44,22.22,28.33,0.0,576.0,1.0
2021-08-22,35.0,21.11,28.06,0.0,708.0,1.0
2021-08-23,33.89,20.56,27.22,0.0,666.0,0.0
2021-08-24,34.44,21.67,28.06,0.0,820.0,1.0
2021-08-25,35.0,24.44,29.72,0.0,920.0,1.0
2021-08-26,36.11,23.33,29.72,0.0,934.0,1.0
2021-08-27,31.11,22.78,26.94,0.25,938.0,1.0
2021-08-28,33.33,22.22,27.78,0.0,1000.0,1.0
2021-08-29,34.44,22.22,28.33,0.0,1000.0,0.0
2021-08-30,32.78,23.33,28.06,0.0,939.0,0.0
2021-08-31,35.56,22.22,28.89,0.0,966.0,1.0
2021-09-01,36.11,22.78,29.44,0.0,1060.0,1.0
2021-09-02,36.11,24.44,30.28,0.0,927.0,0.0
2021-09-03,35.56,22.78,29.17,0.25,862.0,0.0
2021-09-04,35.0,22.22,28.61,0.0,971.0,1.0
2021-09-05,37.22,21.11,29.16,0.0,954.0,0.0
2021-09-06,36.67,23.89,30.28,2.79,859.0,0.0
2021-09-07,35.0,21.67,28.34,0.0,861.0,1.0
2021-09-08,36.67,17.78,27.22,0.0,718.0,0.0
2021-09-09,34.44,16.67,25.56,0.0,718.0,0.0
2021-09-10,33.33,16.67,25.0,0.0,730.0,1.0
2021-09-11,32.22,13.33,22.78,0.0,730.0,0.0
2021-09-12,32.78,17.78,25.28,0.0,717.0,0.0
2021-09-13,30.56,21.67,26.12,0.0,503.0,0.0
2021-09-14,29.44,20.56,25.0,0.0,593.0,1.0
2021-09-15,31.67,20.56,26.12,0.0,612.0,1.0
2021-09-16,32.78,18.33,25.56,0.0,594.0,0.0
2021-09-17,35.0,18.33,26.66,0.0,481.0,0.0
2021-09-18,36.11,20.0,28.06,0.0,611.0,1.0
2021-09-19,36.11,19.44,27.78,0.0,597.0,0.0
2021-09-20,36.67,22.78,29.72,0.0,565.0,0.0
2021-09-21,32.78,22.78,27.78,0.0,566.0,1.0
2021-09-22,28.89,12.78,20.84,0.0,573.0,1.0
2021-09-23,29.44,9.44,19.44,0.0,621.0,1.0
2021-09-24,30.0,10.56,20.28,0.0,612.0,0.0
2021-09-25,31.11,12.22,21.66,0.0,739.0,1.0
2021-09-26,31.11,12.22,21.66,0.0,804.0,1.0
2021-09-27,31.67,14.44,23.06,0.0,779.0,0.0
2021-09-28,35.0,20.0,27.5,7.37,1070.0,1.0
2021-09-29,30.0,19.44,24.72,7.87,1580.0,1.0
2021-09-30,32.78,22.22,27.5,0.0,603.0,0.0
2021-10-01,29.44,18.89,24.16,13.72,852.0,1.0
2021-10-02,30.0,19.44,24.72,0.0,274.0,0.0
2021-10-03,32.22,20.0,26.11,0.0,241.0,0.0
2021-10-04,31.67,17.22,24.44,0.0,584.0,1.0
2021-10-05,31.11,13.33,22.22,0.0,565.0,0.0
2021-10-06,30.56,12.78,21.67,0.0,664.0,1.0
2021-10-07,31.67,13.89,22.78,0.0,435.0,0.0
2021-10-08,31.67,15.56,23.62,0.0,444.0,1.0
2021-10-09,30.56,13.89,22.22,0.0,415.0,0.0
2021-10-10,33.33,18.33,25.83,11.94,395.0,0.0
2021-10-11,27.22,16.11,21.66,6.86,520.0,1.0
2021-10-12,31.11,20.56,25.84,1.52,283.0,0.0
2021-10-13,30.56,19.44,25.0,73.91,399.0,1.0
2021-10-14,26.11,19.44,22.78,12.95,3210.0,1.0
2021-10-15,31.11,17.78,24.44,0.0,390.0,0.0
2021-10-16,23.33,10.0,16.66,0.0,205.0,0.0
2021-10-17,22.78,7.78,15.28,0.0,192.0,0.0
2021-10-18,25.0,7.22,16.11,0.0,185.0,0.0
2021-10-19,28.33,10.56,19.44,0.0,248.0,1.0
2021-10-20,25.56,15.56,20.56,0.0,154.0,0.0
2021-10-21,28.89,15.56,22.22,0.0,152.0,0.0
2021-10-22,30.0,16.11,23.06,0.0,144.0,0.0
2021-10-23,30.56,20.56,25.56,0.0,146.0,1.0
2021-10-24,30.0,19.44,24.72,0.25,146.0,0.0
2021-10-25,31.11,20.56,25.84,0.0,177.0,1.0
2021-10-26,29.44,20.56,25.0,0.0,139.0,0.0
2021-10-27,25.56,15.0,20.28,20.83,345.0,1.0
2021-10-28,25.56,12.22,18.89,0.0,171.0,0.0
2021-10-29,23.33,8.89,16.11,0.0,154.0,0.0
2021-10-30,26.11,4.44,15.28,0.0,150.0,0.0
2021-10-31,27.22,6.11,16.66,0.0,148.0,0.0
2021-11-01,26.67,8.33,17.5,0.0,149.0,1.0
2021-11-02,25.56,11.67,18.61,0.0,148.0,0.0
2021-11-03,18.89,10.0,14.44,51.56,974.0,1.0
2021-11-04,15.56,7.22,11.39,0.0,339.0,0.0
2021-11-05,17.22,3.89,10.56,0.0,199.0,0.0
2021-11-06,20.56,3.33,11.94,0.0,230.0,1.0
2021-11-07,22.78,2.78,12.78,0.0,168.0,0.0
2021-11-08,25.0,6.11,15.56,0.0,201.0,1.0
2021-11-09,24.44,10.0,17.22,0.0,160.0,0.0
2021-11-10,26.67,15.0,20.84,0.0,138.0,0.0
2021-11-11,23.33,7.22,15.27,0.0,184.0,1.0
2021-11-12,25.0,5.56,15.28,0.0,145.0,0.0
2021-11-13,20.56,2.78,11.67,0.0,144.0,0.0
2021-11-14,25.56,5.56,15.56,0.0,254.0,1.0
2021-11-15,27.22,10.0,18.61,0.0,139.0,0.0
2021-11-16,27.22,15.56,21.39,0.0,157.0,1.0
2021-11-17,27.78,15.0,21.39,0.0,177.0,1.0
2021-11-18,18.89,11.11,15.0,0.0,217.0,1.0
2021-11-19,18.89,5.0,11.94,0.0,162.0,0.0
2021-11-20,22.22,6.67,14.44,0.0,132.0,0.0
2021-11-21,25.56,15.56,20.56,0.0,192.0,1.0
2021-11-22,20.56,3.89,12.22,0.0,216.0,1.0
2021-11-23,21.11,0.56,10.84,0.0,308.0,1.0
2021-11-24,25.0,10.0,17.5,0.76,94.6,0.0
2021-11-25,20.56,10.0,15.28,6.35,143.0,1.0
2021-11-26,12.78,7.22,10.0,0.0,199.0,1.0
2021-11-27,10.56,7.78,9.17,11.68,304.0,1.0
2021-11-28,21.11,6.67,13.89,0.0,194.0,0.0
2021-11-29,21.67,3.89,12.78,0.0,160.0,0.0
2021-11-30,23.33,4.44,13.88,0.0,221.0,1.0
2021-12-01,24.44,7.22,15.83,0.0,144.0,0.0
2021-12-02,25.56,8.33,16.94,0.0,142.0,0.0
2021-12-03,24.44,13.89,19.16,1.52,142.0,0.0
2021-12-04,24.44,14.44,19.44,0.0,219.0,1.0
2021-12-05,25.56,17.22,21.39,0.0,140.0,0.0
2021-12-06,22.22,8.33,15.27,0.0,143.0,1.0
2021-12-07,20.0,4.44,12.22,0.0,213.0,1.0
2021-12-08,25.56,3.89,14.72,0.0,139.0,0.0
2021-12-09,26.11,15.56,20.84,0.0,155.0,1.0
2021-12-10,29.44,20.0,24.72,0.0,170.0,1.0
2021-12-11,22.78,1.11,11.94,0.0,115.0,0.0
2021-12-12,16.11,-2.22,6.94,0.0,93.6,0.0
2021-12-13,17.78,3.89,10.84,0.0,123.0,1.0
2021-12-14,23.33,14.44,18.88,0.25,131.0,1.0
2021-12-15,26.67,20.56,23.62,0.0,132.0,1.0
2021-12-16,27.22,21.11,24.16,0.0,133.0,1.0
2021-12-17,25.56,21.0,23.28,0.0,129.0,0.0
2021-12-18,22.22,7.78,15.0,29.21,604.0,1.0
2021-12-19,12.78,4.44,8.61,0.51,203.0,0.0
2021-12-20,15.0,3.89,9.44,0.0,178.0,0.0
2021-12-21,18.89,1.67,10.28,0.0,167.0,0.0
2021-12-22,23.33,5.56,14.44,0.0,165.0,0.0
2021-12-23,21.67,7.22,14.44,0.0,188.0,1.0
2021-12-24,26.11,14.44,20.27,0.0,140.0,0.0
2021-12-25,25.56,12.78,19.17,0.0,142.0,1.0
2021-12-26,25.0,11.67,18.34,0.0,140.0,0.0
2021-12-27,26.67,19.44,23.06,0.0,144.0,1.0
2021-12-28,22.78,12.22,17.5,0.0,144.0,0.0
2021-12-29,27.22,13.33,20.27,0.0,238.0,1.0
2021-12-30,27.78,11.11,19.44,0.0,130.0,0.0
2021-12-31,28.33,18.33,23.33,0.0,135.0,1.0
2022-01-01,25.56,3.33,14.44,0.0,141.0,1.0
2022-01-02,8.33,-3.89,2.22,0.25,138.0,0.0
2022-01-03,13.33,-5.61,3.86,0.0,132.0,0.0
2022-01-04,19.44,-2.22,8.61,0.0,133.0,1.0
2022-01-05,22.78,2.78,12.78,0.0,134.0,1.0
2022-01-06,13.33,-0.61,6.36,0.0,212.0,1.0
2022-01-07,5.0,-2.22,1.39,0.76,121.0,0.0
2022-01-08,17.78,5.0,11.39,4.32,126.0,1.0
2022-01-09,18.33,8.89,13.61,0.0,210.0,1.0
2022-01-10,14.44,5.0,9.72,0.0,121.0,0.0
2022-01-11,10.56,3.89,7.22,0.0,119.0,0.0
2022-01-12,17.22,1.67,9.44,0.0,203.0,1.0
2022-01-13,23.89,-0.61,11.64,0.0,135.0,0.0
2022-01-14,25.0,0.56,12.78,0.0,123.0,0.0
2022-01-15,17.22,5.0,11.11,0.0,199.0,1.0
2022-01-16,16.67,0.56,8.62,0.0,116.0,0.0
2022-01-17,20.56,0.56,10.56,0.0,119.0,1.0
2022-01-18,23.89,-1.72,11.08,0.0,122.0,1.0
2022-01-19,25.56,6.11,15.84,0.0,198.0,1.0
2022-01-20,5.0,0.0,2.5,0.25,123.0,0.0
2022-01-21,8.89,-3.28,2.81,0.0,116.0,0.0
2022-01-22,12.22,-6.72,2.75,0.0,183.0,1.0
2022-01-23,14.44,6.11,10.28,0.0,112.0,0.0
2022-01-24,11.67,5.56,8.62,2.79,190.0,1.0
2022-01-25,11.67,7.22,9.44,0.0,182.0,0.0
2022-01-26,12.22,5.56,8.89,0.0,181.0,0.0
2022-01-27,15.0,1.67,8.34,0.0,179.0,0.0
2022-01-28,14.44,0.56,7.5,0.0,174.0,0.0
2022-01-29,18.89,-3.28,7.81,0.0,170.0,0.0
2022-01-30,20.56,-3.28,8.64,0.0,167.0,0.0
2022-01-31,15.0,5.56,10.28,107.19,938.0,1.0
2022-02-01,18.89,8.89,13.89,0.0,480.0,0.0
2022-02-02,14.44,2.78,8.61,22.35,273.0,0.0
2022-02-03,2.78,-5.0,-1.11,43.18,3060.0,1.0
2022-02-04,5.0,-6.0,-0.5,0.0,408.0,0.0
2022-02-05,10.0,-6.72,1.64,0.0,302.0,0.0
2022-02-06,14.44,-7.78,3.33,0.0,281.0,0.0
2022-02-07,15.56,0.0,7.78,0.0,229.0,0.0
2022-02-08,18.89,-3.89,7.5,0.0,214.0,0.0
2022-02-09,22.78,1.11,11.94,0.0,216.0,1.0
2022-02-10,22.22,-0.61,10.8,0.0,229.0,1.0
2022-02-11,23.89,7.22,15.56,0.0,159.0,0.0
2022-02-12,13.89,-1.72,6.08,0.51,213.0,1.0
2022-02-13,18.33,-3.28,7.52,0.0,158.0,0.0
2022-02-14,20.56,-2.22,9.17,0.0,252.0,1.0
2022-02-15,23.33,-0.61,11.36,0.0,178.0,0.0
2022-02-16,24.44,15.56,20.0,0.0,148.0,0.0
2022-02-17,22.22,2.22,12.22,0.0,190.0,1.0
2022-02-18,14.44,0.0,7.22,0.0,228.0,1.0
2022-02-19,17.78,-4.39,6.7,0.0,148.0,0.0
2022-02-20,21.11,1.11,11.11,0.0,188.0,1.0
2022-02-21,29.44,16.67,23.06,0.0,139.0,0.0
2022-02-22,29.44,8.89,19.16,0.0,269.0,1.0
2022-02-23,8.33,-2.0,3.16,0.76,226.0,0.0
2022-02-24,2.22,-2.22,0.0,0.0,153.0,0.0
2022-02-25,3.33,-0.61,1.36,0.0,230.0,1.0
2022-02-26,5.0,2.22,3.61,1.78,146.0,0.0
2022-02-27,15.56,-0.61,7.48,0.0,179.0,1.0
2022-02-28,18.33,-4.39,6.97,0.0,207.0,1.0
2022-03-01,21.67,-1.11,10.28,0.0,132.0,0.0
2022-03-02,22.78,1.11,11.94,0.0,248.0,1.0
2022-03-03,25.0,8.33,16.66,0.0,232.0,0.0
2022-03-04,25.56,14.44,20.0,0.0,133.0,0.0
2022-03-05,26.67,17.78,22.22,0.0,232.0,1.0
2022-03-06,26.11,19.44,22.78,0.0,135.0,0.0
2022-03-07,12.78,6.11,9.44,2.29,273.0,1.0
2022-03-08,12.22,4.44,8.33,0.25,219.0,0.0
2022-03-09,15.56,1.11,8.34,0.0,130.0,0.0
2022-03-10,22.22,0.0,11.11,0.0,218.0,1.0
2022-03-11,16.67,2.22,9.44,0.0,131.0,0.0
2022-03-12,13.33,-4.39,4.47,0.0,219.0,1.0
2022-03-13,18.89,-6.11,6.39,0.0,204.0,0.0
2022-03-14,27.22,6.11,16.66,0.0,208.0,1.0
2022-03-15,23.89,9.44,16.66,0.0,212.0,1.0
2022-03-16,27.22,3.89,15.56,0.0,211.0,0.0
2022-03-17,21.67,6.11,13.89,0.0,212.0,1.0
2022-03-18,22.78,8.33,15.56,0.0,131.0,0.0
2022-03-19,24.44,2.78,13.61,0.0,131.0,0.0
2022-03-20,25.0,1.67,13.34,0.0,301.0,1.0
2022-03-21,26.67,15.0,20.84,35.31,444.0,1.0
2022-03-22,18.0,10.0,14.0,13.21,357.0,0.0
2022-03-23,20.56,5.56,13.06,0.0,165.0,0.0
2022-03-24,23.33,3.89,13.61,0.0,129.0,0.0
2022-03-25,28.33,6.11,17.22,0.0,224.0,1.0
2022-03-26,31.11,5.0,18.06,0.0,195.0,0.0
2022-03-27,29.44,11.11,20.27,0.0,201.0,1.0
2022-03-28,28.89,12.22,20.56,0.0,124.0,0.0
2022-03-29,26.11,19.44,22.78,0.0,299.0,1.0
2022-03-30,26.11,14.44,20.27,5.08,172.0,0.0
2022-03-31,22.78,6.11,14.44,0.0,125.0,0.0
2022-04-01,27.22,5.56,16.39,0.0,128.0,1.0
2022-04-02,28.89,13.33,21.11,0.0,219.0,1.0
2022-04-03,28.89,9.44,19.16,0.0,199.0,0.0
2022-04-04,26.11,17.78,21.94,0.0,125.0,0.0
2022-04-05,33.33,18.89,26.11,0.0,277.0,1.0
2022-04-06,25.0,13.89,19.44,0.0,269.0,0.0
2022-04-07,23.89,5.56,14.72,0.0,411.0,1.0
2022-04-08,25.0,3.33,14.16,0.0,472.0,1.0
2022-04-09,30.0,2.22,16.11,0.0,545.0,1.0
2022-04-10,28.89,11.67,20.28,0.0,747.0,1.0
2022-04-11,26.67,20.0,23.34,4.32,758.0,1.0
2022-04-12,32.22,21.67,26.94,0.0,901.0,1.0
2022-04-13,33.89,18.33,26.11,0.0,931.0,1.0
2022-04-14,27.78,9.44,18.61,0.0,942.0,1.0
2022-04-15,27.78,12.78,20.28,0.0,904.0,0.0
2022-04-16,27.78,21.67,24.72,0.0,1000.0,1.0
2022-04-17,30.0,17.22,23.61,0.51,947.0,0.0
2022-04-18,24.44,15.56,20.0,0.0,960.0,1.0
2022-04-19,21.11,10.56,15.84,0.25,811.0,0.0
2022-04-20,28.89,19.0,23.94,0.0,800.0,0.0
2022-04-21,26.67,22.22,24.44,0.0,715.0,0.0
2022-04-22,30.56,21.67,26.12,0.0,805.0,1.0
2022-04-23,30.0,21.11,25.56,0.0,877.0,1.0
2022-04-24,31.11,20.56,25.84,0.0,828.0,0.0
2022-04-25,23.33,16.11,19.72,49.78,1560.0,1.0
2022-04-26,23.89,13.89,18.89,1.02,561.0,0.0
2022-04-27,25.56,13.33,19.44,0.0,566.0,1.0
2022-04-28,29.44,20.0,24.72,0.0,622.0,1.0
2022-04-29,29.44,21.11,25.28,0.0,677.0,1.0
2022-04-30,31.67,21.67,26.67,0.0,786.0,1.0
2022-05-01,30.0,21.67,25.84,1.02,914.0,1.0
2022-05-02,28.33,21.11,24.72,0.0,861.0,0.0
2022-05-03,32.22,23.33,27.78,0.0,733.0,0.0
2022-05-04,31.11,22.22,26.66,1.27,803.0,1.0
2022-05-05,30.0,20.56,25.28,4.06,820.0,1.0
2022-05-06,33.89,13.89,23.89,0.0,841.0,1.0
2022-05-07,35.0,22.78,28.89,0.0,828.0,0.0
2022-05-08,35.0,23.33,29.16,0.0,872.0,1.0
2022-05-09,33.89,23.89,28.89,0.0,958.0,1.0
2022-05-10,32.78,24.44,28.61,0.0,1140.0,1.0
2022-05-11,33.33,20.56,26.94,0.0,1130.0,0.0
2022-05-12,33.33,18.33,25.83,0.0,1320.0,1.0
2022-05-13,31.11,16.11,23.61,0.0,1400.0,1.0
2022-05-14,33.33,20.0,26.66,0.0,1500.0,1.0
2022-05-15,34.44,19.44,26.94,0.0,1500.0,0.0
2022-05-16,35.56,21.67,28.62,0.0,1410.0,0.0
2022-05-17,35.0,21.67,28.34,0.0,1410.0,0.0
2022-05-18,36.11,21.11,28.61,0.0,1410.0,0.0
2022-05-19,35.0,21.67,28.34,0.0,1600.0,1.0
2022-05-20,34.44,23.89,29.16,0.0,1590.0,0.0
2022-05-21,36.67,21.67,29.17,4.32,1500.0,0.0
2022-05-22,27.22,17.22,22.22,0.51,1590.0,1.0
2022-05-23,30.56,19.0,24.78,0.0,1520.0,0.0
2022-05-24,29.44,16.11,22.78,20.57,1500.0,0.0
2022-05-25,27.78,15.56,21.67,5.84,1950.0,1.0
2022-05-26,35.0,12.78,23.89,0.0,1460.0,0.0
2022-05-27,35.56,17.78,26.67,0.0,1440.0,0.0
2022-05-28,35.0,18.33,26.66,0.0,1250.0,0.0
2022-05-29,35.0,23.33,29.16,0.0,1070.0,0.0
2022-05-30,34.44,23.89,29.16,0.0,1420.0,1.0
2022-05-31,35.0,23.89,29.44,0.0,1550.0,1.0
2022-06-01,32.78,25.0,28.89,0.0,1490.0,0.0
2022-06-02,32.78,22.22,27.5,0.0,1450.0,0.0
2022-06-03,32.22,20.0,26.11,0.25,1470.0,1.0
2022-06-04,33.33,20.0,26.66,0.25,1760.0,1.0
2022-06-05,36.11,19.44,27.78,0.0,1660.0,0.0
2022-06-06,38.33,24.44,31.38,0.0,1570.0,0.0
2022-06-07,37.22,25.0,31.11,0.0,1650.0,1.0
2022-06-08,36.67,24.44,30.56,0.0,1640.0,0.0
2022-06-09,36.67,23.89,30.28,0.0,1590.0,0.0
2022-06-10,37.78,23.89,30.84,0.0,1490.0,0.0
2022-06-11,38.33,23.89,31.11,0.0,1580.0,1.0
2022-06-12,38.89,24.44,31.66,0.0,1510.0,0.0
2022-06-13,37.78,24.44,31.11,0.0,1580.0,1.0
2022-06-14,36.11,25.0,30.56,0.0,1530.0,0.0
2022-06-15,35.0,25.56,30.28,0.0,1580.0,1.0
2022-06-16,37.78,22.78,30.28,0.0,1530.0,0.0
2022-06-17,36.67,22.22,29.44,0.0,1600.0,1.0
2022-06-18,36.11,21.67,28.89,0.0,1520.0,0.0
2022-06-19,37.22,21.11,29.16,0.0,1620.0,1.0
2022-06-20,37.78,20.56,29.17,0.0,1500.0,0.0
2022-06-21,37.22,23.33,30.28,0.0,1520.0,1.0
2022-06-22,36.11,22.22,29.16,0.0,1510.0,0.0
2022-06-23,38.33,22.22,30.28,0.0,1590.0,1.0
2022-06-24,37.78,21.11,29.44,0.0,1460.0,0.0
2022-06-25,37.22,22.22,29.72,0.0,1470.0,1.0
2022-06-26,38.33,20.56,29.44,0.0,1400.0,0.0
2022-06-27,37.22,21.11,29.16,29.46,1330.0,0.0
2022-06-28,32.22,22.22,27.22,0.0,1530.0,1.0
2022-06-29,35.56,20.0,27.78,0.0,1350.0,0.0
2022-06-30,35.0,22.22,28.61,0.0,1320.0,0.0
2022-07-01,33.89,22.22,28.06,0.0,1240.0,0.0
2022-07-02,37.22,25.0,31.11,0.0,1200.0,0.0
2022-07-03,37.22,25.0,31.11,0.0,1300.0,1.0
2022-07-04,37.22,23.89,30.56,0.0,1230.0,0.0
2022-07-05,37.22,25.0,31.11,0.0,1300.0,1.0
2022-07-06,37.78,23.89,30.84,0.0,1250.0,0.0
2022-07-07,37.22,22.78,30.0,0.0,1330.0,1.0
2022-07-08,38.33,24.44,31.38,0.0,1210.0,0.0
2022-07-09,40.0,24.44,32.22,0.0,1320.0,1.0
2022-07-10,40.56,23.33,31.94,0.0,1230.0,0.0
2022-07-11,40.0,24.44,32.22,0.0,1330.0,1.0
2022-07-12,40.56,25.0,32.78,0.0,1350.0,1.0
2022-07-13,40.0,25.0,32.5,0.0,1300.0,0.0
2022-07-14,37.78,23.89,30.84,0.25,1340.0,1.0
2022-07-15,35.56,21.11,28.34,0.0,1340.0,0.0
2022-07-16,36.67,22.78,29.72,0.0,1290.0,0.0
2022-07-17,38.89,22.78,30.84,0.0,1320.0,1.0
2022-07-18,38.89,22.78,30.84,0.0,1310.0,0.0
2022-07-19,39.44,23.89,31.66,0.0,1320.0,1.0
2022-07-20,39.44,23.89,31.66,0.0,1170.0,0.0
2022-07-21,38.89,23.89,31.39,0.0,987.0,0.0
2022-07-22,37.78,23.89,30.84,0.0,971.0,0.0
2022-07-23,37.78,23.89,30.84,0.0,831.0,0.0
2022-07-24,38.33,23.89,31.11,0.0,957.0,1.0
2022-07-25,38.89,22.78,30.84,0.0,843.0,0.0
2022-07-26,38.33,22.78,30.56,0.0,805.0,0.0
2022-07-27,38.33,23.33,30.83,0.0,725.0,0.0
2022-07-28,37.78,24.44,31.11,0.0,832.0,1.0
2022-07-29,38.0,24.44,31.22,0.0,723.0,0.0
2022-07-30,37.78,22.78,30.28,0.0,771.0,1.0
2022-07-31,37.78,24.44,31.11,0.0,599.0,0.0
2022-08-01,37.22,21.67,29.44,0.0,627.0,1.0
2022-08-02,38.89,22.78,30.84,0.0,565.0,0.0
2022-08-03,39.44,25.0,32.22,0.0,480.0,0.0
2022-08-04,38.33,25.0,31.66,0.0,514.0,1.0
2022-08-05,38.33,24.44,31.38,0.0,580.0,1.0
2022-08-06,35.56,25.0,30.28,0.0,591.0,1.0
2022-08-07,37.22,23.89,30.56,0.0,583.0,0.0
2022-08-08,37.78,21.67,29.72,0.0,600.0,1.0
2022-08-09,36.67,21.67,29.17,0.0,492.0,0.0
2022-08-10,39.44,24.44,31.94,0.0,655.0,1.0
2022-08-11,36.67,23.89,30.28,0.0,522.0,0.0
2022-08-12,36.67,22.22,29.44,0.0,449.0,0.0
2022-08-13,37.78,22.78,30.28,0.0,466.0,1.0
2022-08-14,32.78,23.33,28.06,0.0,410.0,0.0
2022-08-15,37.22,21.67,29.44,0.0,350.0,0.0
2022-08-16,37.22,22.78,30.0,0.0,406.0,1.0
2022-08-17,37.78,24.44,31.11,0.0,109.0,0.0
2022-08-18,37.22,22.78,30.0,2.54,266.0,1.0
2022-08-19,33.89,22.22,28.06,11.43,257.0,0.0
2022-08-20,36.67,23.33,30.0,0.51,381.0,1.0
2022-08-21,32.22,23.89,28.06,0.25,255.0,0.0
2022-08-22,35.56,23.33,29.44,51.31,1700.0,1.0
2022-08-23,32.22,23.33,27.78,0.0,394.0,0.0
2022-08-24,33.33,23.89,28.61,0.0,165.0,0.0
2022-08-25,34.44,22.78,28.61,0.0,132.0,0.0
2022-08-26,35.0,22.78,28.89,0.0,266.0,1.0
2022-08-27,35.56,23.89,29.72,0.0,117.0,0.0
2022-08-28,35.56,23.89,29.72,1.02,131.0,1.0
2022-08-29,35.56,24.44,30.0,0.0,121.0,0.0
2022-08-30,27.78,23.89,25.84,7.62,130.0,1.0
2022-08-31,32.22,21.67,26.94,10.41,162.0,1.0
2022-09-01,33.33,22.78,28.06,0.0,259.0,1.0
2022-09-02,33.89,21.67,27.78,0.0,197.0,0.0
2022-09-03,32.78,23.33,28.06,1.02,185.0,0.0
2022-09-04,30.0,21.67,25.84,0.0,157.0,0.0
2022-09-05,33.33,18.89,26.11,0.0,124.0,0.0
2022-09-06,33.89,20.56,27.22,0.0,119.0,0.0
2022-09-07,34.44,22.22,28.33,2.54,163.0,1.0
2022-09-08,33.33,20.56,26.94,0.0,212.0,1.0
2022-09-09,33.89,20.0,26.94,0.0,180.0,0.0
2022-09-10,33.89,21.11,27.5,0.0,175.0,0.0
2022-09-11,32.78,20.56,26.67,0.0,274.0,1.0
2022-09-12,32.78,19.44,26.11,0.0,223.0,0.0
2022-09-13,33.89,18.33,26.11,0.0,352.0,1.0
2022-09-14,32.78,18.33,25.56,0.0,291.0,0.0
2022-09-15,32.78,15.56,24.17,0.0,334.0,1.0
2022-09-16,34.44,22.22,28.33,0.0,330.0,0.0
2022-09-17,35.56,22.22,28.89,0.0,302.0,0.0
2022-09-18,35.56,22.0,28.78,0.0,306.0,1.0
2022-09-19,35.56,20.56,28.06,0.0,282.0,0.0
2022-09-20,35.56,21.67,28.62,0.0,372.0,1.0
2022-09-21,35.0,18.33,26.66,0.0,359.0,0.0
2022-09-22,36.11,17.78,26.94,0.0,360.0,1.0
2022-09-23,36.11,18.89,27.5,0.0,330.0,0.0
2022-09-24,34.44,17.78,26.11,0.0,316.0,0.0
2022-09-25,35.0,20.56,27.78,0.0,228.0,0.0
2022-09-26,33.89,19.44,26.66,0.0,263.0,1.0
2022-09-27,32.22,11.11,21.66,0.0,277.0,1.0
2022-09-28,32.22,12.22,22.22,0.0,226.0,0.0
2022-09-29,32.78,12.22,22.5,0.0,218.0,0.0
2022-09-30,30.56,14.44,22.5,0.0,225.0,1.0
2022-10-01,30.56,10.0,20.28,0.0,276.0,1.0
2022-10-02,28.89,9.44,19.16,0.0,299.0,1.0
2022-10-03,30.0,11.11,20.56,0.0,285.0,0.0
2022-10-04,31.11,15.0,23.06,0.0,351.0,1.0
2022-10-05,31.11,12.78,21.94,0.0,351.0,0.0
2022-10-06,32.22,13.33,22.78,0.0,185.0,0.0
2022-10-07,30.0,16.67,23.34,0.0,476.0,1.0
2022-10-08,31.11,13.89,22.5,0.0,291.0,0.0
2022-10-09,30.56,15.0,22.78,0.0,277.0,0.0
2022-10-10,31.11,14.44,22.78,0.0,278.0,1.0
2022-10-11,31.11,15.0,23.06,0.0,474.0,1.0
2022-10-12,35.0,21.67,28.34,0.0,74.5,0.0
2022-10-13,31.67,18.89,25.28,0.0,140.0,1.0
2022-10-14,31.67,13.89,22.78,0.0,161.0,1.0
2022-10-15,33.89,20.56,27.22,0.0,259.0,1.0
2022-10-16,32.22,20.56,26.39,0.0,303.0,1.0
2022-10-17,23.89,16.11,20.0,11.18,687.0,1.0
2022-10-18,20.56,7.78,14.17,0.0,146.0,0.0
2022-10-19,22.22,4.44,13.33,0.0,136.0,0.0
2022-10-20,28.89,5.56,17.23,0.0,99.4,0.0
2022-10-21,30.0,13.33,21.66,0.0,115.0,1.0
2022-10-22,31.11,15.56,23.34,0.0,91.5,0.0
2022-10-23,30.56,16.11,23.34,0.0,109.0,1.0
2022-10-24,30.0,15.56,22.78,11.68,127.0,1.0
2022-10-25,23.89,8.89,16.39,0.0,322.0,1.0
2022-10-26,24.44,5.56,15.0,0.0,165.0,0.0
2022-10-27,26.67,6.67,16.67,0.25,109.0,0.0
2022-10-28,18.89,14.44,16.66,26.16,195.0,1.0
2022-10-29,20.56,13.89,17.23,0.0,121.0,0.0
2022-10-30,24.44,9.44,16.94,0.0,97.8,0.0
2022-10-31,25.0,9.44,17.22,1.27,91.2,0.0
2022-11-01,18.89,12.78,15.84,0.25,88.5,0.0
2022-11-02,24.44,12.22,18.33,0.0,130.0,1.0
2022-11-03,28.89,20.56,24.72,0.0,85.8,0.0
2022-11-04,29.44,15.0,22.22,10.41,267.0,1.0
2022-11-05,21.67,10.0,15.84,0.0,259.0,0.0
2022-11-06,28.33,8.89,18.61,0.0,96.7,0.0
2022-11-07,28.89,20.0,24.44,2.79,88.0,0.0
2022-11-08,25.56,15.56,20.56,0.51,135.0,1.0
2022-11-09,27.22,17.78,22.5,0.0,95.2,0.0
2022-11-10,27.22,17.78,22.5,0.0,75.2,0.0
2022-11-11,26.11,6.11,16.11,3.05,319.0,1.0
2022-11-12,14.44,1.11,7.78,0.0,172.0,0.0
2022-11-13,14.44,-1.72,6.36,0.0,113.0,0.0
2022-11-14,11.11,8.89,10.0,4.83,179.0,1.0
2022-11-15,10.0,4.44,7.22,0.0,106.0,0.0
2022-11-16,12.78,4.44,8.61,0.0,85.3,0.0
2022-11-17,14.44,4.44,9.44,0.0,131.0,1.0
2022-11-18,12.78,8.89,10.84,0.76,91.2,0.0
2022-11-19,8.33,3.0,5.66,9.91,92.0,1.0
2022-11-20,8.33,3.89,6.11,0.51,166.0,1.0
2022-11-21,7.22,5.0,6.11,6.35,97.6,0.0
2022-11-22,12.22,6.67,9.44,0.51,94.3,0.0
2022-11-23,18.33,11.67,15.0,2.54,87.1,0.0
2022-11-24,19.44,16.0,17.72,5.84,110.0,1.0
2022-11-25,16.11,13.0,14.56,17.78,213.0,1.0
2022-11-26,15.56,5.0,10.28,33.02,1030.0,1.0
2022-11-27,21.67,6.11,13.89,0.0,163.0,0.0
2022-11-28,23.89,2.78,13.34,0.0,118.0,0.0
2022-11-29,27.78,11.11,19.44,0.0,110.0,0.0
2022-11-30,14.44,3.33,8.88,0.0,106.0,0.0
2022-12-01,11.67,1.11,6.39,0.25,171.0,1.0
2022-12-02,20.0,10.56,15.28,2.54,97.6,0.0
2022-12-03,18.89,12.22,15.56,0.0,85.6,0.0
2022-12-04,13.89,11.67,12.78,0.0,82.0,0.0
2022-12-05,25.56,13.89,19.73,0.0,81.3,0.0
2022-12-06,27.78,17.78,22.78,0.0,79.3,0.0
2022-12-07,26.67,18.33,22.5,0.0,166.0,1.0
2022-12-08,26.67,18.33,22.5,0.0,82.7,0.0
2022-12-09,26.11,15.0,20.56,0.0,72.3,0.0
2022-12-10,25.56,17.78,21.67,1.78,150.0,1.0
2022-12-11,18.33,15.0,16.66,0.51,311.0,1.0
2022-12-12,21.11,14.44,17.77,0.0,98.8,0.0
2022-12-13,26.11,16.11,21.11,0.0,58.6,0.0
2022-12-14,20.0,3.89,11.94,0.51,64.9,1.0
2022-12-15,17.78,0.56,9.17,0.0,64.8,0.0
2022-12-16,12.78,1.67,7.22,0.0,71.0,1.0
2022-12-17,13.33,-1.72,5.8,0.0,73.0,1.0
2022-12-18,12.22,-5.61,3.3,0.0,94.3,1.0
2022-12-19,10.0,6.11,8.06,36.58,944.0,1.0
2022-12-20,11.11,3.33,7.22,0.25,184.0,0.0
2022-12-21,8.89,0.56,4.73,0.0,126.0,0.0
2022-12-22,15.0,-8.28,3.36,0.0,114.0,0.0
2022-12-23,,,,0.0,107.0,0.0
2022-12-24,3.33,-7.78,-2.22,0.0,97.5,0.0
2022-12-25,10.56,-7.22,1.67,0.0,137.0,1.0
2022-12-26,16.11,-3.28,6.42,0.0,103.0,0.0
2022-12-27,14.44,-0.61,6.92,0.0,131.0,1.0
2022-12-28,24.44,1.11,12.78,0.0,99.4,0.0
2022-12-29,23.33,13.89,18.61,0.0,121.0,1.0
2022-12-30,18.33,7.22,12.77,0.0,109.0,0.0
2022-12-31,24.44,3.33,13.89,0.0,116.0,1.0
2023-01-01,25.56,5.56,15.56,0.0,108.0,0.0
2023-01-02,27.78,21.11,24.44,0.0,120.0,1.0
2023-01-03,22.22,8.33,15.27,2.03,110.0,0.0
2023-01-04,22.78,3.33,13.06,0.0,315.0,1.0
2023-01-05,18.89,1.11,10.0,0.0,63.3,0.0
2023-01-06,26.11,2.78,14.44,0.0,103.0,1.0
2023-01-07,23.89,15.0,19.44,0.25,121.0,1.0
2023-01-08,19.44,5.0,12.22,0.0,108.0,0.0
2023-01-09,22.22,3.89,13.06,0.0,107.0,0.0
2023-01-10,27.22,13.33,20.27,0.0,129.0,1.0
2023-01-11,25.0,12.22,18.61,0.0,140.0,1.0
2023-01-12,20.0,8.33,14.16,0.0,135.0,0.0
2023-01-13,16.11,-1.11,7.5,0.0,215.0,1.0
2023-01-14,17.78,-3.28,7.25,0.0,114.0,0.0
2023-01-15,23.33,1.11,12.22,0.0,207.0,1.0
2023-01-16,25.0,9.44,17.22,0.0,126.0,0.0
2023-01-17,26.11,7.22,16.66,0.0,225.0,1.0
2023-01-18,25.0,11.11,18.06,0.0,113.0,0.0
2023-01-19,18.89,3.33,11.11,0.0,232.0,1.0
2023-01-20,14.44,8.33,11.38,0.0,110.0,0.0
2023-01-21,16.11,2.22,9.16,0.0,229.0,1.0
2023-01-22,15.56,2.22,8.89,0.0,104.0,0.0
2023-01-23,15.0,-2.78,6.11,0.0,228.0,1.0
2023-01-24,12.22,6.11,9.17,31.24,242.0,1.0
2023-01-25,13.33,2.22,7.78,0.0,165.0,0.0
2023-01-26,12.78,-1.11,5.84,0.0,208.0,1.0
2023-01-27,13.33,-1.72,5.8,0.0,132.0,0.0
2023-01-28,15.0,8.89,11.94,3.56,144.0,1.0
2023-01-29,23.33,5.0,14.16,1.27,170.0,1.0
2023-01-30,4.44,-1.11,1.66,0.0,141.0,0.0
2023-01-31,0.56,-1.11,-0.28,0.51,143.0,1.0
2023-02-01,0.0,-1.11,-0.56,28.45,431.0,1.0
2023-02-02,5.0,0.0,2.5,2.54,274.0,0.0
2023-02-03,10.0,1.11,5.56,0.0,180.0,0.0
2023-02-04,16.67,-1.72,7.48,0.0,131.0,0.0
2023-02-05,22.78,1.11,11.94,0.0,119.0,0.0
2023-02-06,23.89,11.11,17.5,0.0,112.0,0.0
2023-02-07,21.67,11.11,16.39,4.32,111.0,0.0
2023-02-08,15.56,2.78,9.17,1.52,241.0,1.0
2023-02-09,22.22,2.78,12.5,0.0,152.0,0.0
2023-02-10,12.78,3.33,8.06,0.0,126.0,0.0
2023-02-11,15.0,1.11,8.06,0.0,108.0,0.0
2023-02-12,17.22,-2.78,7.22,0.0,102.0,0.0
2023-02-13,21.11,1.67,11.39,0.0,101.0,0.0
2023-02-14,26.67,6.67,16.67,0.25,100.0,0.0
2023-02-15,26.11,3.89,15.0,0.0,95.5,0.0
2023-02-16,21.11,4.44,12.78,1.02,148.0,1.0
2023-02-17,11.11,-2.22,4.44,0.0,118.0,0.0
2023-02-18,12.78,-3.28,4.75,0.0,120.0,1.0
2023-02-19,23.33,7.78,15.56,0.0,126.0,1.0
2023-02-20,27.22,11.11,19.16,0.0,105.0,0.0
2023-02-21,27.22,13.33,20.27,0.0,152.0,1.0
2023-02-22,31.67,18.89,25.28,0.0,129.0,0.0
2023-02-23,25.56,11.67,18.61,0.0,107.0,0.0
2023-02-24,13.33,10.0,11.66,0.0,120.0,1.0
2023-02-25,17.78,7.78,12.78,0.0,106.0,0.0
2023-02-26,26.67,11.11,18.89,0.25,117.0,1.0
2023-02-27,27.22,7.78,17.5,0.0,97.5,0.0
2023-02-28,28.33,6.67,17.5,0.0,114.0,1.0
2023-03-01,28.33,20.56,24.44,0.0,106.0,0.0
2023-03-02,26.67,13.33,20.0,17.27,157.0,1.0
2023-03-03,22.22,8.89,15.56,0.0,335.0,1.0
2023-03-04,25.56,2.78,14.17,0.0,149.0,0.0
2023-03-05,25.56,7.78,16.67,0.0,125.0,0.0
2023-03-06,26.67,14.44,20.56,0.0,130.0,1.0
2023-03-07,26.11,17.22,21.66,0.0,105.0,0.0
2023-03-08,26.11,17.22,21.66,0.0,122.0,1.0
2023-03-09,28.33,15.0,21.66,0.0,97.5,0.0
2023-03-10,22.78,13.33,18.06,0.0,122.0,1.0
2023-03-11,30.56,12.78,21.67,0.0,95.2,0.0
2023-03-12,22.78,15.56,19.17,0.0,151.0,1.0
2023-03-13,19.44,10.0,14.72,0.0,138.0,0.0
2023-03-14,18.89,7.78,13.34,0.0,151.0,1.0
2023-03-15,23.33,5.0,14.16,0.0,139.0,0.0
2023-03-16,27.22,13.33,20.27,22.35,246.0,1.0
2023-03-17,13.89,5.0,9.44,0.51,205.0,0.0
2023-03-18,11.67,7.22,9.44,0.0,102.0,0.0
2023-03-19,14.44,3.33,8.88,0.0,113.0,1.0
2023-03-20,13.33,2.22,7.78,0.25,137.0,1.0
2023-03-21,20.56,11.11,15.84,5.33,157.0,1.0
2023-03-22,25.0,20.0,22.5,0.0,169.0,1.0
2023-03-23,26.67,21.11,23.89,0.0,155.0,0.0
2023-03-24,30.0,11.67,20.84,2.29,163.0,1.0
2023-03-25,26.11,8.89,17.5,0.0,127.0,0.0
2023-03-26,26.11,7.22,16.66,0.0,110.0,0.0
2023-03-27,25.0,12.78,18.89,0.0,134.0,1.0
2023-03-28,20.0,13.89,16.94,0.25,140.0,1.0
2023-03-29,22.22,11.67,16.94,0.0,138.0,0.0
2023-03-30,24.44,16.11,20.27,0.0,141.0,1.0
2023-03-31,30.0,14.44,22.22,0.0,112.0,0.0
2023-04-01,26.67,7.78,17.23,0.0,95.6,0.0
2023-04-02,28.33,12.78,20.56,0.0,132.0,1.0
2023-04-03,32.22,20.56,26.39,0.0,147.0,1.0
2023-04-04,28.89,22.22,25.56,0.0,129.0,0.0
2023-04-05,23.89,15.0,19.44,1.02,115.0,0.0
2023-04-06,13.89,8.33,11.11,47.75,744.0,1.0
2023-04-07,12.22,9.44,10.83,14.48,419.0,0.0
2023-04-08,16.67,10.56,13.62,0.0,195.0,0.0
2023-04-09,22.22,9.44,15.83,0.0,144.0,0.0
2023-04-10,21.11,10.56,15.84,0.0,172.0,1.0
2023-04-11,22.78,8.33,15.56,0.0,143.0,0.0
2023-04-12,24.44,7.78,16.11,0.0,105.0,0.0
2023-04-13,25.56,8.89,17.23,0.0,93.4,0.0
2023-04-14,26.11,12.78,19.44,0.0,88.8,0.0
2023-04-15,32.22,15.56,23.89,1.52,89.6,1.0
2023-04-16,22.22,10.56,16.39,0.0,86.5,0.0
2023-04-17,24.44,7.22,15.83,0.0,79.5,0.0
2023-04-18,25.56,16.11,20.84,0.0,92.0,1.0
2023-04-19,26.67,20.56,23.62,0.0,116.0,1.0
2023-04-20,30.56,18.33,24.44,23.37,142.0,1.0
2023-04-21,25.56,13.89,19.73,0.51,1540.0,1.0
2023-04-22,25.56,9.44,17.5,0.0,175.0,0.0
2023-04-23,18.33,10.56,14.44,0.51,113.0,0.0
2023-04-24,20.56,11.67,16.11,0.0,104.0,0.0
2023-04-25,23.33,16.11,19.72,6.86,101.0,0.0
2023-04-26,28.89,19.44,24.16,17.53,102.0,1.0
2023-04-27,26.67,13.89,20.28,3.56,517.0,1.0
2023-04-28,28.33,12.22,20.27,11.43,263.0,0.0
2023-04-29,23.89,11.11,17.5,0.0,273.0,1.0
2023-04-30,30.0,9.44,19.72,0.0,122.0,0.0
2023-05-01,28.33,10.0,19.16,0.0,108.0,0.0
2023-05-02,26.11,15.56,20.84,0.0,101.0,0.0
2023-05-03,28.33,15.0,21.66,0.0,98.6,0.0
2023-05-04,27.78,16.67,22.22,0.0,95.8,0.0
2023-05-05,32.78,18.89,25.84,0.0,95.6,0.0
2023-05-06,31.11,18.89,25.0,0.0,104.0,1.0
2023-05-07,28.89,21.67,25.28,0.0,96.3,0.0
2023-05-08,32.22,20.0,26.11,0.0,92.8,0.0
2023-05-09,23.89,20.0,21.94,2.29,93.0,1.0
2023-05-10,26.67,19.44,23.06,3.81,102.0,1.0
2023-05-11,31.11,22.0,26.56,0.0,95.2,0.0
2023-05-12,30.0,23.89,26.94,0.25,88.4,0.0
2023-05-13,23.89,18.0,20.94,43.18,539.0,1.0
2023-05-14,27.78,17.22,22.5,3.3,214.0,0.0
2023-05-15,28.33,18.33,23.33,11.68,214.0,0.0
2023-05-16,28.33,18.89,23.61,0.0,259.0,1.0
2023-05-17,30.56,17.22,23.89,0.0,137.0,0.0
2023-05-18,31.11,16.67,23.89,0.0,123.0,0.0
2023-05-19,31.67,19.44,25.56,0.25,114.0,0.0
2023-05-20,27.22,20.0,23.61,1.27,108.0,0.0
2023-05-21,23.33,17.22,20.27,1.27,104.0,0.0
2023-05-22,28.89,16.11,22.5,0.0,100.0,0.0
2023-05-23,31.67,18.33,25.0,0.0,96.9,0.0
2023-05-24,27.78,17.78,22.78,20.57,202.0,1.0
2023-05-25,28.89,18.33,23.61,0.0,127.0,0.0
2023-05-26,29.44,17.22,23.33,0.0,110.0,0.0
2023-05-27,29.44,17.78,23.61,0.0,104.0,0.0
2023-05-28,28.89,20.0,24.44,0.0,96.5,0.0
2023-05-29,30.0,20.0,25.0,0.0,95.0,0.0
2023-05-30,31.11,17.78,24.44,0.0,121.0,1.0
2023-05-31,31.11,19.44,25.28,0.0,129.0,1.0
2023-06-01,32.22,19.44,25.83,0.0,137.0,1.0
2023-06-02,31.11,18.33,24.72,0.0,162.0,1.0
2023-06-03,32.78,18.89,25.84,13.21,197.0,1.0
2023-06-04,27.78,18.33,23.06,0.76,184.0,0.0
2023-06-05,30.0,19.44,24.72,6.86,244.0,1.0
2023-06-06,30.56,17.78,24.17,0.0,125.0,0.0
2023-06-07,31.67,19.44,25.56,0.0,100.0,0.0
2023-06-08,31.67,20.56,26.12,0.0,89.1,0.0
2023-06-09,35.0,19.44,27.22,0.0,86.9,0.0
2023-06-10,34.44,19.44,26.94,9.65,148.0,1.0
2023-06-11,35.0,20.56,27.78,0.0,146.0,0.0
2023-06-12,34.44,23.33,28.88,0.0,178.0,1.0
2023-06-13,33.89,25.0,29.44,0.0,180.0,1.0
2023-06-14,33.89,26.67,30.28,0.0,216.0,1.0
2023-06-15,36.67,26.67,31.67,0.0,209.0,0.0
2023-06-16,37.22,26.11,31.66,0.0,202.0,0.0
2023-06-17,34.44,25.56,30.0,0.0,227.0,1.0
2023-06-18,38.89,26.11,32.5,0.0,204.0,0.0
2023-06-19,37.78,26.11,31.94,0.0,196.0,0.0
2023-06-20,38.89,25.56,32.22,0.0,223.0,1.0
2023-06-21,38.33,23.89,31.11,24.64,248.0,1.0
2023-06-22,32.78,23.33,28.06,1.27,222.0,0.0
2023-06-23,35.0,23.33,29.16,0.0,195.0,0.0
2023-06-24,36.11,24.44,30.28,0.0,192.0,0.0
2023-06-25,36.11,25.56,30.84,0.0,192.0,0.0
2023-06-26,36.67,24.44,30.56,0.0,191.0,0.0
2023-06-27,37.22,23.33,30.28,0.0,198.0,1.0
2023-06-28,36.11,24.44,30.28,0.0,180.0,0.0
2023-06-29,35.56,25.0,30.28,0.0,164.0,0.0
2023-06-30,35.56,23.33,29.44,0.0,184.0,1.0
2023-07-01,36.11,24.44,30.28,0.0,199.0,1.0
2023-07-02,35.0,25.0,30.0,0.0,192.0,0.0
2023-07-03,34.44,23.33,28.88,0.0,191.0,0.0
2023-07-04,33.89,22.78,28.34,0.0,182.0,0.0
2023-07-05,34.44,24.44,29.44,0.0,185.0,1.0
2023-07-06,30.56,23.33,26.94,4.06,189.0,1.0
2023-07-07,32.78,22.22,27.5,0.0,211.0,1.0
2023-07-08,36.67,23.89,30.28,0.0,186.0,0.0
2023-07-09,37.22,25.0,31.11,0.0,206.0,1.0
2023-07-10,38.33,25.0,31.66,0.0,213.0,1.0
2023-07-11,38.33,25.56,31.94,0.0,224.0,1.0
2023-07-12,40.0,26.11,33.06,0.0,197.0,0.0
2023-07-13,40.0,25.0,32.5,0.0,194.0,0.0
2023-07-14,38.89,25.56,32.22,0.0,195.0,1.0
2023-07-15,39.44,24.44,31.94,0.0,196.0,1.0
2023-07-16,39.44,25.56,32.5,0.0,188.0,0.0
2023-07-17,38.89,23.33,31.11,0.0,190.0,1.0
2023-07-18,39.44,24.44,31.94,0.0,181.0,0.0
2023-07-19,38.89,24.44,31.66,0.0,179.0,0.0
2023-07-20,38.89,25.56,32.22,0.0,180.0,1.0
2023-07-21,38.0,23.89,30.94,0.0,205.0,1.0
2023-07-22,38.33,24.44,31.38,0.0,211.0,1.0
2023-07-23,38.33,26.67,32.5,0.0,210.0,0.0
2023-07-24,37.78,21.67,29.72,0.0,211.0,1.0
2023-07-25,37.78,22.78,30.28,0.0,205.0,0.0
2023-07-26,37.22,24.44,30.83,0.0,195.0,0.0
2023-07-27,36.11,22.78,29.44,0.0,195.0,0.0
2023-07-28,36.67,22.78,29.72,0.0,190.0,0.0
2023-07-29,37.22,22.22,29.72,0.0,193.0,1.0
2023-07-30,38.33,23.33,30.83,0.0,191.0,0.0
2023-07-31,39.44,23.33,31.38,0.0,167.0,0.0
2023-08-01,39.44,25.0,32.22,0.0,183.0,1.0
2023-08-02,40.0,22.78,31.39,0.0,181.0,0.0
2023-08-03,39.44,25.0,32.22,0.0,178.0,0.0
2023-08-04,40.0,25.56,32.78,0.0,183.0,1.0
2023-08-05,40.0,25.56,32.78,0.0,182.0,0.0
2023-08-06,40.0,24.44,32.22,0.0,182.0,0.0
2023-08-07,40.56,26.11,33.34,0.0,182.0,0.0
2023-08-08,40.56,26.11,33.34,0.0,195.0,1.0
2023-08-09,42.22,25.0,33.61,0.0,186.0,0.0
2023-08-10,41.11,25.56,33.34,0.0,226.0,1.0
2023-08-11,41.11,26.11,33.61,0.0,267.0,1.0
2023-08-12,40.56,26.67,33.62,0.0,271.0,1.0
2023-08-13,40.56,27.22,33.89,0.0,273.0,1.0
2023-08-14,41.11,23.89,32.5,0.0,278.0,1.0
2023-08-15,38.33,25.56,31.94,0.0,267.0,0.0
2023-08-16,39.44,21.67,30.56,0.0,269.0,1.0
2023-08-17,42.78,23.33,33.06,0.0,275.0,1.0
2023-08-18,41.11,24.44,32.78,0.0,270.0,0.0
2023-08-19,40.0,22.22,31.11,0.0,256.0,0.0
2023-08-20,41.11,24.44,32.78,0.0,260.0,1.0
2023-08-21,40.56,26.67,33.62,0.0,260.0,0.0
2023-08-22,36.67,25.56,31.12,3.56,259.0,0.0
2023-08-23,38.33,25.56,31.94,0.0,262.0,1.0
2023-08-24,41.11,24.44,32.78,0.0,282.0,1.0
2023-08-25,41.11,25.0,33.06,0.0,271.0,0.0
2023-08-26,40.56,23.33,31.94,0.0,284.0,1.0
2023-08-27,42.78,25.56,34.17,0.0,282.0,0.0
2023-08-28,37.78,23.89,30.84,0.0,234.0,0.0
2023-08-29,37.78,23.33,30.56,0.0,263.0,1.0
2023-08-30,38.33,20.0,29.16,0.0,269.0,1.0
2023-08-31,38.89,20.56,29.72,0.0,266.0,0.0
2023-09-01,37.78,20.56,29.17,0.0,298.0,1.0
2023-09-02,38.89,21.11,30.0,0.0,290.0,0.0
2023-09-03,38.33,24.44,31.38,0.0,304.0,1.0
2023-09-04,38.89,24.44,31.66,0.0,274.0,0.0
2023-09-05,40.0,26.67,33.34,0.0,323.0,1.0
2023-09-06,39.44,25.56,32.5,0.0,341.0,1.0
2023-09-07,40.56,25.56,33.06,0.0,297.0,0.0
2023-09-08,41.11,26.11,33.61,0.0,326.0,1.0
2023-09-09,39.44,25.56,32.5,0.0,310.0,0.0
2023-09-10,37.22,24.44,30.83,0.0,287.0,0.0
2023-09-11,36.11,21.11,28.61,0.0,290.0,1.0
2023-09-12,34.44,25.56,30.0,0.0,276.0,0.0
2023-09-13,32.78,22.78,27.78,4.06,277.0,1.0
2023-09-14,34.44,22.78,28.61,17.53,247.0,0.0
2023-09-15,32.22,22.78,27.5,0.25,270.0,1.0
2023-09-16,30.0,21.67,25.84,5.59,283.0,1.0
2023-09-17,33.89,20.0,26.94,0.0,238.0,0.0
2023-09-18,35.56,19.44,27.5,0.0,175.0,0.0
2023-09-19,36.11,21.11,28.61,0.0,153.0,0.0
2023-09-20,36.67,21.11,28.89,0.0,144.0,0.0
2023-09-21,36.11,22.78,29.44,0.0,203.0,1.0
2023-09-22,36.67,22.78,29.72,0.0,162.0,0.0
2023-09-23,37.78,25.56,31.67,0.0,146.0,0.0
2023-09-24,39.44,25.0,32.22,4.57,157.0,1.0
2023-09-25,36.67,26.11,31.39,0.0,260.0,1.0
2023-09-26,36.11,21.67,28.89,0.0,115.0,0.0
2023-09-27,33.89,21.67,27.78,0.0,115.0,0.0
2023-09-28,35.0,20.0,27.5,0.0,116.0,1.0
2023-09-29,35.56,20.56,28.06,0.0,113.0,0.0
2023-09-30,35.56,20.56,28.06,0.0,113.0,0.0
2023-10-01,34.44,18.89,26.66,0.0,113.0,0.0
2023-10-02,34.44,19.44,26.94,0.0,114.0,1.0
2023-10-03,35.0,18.33,26.66,0.0,140.0,1.0
2023-10-04,37.78,24.44,31.11,0.0,136.0,0.0
2023-10-05,27.22,20.56,23.89,44.2,464.0,1.0
2023-10-06,31.11,19.44,25.28,0.0,123.0,0.0
2023-10-07,25.0,15.0,20.0,0.0,89.7,0.0
2023-10-08,27.22,10.0,18.61,0.0,101.0,1.0
2023-10-09,28.89,11.11,20.0,0.0,109.0,1.0
2023-10-10,26.67,17.22,21.94,0.25,108.0,0.0
2023-10-11,22.22,18.89,20.56,0.0,102.0,0.0
2023-10-12,29.44,17.22,23.33,0.0,101.0,0.0
2023-10-13,33.33,18.89,26.11,0.0,81.0,0.0
2023-10-14,25.56,11.11,18.34,0.0,70.8,0.0
2023-10-15,23.89,12.22,18.06,0.0,59.8,0.0
2023-10-16,23.89,8.89,16.39,0.0,54.7,0.0
2023-10-17,25.56,3.89,14.72,0.0,76.5,1.0
2023-10-18,28.33,7.22,17.77,0.0,83.3,1.0
2023-10-19,31.11,12.22,21.66,0.0,70.2,0.0
2023-10-20,36.11,10.0,23.06,0.0,95.2,1.0
2023-10-21,34.44,11.67,23.06,0.0,96.1,1.0
2023-10-22,31.11,16.67,23.89,0.0,95.5,0.0
2023-10-23,27.78,21.11,24.44,21.84,248.0,1.0
2023-10-24,27.22,22.78,25.0,11.68,234.0,0.0
2023-10-25,29.44,23.33,26.38,0.0,192.0,0.0
2023-10-26,26.11,20.56,23.34,65.79,1280.0,1.0
2023-10-27,30.56,23.89,27.22,1.02,296.0,0.0
2023-10-28,31.11,23.33,27.22,1.78,179.0,0.0
2023-10-29,24.44,6.67,15.56,4.06,111.0,0.0
2023-10-30,9.44,5.0,7.22,3.56,135.0,1.0
2023-10-31,15.56,4.44,10.0,0.0,109.0,0.0
2023-11-01,15.0,2.78,8.89,0.0,91.9,0.0
2023-11-02,18.89,0.0,9.44,0.0,85.5,0.0
2023-11-03,24.44,8.89,16.66,0.0,82.5,0.0
2023-11-04,26.11,9.44,17.77,0.0,80.5,0.0
2023-11-05,26.67,12.78,19.73,0.0,79.4,0.0
2023-11-06,27.22,14.44,20.83,0.0,79.9,1.0
2023-11-07,29.44,17.78,23.61,0.0,183.0,1.0
2023-11-08,27.78,20.0,23.89,0.0,78.4,0.0
2023-11-09,24.44,12.78,18.61,9.14,77.2,0.0
2023-11-10,14.44,12.22,13.33,10.16,172.0,1.0
2023-11-11,16.67,12.22,14.44,0.0,101.0,0.0
2023-11-12,16.67,13.33,15.0,9.65,91.7,0.0
2023-11-13,19.44,12.78,16.11,0.51,94.4,1.0
2023-11-14,22.22,10.56,16.39,0.0,86.8,0.0
2023-11-15,23.33,8.89,16.11,0.0,79.0,0.0
2023-11-16,17.22,8.33,12.77,0.0,75.9,0.0
2023-11-17,27.22,12.22,19.72,0.0,76.4,1.0
2023-11-18,20.56,15.56,18.06,0.0,74.2,0.0
2023-11-19,19.0,13.33,16.16,1.52,74.0,0.0
2023-11-20,28.89,16.67,22.78,0.0,75.6,1.0
2023-11-21,15.56,8.89,12.23,0.0,73.0,0.0
2023-11-22,18.89,2.22,10.56,0.0,68.3,0.0
2023-11-23,14.44,1.67,8.06,0.0,67.6,0.0
2023-11-24,18.33,2.22,10.27,0.0,65.3,0.0
2023-11-25,15.56,4.44,10.0,0.0,65.6,1.0
2023-11-26,13.33,3.89,8.61,0.0,96.8,1.0
2023-11-27,13.33,1.67,7.5,0.0,78.4,0.0
2023-11-28,16.11,5.0,10.56,0.0,77.0,0.0
2023-11-29,18.33,3.89,11.11,0.0,96.5,1.0
2023-11-30,23.33,14.44,18.88,3.56,83.0,0.0
2023-12-01,20.56,8.89,14.72,0.0,99.5,1.0
2023-12-02,20.56,6.11,13.34,0.0,65.3,0.0
2023-12-03,23.33,6.11,14.72,0.0,77.7,1.0
2023-12-04,20.0,3.89,11.94,0.0,96.5,1.0
2023-12-05,22.22,1.67,11.94,0.0,65.1,0.0
2023-12-06,20.56,3.33,11.94,0.0,81.3,1.0
2023-12-07,22.22,3.33,12.77,0.0,88.3,1.0
2023-12-08,23.33,13.89,18.61,0.0,63.2,0.0
2023-12-09,24.44,11.11,17.77,0.0,72.9,1.0
2023-12-10,15.0,-1.11,6.94,0.0,91.8,1.0
2023-12-11,18.33,-3.89,7.22,0.0,67.5,0.0
2023-12-12,20.0,1.11,10.56,0.0,76.2,1.0
2023-12-13,13.33,11.11,12.22,3.05,85.7,1.0
2023-12-14,20.56,9.44,15.0,0.0,65.3,0.0
2023-12-15,18.33,12.22,15.27,5.33,87.7,1.0
2023-12-16,18.33,3.89,11.11,0.0,92.4,1.0
2023-12-17,21.67,-0.56,10.56,0.0,61.3,0.0
2023-12-18,20.0,2.78,11.39,0.0,73.7,1.0
2023-12-19,20.0,1.67,10.84,0.0,80.5,1.0
2023-12-20,22.22,7.22,14.72,0.0,59.6,0.0
2023-12-21,17.78,15.56,16.67,3.81,83.9,1.0
2023-12-22,21.67,15.0,18.34,0.51,88.6,1.0
2023-12-23,21.67,14.0,17.84,4.06,65.0,0.0
2023-12-24,23.33,12.78,18.06,42.16,537.0,1.0
2023-12-25,13.89,2.78,8.34,0.0,118.0,0.0
2023-12-26,15.0,-0.56,7.22,0.0,86.0,0.0
2023-12-27,17.78,1.11,9.44,0.0,79.6,0.0
2023-12-28,16.11,1.67,8.89,0.0,74.3,0.0
2023-12-29,16.11,2.22,9.16,0.0,72.8,0.0
2023-12-30,20.56,-1.67,9.44,0.0,91.1,1.0
2023-12-31,22.22,0.56,11.39,0.0,88.1,0.0
2024-01-01,14.44,3.33,8.88,0.0,64.6,0.0
2024-01-02,11.67,3.33,7.5,38.35,174.0,1.0
2024-01-03,10.56,6.67,8.62,0.0,232.0,1.0
2024-01-04,14.44,1.11,7.78,1.02,97.9,0.0
2024-01-05,19.44,3.89,11.66,0.25,90.3,0.0
2024-01-06,17.78,0.56,9.17,0.0,84.1,0.0
2024-01-07,18.33,-1.67,8.33,0.0,80.4,0.0
2024-01-08,23.89,10.0,16.94,6.86,83.3,1.0
2024-01-09,13.89,-0.56,6.66,0.0,81.2,0.0
2024-01-10,19.44,-4.44,7.5,0.0,75.2,0.0
2024-01-11,23.33,0.0,11.66,0.0,74.5,0.0
2024-01-12,20.0,-2.78,8.61,0.0,74.2,0.0
2024-01-13,17.22,-6.11,5.56,0.0,70.0,0.0
2024-01-14,2.22,-7.22,-2.5,0.0,73.8,1.0
2024-01-15,-3.89,-7.78,-5.84,0.0,75.6,1.0
2024-01-16,1.11,-8.33,-3.61,0.0,75.4,0.0
2024-01-17,7.78,-11.67,-1.94,0.0,74.3,0.0
2024-01-18,25.56,0.0,12.78,0.0,87.6,1.0
2024-01-19,9.44,-0.56,4.44,0.0,93.0,1.0
2024-01-20,5.56,-3.33,1.11,0.0,74.8,0.0
2024-01-21,5.0,2.78,3.89,0.51,88.6,1.0
2024-01-22,14.44,3.89,9.16,89.92,2530.0,1.0
2024-01-23,15.56,11.67,13.62,5.84,282.0,0.0
2024-01-24,13.89,12.22,13.06,27.69,305.0,1.0
2024-01-25,15.56,7.22,11.39,1.52,319.0,1.0
2024-01-26,13.89,10.0,11.94,0.0,183.0,0.0
2024-01-27,17.22,5.0,11.11,0.0,140.0,0.0
2024-01-28,18.89,1.11,10.0,0.0,127.0,0.0
2024-01-29,21.67,1.11,11.39,0.0,119.0,0.0
2024-01-30,23.33,2.78,13.06,0.0,110.0,0.0
2024-01-31,22.78,3.33,13.06,0.0,115.0,1.0
2024-02-01,22.78,4.44,13.61,0.0,98.0,0.0
2024-02-02,20.0,15.0,17.5,28.19,110.0,1.0
2024-02-03,22.22,6.67,14.44,2.54,156.0,1.0
2024-02-04,20.0,7.78,13.89,0.0,106.0,0.0
2024-02-05,17.78,4.44,11.11,0.0,94.1,0.0
2024-02-06,20.56,2.22,11.39,0.0,105.0,1.0
2024-02-07,21.67,2.78,12.23,0.0,92.2,0.0
2024-02-08,22.78,13.89,18.34,0.0,98.6,1.0
2024-02-09,23.89,15.56,19.73,0.0,97.3,0.0
2024-02-10,18.89,15.0,16.94,20.32,327.0,1.0
2024-02-11,15.56,8.33,11.94,1.02,128.0,0.0
2024-02-12,16.11,2.22,9.16,0.0,102.0,0.0
2024-02-13,19.44,-0.56,9.44,0.0,99.2,0.0
2024-02-14,20.0,1.67,10.84,0.0,98.6,0.0
2024-02-15,20.56,13.33,16.94,0.0,98.4,0.0
2024-02-16,22.78,11.11,16.94,0.0,96.8,0.0
2024-02-17,11.11,2.78,6.94,0.0,95.3,0.0
2024-02-18,12.22,0.0,6.11,0.0,96.2,1.0
2024-02-19,20.0,-2.22,8.89,0.0,95.0,0.0
2024-02-20,26.11,1.67,13.89,0.0,92.7,0.0
2024-02-21,25.0,13.89,19.44,0.0,88.8,0.0
2024-02-22,30.56,17.78,24.17,0.0,93.9,1.0
2024-02-23,23.89,8.89,16.39,0.0,85.0,0.0
2024-02-24,26.11,5.56,15.84,0.0,89.5,1.0
2024-02-25,28.33,5.56,16.94,0.0,86.2,0.0
2024-02-26,27.78,13.33,20.56,0.0,84.8,0.0
2024-02-27,26.67,19.44,23.06,0.0,90.8,1.0
2024-02-28,21.11,8.33,14.72,0.0,90.5,0.0
2024-02-29,9.44,6.11,7.78,1.02,81.7,0.0
2024-03-01,20.0,6.67,13.34,0.0,86.4,1.0
2024-03-02,27.22,3.33,15.27,0.0,83.7,0.0
2024-03-03,26.67,16.11,21.39,0.0,79.2,0.0
2024-03-04,28.33,18.89,23.61,0.0,87.9,1.0
2024-03-05,32.78,12.22,22.5,0.0,80.6,0.0
2024-03-06,28.33,10.0,19.16,0.0,83.3,1.0
2024-03-07,23.89,18.89,21.39,0.25,76.8,0.0
2024-03-08,28.33,10.56,19.44,3.56,110.0,1.0
2024-03-09,16.67,7.78,12.23,0.0,79.4,0.0
2024-03-10,19.44,3.33,11.39,0.0,77.7,0.0
2024-03-11,22.78,10.56,16.67,0.0,78.0,1.0
2024-03-12,25.0,11.11,18.06,0.0,78.4,1.0
2024-03-13,28.89,19.44,24.16,0.0,79.2,1.0
2024-03-14,26.67,19.44,23.06,0.0,79.7,1.0
2024-03-15,24.44,17.78,21.11,13.97,90.4,1.0
2024-03-16,23.89,16.67,20.28,3.56,79.3,0.0
2024-03-17,18.89,13.89,16.39,18.8,200.0,1.0
2024-03-18,18.33,7.78,13.06,0.0,97.6,0.0
2024-03-19,18.89,4.44,11.66,0.0,80.4,0.0
2024-03-20,19.44,9.44,14.44,0.0,80.7,1.0
2024-03-21,17.78,11.11,14.44,10.41,86.3,1.0
2024-03-22,26.11,10.0,18.06,0.0,95.6,1.0
2024-03-23,22.78,6.67,14.73,0.0,81.9,0.0
2024-03-24,22.78,13.33,18.06,0.0,81.3,0.0
2024-03-25,26.11,11.67,18.89,4.83,90.4,1.0
2024-03-26,18.89,6.67,12.78,0.0,84.5,0.0
2024-03-27,19.44,6.67,13.06,5.33,82.5,0.0
2024-03-28,24.44,5.0,14.72,0.0,89.7,1.0
2024-03-29,25.56,11.67,18.61,0.0,81.2,0.0
2024-03-30,25.0,14.44,19.72,0.0,81.7,1.0
2024-03-31,26.11,17.22,21.66,0.0,82.2,1.0
2024-04-01,27.78,20.0,23.89,0.0,84.8,1.0
2024-04-02,23.89,12.22,18.06,4.83,87.1,1.0
2024-04-03,27.22,8.89,18.06,0.0,81.0,0.0
2024-04-04,30.0,6.67,18.34,0.0,78.4,0.0
2024-04-05,29.44,6.67,18.06,0.0,76.9,0.0
2024-04-06,26.11,10.0,18.06,0.0,75.1,0.0
2024-04-07,27.22,15.0,21.11,1.27,81.3,1.0
2024-04-08,26.67,13.89,20.28,1.27,82.2,1.0
2024-04-09,29.44,17.78,23.61,12.95,152.0,1.0
2024-04-10,21.11,14.44,17.77,7.37,249.0,1.0
2024-04-11,27.78,8.89,18.34,0.0,104.0,0.0
2024-04-12,27.22,8.33,17.77,0.0,92.9,0.0
2024-04-13,27.22,14.44,20.83,0.0,88.7,0.0
2024-04-14,28.33,16.67,22.5,0.0,88.1,0.0
2024-04-15,28.89,20.56,24.72,0.25,89.3,1.0
2024-04-16,26.11,21.11,23.61,0.25,89.4,1.0
2024-04-17,28.33,21.67,25.0,0.0,88.7,0.0
2024-04-18,31.67,21.67,26.67,0.0,85.5,0.0
2024-04-19,24.44,17.78,21.11,0.0,84.4,0.0
2024-04-20,21.67,12.22,16.94,18.8,98.6,1.0
2024-04-21,21.11,9.44,15.27,0.25,157.0,1.0
2024-04-22,22.78,7.22,15.0,0.0,92.9,0.0
2024-04-23,23.33,10.0,16.66,0.0,83.8,0.0
2024-04-24,28.89,20.56,24.72,0.0,82.5,0.0
2024-04-25,27.78,21.11,24.44,0.0,83.2,1.0
2024-04-26,29.44,22.78,26.11,0.0,86.9,1.0
2024-04-27,28.89,23.89,26.39,0.0,96.6,1.0
2024-04-28,27.22,17.78,22.5,18.03,205.0,1.0
2024-04-29,31.67,18.89,25.28,0.0,127.0,0.0
2024-04-30,30.56,19.44,25.0,0.0,113.0,0.0
2024-05-01,26.67,21.11,23.89,6.35,325.0,1.0
2024-05-02,26.67,20.56,23.62,0.76,354.0,1.0
2024-05-03,24.44,22.22,23.33,1.78,138.0,0.0
2024-05-04,26.67,20.56,23.62,0.0,114.0,0.0
2024-05-05,27.22,17.22,22.22,15.75,398.0,1.0
2024-05-06,30.56,23.33,26.94,0.51,149.0,0.0
2024-05-07,32.22,22.78,27.5,0.0,132.0,0.0
2024-05-08,31.67,23.89,27.78,0.0,115.0,0.0
2024-05-09,33.33,22.78,28.06,0.0,124.0,1.0
2024-05-10,30.0,20.56,25.28,0.0,109.0,0.0
2024-05-11,28.33,20.0,24.16,0.0,108.0,0.0
2024-05-12,23.89,20.0,21.94,0.0,108.0,0.0
2024-05-13,26.67,18.89,22.78,4.06,120.0,1.0
2024-05-14,33.33,13.89,23.61,0.0,108.0,0.0
2024-05-15,34.44,13.33,23.88,0.0,105.0,0.0
2024-05-16,28.33,18.33,23.33,18.03,540.0,1.0
2024-05-17,30.0,15.56,22.78,0.0,202.0,0.0
2024-05-18,35.56,18.89,27.22,0.0,121.0,0.0
2024-05-19,33.33,22.22,27.78,0.0,110.0,0.0
2024-05-20,34.44,18.33,26.38,0.0,114.0,1.0
2024-05-21,35.0,24.44,29.72,0.0,106.0,0.0
2024-05-22,35.0,24.44,29.72,0.0,104.0,0.0
2024-05-23,33.89,25.0,29.44,0.0,102.0,0.0
2024-05-24,36.67,25.0,30.84,0.0,102.0,0.0
2024-05-25,37.22,23.89,30.56,0.0,101.0,0.0
2024-05-26,35.56,25.56,30.56,0.0,98.2,0.0
2024-05-27,36.67,25.56,31.12,0.0,180.0,1.0
2024-05-28,31.11,22.22,26.66,16.26,259.0,1.0
2024-05-29,33.33,21.11,27.22,1.52,399.0,1.0
2024-05-30,33.89,23.89,28.89,0.0,302.0,0.0
2024-05-31,32.22,18.33,25.28,34.29,472.0,1.0
2024-06-01,32.78,21.11,26.94,0.0,148.0,0.0
2024-06-02,34.44,25.0,29.72,0.0,194.0,1.0
2024-06-03,35.0,26.67,30.84,0.0,218.0,1.0
2024-06-04,36.67,26.67,31.67,0.0,204.0,0.0
2024-06-05,32.78,21.67,27.22,0.0,196.0,0.0
2024-06-06,36.11,20.0,28.06,0.0,239.0,1.0
2024-06-07,35.56,20.0,27.78,0.0,241.0,1.0
2024-06-08,35.0,20.56,27.78,0.0,238.0,0.0
2024-06-09,35.56,20.0,27.78,0.0,235.0,0.0
2024-06-10,35.0,24.44,29.72,0.51,235.0,0.0
2024-06-11,35.56,22.22,28.89,2.03,245.0,1.0
2024-06-12,33.33,22.78,28.06,0.0,280.0,1.0
2024-06-13,36.11,21.67,28.89,0.0,293.0,1.0
2024-06-14,36.11,22.22,29.16,0.0,284.0,0.0
2024-06-15,35.56,21.67,28.62,0.0,281.0,0.0
2024-06-16,36.11,21.11,28.61,0.0,241.0,0.0
2024-06-17,35.56,24.44,30.0,0.0,236.0,0.0
2024-06-18,35.56,22.78,29.17,0.0,227.0,0.0
2024-06-19,27.22,22.78,25.0,42.16,267.0,1.0
2024-06-20,32.78,23.33,28.06,16.0,345.0,1.0
2024-06-21,33.33,22.22,27.78,0.0,121.0,0.0
2024-06-22,34.44,21.67,28.06,0.0,108.0,0.0
2024-06-23,34.44,21.11,27.78,0.0,97.7,0.0
2024-06-24,35.56,22.78,29.17,0.0,104.0,1.0
2024-06-25,35.56,25.0,30.28,0.0,93.2,0.0
2024-06-26,35.56,25.56,30.56,0.0,94.2,1.0
2024-06-27,36.67,25.0,30.84,0.0,154.0,1.0
2024-06-28,36.11,25.56,30.84,0.0,169.0,1.0
2024-06-29,37.22,26.67,31.94,0.0,155.0,0.0
2024-06-30,36.11,25.0,30.56,0.0,160.0,1.0
2024-07-01,36.67,23.33,30.0,0.0,164.0,1.0
2024-07-02,37.78,22.78,30.28,0.0,199.0,1.0
2024-07-03,36.67,22.78,29.72,0.0,181.0,0.0
2024-07-04,37.22,25.0,31.11,0.0,180.0,0.0
2024-07-05,37.78,23.89,30.84,0.0,181.0,1.0
2024-07-06,37.22,23.33,30.28,61.72,260.0,1.0
2024-07-07,34.44,23.33,28.88,0.0,256.0,0.0
2024-07-08,33.89,23.33,28.61,0.0,207.0,0.0
2024-07-09,35.56,22.22,28.89,0.0,196.0,0.0
2024-07-10,36.11,22.78,29.44,0.0,205.0,1.0
2024-07-11,35.0,20.56,27.78,0.0,183.0,0.0
2024-07-12,30.56,21.67,26.12,3.81,170.0,0.0
2024-07-13,31.67,22.22,26.94,1.27,180.0,1.0
2024-07-14,33.33,22.78,28.06,0.0,193.0,1.0
2024-07-15,35.56,21.67,28.62,0.0,202.0,1.0
2024-07-16,36.11,22.22,29.16,0.0,228.0,1.0
2024-07-17,35.56,22.22,28.89,0.0,229.0,1.0
2024-07-18,35.0,22.78,28.89,10.16,172.0,0.0
2024-07-19,33.89,23.33,28.61,8.89,94.0,0.0
2024-07-20,35.0,22.78,28.89,0.0,109.0,1.0
2024-07-21,35.56,22.78,29.17,1.02,128.0,1.0
2024-07-22,32.78,23.33,28.06,34.04,131.0,1.0
2024-07-23,27.78,22.22,25.0,10.67,225.0,1.0
2024-07-24,31.67,22.78,27.22,0.0,146.0,0.0
2024-07-25,31.11,22.22,26.66,0.0,105.0,0.0
2024-07-26,31.67,21.11,26.39,0.0,117.0,1.0
2024-07-27,30.0,21.67,25.84,0.25,102.0,0.0
2024-07-28,30.56,23.33,26.94,1.78,113.0,1.0
2024-07-29,35.0,25.56,30.28,0.0,112.0,0.0
2024-07-30,34.44,25.0,29.72,0.0,103.0,0.0
2024-07-31,35.0,23.33,29.16,0.0,102.0,0.0
2024-08-01,35.56,22.78,29.17,0.0,101.0,0.0
2024-08-02,36.11,23.89,30.0,0.0,100.0,0.0
2024-08-03,37.22,21.67,29.44,0.0,97.3,0.0
2024-08-04,35.56,24.44,30.0,0.0,439.0,1.0
2024-08-05,36.67,22.22,29.44,0.0,163.0,0.0
2024-08-06,36.67,22.78,29.72,0.0,97.7,0.0
2024-08-07,38.89,23.89,31.39,0.0,90.1,0.0
2024-08-08,37.22,21.67,29.44,0.0,87.6,0.0
2024-08-09,37.22,22.78,30.0,8.13,84.6,0.0
2024-08-10,36.11,23.89,30.0,0.51,82.9,0.0
2024-08-11,36.11,23.89,30.0,0.0,81.5,0.0
2024-08-12,37.22,22.78,30.0,0.0,80.1,0.0
2024-08-13,36.67,23.33,30.0,0.0,77.7,0.0
2024-08-14,36.67,23.33,30.0,0.0,84.5,1.0
2024-08-15,37.22,23.89,30.56,0.0,138.0,1.0
2024-08-16,37.22,25.0,31.11,0.0,200.0,1.0
2024-08-17,38.33,23.89,31.11,0.0,155.0,0.0
2024-08-18,38.33,24.44,31.38,0.0,172.0,1.0
2024-08-19,39.44,22.22,30.83,0.0,162.0,0.0
2024-08-20,40.56,22.78,31.67,0.0,200.0,1.0
2024-08-21,42.22,23.33,32.78,0.0,168.0,0.0
2024-08-22,40.56,23.89,32.22,0.0,234.0,1.0
2024-08-23,37.78,23.89,30.84,7.37,213.0,0.0
2024-08-24,36.11,23.89,30.0,0.0,232.0,1.0
2024-08-25,36.11,22.22,29.16,0.0,228.0,0.0
2024-08-26,32.78,21.67,27.22,0.0,227.0,0.0
2024-08-27,33.33,22.22,27.78,15.24,280.0,1.0
2024-08-28,35.0,22.78,28.89,0.76,264.0,0.0
2024-08-29,34.44,21.67,28.06,0.0,244.0,0.0
2024-08-30,33.89,22.78,28.34,0.0,232.0,0.0
2024-08-31,34.44,22.22,28.33,0.0,183.0,0.0
2024-09-01,35.0,22.78,28.89,0.0,194.0,1.0
2024-09-02,34.44,25.56,30.0,0.25,178.0,0.0
2024-09-03,32.22,23.89,28.06,1.78,236.0,1.0
2024-09-04,32.22,23.33,27.78,0.0,230.0,0.0
2024-09-05,31.67,23.89,27.78,0.0,274.0,1.0
2024-09-06,33.89,23.89,28.89,0.0,235.0,0.0
2024-09-07,33.33,18.89,26.11,0.0,235.0,0.0
2024-09-08,31.11,13.89,22.5,0.0,222.0,0.0
2024-09-09,32.22,11.67,21.94,0.0,230.0,1.0
2024-09-10,33.89,17.78,25.84,0.0,209.0,0.0
2024-09-11,33.33,23.33,28.33,0.0,208.0,0.0
2024-09-12,35.56,21.11,28.34,0.0,206.0,0.0
2024-09-13,36.67,18.89,27.78,0.0,247.0,1.0
2024-09-14,36.67,23.33,30.0,0.0,205.0,0.0
2024-09-15,37.22,22.78,30.0,0.0,250.0,1.0
2024-09-16,36.67,20.56,28.62,0.0,252.0,1.0
2024-09-17,36.11,21.11,28.61,0.0,270.0,1.0
2024-09-18,37.22,22.22,29.72,0.0,274.0,1.0
2024-09-19,37.22,24.44,30.83,0.0,284.0,1.0
2024-09-20,37.78,23.89,30.84,0.0,444.0,1.0
2024-09-21,36.11,22.22,29.16,0.0,447.0,1.0
2024-09-22,36.11,21.11,28.61,0.0,449.0,1.0
2024-09-23,35.0,22.78,28.89,0.0,459.0,1.0
2024-09-24,35.0,21.67,28.34,0.0,413.0,0.0
2024-09-25,36.67,21.67,29.17,0.0,434.0,1.0
2024-09-26,31.67,17.22,24.44,0.0,410.0,0.0
2024-09-27,34.44,13.33,23.88,0.0,413.0,1.0
2024-09-28,35.0,13.89,24.44,0.0,417.0,1.0
2024-09-29,35.0,13.89,24.44,0.0,414.0,0.0
2024-09-30,36.11,15.0,25.56,0.0,417.0,1.0
2024-10-01,36.11,16.11,26.11,0.0,399.0,0.0
2024-10-02,34.44,17.22,25.83,0.0,299.0,0.0
2024-10-03,35.0,16.67,25.84,0.0,280.0,0.0
2024-10-04,35.0,15.56,25.28,0.0,294.0,1.0
2024-10-05,34.44,18.33,26.38,0.0,293.0,0.0
2024-10-06,35.0,17.78,26.39,0.0,384.0,1.0
2024-10-07,35.0,16.67,25.84,0.0,348.0,0.0
2024-10-08,34.44,16.67,25.56,0.0,159.0,0.0
2024-10-09,33.89,12.78,23.34,0.0,261.0,1.0
2024-10-10,35.56,13.89,24.72,0.0,272.0,1.0
2024-10-11,33.89,12.78,23.34,0.0,133.0,0.0
2024-10-12,35.0,14.44,24.72,0.0,88.9,0.0
2024-10-13,37.22,18.33,27.78,0.0,89.0,1.0
2024-10-14,36.67,13.89,25.28,0.0,92.1,1.0
2024-10-15,36.67,13.33,25.0,0.0,79.5,0.0
2024-10-16,23.33,10.0,16.66,0.0,55.9,0.0
2024-10-17,24.44,7.22,15.83,0.0,51.2,0.0
2024-10-18,28.89,9.44,19.16,0.0,52.2,1.0
2024-10-19,30.56,15.0,22.78,0.0,52.9,1.0
2024-10-20,30.0,12.22,21.11,0.0,54.9,1.0
2024-10-21,30.56,9.44,20.0,0.0,73.7,1.0
2024-10-22,31.67,15.56,23.62,0.0,91.9,1.0
2024-10-23,32.22,14.44,23.33,0.0,84.2,0.0
2024-10-24,32.22,16.11,24.16,0.0,70.1,0.0
2024-10-25,32.22,18.89,25.56,0.0,81.3,1.0
2024-10-26,33.33,15.0,24.16,0.0,59.1,0.0
2024-10-27,33.33,15.0,24.16,0.0,65.6,1.0
2024-10-28,32.78,17.78,25.28,0.0,81.7,1.0
2024-10-29,32.22,21.67,26.94,0.0,57.5,0.0
2024-10-30,33.33,22.22,27.78,0.0,65.8,1.0
2024-10-31,30.0,21.67,25.84,0.0,104.0,1.0
2024-11-01,25.56,20.56,23.06,0.0,101.0,0.0
2024-11-02,28.33,22.22,25.28,0.0,140.0,1.0
2024-11-03,31.67,22.78,27.22,0.0,148.0,1.0
2024-11-04,31.11,16.67,23.89,28.45,164.0,1.0
2024-11-05,23.33,9.44,16.38,6.35,712.0,1.0
2024-11-06,27.22,6.11,16.66,0.0,86.8,0.0
2024-11-07,31.67,20.56,26.12,0.0,83.2,0.0
2024-11-08,31.67,18.33,25.0,0.0,105.0,1.0
2024-11-09,26.67,13.33,20.0,0.0,102.0,0.0
2024-11-10,30.56,13.33,21.94,0.0,103.0,1.0
2024-11-11,29.44,12.22,20.83,0.0,108.0,1.0
2024-11-12,28.33,11.11,19.72,0.0,108.0,0.0
2024-11-13,31.11,12.78,21.94,0.0,107.0,0.0
2024-11-14,25.0,6.11,15.56,0.0,95.3,0.0
2024-11-15,25.0,2.78,13.89,0.0,73.4,0.0
2024-11-16,28.33,8.89,18.61,0.0,89.4,1.0
2024-11-17,30.0,15.0,22.5,0.0,72.2,0.0
2024-11-18,26.67,8.33,17.5,3.56,98.4,1.0
2024-11-19,29.44,6.11,17.78,0.0,90.0,0.0
2024-11-20,20.56,2.78,11.67,0.0,95.6,1.0
2024-11-21,22.78,0.56,11.67,0.0,101.0,1.0
2024-11-22,25.56,2.22,13.89,0.0,78.8,0.0
2024-11-23,26.11,2.22,14.16,0.0,90.7,1.0
2024-11-24,28.33,8.33,18.33,0.0,97.6,1.0
2024-11-25,30.0,9.44,19.72,0.0,79.4,0.0
2024-11-26,18.89,4.44,11.66,0.0,90.3,1.0
2024-11-27,27.22,8.33,17.77,0.0,104.0,1.0
2024-11-28,16.67,5.56,11.12,0.0,141.0,1.0
2024-11-29,15.56,2.78,9.17,0.0,145.0,1.0
2024-11-30,18.89,4.44,11.66,0.0,145.0,0.0
2024-12-01,21.67,6.11,13.89,0.0,148.0,1.0
2024-12-02,20.56,2.78,11.67,0.0,154.0,1.0
2024-12-03,18.33,4.44,11.38,0.51,141.0,0.0
2024-12-04,15.0,11.67,13.34,13.46,145.0,1.0
2024-12-05,16.11,10.0,13.06,0.0,147.0,1.0
2024-12-06,11.67,6.11,8.89,0.25,145.0,0.0
2024-12-07,8.89,5.56,7.22,10.67,129.0,0.0
2024-12-08,16.11,7.22,11.66,0.25,130.0,1.0
2024-12-09,29.44,8.89,19.16,0.0,116.0,0.0
2024-12-10,16.67,5.56,11.12,0.0,260.0,1.0
2024-12-11,17.78,0.56,9.17,0.0,62.9,0.0
2024-12-12,19.44,-3.33,8.06,0.0,93.1,1.0
2024-12-13,19.44,13.33,16.39,4.06,103.0,1.0
2024-12-14,26.67,19.44,23.06,2.79,115.0,1.0
2024-12-15,27.22,20.0,23.61,2.54,105.0,0.0
2024-12-16,27.22,16.67,21.94,0.0,108.0,1.0
2024-12-17,26.67,17.22,21.94,0.0,105.0,0.0
2024-12-18,21.67,7.22,14.44,1.02,103.0,0.0
2024-12-19,20.56,2.78,11.67,0.0,80.3,0.0
2024-12-20,20.0,2.22,11.11,0.0,91.4,1.0
2024-12-21,17.22,-2.22,7.5,0.0,94.8,1.0
2024-12-22,21.67,3.33,12.5,0.0,75.1,0.0
2024-12-23,25.56,12.78,19.17,0.0,88.9,1.0
2024-12-24,25.56,16.11,20.84,0.25,97.6,1.0
2024-12-25,16.11,12.78,14.44,0.51,130.0,1.0
2024-12-26,26.11,8.89,17.5,8.38,108.0,0.0
2024-12-27,27.78,3.89,15.84,0.0,127.0,1.0
2024-12-28,28.33,8.89,18.61,6.35,120.0,0.0
2024-12-29,25.0,6.11,15.56,0.0,140.0,1.0
2024-12-30,30.0,5.56,17.78,0.0,140.0,0.0
2024-12-31,20.56,5.56,13.06,0.0,135.0,0.0
2025-01-01,15.56,3.89,9.72,0.0,131.0,0.0
2025-01-02,17.22,2.22,9.72,0.0,130.0,0.0
2025-01-03,19.44,12.78,16.11,0.0,136.0,1.0
2025-01-04,22.78,16.11,19.44,0.0,101.0,0.0
2025-01-05,23.89,2.22,13.06,0.0,127.0,1.0
2025-01-06,7.78,-1.67,3.06,0.0,163.0,1.0
2025-01-07,8.89,-3.33,2.78,0.0,147.0,0.0
2025-01-08,5.0,1.67,3.34,0.0,164.0,1.0
2025-01-09,5.0,2.22,3.61,23.62,236.0,1.0
2025-01-10,6.67,1.67,4.17,0.0,237.0,1.0
2025-01-11,15.0,-3.89,5.56,0.0,143.0,0.0
2025-01-12,17.22,-3.33,6.94,0.0,173.0,1.0
2025-01-13,13.89,-0.56,6.66,0.0,172.0,0.0
2025-01-14,12.78,-1.67,5.56,0.0,135.0,0.0
2025-01-15,17.22,2.22,9.72,0.0,130.0,0.0
2025-01-16,18.89,-0.56,9.17,0.0,131.0,1.0
2025-01-17,16.11,6.67,11.39,0.0,107.0,0.0
2025-01-18,16.11,4.44,10.28,0.0,110.0,1.0
2025-01-19,6.11,-2.22,1.94,0.0,113.0,1.0
2025-01-20,1.11,-6.11,-2.5,0.0,116.0,1.0
2025-01-21,3.33,-6.67,-1.67,1.27,118.0,1.0
2025-01-22,10.0,-8.33,0.84,0.0,117.0,0.0
2025-01-23,12.78,-3.33,4.72,0.0,122.0,1.0
2025-01-24,15.0,-5.56,4.72,0.0,124.0,1.0
2025-01-25,14.44,-5.56,4.44,0.51,134.0,1.0
2025-01-26,12.78,9.44,11.11,3.56,125.0,0.0
2025-01-27,11.67,7.22,9.44,1.02,134.0,1.0
2025-01-28,11.67,8.0,9.84,0.25,406.0,1.0
2025-01-29,21.11,11.11,16.11,1.02,81.2,0.0
2025-01-30,20.56,10.0,15.28,17.53,143.0,1.0
2025-01-31,22.78,3.89,13.34,0.0,155.0,1.0
2025-02-01,23.89,0.56,12.22,0.0,162.0,1.0
2025-02-02,26.67,2.22,14.44,0.0,142.0,0.0
2025-02-03,28.89,14.44,21.66,0.0,168.0,1.0
2025-02-04,27.78,17.78,22.78,0.0,128.0,0.0
2025-02-05,25.0,18.0,21.5,0.0,147.0,1.0
2025-02-06,27.78,18.33,23.06,0.0,128.0,0.0
2025-02-07,26.67,20.56,23.62,0.0,131.0,1.0
2025-02-08,30.56,19.44,25.0,0.0,108.0,0.0
2025-02-09,21.11,10.56,15.84,0.0,120.0,1.0
2025-02-10,10.56,8.33,9.44,0.0,118.0,0.0
2025-02-11,11.11,7.78,9.44,83.82,411.0,1.0
2025-02-12,12.22,5.0,8.61,5.59,180.0,0.0
2025-02-13,7.78,0.56,4.17,0.0,139.0,0.0
2025-02-14,8.33,2.22,5.28,0.76,120.0,0.0
2025-02-15,22.22,8.33,15.27,0.76,113.0,0.0
2025-02-16,12.78,2.22,7.5,0.0,108.0,0.0
2025-02-17,16.67,-2.78,6.95,0.0,98.3,0.0
2025-02-18,16.11,-1.11,7.5,2.03,87.5,0.0
2025-02-19,,,,0.0,86.5,0.0
2025-02-20,2.22,-7.22,-2.5,0.0,92.3,1.0
2025-02-21,3.33,-0.56,1.38,0.0,79.5,0.0
2025-02-22,5.0,-0.56,2.22,1.27,75.7,0.0
2025-02-23,17.78,5.0,11.39,0.25,95.0,1.0
2025-02-24,23.89,1.67,12.78,0.0,112.0,1.0
2025-02-25,25.0,3.33,14.16,0.0,98.9,0.0
2025-02-26,27.78,15.0,21.39,0.0,123.0,1.0
2025-02-27,20.0,9.44,14.72,0.0,130.0,1.0
2025-02-28,25.0,4.44,14.72,0.0,127.0,0.0
2025-03-01,28.33,6.67,17.5,0.0,132.0,1.0
2025-03-02,26.11,10.56,18.34,0.0,126.0,0.0
2025-03-03,26.11,19.44,22.78,0.0,122.0,0.0
2025-03-04,24.44,12.22,18.33,5.59,120.0,0.0
2025-03-05,21.67,5.56,13.62,0.0,94.3,0.0
2025-03-06,23.33,2.78,13.06,0.0,104.0,1.0
2025-03-07,27.78,15.56,21.67,0.0,100.0,0.0
2025-03-08,27.22,8.89,18.06,0.0,101.0,1.0
2025-03-09,17.22,7.22,12.22,0.0,106.0,1.0
2025-03-10,25.56,1.67,13.61,0.0,135.0,1.0
2025-03-11,27.78,2.22,15.0,0.0,73.9,0.0
2025-03-12,31.11,13.33,22.22,0.0,104.0,1.0
2025-03-13,32.78,9.44,21.11,0.0,111.0,1.0
2025-03-14,36.11,18.89,27.5,0.0,123.0,1.0
2025-03-15,25.0,16.11,20.56,0.76,115.0,0.0
2025-03-16,26.67,2.78,14.73,0.0,110.0,0.0
2025-03-17,28.89,1.67,15.28,0.0,110.0,0.0
2025-03-18,29.44,11.11,20.27,0.0,117.0,1.0
2025-03-19,26.11,12.78,19.44,0.0,140.0,1.0
2025-03-20,21.11,7.22,14.16,0.0,145.0,1.0
2025-03-21,26.11,1.11,13.61,0.0,152.0,1.0
2025-03-22,28.89,9.44,19.16,0.0,156.0,1.0
2025-03-23,31.11,16.11,23.61,19.05,229.0,1.0
2025-03-24,28.33,14.44,21.38,0.0,284.0,1.0
2025-03-25,31.67,14.44,23.06,0.0,200.0,0.0
2025-03-26,27.22,17.22,22.22,2.03,214.0,1.0
2025-03-27,20.0,17.22,18.61,8.38,238.0,1.0
2025-03-28,21.67,17.0,19.34,1.27,173.0,0.0
2025-03-29,29.44,18.33,23.88,0.0,156.0,0.0
2025-03-30,25.0,19.44,22.22,0.0,117.0,0.0
2025-03-31,25.0,16.11,20.56,0.0,133.0,1.0
2025-04-01,28.33,15.0,21.66,0.0,136.0,1.0
2025-04-02,29.44,22.78,26.11,0.0,171.0,1.0
2025-04-03,31.67,21.67,26.67,0.0,120.0,0.0
2025-04-04,31.11,16.67,23.89,0.0,249.0,1.0
2025-04-05,17.78,11.11,14.44,3.56,182.0,0.0
2025-04-06,15.0,7.22,11.11,0.0,179.0,0.0
2025-04-07,22.22,3.89,13.06,0.0,198.0,1.0
2025-04-08,25.56,3.33,14.44,0.0,148.0,0.0
2025-04-09,29.44,8.33,18.89,0.0,164.0,1.0
2025-04-10,31.67,8.89,20.28,0.0,169.0,1.0
2025-04-11,31.11,12.22,21.66,0.0,166.0,0.0
2025-04-12,31.11,11.67,21.39,0.0,163.0,0.0
2025-04-13,32.78,16.11,24.44,0.0,197.0,1.0
2025-04-14,32.22,17.78,25.0,0.0,207.0,1.0
2025-04-15,27.78,17.78,22.78,0.0,200.0,0.0
2025-04-16,29.44,14.44,21.94,0.0,198.0,0.0
2025-04-17,31.11,20.0,25.56,0.0,208.0,1.0
2025-04-18,32.78,20.0,26.39,0.0,224.0,1.0
2025-04-19,28.89,21.11,25.0,0.0,234.0,1.0
2025-04-20,30.56,16.11,23.34,6.6,235.0,1.0
2025-04-21,31.11,10.0,20.56,0.0,297.0,1.0
2025-04-22,31.11,16.11,23.61,0.0,260.0,0.0
2025-04-23,28.89,19.44,24.16,12.7,450.0,1.0
2025-04-24,30.56,18.89,24.72,0.51,228.0,0.0
2025-04-25,30.0,18.89,24.44,19.3,236.0,1.0
2025-04-26,29.44,19.44,24.44,0.0,292.0,1.0
2025-04-27,28.89,20.56,24.72,0.0,317.0,1.0
2025-04-28,30.0,22.22,26.11,0.0,309.0,0.0
2025-04-29,30.56,22.78,26.67,0.0,319.0,1.0
2025-04-30,30.56,22.78,26.67,0.0,282.0,0.0
2025-05-01,32.78,18.89,25.84,0.0,269.0,0.0
2025-05-02,30.56,16.67,23.62,0.76,283.0,1.0
2025-05-03,26.67,11.67,19.17,0.0,301.0,1.0
2025-05-04,28.33,11.11,19.72,0.0,313.0,1.0
2025-05-05,23.33,13.89,18.61,55.12,490.0,1.0
2025-05-06,31.67,17.78,24.72,4.57,303.0,0.0
2025-05-07,27.22,17.22,22.22,0.0,164.0,0.0
2025-05-08,28.89,16.11,22.5,0.25,205.0,1.0
2025-05-09,27.22,17.78,22.5,0.0,206.0,1.0
2025-05-10,27.22,17.22,22.22,0.51,253.0,1.0
2025-05-11,28.33,15.0,21.66,0.0,257.0,1.0
2025-05-12,32.78,11.67,22.22,0.0,255.0,0.0
2025-05-13,37.78,13.89,25.84,0.0,253.0,0.0
2025-05-14,37.22,21.67,29.44,0.0,328.0,1.0
2025-05-15,36.11,21.67,28.89,0.0,337.0,1.0
2025-05-16,35.56,25.0,30.28,0.0,408.0,1.0
2025-05-17,35.56,26.11,30.84,0.0,407.0,0.0
2025-05-18,32.78,25.0,28.89,0.0,493.0,1.0
2025-05-19,30.56,25.56,28.06,0.0,508.0,1.0
2025-05-20,35.0,23.89,29.44,0.0,493.0,0.0
2025-05-21,34.44,18.89,26.66,0.0,468.0,0.0
2025-05-22,36.67,23.89,30.28,0.0,473.0,1.0
2025-05-23,35.0,20.0,27.5,4.57,529.0,1.0
2025-05-24,36.11,25.0,30.56,0.0,462.0,0.0
2025-05-25,35.56,25.0,30.28,0.0,437.0,0.0
2025-05-26,31.67,20.0,25.84,49.28,902.0,1.0
2025-05-27,32.78,18.89,25.84,0.51,871.0,0.0
2025-05-28,30.56,20.0,25.28,7.37,1260.0,1.0
2025-05-29,32.22,19.44,25.83,0.0,501.0,0.0
2025-05-30,28.89,20.56,24.72,16.26,499.0,0.0
2025-05-31,30.56,20.56,25.56,0.0,383.0,0.0
2025-06-01,35.0,21.11,28.06,0.0,448.0,1.0
2025-06-02,33.89,22.78,28.34,0.0,518.0,1.0
2025-06-03,33.89,25.56,29.72,0.0,477.0,0.0
2025-06-04,32.78,23.33,28.06,4.57,386.0,0.0
2025-06-05,33.89,22.78,28.34,0.0,295.0,0.0
2025-06-06,35.0,25.0,30.0,0.0,417.0,1.0
2025-06-07,35.0,25.56,30.28,0.0,480.0,1.0
2025-06-08,35.56,24.44,30.0,0.0,499.0,1.0
2025-06-09,36.67,20.56,28.62,0.0,520.0,1.0
2025-06-10,33.33,24.0,28.66,0.0,545.0,1.0
2025-06-11,31.67,21.67,26.67,1.27,657.0,1.0
2025-06-12,26.67,20.56,23.62,9.91,333.0,0.0
2025-06-13,35.0,18.89,26.94,0.0,346.0,1.0
2025-06-14,33.89,22.22,28.06,0.0,517.0,1.0
2025-06-15,35.56,21.67,28.62,23.37,628.0,1.0
2025-06-16,33.33,21.11,27.22,0.0,677.0,1.0
2025-06-17,33.89,21.67,27.78,0.0,610.0,0.0
2025-06-18,33.89,25.56,29.72,0.0,507.0,0.0
2025-06-19,35.0,25.0,30.0,0.0,467.0,0.0
2025-06-20,35.0,25.0,30.0,0.0,512.0,1.0
2025-06-21,34.44,24.44,29.44,0.0,675.0,1.0
2025-06-22,35.0,23.33,29.16,0.0,655.0,0.0
2025-06-23,35.56,24.44,30.0,0.0,629.0,0.0
2025-06-24,34.44,21.67,28.06,14.48,818.0,1.0
2025-06-25,33.89,22.22,28.06,0.25,718.0,0.0
2025-06-26,33.89,23.33,28.61,7.62,529.0,0.0
2025-06-27,35.0,22.0,28.5,0.0,529.0,0.0
2025-06-28,34.44,23.33,28.88,0.0,542.0,1.0
2025-06-29,35.56,22.22,28.89,0.0,537.0,0.0
2025-06-30,34.44,22.78,28.61,0.51,536.0,0.0
2025-07-01,33.33,21.67,27.5,0.0,525.0,0.0
2025-07-02,33.89,23.33,28.61,11.18,560.0,1.0
2025-07-03,29.44,25.0,27.22,6.6,971.0,1.0
2025-07-04,28.89,25.0,26.94,8.64,376.0,0.0
2025-07-05,25.56,23.33,24.44,33.53,6010.0,1.0
2025-07-06,32.22,22.22,27.22,0.0,1130.0,0.0
2025-07-07,32.78,25.0,28.89,0.0,239.0,0.0
2025-07-08,33.89,22.78,28.34,0.0,171.0,0.0
2025-07-09,31.11,22.22,26.66,1.27,334.0,1.0
2025-07-10,33.33,20.0,26.66,0.0,237.0,0.0
2025-07-11,32.78,22.78,27.78,0.0,163.0,0.0
2025-07-12,33.89,25.0,29.44,0.0,153.0,0.0
2025-07-13,30.0,22.0,26.0,18.03,219.0,1.0
2025-07-14,33.89,22.78,28.34,0.0,222.0,1.0
2025-07-15,33.89,23.33,28.61,0.0,177.0,0.0
2025-07-16,34.44,25.56,30.0,0.0,161.0,0.0
2025-07-17,35.0,22.78,28.89,0.0,140.0,0.0
2025-07-18,34.44,21.11,27.78,0.0,175.0,1.0
2025-07-19,33.89,25.56,29.72,0.0,320.0,1.0
2025-07-20,32.78,25.56,29.17,0.0,375.0,1.0
2025-07-21,33.89,24.44,29.16,0.0,410.0,1.0
2025-07-22,35.56,24.44,30.0,0.0,439.0,1.0
2025-07-23,36.67,23.89,30.28,0.0,502.0,1.0
2025-07-24,37.22,23.33,30.28,0.0,597.0,1.0
2025-07-25,31.11,21.11,26.11,0.0,699.0,1.0
2025-07-26,34.44,23.89,29.16,0.0,708.0,1.0
2025-07-27,35.56,25.0,30.28,0.0,714.0,1.0
2025-07-28,35.56,23.33,29.44,0.0,607.0,0.0
2025-07-29,37.22,22.22,29.72,0.0,424.0,0.0
2025-07-30,37.78,17.78,27.78,0.0,455.0,1.0
2025-07-31,38.33,20.56,29.44,0.0,409.0,0.0
2025-08-01,38.33,22.78,30.56,0.0,382.0,0.0
2025-08-02,36.67,24.44,30.56,0.0,460.0,1.0
2025-08-03,36.67,21.11,28.89,0.0,503.0,1.0
2025-08-04,32.78,24.44,28.61,0.51,266.0,0.0
2025-08-05,35.0,21.11,28.06,0.0,745.0,1.0
2025-08-06,37.22,22.0,29.61,0.0,766.0,1.0
2025-08-07,37.22,23.33,30.28,0.0,711.0,0.0
2025-08-08,37.78,23.33,30.56,0.0,666.0,0.0
2025-08-09,37.22,22.78,30.0,0.0,789.0,1.0
2025-08-10,36.67,23.33,30.0,0.0,764.0,0.0
2025-08-11,36.67,22.78,29.72,0.0,755.0,0.0
2025-08-12,35.56,23.33,29.44,0.0,706.0,0.0
2025-08-13,35.0,24.44,29.72,19.05,690.0,0.0
2025-08-14,37.22,24.44,30.83,0.0,696.0,1.0
2025-08-15,35.56,24.44,30.0,0.76,777.0,1.0
2025-08-16,37.22,23.33,30.28,0.0,722.0,0.0
2025-08-17,37.22,23.33,30.28,0.0,749.0,1.0
2025-08-18,38.33,23.33,30.83,0.0,732.0,0.0
2025-08-19,33.89,23.89,28.89,0.0,815.0,1.0
2025-08-20,36.11,21.67,28.89,0.0,841.0,1.0
2025-08-21,33.89,22.22,28.06,1.78,1150.0,1.0
2025-08-22,34.44,22.78,28.61,0.0,951.0,0.0
2025-08-23,34.44,21.67,28.06,0.0,893.0,0.0
2025-08-24,36.67,21.67,29.17,0.0,1000.0,1.0
2025-08-25,36.11,21.67,28.89,0.0,1020.0,1.0
2025-08-26,36.67,21.11,28.89,0.0,978.0,0.0
2025-08-27,35.0,23.33,29.16,11.18,1170.0,1.0
2025-08-28,37.22,24.44,30.83,0.0,857.0,0.0
2025-08-29,36.67,25.0,30.84,0.0,1020.0,1.0
2025-08-30,37.22,23.33,30.28,0.0,902.0,0.0
2025-08-31,31.11,24.44,27.78,0.0,872.0,0.0
2025-09-01,34.44,21.11,27.78,0.0,1110.0,1.0
2025-09-02,36.11,20.56,28.34,0.0,1080.0,0.0
2025-09-03,36.67,20.0,28.34,0.0,998.0,0.0
2025-09-04,38.89,17.78,28.34,0.0,911.0,0.0
2025-09-05,37.22,21.67,29.44,0.0,894.0,0.0
2025-09-06,31.67,23.33,27.5,0.51,849.0,0.0
2025-09-07,24.44,21.67,23.06,4.06,991.0,1.0
2025-09-08,32.22,18.89,25.56,0.0,880.0,0.0
2025-09-09,33.33,15.56,24.44,0.0,793.0,0.0
2025-09-10,35.56,15.56,25.56,0.0,758.0,0.0
2025-09-11,35.56,16.67,26.12,0.0,665.0,0.0
2025-09-12,35.0,19.44,27.22,0.0,684.0,1.0
2025-09-13,35.0,18.89,26.94,0.0,749.0,1.0
2025-09-14,35.0,18.89,26.94,0.0,812.0,1.0
2025-09-15,35.56,20.0,27.78,0.0,862.0,1.0
2025-09-16,35.0,18.33,26.66,0.0,971.0,1.0
2025-09-17,35.0,19.44,27.22,0.0,935.0,0.0
2025-09-18,34.44,20.56,27.5,0.0,945.0,1.0
2025-09-19,35.0,21.11,28.06,0.0,890.0,0.0
2025-09-20,34.44,18.89,26.66,0.0,929.0,1.0
2025-09-21,36.67,22.22,29.44,0.0,933.0,1.0
2025-09-22,36.67,23.33,30.0,0.0,999.0,1.0
2025-09-23,37.78,25.56,31.67,0.0,1030.0,1.0
2025-09-24,33.33,22.78,28.06,0.0,873.0,0.0
2025-09-25,32.78,22.22,27.5,0.0,953.0,1.0
2025-09-26,32.78,15.56,24.17,0.0,894.0,0.0
2025-09-27,33.33,15.56,24.44,0.0,888.0,0.0
2025-09-28,32.78,15.56,24.17,0.0,891.0,1.0
2025-09-29,31.11,15.56,23.34,0.0,878.0,0.0
2025-09-30,34.44,17.78,26.11,0.0,915.0,1.0
2025-10-01,35.0,16.67,25.84,0.0,904.0,0.0
2025-10-02,35.0,16.67,25.84,0.0,906.0,1.0
2025-10-03,34.44,18.33,26.38,0.0,1000.0,1.0
2025-10-04,32.78,18.33,25.56,0.0,977.0,0.0
2025-10-05,33.33,17.22,25.28,0.0,967.0,0.0
2025-10-06,33.89,18.89,26.39,0.0,930.0,0.0
2025-10-07,33.33,23.89,28.61,0.0,830.0,0.0
2025-10-08,35.0,21.11,28.06,0.0,985.0,1.0
2025-10-09,33.33,23.33,28.33,0.0,913.0,0.0
2025-10-10,32.78,17.78,25.28,0.0,1010.0,1.0
2025-10-11,33.33,13.89,23.61,0.0,555.0,0.0
2025-10-12,33.33,14.44,23.88,0.0,315.0,0.0
2025-10-13,32.22,15.0,23.61,0.0,328.0,1.0
2025-10-14,32.22,15.0,23.61,0.0,409.0,1.0
2025-10-15,33.33,15.56,24.44,0.0,398.0,0.0
2025-10-16,30.56,14.44,22.5,0.0,279.0,0.0
2025-10-17,33.89,16.11,25.0,0.0,166.0,0.0
2025-10-18,34.44,22.78,28.61,0.0,97.8,0.0
2025-10-19,29.44,14.44,21.94,0.0,118.0,1.0
2025-10-20,34.44,12.22,23.33,0.0,166.0,1.0
2025-10-21,31.67,21.67,26.67,0.0,122.0,0.0
2025-10-22,30.56,15.0,22.78,0.0,103.0,0.0
2025-10-23,32.78,19.44,26.11,0.0,144.0,1.0
2025-10-24,32.22,20.0,26.11,25.91,104.0,0.0
2025-10-25,25.0,16.11,20.56,29.46,1060.0,1.0
2025-10-26,27.78,15.56,21.67,0.0,707.0,0.0
2025-10-27,31.67,14.44,23.06,0.0,141.0,0.0
2025-10-28,31.11,17.78,24.44,0.0,84.3,0.0
2025-10-29,20.0,11.67,15.84,0.0,58.2,0.0
2025-10-30,22.22,6.67,14.44,0.0,61.0,1.0
2025-10-31,23.89,3.33,13.61,0.0,141.0,1.0
2025-11-01,21.67,6.11,13.89,2.54,181.0,1.0
2025-11-02,23.33,7.78,15.56,0.0,176.0,0.0
2025-11-03,25.56,5.56,15.56,0.0,152.0,0.0
2025-11-04,26.67,7.22,16.94,0.0,96.0,0.0
2025-11-05,28.33,8.89,18.61,0.0,133.0,1.0
2025-11-06,28.89,10.56,19.73,0.0,85.3,0.0
2025-11-07,32.22,16.11,24.16,0.0,109.0,1.0
2025-11-08,29.44,12.78,21.11,0.0,137.0,1.0
2025-11-09,21.67,10.56,16.12,0.0,88.0,0.0
2025-11-10,15.56,2.78,9.17,0.0,103.0,1.0
2025-11-11,23.33,0.56,11.94,0.0,130.0,1.0
2025-11-12,27.78,7.22,17.5,0.0,84.7,0.0
2025-11-13,29.44,10.0,19.72,0.0,117.0,1.0
2025-11-14,29.44,18.33,23.88,0.0,128.0,1.0
2025-11-15,28.89,18.33,23.61,0.0,84.9,0.0
2025-11-16,30.0,19.44,24.72,0.0,121.0,1.0
2025-11-17,31.11,21.67,26.39,0.0,123.0,1.0
2025-11-18,29.44,21.67,25.56,0.0,115.0,0.0
2025-11-19,30.0,22.22,26.11,0.0,127.0,1.0
2025-11-20,28.33,18.89,23.61,7.11,178.0,1.0
2025-11-21,25.0,17.78,21.39,0.0,212.0,1.0
2025-11-22,24.44,13.33,18.89,0.0,131.0,0.0
2025-11-23,21.11,12.78,16.94,0.0,116.0,0.0
2025-11-24,25.0,11.67,18.34,0.0,97.2,0.0
2025-11-25,27.22,8.89,18.06,0.0,125.0,1.0
2025-11-26,18.89,9.44,14.16,0.0,137.0,1.0
2025-11-27,17.78,6.67,12.23,0.0,188.0,1.0
2025-11-28,20.0,6.67,13.34,0.25,235.0,1.0
2025-11-29,27.22,15.56,21.39,0.25,268.0,1.0
2025-11-30,13.89,7.22,10.56,0.0,269.0,1.0
2025-12-01,6.67,5.0,5.84,0.25,249.0,0.0
2025-12-02,12.22,1.67,6.94,0.0,203.0,0.0
2025-12-03,13.33,1.67,7.5,0.25,203.0,0.0
2025-12-04,12.22,7.22,9.72,1.52,104.0,0.0
2025-12-05,11.11,6.11,8.61,0.0,139.0,1.0
2025-12-06,25.0,5.56,15.28,0.0,90.8,0.0
2025-12-07,22.78,8.33,15.56,0.0,90.3,0.0
2025-12-08,15.56,1.67,8.62,0.0,177.0,1.0
2025-12-09,20.56,-2.22,9.17,0.0,233.0,1.0
2025-12-10,22.22,4.44,13.33,0.0,153.0,0.0
2025-12-11,21.11,1.11,11.11,0.0,50.4,0.0
2025-12-12,24.44,5.56,15.0,0.0,161.0,1.0
2025-12-13,25.0,15.0,20.0,0.0,74.6,0.0
2025-12-14,18.33,1.11,9.72,0.0,147.0,1.0
2025-12-15,12.78,-1.11,5.84,0.0,74.6,0.0
2025-12-16,17.22,2.22,9.72,10.67,136.0,1.0
2025-12-17,18.89,14.44,16.66,5.84,169.0,1.0
2025-12-18,24.44,10.56,17.5,0.25,119.0,0.0
2025-12-19,20.56,2.78,11.67,0.0,281.0,1.0
2025-12-20,23.33,8.33,15.83,0.0,151.0,0.0
2025-12-21,21.67,10.56,16.12,0.0,135.0,0.0
2025-12-22,25.0,15.0,20.0,0.0,229.0,1.0
2025-12-23,26.11,18.33,22.22,0.0,225.0,0.0
2025-12-24,26.67,13.89,20.28,0.0,158.0,0.0
2025-12-25,25.0,14.44,19.72,0.0,451.0,1.0
2025-12-26,28.89,17.22,23.06,0.0,560.0,1.0
2025-12-27,27.22,19.44,23.33,0.0,556.0,0.0
2025-12-28,25.56,11.67,18.61,0.0,566.0,1.0
2025-12-29,11.67,5.56,8.62,0.0,559.0,0.0
2025-12-30,14.44,2.22,8.33,0.0,620.0,1.0
2025-12-31,21.67,-1.11,10.28,0.0,644.0,1.0
2026-01-01,23.33,0.56,11.94,0.0,639.0,0.0
2026-01-02,31.67,10.56,21.12,0.0,631.0,0.0
2026-01-03,24.44,9.44,16.94,0.0,636.0,1.0
2026-01-04,22.22,1.67,11.94,0.0,632.0,0.0
2026-01-05,25.0,11.11,18.06,0.0,622.0,0.0
2026-01-06,28.89,8.89,18.89,0.0,605.0,0.0
2026-01-07,26.67,7.22,16.94,0.0,617.0,1.0
2026-01-08,26.67,15.56,21.12,0.0,624.0,1.0
2026-01-09,22.22,12.22,17.22,0.0,625.0,1.0
2026-01-10,15.56,6.11,10.84,0.0,421.0,0.0
2026-01-11,17.22,3.33,10.27,0.0,294.0,0.0
2026-01-12,18.33,2.22,10.27,0.0,321.0,1.0
2026-01-13,16.11,7.78,11.94,0.0,303.0,0.0
2026-01-14,20.56,2.22,11.39,0.0,318.0,1.0
2026-01-15,19.44,0.0,9.72,0.0,301.0,0.0
2026-01-16,24.44,2.22,13.33,0.0,203.0,0.0
2026-01-17,13.33,-0.56,6.38,0.0,211.0,1.0
2026-01-18,17.78,-4.44,6.67,0.0,207.0,0.0
2026-01-19,20.0,-5.0,7.5,0.0,207.0,0.0
2026-01-20,15.56,3.33,9.44,0.0,140.0,0.0
2026-01-21,24.44,12.78,18.61,1.27,220.0,1.0
2026-01-22,21.11,11.67,16.39,0.0,164.0,0.0
2026-01-23,20.0,7.22,13.61,3.56,218.0,1.0
2026-01-24,7.22,-3.89,1.66,9.65,304.0,1.0
2026-01-25,,,,4.06,276.0,0.0
2026-01-26,2.78,-7.22,-2.22,0.0,253.0,0.0
2026-01-27,10.0,-8.89,0.55,0.0,177.0,0.0
2026-01-28,14.44,-5.56,4.44,0.0,156.0,0.0
2026-01-29,22.78,-3.33,9.73,0.0,154.0,0.0
2026-01-30,12.78,-0.56,6.11,0.0,158.0,1.0
2026-01-31,7.22,-4.44,1.39,0.0,155.0,0.0
2026-02-01,13.89,-8.33,2.78,0.0,82.3,0.0
2026-02-02,20.56,-3.33,8.61,0.0,155.0,1.0
2026-02-03,22.22,10.56,16.39,0.0,149.0,0.0
2026-02-04,18.33,5.0,11.66,0.0,75.9,0.0
2026-02-05,21.11,1.67,11.39,0.0,166.0,1.0
2026-02-06,28.33,0.56,14.44,0.0,137.0,0.0
2026-02-07,28.89,2.22,15.56,0.0,181.0,1.0
2026-02-08,26.67,3.89,15.28,0.0,212.0,1.0
2026-02-09,29.44,4.44,16.94,0.0,200.0,0.0
2026-02-10,20.56,15.56,18.06,1.02,211.0,1.0
2026-02-11,24.44,9.44,16.94,0.0,193.0,0.0
2026-02-12,27.22,6.67,16.94,0.0,231.0,1.0
2026-02-13,27.78,11.67,19.73,0.0,184.0,0.0
2026-02-14,23.89,11.11,17.5,13.97,222.0,1.0
2026-02-15,23.33,9.44,16.38,0.0,248.0,1.0
2026-02-16,25.56,5.0,15.28,0.0,202.0,0.0
2026-02-17,28.89,13.33,21.11,0.0,113.0,0.0
2026-02-18,25.0,17.22,21.11,0.0,162.0,1.0
2026-02-19,29.44,14.44,21.94,0.0,147.0,0.0
2026-02-20,20.0,11.67,15.84,0.0,152.0,1.0
2026-02-21,23.33,10.0,16.66,0.0,152.0,0.0
2026-02-22,17.22,5.56,11.39,0.0,147.0,0.0
2026-02-23,19.44,-2.22,8.61,0.0,148.0,1.0
2026-02-24,23.89,-2.22,10.84,0.0,188.0,1.0
2026-02-25,31.11,13.33,22.22,0.0,219.0,1.0
2026-02-26,29.44,8.33,18.89,0.0,250.0,1.0
2026-02-27,30.56,10.56,20.56,0.0,269.0,1.0
2026-02-28,30.56,7.78,19.17,0.0,236.0,0.0
2026-03-01,30.0,18.33,24.16,0.0,235.0,0.0
2026-03-02,30.0,17.78,23.89,0.0,187.0,0.0
2026-03-03,31.67,18.89,25.28,0.0,200.0,1.0
2026-03-04,31.11,21.67,26.39,0.0,270.0,1.0
2026-03-05,31.11,21.67,26.39,0.0,252.0,0.0
2026-03-06,30.0,21.11,25.56,0.0,287.0,1.0
2026-03-07,25.0,11.67,18.34,8.38,293.0,1.0
2026-03-08,19.44,11.67,15.56,0.51,363.0,1.0
2026-03-09,26.67,16.11,21.39,0.0,337.0,0.0
2026-03-10,29.44,22.22,25.83,0.0,279.0,0.0
2026-03-11,28.89,15.56,22.22,10.41,430.0,1.0
2026-03-12,18.89,2.78,10.84,0.0,337.0,0.0
2026-03-13,27.22,2.78,15.0,0.0,316.0,0.0
2026-03-14,30.0,11.67,20.84,0.0,305.0,0.0
2026-03-15,36.67,11.11,23.89,0.0,298.0,0.0
2026-03-16,13.33,2.22,7.78,0.0,301.0,1.0
2026-03-17,19.44,-1.67,8.89,0.0,289.0,0.0
2026-03-18,25.56,1.67,13.61,0.0,300.0,1.0
2026-03-19,30.0,5.0,17.5,0.0,291.0,0.0
2026-03-20,32.22,12.22,22.22,0.0,340.0,1.0
2026-03-21,33.89,9.44,21.66,0.0,324.0,0.0
2026-03-22,33.89,11.67,22.78,0.0,361.0,1.0
2026-03-23,31.11,12.22,21.66,0.0,405.0,1.0
2026-03-24,31.11,11.67,21.39,0.0,404.0,0.0
2026-03-25,32.22,20.56,26.39,0.0,425.0,1.0
2026-03-26,31.67,20.0,25.84,0.0,553.0,1.0
2026-03-27,31.11,15.56,23.34,0.0,534.0,0.0
2026-03-28,23.33,11.67,17.5,0.0,574.0,1.0
2026-03-29,29.44,7.78,18.61,0.0,650.0,1.0
2026-03-30,31.67,18.33,25.0,0.0,736.0,1.0
2026-03-31,32.22,18.89,25.56,0.0,706.0,0.0
2026-04-01,33.33,21.67,27.5,0.0,783.0,1.0
2026-04-02,30.56,18.33,24.44,37.85,1350.0,1.0
2026-04-03,28.89,22.22,25.56,0.0,961.0,0.0
2026-04-04,25.56,13.33,19.44,4.83,1010.0,1.0
2026-04-05,18.33,10.56,14.44,0.0,896.0,0.0
2026-04-06,23.33,7.78,15.56,0.0,856.0,0.0
2026-04-07,25.0,6.11,15.56,0.0,846.0,0.0
2026-04-08,27.78,11.11,19.44,0.0,834.0,0.0
2026-04-09,28.89,16.11,22.5,3.05,1030.0,1.0
2026-04-10,27.78,16.67,22.22,3.56,914.0,0.0
2026-04-11,28.89,19.44,24.16,0.0,841.0,0.0
2026-04-12,26.67,21.11,23.89,2.29,854.0,1.0
2026-04-13,31.67,22.22,26.94,0.0,698.0,0.0
2026-04-14,31.11,21.67,26.39,0.0,610.0,0.0
2026-04-15,30.0,21.11,25.56,0.0,535.0,0.0
2026-04-16,31.67,18.89,25.28,0.0,516.0,0.0
2026-04-17,31.67,21.11,26.39,0.0,509.0,0.0
2026-04-18,23.33,10.56,16.94,2.79,570.0,1.0
2026-04-19,22.22,10.0,16.11,1.78,590.0,1.0
2026-04-20,16.67,12.78,14.73,28.96,637.0,1.0
2026-04-21,17.78,14.44,16.11,17.02,736.0,1.0
2026-04-22,29.44,17.22,23.33,0.51,305.0,0.0
2026-04-23,28.33,20.0,24.16,0.0,238.0,0.0
2026-04-24,32.22,22.22,27.22,0.0,349.0,1.0
2026-04-25,32.22,22.78,27.5,0.0,286.0,0.0
2026-04-26,31.11,22.78,26.94,0.0,295.0,1.0
2026-04-27,31.67,23.89,27.78,0.0,334.0,1.0
2026-04-28,32.78,25.0,28.89,0.0,377.0,1.0
2026-04-29,26.67,17.22,21.94,2.54,380.0,1.0
2026-04-30,22.22,16.11,19.16,15.75,800.0,1.0
2026-05-01,17.78,10.56,14.17,51.31,695.0,0.0
2026-05-02,23.89,9.44,16.66,0.0,229.0,0.0
2026-05-03,26.67,8.33,17.5,0.0,288.0,1.0
2026-05-04,28.33,13.33,20.83,0.0,314.0,1.0
2026-05-05,30.0,21.11,25.56,0.0,278.0,0.0
2026-05-06,25.56,17.22,21.39,0.0,335.0,1.0
2026-05-07,20.56,15.56,18.06,0.0,283.0,0.0
2026-05-08,27.22,17.22,22.22,0.0,335.0,1.0
2026-05-09,31.67,21.11,26.39,2.79,375.0,1.0
2026-05-10,32.78,18.33,25.56,55.88,514.0,1.0
2026-05-11,27.78,17.22,22.5,0.0,353.0,0.0
2026-05-12,28.89,14.44,21.66,0.0,131.0,0.0
2026-05-13,32.22,15.0,23.61,0.0,156.0,1.0
2026-05-14,32.22,15.56,23.89,0.0,323.0,1.0
2026-05-15,32.22,20.56,26.39,0.0,497.0,1.0
2026-05-16,32.78,20.56,26.67,0.0,459.0,0.0
2026-05-17,31.67,23.89,27.78,0.51,531.0,1.0
2026-05-18,33.33,25.56,29.44,0.0,532.0,1.0
2026-05-19,33.33,18.89,26.11,28.19,588.0,1.0
2026-05-20,29.44,20.0,24.72,6.6,484.0,0.0
2026-05-21,28.33,18.33,23.33,25.65,610.0,1.0
2026-05-22,31.11,16.67,23.89,0.25,424.0,0.0
2026-05-23,28.89,18.33,23.61,1.27,279.0,0.0
2026-05-24,31.67,18.33,25.0,0.0,644.0,1.0
2026-05-25,31.67,18.89,25.28,3.81,643.0,0.0
2026-05-26,31.11,18.33,24.72,23.11,746.0,1.0
2026-05-27,25.0,17.78,21.39,2.79,1070.0,1.0
2026-05-28,32.22,16.11,24.16,0.0,382.0,0.0
2026-05-29,32.78,21.67,27.22,0.0,596.0,1.0
2026-05-30,31.67,21.11,26.39,0.0,492.0,0.0
2026-05-31,32.22,20.0,26.11,0.0,599.0,1.0
2026-06-01,33.33,21.11,27.22,0.0,560.0,0.0
2026-06-02,34.44,21.67,28.06,37.34,932.0,1.0
2026-06-03,31.67,21.11,26.39,0.0,944.0,1.0
2026-06-04,30.56,21.67,26.12,3.81,637.0,0.0
2026-06-05,30.56,22.78,26.67,7.87,842.0,1.0
2026-06-06,33.33,23.33,28.33,2.79,1000.0,1.0
2026-06-07,32.78,26.11,29.44,0.51,913.0,0.0
2026-06-08,31.67,25.0,28.34,0.0,934.0,1.0
2026-06-09,33.89,23.89,28.89,0.0,933.0,0.0
2026-06-10,32.78,24.44,28.61,0.0,917.0,0.0
2026-06-11,33.89,25.0,29.44,0.0,897.0,0.0
2026-06-12,35.0,25.56,30.28,0.0,890.0,0.0
2026-06-13,34.44,22.22,28.33,0.0,892.0,1.0
2026-06-14,33.33,23.89,28.61,22.86,953.0,1.0
2026-06-15,28.89,21.67,25.28,61.98,3820.0,1.0
2026-06-16,32.78,21.67,27.22,0.0,531.0,0.0
2026-06-17,32.22,22.78,27.5,0.0,296.0,0.0
2026-06-18,36.11,23.89,30.0,0.0,313.0,1.0
2026-06-19,31.11,25.56,28.34,2.29,484.0,1.0
2026-06-20,32.22,22.78,27.5,3.3,659.0,1.0
2026-06-21,33.89,23.33,28.61,0.0,594.0,0.0
2026-06-22,34.44,26.11,30.28,0.0,590.0,0.0
2026-06-23,34.44,25.0,29.72,0.0,487.0,0.0
2026-06-24,33.89,23.89,28.89,0.0,459.0,0.0
2026-06-25,33.89,21.11,27.5,0.0,465.0,1.0
2026-06-26,35.0,24.44,29.72,0.0,464.0,0.0
2026-06-27,35.0,23.89,29.44,0.0,704.0,1.0
2026-06-28,35.0,26.11,30.56,0.0,824.0,1.0
2026-06-29,36.11,25.56,30.84,0.0,750.0,0.0
2026-06-30,35.56,25.0,30.28,0.0,485.0,0.0
2026-07-01,35.56,25.0,30.28,0.0,603.0,1.0
2026-07-02,35.56,22.78,29.17,0.0,700.0,1.0
2026-07-03,36.67,22.78,29.72,0.0,754.0,1.0
2026-07-04,36.11,24.44,30.28,0.0,733.0,0.0
2026-07-05,35.56,23.33,29.44,0.0,710.0,0.0
2026-07-06,36.67,22.22,29.44,0.0,523.0,0.0
2026-07-07,36.67,23.33,30.0,0.0,598.0,1.0
2026-07-08,37.22,23.33,30.28,0.0,627.0,1.0
2026-07-09,36.67,22.78,29.72,0.0,691.0,1.0
2026-07-10,35.0,21.11,28.06,27.18,746.0,1.0
2026-07-11,32.22,23.33,27.78,12.19,851.0,1.0
2026-07-12,35.56,23.89,29.72,0.0,742.0,0.0
2026-07-13,34.44,24.44,29.44,0.25,687.0,0.0
2026-07-14,26.67,21.67,24.17,7.87,946.0,1.0
2026-07-15,26.67,22.22,24.44,17.53,756.0,0.0
2026-07-16,32.22,24.44,28.33,4.32,485.0,0.0
2026-07-17,34.44,25.56,30.0,0.0,1080.0,1.0
2026-07-18,35.0,25.0,30.0,0.0,9870.0,1.0
2026-07-19,35.0,23.89,29.44,0.0,15200.0,1.0
2026-07-20,36.11,23.33,29.72,0.0,12800.0,0.0
2026-07-21,38.33,22.22,30.28,0.0,9810.0,0.0
2026-07-22,40.0,23.89,31.94,0.0,7140.0,0.0
2026-07-23,37.78,26.67,32.22,0.76,5150.0,0.0
2026-07-24,35.56,25.0,30.28,0.0,4480.0,0.0
2026-07-25,36.11,22.78,29.44,0.0,5060.0,1.0
2026-07-26,36.11,22.78,29.44,0.0,4620.0,0.0
2026-07-27,36.67,23.33,30.0,0.0,1950.0,0.0
2026-07-28,37.22,23.89,30.56,0.0,106.0,0.0
2026-07-29,37.22,23.89,30.56,0.0,82.7,0.0
2026-07-30,38.33,24.44,31.38,0.0,101.0,1.0
2026-07-31,37.78,23.89,30.84,0.0,141.0,1.0
2026-08-01,35.56,24.44,30.0,0.0,189.0,1.0
2026-08-02,37.78,22.22,30.0,0.0,248.0,1.0
2026-08-03,38.89,20.0,29.44,0.0,241.0,0.0
2026-08-04,38.33,25.56,31.94,0.0,240.0,0.0
2026-08-05,37.78,23.89,30.84,0.0,252.0,1.0
2026-08-06,38.33,23.89,31.11,0.0,269.0,1.0
2026-08-07,37.78,22.22,30.0,0.51,289.0,1.0
2026-08-08,37.22,21.67,29.44,0.0,346.0,1.0
2026-08-09,37.78,22.22,30.0,0.0,399.0,1.0
2026-08-10,37.22,23.89,30.56,0.0,372.0,0.0
2026-08-11,38.33,23.89,31.11,0.0,316.0,0.0
2026-08-12,38.89,25.0,31.94,0.0,486.0,1.0
2026-08-13,38.89,25.56,32.22,0.0,326.0,0.0
2026-08-14,36.67,25.0,30.84,0.0,415.0,1.0
2026-08-15,39.44,26.11,32.78,0.0,406.0,0.0
2026-08-16,38.89,23.33,31.11,0.0,483.0,1.0
2026-08-17,40.0,21.11,30.56,0.0,427.0,0.0
2026-08-18,38.89,22.22,30.56,0.0,395.0,0.0
2026-08-19,38.89,23.89,31.39,0.0,427.0,1.0
2026-08-20,39.44,23.33,31.38,0.0,386.0,0.0
2026-08-21,40.0,23.89,31.94,0.0,369.0,0.0
2026-08-22,41.67,22.78,32.22,0.0,428.0,1.0
2026-08-23,40.56,21.67,31.12,0.0,415.0,0.0
2026-08-24,40.0,23.89,31.94,0.0,410.0,0.0
2026-08-25,39.44,21.11,30.28,0.0,426.0,1.0
2026-08-26,39.44,22.78,31.11,0.0,489.0,1.0
2026-08-27,40.0,25.0,32.5,1.78,676.0,1.0
2026-08-28,38.89,23.33,31.11,5.84,744.0,1.0
2026-08-29,37.78,21.11,29.44,0.0,736.0,0.0
2026-08-30,37.78,22.22,30.0,0.0,738.0,1.0
2026-08-31,38.33,23.33,30.83,0.0,796.0,1.0
2026-09-01,38.33,23.33,30.83,0.0,811.0,1.0
2026-09-02,38.33,23.33,30.83,0.0,856.0,1.0
2026-09-03,37.78,26.67,32.22,0.0,864.0,1.0
2026-09-04,35.0,25.56,30.28,0.0,867.0,1.0
2026-09-05,37.78,22.78,30.28,0.0,888.0,1.0
2026-09-06,35.56,25.0,30.28,0.0,886.0,0.0
2026-09-07,38.33,22.78,30.56,0.0,869.0,0.0
2026-09-08,38.89,22.78,30.84,0.0,889.0,1.0
2026-09-09,37.78,24.44,31.11,0.0,774.0,0.0
2026-09-10,37.78,23.89,30.84,0.0,773.0,0.0
2026-09-11,39.44,25.0,32.22,0.0,765.0,0.0
2026-09-12,38.33,24.44,31.38,0.0,744.0,0.0
2026-09-13,38.33,23.89,31.11,0.0,743.0,0.0
2026-09-14,38.33,25.0,31.66,0.0,750.0,1.0
2026-09-15,38.89,25.0,31.94,0.0,678.0,0.0
2026-09-16,37.22,22.78,30.0,0.0,1020.0,1.0
2026-09-17,36.11,22.78,29.44,0.0,712.0,0.0
2026-09-18,36.67,22.22,29.44,0.0,694.0,0.0
2026-09-19,36.11,21.67,28.89,0.0,786.0,1.0
2026-09-20,36.67,21.11,28.89,0.0,782.0,0.0
2026-09-21,38.33,22.78,30.56,0.0,767.0,0.0
2026-09-22,37.78,21.67,29.72,0.0,765.0,0.0
2026-09-23,36.11,22.78,29.44,0.0,755.0,0.0
2026-09-24,36.67,21.67,29.17,0.0,546.0,0.0
2026-09-25,36.67,22.22,29.44,0.0,754.0,1.0
2026-09-26,34.44,21.67,28.06,0.0,936.0,1.0
2026-09-27,36.67,19.44,28.06,0.0,769.0,0.0
2026-09-28,36.67,21.11,28.89,0.0,704.0,0.0
2026-09-29,36.67,23.33,30.0,0.0,728.0,1.0
2026-09-30,36.67,25.0,30.84,2.03,681.0,0.0
2026-10-01,30.60,23.30,26.95,39.50,1110.0,1.0
2026-10-02,25.80,22.60,24.20,59.80,921.0,0.0
2026-10-03,27.10,21.60,24.35,5.80,466.0,0.0
2026-10-04,25.90,21.70,23.80,23.10,356.0,0.0
2026-10-05,29.30,21.10,25.20,0.00,376.0,1.0
2026-10-06,30.00,18.70,24.35,0.00,277.0,0.0
2026-10-07,30.60,17.40,24.00,0.00,234.0,0.0
2026-10-08,32.10,17.70,24.90,0.00,234.0,0.0
