date,tmax_c,tmin_c,tmean_c,precip_mm,flow_cfs,rising
2016-10-01,25.56,7.78,16.67,0.0,514.0,
2016-10-02,27.22,6.67,16.94,0.0,487.0,0.0
2016-10-03,24.44,10.56,17.5,1.02,503.0,1.0
2016-10-04,18.33,0.56,9.44,0.0,491.0,0.0
2016-10-05,21.67,1.67,11.67,0.0,483.0,0.0
2016-10-06,20.56,3.89,12.22,0.0,506.0,1.0
2016-10-07,18.33,1.67,10.0,0.0,521.0,1.0
2016-10-08,15.56,2.78,9.17,3.56,535.0,1.0
2016-10-09,20.0,6.11,13.06,1.52,528.0,0.0
2016-10-10,22.78,3.33,13.06,0.0,544.0,1.0
2016-10-11,24.44,5.0,14.72,0.0,510.0,0.0
2016-10-12,24.44,3.33,13.89,0.0,496.0,0.0
2016-10-13,23.33,5.0,14.16,0.0,499.0,1.0
2016-10-14,25.56,4.44,15.0,0.0,491.0,0.0
2016-10-15,27.22,3.33,15.27,0.0,460.0,0.0
2016-10-16,27.22,1.67,14.44,0.0,439.0,0.0
2016-10-17,27.22,10.56,18.89,0.0,427.0,0.0
2016-10-18,25.0,6.11,15.56,0.0,418.0,0.0
2016-10-19,22.22,3.89,13.06,0.0,412.0,0.0
2016-10-20,17.22,-2.22,7.5,0.0,409.0,0.0
2016-10-21,22.22,0.56,11.39,0.0,472.0,1.0
2016-10-22,25.56,2.78,14.17,0.0,496.0,1.0
2016-10-23,26.11,7.78,16.94,0.0,501.0,1.0
2016-10-24,25.56,4.44,15.0,0.0,506.0,1.0
2016-10-25,22.78,8.33,15.56,0.0,503.0,0.0
2016-10-26,22.78,5.0,13.89,0.0,504.0,1.0
2016-10-27,23.89,5.56,14.72,0.0,503.0,0.0
2016-10-28,23.89,6.11,15.0,0.0,525.0,1.0
2016-10-29,25.56,4.44,15.0,0.0,493.0,0.0
2016-10-30,24.44,5.0,14.72,0.0,486.0,0.0
2016-10-31,23.33,6.11,14.72,0.0,493.0,1.0
2016-11-01,19.44,4.44,11.94,0.0,496.0,1.0
2016-11-02,21.11,0.56,10.84,0.0,512.0,1.0
2016-11-03,18.89,4.44,11.66,0.0,507.0,0.0
2016-11-04,16.11,4.44,10.28,8.64,507.0,0.0
2016-11-05,15.0,6.67,10.84,3.05,541.0,1.0
2016-11-06,16.11,5.0,10.56,0.0,565.0,1.0
2016-11-07,18.33,3.33,10.83,0.0,557.0,0.0
2016-11-08,16.11,-0.56,7.78,0.0,571.0,1.0
2016-11-09,16.11,-1.67,7.22,0.0,616.0,1.0
2016-11-10,13.33,-2.78,5.28,0.0,631.0,1.0
2016-11-11,15.56,2.22,8.89,0.0,640.0,1.0
2016-11-12,14.44,-2.22,6.11,0.0,656.0,1.0
2016-11-13,16.67,-1.67,7.5,0.0,648.0,0.0
2016-11-14,17.22,-1.11,8.06,0.0,654.0,1.0
2016-11-15,22.22,1.11,11.66,0.0,649.0,0.0
2016-11-16,17.22,0.56,8.89,0.0,646.0,0.0
2016-11-17,15.0,-5.0,5.0,0.0,633.0,0.0
2016-11-18,8.33,-6.11,1.11,0.0,642.0,1.0
2016-11-19,11.67,-7.22,2.22,0.0,730.0,1.0
2016-11-20,15.0,-1.67,6.66,0.0,783.0,1.0
2016-11-21,15.0,2.78,8.89,10.67,833.0,1.0
2016-11-22,10.56,0.0,5.28,0.0,956.0,1.0
2016-11-23,10.56,-4.44,3.06,0.0,904.0,0.0
2016-11-24,11.11,-2.78,4.16,0.0,914.0,1.0
2016-11-25,10.56,-6.11,2.22,0.0,927.0,1.0
2016-11-26,8.33,-4.44,1.94,0.0,933.0,1.0
2016-11-27,8.33,-1.67,3.33,1.27,932.0,0.0
2016-11-28,3.89,-3.89,0.0,0.0,930.0,0.0
2016-11-29,2.78,-6.67,-1.94,0.0,892.0,0.0
2016-11-30,3.33,-12.78,-4.72,0.0,819.0,0.0
2016-12-01,4.44,-8.33,-1.94,0.0,775.0,0.0
2016-12-02,6.67,-4.44,1.11,0.25,755.0,0.0
2016-12-03,7.78,-4.44,1.67,0.0,761.0,1.0
2016-12-04,7.78,-6.11,0.84,0.0,728.0,0.0
2016-12-05,11.11,-8.33,1.39,0.0,714.0,0.0
2016-12-06,2.22,-5.56,-1.67,0.0,749.0,1.0
2016-12-07,6.67,-7.78,-0.56,0.0,783.0,1.0
2016-12-08,0.61,-10.0,-4.7,0.0,814.0,1.0
2016-12-09,8.33,-10.0,-0.84,0.0,807.0,0.0
2016-12-10,10.56,-6.67,1.95,0.0,820.0,1.0
2016-12-11,13.89,-3.89,5.0,0.0,835.0,1.0
2016-12-12,12.22,-6.67,2.78,0.0,874.0,1.0
2016-12-13,12.78,-1.11,5.84,0.0,861.0,0.0
2016-12-14,15.0,-1.11,6.94,0.0,874.0,1.0
2016-12-15,15.56,-4.44,5.56,0.0,892.0,1.0
2016-12-16,13.33,2.22,7.78,1.02,939.0,1.0
2016-12-17,8.33,-8.33,0.0,4.32,995.0,1.0
2016-12-18,2.22,-11.11,-4.44,0.0,972.0,0.0
2016-12-19,3.89,-10.56,-3.34,0.0,866.0,0.0
2016-12-20,8.89,-8.33,0.28,0.0,736.0,0.0
2016-12-21,13.33,-5.0,4.16,0.0,637.0,0.0
2016-12-22,3.89,-1.67,1.11,3.56,696.0,1.0
2016-12-23,7.78,-0.56,3.61,2.03,745.0,1.0
2016-12-24,10.0,-2.22,3.89,0.76,736.0,0.0
2016-12-25,7.22,-6.67,0.27,0.25,801.0,1.0
2016-12-26,3.33,-6.67,-1.67,0.0,815.0,1.0
2016-12-27,8.33,-7.78,0.27,0.0,743.0,0.0
2016-12-28,8.33,-5.56,1.39,0.0,735.0,0.0
2016-12-29,5.0,-6.11,-0.56,0.0,712.0,0.0
2016-12-30,7.22,-7.22,0.0,0.0,687.0,0.0
2016-12-31,0.56,-6.67,-3.06,0.0,668.0,0.0
2017-01-01,8.33,-3.89,2.22,0.51,685.0,1.0
2017-01-02,5.56,-4.44,0.56,0.0,699.0,1.0
2017-01-03,7.78,-3.33,2.22,0.0,706.0,1.0
2017-01-04,10.0,-5.56,2.22,0.0,695.0,0.0
2017-01-05,8.33,-11.11,-1.39,2.54,705.0,1.0
2017-01-06,-3.33,-15.56,-9.44,0.0,741.0,1.0
2017-01-07,1.67,-16.67,-7.5,0.0,677.0,0.0
2017-01-08,8.33,-7.78,0.27,0.0,624.0,0.0
2017-01-09,8.89,-0.56,4.16,0.25,691.0,1.0
2017-01-10,11.67,0.0,5.84,0.0,728.0,1.0
2017-01-11,11.67,1.11,6.39,0.0,752.0,1.0
2017-01-12,12.22,-3.33,4.44,0.0,747.0,0.0
2017-01-13,11.11,-0.56,5.28,0.0,762.0,1.0
2017-01-14,11.11,2.78,6.94,1.02,788.0,1.0
2017-01-15,3.89,0.0,1.94,16.76,850.0,1.0
2017-01-16,6.67,0.0,3.34,2.29,888.0,1.0
2017-01-17,7.78,-1.11,3.34,0.0,865.0,0.0
2017-01-18,6.11,-2.78,1.67,0.0,844.0,0.0
2017-01-19,7.22,-1.67,2.78,0.0,832.0,0.0
2017-01-20,6.67,-0.56,3.06,0.25,829.0,0.0
2017-01-21,4.44,-0.56,1.94,5.08,800.0,0.0
2017-01-22,5.0,-4.44,0.28,0.0,765.0,0.0
2017-01-23,12.22,-1.67,5.28,0.25,732.0,0.0
2017-01-24,3.33,-4.44,-0.56,1.02,747.0,1.0
2017-01-25,2.22,-8.89,-3.34,0.0,725.0,0.0
2017-01-26,-0.56,-11.11,-5.84,0.0,679.0,0.0
2017-01-27,0.0,-12.22,-6.11,0.0,641.0,0.0
2017-01-28,6.11,-11.11,-2.5,0.0,598.0,0.0
2017-01-29,10.0,-6.67,1.66,0.0,593.0,0.0
2017-01-30,12.22,-5.0,3.61,0.0,613.0,1.0
2017-01-31,13.33,-3.89,4.72,0.0,626.0,1.0
2017-02-01,15.56,-3.33,6.12,0.0,640.0,1.0
2017-02-02,11.67,-5.0,3.34,0.0,651.0,1.0
2017-02-03,13.33,-3.89,4.72,0.0,700.0,1.0
2017-02-04,14.44,-6.11,4.16,0.0,719.0,1.0
2017-02-05,15.56,-2.78,6.39,0.0,724.0,1.0
2017-02-06,12.22,-3.33,4.44,0.0,733.0,1.0
2017-02-07,14.44,-1.11,6.66,0.0,746.0,1.0
2017-02-08,16.11,0.56,8.33,0.0,759.0,1.0
2017-02-09,17.78,-2.22,7.78,0.0,817.0,1.0
2017-02-10,20.56,0.0,10.28,0.0,820.0,1.0
2017-02-11,19.44,1.11,10.28,0.0,850.0,1.0
2017-02-12,10.0,-0.56,4.72,0.0,927.0,1.0
2017-02-13,4.44,-4.44,0.0,2.29,977.0,1.0
2017-02-14,7.78,0.0,3.89,0.51,1020.0,1.0
2017-02-15,10.56,-2.78,3.89,0.0,1040.0,1.0
2017-02-16,14.44,-2.78,5.83,0.0,1060.0,1.0
2017-02-17,13.89,-1.67,6.11,0.0,1030.0,0.0
2017-02-18,16.67,-0.56,8.06,0.0,1040.0,1.0
2017-02-19,10.56,0.56,5.56,0.0,1040.0,0.0
2017-02-20,15.0,-3.33,5.84,0.0,1040.0,0.0
2017-02-21,18.89,1.67,10.28,0.0,1010.0,0.0
2017-02-22,16.11,0.0,8.06,0.0,1030.0,1.0
2017-02-23,9.44,0.0,4.72,0.0,1040.0,1.0
2017-02-24,5.56,-8.33,-1.39,0.0,1050.0,1.0
2017-02-25,7.78,-12.78,-2.5,0.0,991.0,0.0
2017-02-26,7.22,-6.11,0.55,0.0,949.0,0.0
2017-02-27,11.67,-6.11,2.78,0.76,932.0,0.0
2017-02-28,8.33,-1.11,3.61,0.25,887.0,0.0
2017-03-01,8.33,-5.56,1.39,0.0,852.0,0.0
2017-03-02,12.78,-6.67,3.06,0.0,859.0,1.0
2017-03-03,13.89,-5.56,4.17,0.0,861.0,1.0
2017-03-04,17.78,-3.89,6.94,0.0,871.0,1.0
2017-03-05,16.67,-2.78,6.95,0.0,870.0,0.0
2017-03-06,11.11,-2.78,4.16,0.0,877.0,1.0
2017-03-07,12.22,-4.44,3.89,0.0,869.0,0.0
2017-03-08,19.44,-2.22,8.61,0.0,969.0,1.0
2017-03-09,21.67,0.56,11.12,0.0,1030.0,1.0
2017-03-10,22.22,0.0,11.11,0.0,1050.0,1.0
2017-03-11,21.11,0.56,10.84,0.0,1090.0,1.0
2017-03-12,20.56,-3.89,8.33,0.0,1140.0,1.0
2017-03-13,20.0,-0.56,9.72,0.0,1200.0,1.0
2017-03-14,22.78,2.78,12.78,0.0,1390.0,1.0
2017-03-15,23.89,2.22,13.06,0.0,1850.0,1.0
2017-03-16,24.44,0.0,12.22,0.0,1900.0,1.0
2017-03-17,23.89,3.89,13.89,0.0,2270.0,1.0
2017-03-18,25.0,2.78,13.89,0.0,2460.0,1.0
2017-03-19,25.56,2.22,13.89,0.0,2610.0,1.0
2017-03-20,25.56,4.44,15.0,0.0,2760.0,1.0
2017-03-21,25.56,5.56,15.56,0.0,2900.0,1.0
2017-03-22,25.56,4.44,15.0,0.0,3120.0,1.0
2017-03-23,21.11,0.56,10.84,2.79,3250.0,1.0
2017-03-24,16.67,0.56,8.62,0.0,3650.0,1.0
2017-03-25,18.33,-2.78,7.78,0.0,3790.0,1.0
2017-03-26,17.78,1.67,9.73,0.0,3770.0,0.0
2017-03-27,18.33,-2.78,7.78,0.0,3660.0,0.0
2017-03-28,10.0,1.11,5.56,6.6,3730.0,1.0
2017-03-29,15.56,2.22,8.89,0.51,3760.0,1.0
2017-03-30,18.89,-1.67,8.61,0.0,3710.0,0.0
2017-03-31,18.33,1.11,9.72,0.0,3690.0,0.0
2017-04-01,8.89,0.0,4.44,2.54,3680.0,0.0
2017-04-02,15.0,-2.22,6.39,0.0,3640.0,0.0
2017-04-03,16.67,0.0,8.34,0.76,3520.0,0.0
2017-04-04,8.89,-0.56,4.16,1.52,3510.0,0.0
2017-04-05,13.89,-3.89,5.0,0.0,3350.0,0.0
2017-04-06,20.0,-2.78,8.61,0.0,3150.0,0.0
2017-04-07,23.89,0.56,12.22,0.0,2990.0,0.0
2017-04-08,23.33,7.78,15.56,0.0,2930.0,0.0
2017-04-09,17.78,5.0,11.39,0.0,2920.0,0.0
2017-04-10,17.78,-1.11,8.34,0.0,2910.0,0.0
2017-04-11,21.67,1.11,11.39,0.0,2970.0,1.0
2017-04-12,22.78,4.44,13.61,0.0,3000.0,1.0
2017-04-13,24.44,2.22,13.33,0.0,3110.0,1.0
2017-04-14,25.0,2.78,13.89,0.0,3380.0,1.0
2017-04-15,23.33,5.0,14.16,0.0,3680.0,1.0
2017-04-16,25.0,5.56,15.28,0.0,3900.0,1.0
2017-04-17,26.11,4.44,15.28,0.0,4030.0,1.0
2017-04-18,26.11,2.78,14.44,0.0,4170.0,1.0
2017-04-19,26.11,5.56,15.84,0.0,4350.0,1.0
2017-04-20,21.11,5.0,13.06,0.0,4320.0,0.0
2017-04-21,22.22,4.44,13.33,0.0,4450.0,1.0
2017-04-22,16.67,3.33,10.0,0.0,4440.0,0.0
2017-04-23,23.33,1.67,12.5,0.0,4440.0,0.0
2017-04-24,25.56,3.89,14.72,0.0,4320.0,0.0
2017-04-25,15.0,1.67,8.34,3.3,4580.0,1.0
2017-04-26,17.22,-0.56,8.33,0.0,4490.0,0.0
2017-04-27,19.44,3.33,11.39,0.0,4400.0,0.0
2017-04-28,7.22,0.0,3.61,7.11,4320.0,0.0
2017-04-29,,,,15.49,4050.0,0.0
2017-04-30,16.11,-1.67,7.22,0.0,3810.0,0.0
2017-05-01,20.0,1.11,10.56,0.0,3700.0,0.0
2017-05-02,25.0,1.67,13.34,0.0,3570.0,0.0
2017-05-03,22.22,5.56,13.89,0.0,3540.0,0.0
2017-05-04,23.33,2.22,12.77,0.0,3520.0,0.0
2017-05-05,27.78,4.44,16.11,0.0,3550.0,1.0
2017-05-06,28.33,8.33,18.33,0.0,3810.0,1.0
2017-05-07,26.11,10.56,18.34,0.0,3910.0,1.0
2017-05-08,26.11,10.56,18.34,2.54,4260.0,1.0
2017-05-09,18.33,7.78,13.06,11.94,4920.0,1.0
2017-05-10,13.33,5.56,9.44,2.03,5720.0,1.0
2017-05-11,21.11,5.0,13.06,0.0,6150.0,1.0
2017-05-12,23.89,6.11,15.0,0.0,5990.0,0.0
2017-05-13,27.22,9.44,18.33,0.0,5640.0,0.0
2017-05-14,25.56,5.56,15.56,0.0,5080.0,0.0
2017-05-15,26.11,3.89,15.0,0.0,4690.0,0.0
2017-05-16,20.0,4.44,12.22,0.0,5380.0,1.0
2017-05-17,20.56,3.33,11.94,0.0,5700.0,1.0
2017-05-18,16.67,3.89,10.28,0.25,5620.0,0.0
2017-05-19,16.11,1.67,8.89,0.0,5640.0,1.0
2017-05-20,20.56,-2.22,9.17,0.0,5320.0,0.0
2017-05-21,24.44,4.44,14.44,0.0,4760.0,0.0
2017-05-22,25.0,6.11,15.56,0.0,4200.0,0.0
2017-05-23,22.22,7.22,14.72,0.25,3880.0,0.0
2017-05-24,29.44,2.78,16.11,0.0,3760.0,0.0
2017-05-25,29.44,11.67,20.56,0.0,3680.0,0.0
2017-05-26,27.22,6.67,16.94,0.0,3780.0,1.0
2017-05-27,26.67,3.89,15.28,0.0,3990.0,1.0
2017-05-28,25.0,5.56,15.28,0.0,4240.0,1.0
2017-05-29,26.67,11.11,18.89,0.0,4240.0,0.0
2017-05-30,26.11,6.11,16.11,0.0,4290.0,1.0
2017-05-31,23.33,8.33,15.83,1.78,4040.0,0.0
2017-06-01,26.67,9.44,18.06,0.0,3870.0,0.0
2017-06-02,27.22,7.22,17.22,0.0,3900.0,1.0
2017-06-03,27.78,11.11,19.44,0.0,3810.0,0.0
2017-06-04,30.0,12.22,21.11,0.0,3820.0,1.0
2017-06-05,32.22,10.56,21.39,0.0,3840.0,1.0
2017-06-06,30.0,10.56,20.28,0.76,3890.0,1.0
2017-06-07,30.0,12.22,21.11,1.52,4040.0,1.0
2017-06-08,31.67,9.44,20.56,1.78,4190.0,1.0
2017-06-09,33.33,9.44,21.38,0.0,4230.0,1.0
2017-06-10,33.33,11.67,22.5,0.0,4190.0,0.0
2017-06-11,30.56,8.89,19.73,0.0,4020.0,0.0
2017-06-12,31.67,7.22,19.44,0.0,3590.0,0.0
2017-06-13,27.78,8.33,18.06,0.0,3250.0,0.0
2017-06-14,30.56,9.44,20.0,0.0,2770.0,0.0
2017-06-15,33.89,11.67,22.78,0.0,2230.0,0.0
2017-06-16,35.56,12.78,24.17,0.0,1980.0,0.0
2017-06-17,37.22,13.33,25.28,0.0,1760.0,0.0
2017-06-18,33.89,16.11,25.0,0.0,1640.0,0.0
2017-06-19,35.0,16.11,25.56,0.0,1660.0,1.0
2017-06-20,37.22,20.56,28.89,0.0,1640.0,0.0
2017-06-21,37.78,18.33,28.06,0.0,1630.0,0.0
2017-06-22,35.56,18.33,26.94,0.0,1590.0,0.0
2017-06-23,34.44,13.89,24.16,0.0,1520.0,0.0
2017-06-24,30.0,16.11,23.06,0.0,1430.0,0.0
2017-06-25,31.67,15.56,23.62,0.0,1260.0,0.0
2017-06-26,27.78,13.33,20.56,0.51,1200.0,0.0
2017-06-27,33.33,8.33,20.83,0.0,1130.0,0.0
2017-06-28,33.89,11.67,22.78,0.0,1190.0,1.0
2017-06-29,34.44,13.89,24.16,0.0,1160.0,0.0
2017-06-30,32.78,10.56,21.67,0.0,1030.0,0.0
2017-07-01,29.44,15.56,22.5,0.0,1040.0,1.0
2017-07-02,34.44,12.22,23.33,0.0,1090.0,1.0
2017-07-03,34.44,14.39,24.42,0.0,1130.0,1.0
2017-07-04,35.61,13.28,24.44,0.0,1300.0,1.0
2017-07-05,33.33,17.22,25.28,0.0,1260.0,0.0
2017-07-06,35.61,16.11,25.86,0.0,1140.0,0.0
2017-07-07,34.44,17.22,25.83,0.0,1100.0,0.0
2017-07-08,32.78,16.11,24.44,0.0,1150.0,1.0
2017-07-09,34.44,13.28,23.86,0.0,1130.0,0.0
2017-07-10,34.44,12.78,23.61,0.0,1040.0,0.0
2017-07-11,34.44,13.89,24.16,0.0,1040.0,0.0
2017-07-12,34.44,18.28,26.36,6.1,1050.0,1.0
2017-07-13,31.11,15.0,23.06,12.95,1160.0,1.0
2017-07-14,27.22,14.39,20.8,0.0,1100.0,0.0
2017-07-15,31.11,15.0,23.06,0.0,1110.0,1.0
2017-07-16,31.11,15.56,23.34,0.0,1080.0,0.0
2017-07-17,31.72,16.11,23.92,0.25,1230.0,1.0
2017-07-18,33.33,16.67,25.0,1.27,1360.0,1.0
2017-07-19,33.33,16.67,25.0,0.0,1380.0,1.0
2017-07-20,31.72,14.39,23.06,0.0,1090.0,0.0
2017-07-21,32.22,15.56,23.89,0.0,1040.0,0.0
2017-07-22,33.33,15.0,24.16,0.0,987.0,0.0
2017-07-23,29.44,13.89,21.66,0.0,956.0,0.0
2017-07-24,32.22,12.78,22.5,3.3,878.0,0.0
2017-07-25,32.22,16.11,24.16,0.0,975.0,1.0
2017-07-26,32.22,15.0,23.61,0.0,1040.0,1.0
2017-07-27,31.72,17.22,24.47,34.8,1110.0,1.0
2017-07-28,28.33,16.11,22.22,0.25,1130.0,1.0
2017-07-29,30.61,15.56,23.08,6.6,1160.0,1.0
2017-07-30,27.22,15.56,21.39,0.25,1000.0,0.0
2017-07-31,28.33,15.56,21.94,0.51,1030.0,1.0
2017-08-01,27.22,16.11,21.66,0.0,968.0,0.0
2017-08-02,30.56,11.67,21.12,0.0,848.0,0.0
2017-08-03,31.67,13.33,22.5,0.25,882.0,1.0
2017-08-04,28.33,12.22,20.27,2.29,886.0,1.0
2017-08-05,29.44,15.56,22.5,0.0,828.0,0.0
2017-08-06,28.33,13.33,20.83,0.0,776.0,0.0
2017-08-07,30.0,15.56,22.78,0.0,909.0,1.0
2017-08-08,28.33,15.56,21.94,0.51,1050.0,1.0
2017-08-09,32.78,13.33,23.06,0.0,1010.0,0.0
2017-08-10,32.78,14.44,23.61,1.78,864.0,0.0
2017-08-11,26.67,15.0,20.84,23.37,838.0,0.0
2017-08-12,27.22,15.0,21.11,0.0,909.0,1.0
2017-08-13,30.0,16.11,23.06,0.0,809.0,0.0
2017-08-14,30.56,15.0,22.78,0.0,744.0,0.0
2017-08-15,29.44,13.33,21.38,0.0,813.0,1.0
2017-08-16,28.89,11.67,20.28,0.0,845.0,1.0
2017-08-17,29.44,13.33,21.38,0.0,846.0,1.0
2017-08-18,32.22,13.33,22.78,0.0,940.0,1.0
2017-08-19,30.56,13.33,21.94,0.0,889.0,0.0
2017-08-20,23.89,14.44,19.16,1.02,869.0,0.0
2017-08-21,23.89,13.89,18.89,5.59,961.0,1.0
2017-08-22,28.33,13.89,21.11,0.0,985.0,1.0
2017-08-23,28.33,12.78,20.56,0.76,1080.0,1.0
2017-08-24,23.33,14.44,18.88,0.0,993.0,0.0
2017-08-25,28.89,11.67,20.28,0.25,834.0,0.0
2017-08-26,31.11,11.11,21.11,0.0,797.0,0.0
2017-08-27,31.67,13.89,22.78,0.0,759.0,0.0
2017-08-28,30.56,13.89,22.22,0.0,754.0,0.0
2017-08-29,31.67,9.44,20.56,0.0,762.0,1.0
2017-08-30,30.56,12.22,21.39,0.0,922.0,1.0
2017-08-31,30.0,11.11,20.56,0.0,865.0,0.0
2017-09-01,31.11,10.0,20.56,0.0,847.0,0.0
2017-09-02,30.56,12.22,21.39,0.0,815.0,0.0
2017-09-03,32.78,11.67,22.22,14.48,764.0,0.0
2017-09-04,32.22,12.22,22.22,0.0,743.0,0.0
2017-09-05,27.22,13.89,20.56,0.0,844.0,1.0
2017-09-06,29.44,11.67,20.56,0.0,915.0,1.0
2017-09-07,28.89,11.11,20.0,0.0,934.0,1.0
2017-09-08,30.56,10.56,20.56,0.0,957.0,1.0
2017-09-09,29.44,10.56,20.0,0.0,1010.0,1.0
2017-09-10,29.44,10.56,20.0,0.0,969.0,0.0
2017-09-11,31.11,12.22,21.66,0.0,947.0,0.0
2017-09-12,30.0,13.33,21.66,0.0,975.0,1.0
2017-09-13,30.56,12.22,21.39,0.76,983.0,1.0
2017-09-14,26.11,9.44,17.77,0.0,957.0,0.0
2017-09-15,26.67,10.56,18.62,0.0,951.0,0.0
2017-09-16,26.11,7.78,16.94,0.76,947.0,0.0
2017-09-17,28.33,8.33,18.33,1.52,951.0,1.0
2017-09-18,27.22,8.89,18.06,0.0,956.0,1.0
2017-09-19,28.33,7.78,18.06,0.0,960.0,1.0
2017-09-20,27.22,10.0,18.61,0.0,951.0,0.0
2017-09-21,27.78,8.33,18.06,0.0,976.0,1.0
2017-09-22,26.67,8.89,17.78,0.0,982.0,1.0
2017-09-23,22.78,10.56,16.67,3.3,991.0,1.0
2017-09-24,21.11,7.22,14.16,0.0,992.0,1.0
2017-09-25,22.22,7.78,15.0,0.0,889.0,0.0
2017-09-26,21.11,7.78,14.44,2.29,778.0,0.0
2017-09-27,15.0,6.67,10.84,34.54,837.0,1.0
2017-09-28,17.22,6.67,11.94,18.8,979.0,1.0
2017-09-29,16.67,10.0,13.34,6.1,1460.0,1.0
2017-09-30,19.44,8.33,13.89,3.56,1240.0,0.0
2017-10-01,22.22,11.67,16.94,0.0,1120.0,0.0
2017-10-02,23.89,5.0,14.44,0.0,1070.0,0.0
2017-10-03,25.0,3.89,14.44,0.0,1310.0,1.0
2017-10-04,23.33,15.0,19.16,6.35,1530.0,1.0
2017-10-05,21.67,12.22,16.94,15.75,2000.0,1.0
2017-10-06,21.67,5.56,13.62,0.0,1610.0,0.0
2017-10-07,18.89,2.78,10.84,0.0,1700.0,1.0
2017-10-08,22.22,2.78,12.5,0.0,1690.0,0.0
2017-10-09,15.56,0.56,8.06,0.0,1720.0,1.0
2017-10-10,13.89,-2.78,5.56,0.0,1620.0,0.0
2017-10-11,19.44,0.56,10.0,0.0,1390.0,0.0
2017-10-12,23.33,4.44,13.88,0.0,1330.0,0.0
2017-10-13,24.44,5.0,14.72,0.0,1110.0,0.0
2017-10-14,22.78,6.11,14.44,0.0,1070.0,0.0
2017-10-15,17.78,-1.11,8.34,0.0,1040.0,0.0
2017-10-16,20.56,1.11,10.84,0.0,997.0,0.0
2017-10-17,22.22,3.33,12.77,0.0,948.0,0.0
2017-10-18,22.78,4.44,13.61,0.0,899.0,0.0
2017-10-19,21.67,5.56,13.62,0.0,846.0,0.0
2017-10-20,20.56,8.33,14.44,0.0,919.0,1.0
2017-10-21,17.22,2.22,9.72,0.0,968.0,1.0
2017-10-22,17.78,0.56,9.17,0.0,938.0,0.0
2017-10-23,22.22,3.33,12.77,0.0,957.0,1.0
2017-10-24,16.11,2.22,9.16,0.0,907.0,0.0
2017-10-25,18.89,1.67,10.28,0.0,882.0,0.0
2017-10-26,21.67,2.22,11.94,0.0,858.0,0.0
2017-10-27,11.11,0.0,5.56,0.0,891.0,1.0
2017-10-28,13.89,-2.22,5.84,0.0,946.0,1.0
2017-10-29,18.33,-1.67,8.33,0.0,929.0,0.0
2017-10-30,10.56,0.56,5.56,0.0,875.0,0.0
2017-10-31,13.89,0.56,7.22,0.0,896.0,1.0
2017-11-01,20.0,3.89,11.94,0.0,895.0,0.0
2017-11-02,18.89,3.33,11.11,0.0,947.0,1.0
2017-11-03,19.44,-1.11,9.17,0.0,982.0,1.0
2017-11-04,16.11,4.44,10.28,0.0,1020.0,1.0
2017-11-05,18.33,4.44,11.38,0.0,1050.0,1.0
2017-11-06,16.11,2.22,9.16,0.0,995.0,0.0
2017-11-07,14.44,2.78,8.61,6.1,1090.0,1.0
2017-11-08,11.67,-1.11,5.28,0.0,1160.0,1.0
2017-11-09,13.33,-0.56,6.38,0.0,1170.0,1.0
2017-11-10,17.78,-0.61,8.59,0.0,1220.0,1.0
2017-11-11,18.89,1.11,10.0,0.0,1310.0,1.0
2017-11-12,16.67,-2.78,6.95,0.0,1280.0,0.0
2017-11-13,19.44,1.11,10.28,0.0,1220.0,0.0
2017-11-14,20.56,0.0,10.28,0.0,1330.0,1.0
2017-11-15,15.0,0.0,7.5,0.0,1320.0,0.0
2017-11-16,19.44,-3.33,8.06,0.0,1290.0,0.0
2017-11-17,18.33,8.33,13.33,0.0,1350.0,1.0
2017-11-18,10.0,-6.11,1.94,0.0,1490.0,1.0
2017-11-19,11.67,-6.67,2.5,0.0,1560.0,1.0
2017-11-20,12.78,-7.22,2.78,0.0,1500.0,0.0
2017-11-21,17.78,2.78,10.28,0.0,1530.0,1.0
2017-11-22,17.78,-1.67,8.06,0.0,1540.0,1.0
2017-11-23,18.33,0.56,9.44,0.0,1530.0,0.0
2017-11-24,19.44,-1.67,8.89,0.0,1540.0,1.0
2017-11-25,17.78,-2.22,7.78,0.0,1570.0,1.0
2017-11-26,20.0,0.0,10.0,0.0,1600.0,1.0
2017-11-27,18.33,-1.11,8.61,0.0,1600.0,0.0
2017-11-28,13.33,-1.67,5.83,0.0,1590.0,0.0
2017-11-29,11.67,-1.67,5.0,,1650.0,1.0
2017-11-30,10.0,0.0,5.0,0.0,1660.0,1.0
2017-12-01,15.56,-0.56,7.5,0.0,1670.0,1.0
2017-12-02,15.0,-1.67,6.66,0.0,1660.0,0.0
2017-12-03,16.11,-0.56,7.78,0.0,1650.0,0.0
2017-12-04,10.56,-1.11,4.73,0.0,1660.0,1.0
2017-12-05,6.67,-7.78,-0.56,0.0,1650.0,0.0
2017-12-06,6.11,-9.44,-1.66,0.0,1610.0,0.0
2017-12-07,0.56,-10.0,-4.72,0.0,1560.0,0.0
2017-12-08,7.78,-12.22,-2.22,0.0,1490.0,0.0
2017-12-09,12.78,-6.67,3.06,0.0,1440.0,0.0
2017-12-10,11.11,-7.22,1.94,0.0,1560.0,1.0
2017-12-11,14.44,-6.67,3.88,0.0,1420.0,0.0
2017-12-12,11.67,-6.67,2.5,0.0,1430.0,1.0
2017-12-13,11.67,-6.67,2.5,0.0,1350.0,0.0
2017-12-14,7.22,-5.0,1.11,0.0,1340.0,0.0
2017-12-15,8.89,-10.56,-0.84,0.0,1320.0,0.0
2017-12-16,6.67,-9.44,-1.38,0.0,1330.0,1.0
2017-12-17,9.44,-6.11,1.66,0.0,1260.0,0.0
2017-12-18,10.0,-7.78,1.11,0.0,1230.0,0.0
2017-12-19,8.33,-7.22,0.56,0.0,1210.0,0.0
2017-12-20,10.56,-8.89,0.84,0.0,1080.0,0.0
2017-12-21,10.0,-5.56,2.22,0.0,924.0,0.0
2017-12-22,4.44,-11.11,-3.33,0.0,884.0,0.0
2017-12-23,6.11,-6.67,-0.28,0.0,777.0,0.0
2017-12-24,10.56,-3.89,3.34,0.0,733.0,0.0
2017-12-25,13.89,-6.11,3.89,0.0,725.0,0.0
2017-12-26,13.89,-6.67,3.61,0.0,708.0,0.0
2017-12-27,13.33,-2.78,5.28,0.0,712.0,1.0
2017-12-28,12.78,-6.67,3.06,0.0,717.0,1.0
2017-12-29,13.89,-8.33,2.78,0.0,712.0,0.0
2017-12-30,14.44,-3.89,5.28,0.0,706.0,0.0
2017-12-31,6.11,-4.44,0.84,0.0,717.0,1.0
2018-01-01,7.22,-13.89,-3.34,0.0,698.0,0.0
2018-01-02,11.11,-10.56,0.27,0.0,721.0,1.0
2018-01-03,10.0,-6.67,1.66,0.0,738.0,1.0
2018-01-04,10.56,-8.33,1.12,0.0,722.0,0.0
2018-01-05,8.89,-6.11,1.39,0.0,647.0,0.0
2018-01-06,11.67,-5.56,3.06,0.0,641.0,0.0
2018-01-07,11.11,-1.67,4.72,0.0,698.0,1.0
2018-01-08,9.44,-3.33,3.06,0.0,708.0,1.0
2018-01-09,13.89,-3.89,5.0,0.0,691.0,0.0
2018-01-10,7.78,-2.78,2.5,0.0,751.0,1.0
2018-01-11,8.33,-6.11,1.11,0.0,741.0,0.0
2018-01-12,10.56,-7.22,1.67,0.0,753.0,1.0
2018-01-13,8.89,-8.33,0.28,0.0,713.0,0.0
2018-01-14,12.22,-5.56,3.33,0.0,695.0,0.0
2018-01-15,7.22,-8.33,-0.56,0.0,672.0,0.0
2018-01-16,0.56,-11.67,-5.56,0.0,687.0,1.0
2018-01-17,5.56,-11.11,-2.78,0.0,663.0,0.0
2018-01-18,12.22,-10.0,1.11,0.0,609.0,0.0
2018-01-19,12.22,-6.67,2.78,0.0,615.0,1.0
2018-01-20,13.89,-6.67,3.61,0.0,644.0,1.0
2018-01-21,2.78,-10.0,-3.61,0.0,692.0,1.0
2018-01-22,3.33,-11.67,-4.17,0.0,701.0,1.0
2018-01-23,6.67,-10.56,-1.95,0.0,631.0,0.0
2018-01-24,9.44,-8.89,0.27,0.0,557.0,0.0
2018-01-25,9.44,-8.33,0.55,0.0,604.0,1.0
2018-01-26,8.33,-8.33,0.0,0.0,624.0,1.0
2018-01-27,7.22,-10.56,-1.67,0.0,608.0,0.0
2018-01-28,13.33,-10.56,1.38,0.0,597.0,0.0
2018-01-29,12.22,-7.22,2.5,0.0,604.0,1.0
2018-01-30,12.22,-4.44,3.89,0.0,626.0,1.0
2018-01-31,16.11,-3.89,6.11,0.0,646.0,1.0
2018-02-01,18.33,-5.56,6.38,0.0,649.0,1.0
2018-02-02,15.56,-2.78,6.39,0.0,674.0,1.0
2018-02-03,16.11,-3.33,6.39,0.0,687.0,1.0
2018-02-04,17.22,-1.11,8.06,0.0,679.0,0.0
2018-02-05,17.78,-3.89,6.94,0.0,693.0,1.0
2018-02-06,11.67,-3.89,3.89,0.0,698.0,1.0
2018-02-07,11.11,-8.89,1.11,0.0,702.0,1.0
2018-02-08,15.0,-5.0,5.0,0.0,718.0,1.0
2018-02-09,16.11,-1.11,7.5,0.0,704.0,0.0
2018-02-10,17.22,-2.78,7.22,0.0,694.0,0.0
2018-02-11,5.0,-6.67,-0.84,0.0,681.0,0.0
2018-02-12,10.56,-4.44,3.06,0.0,686.0,1.0
2018-02-13,13.33,-4.44,4.44,0.0,675.0,0.0
2018-02-14,13.33,-2.78,5.28,3.05,686.0,1.0
2018-02-15,8.33,-0.56,3.88,7.11,693.0,1.0
2018-02-16,5.0,-3.33,0.84,0.0,702.0,1.0
2018-02-17,11.67,-2.22,4.72,0.0,700.0,0.0
2018-02-18,13.89,-2.22,5.84,0.0,715.0,1.0
2018-02-19,14.44,-1.11,6.66,0.0,710.0,0.0
2018-02-20,2.78,-6.11,-1.67,0.0,683.0,0.0
2018-02-21,6.67,-5.56,0.56,0.0,675.0,0.0
2018-02-22,4.44,-7.78,-1.67,0.51,679.0,1.0
2018-02-23,10.56,-8.89,0.84,0.0,683.0,1.0
2018-02-24,3.89,-6.67,-1.39,0.0,655.0,0.0
2018-02-25,5.56,-9.44,-1.94,0.0,658.0,1.0
2018-02-26,11.11,-8.89,1.11,0.0,665.0,1.0
2018-02-27,13.33,-7.22,3.06,0.0,686.0,1.0
2018-02-28,8.33,-7.78,0.27,0.0,710.0,1.0
2018-03-01,11.67,-9.44,1.12,0.0,687.0,0.0
2018-03-02,15.0,-6.67,4.16,0.0,669.0,0.0
2018-03-03,17.22,-3.89,6.66,0.0,666.0,0.0
2018-03-04,17.22,-5.0,6.11,0.0,669.0,1.0
2018-03-05,9.44,-7.78,0.83,0.0,662.0,0.0
2018-03-06,11.11,-6.67,2.22,0.0,647.0,0.0
2018-03-07,13.33,-10.56,1.38,0.0,653.0,1.0
2018-03-08,18.89,-1.67,8.61,0.0,667.0,1.0
2018-03-09,18.33,0.56,9.44,0.0,657.0,0.0
2018-03-10,18.33,0.0,9.16,0.0,639.0,0.0
2018-03-11,8.89,0.56,4.73,3.05,645.0,1.0
2018-03-12,10.0,0.0,5.0,0.0,651.0,1.0
2018-03-13,15.0,-2.22,6.39,0.0,642.0,0.0
2018-03-14,18.33,2.22,10.27,0.0,663.0,1.0
2018-03-15,16.11,0.0,8.06,0.0,672.0,1.0
2018-03-16,13.33,-2.78,5.28,0.0,699.0,1.0
2018-03-17,15.56,-1.67,6.94,0.0,702.0,1.0
2018-03-18,10.56,-3.33,3.62,0.0,725.0,1.0
2018-03-19,10.56,-6.11,2.22,0.0,770.0,1.0
2018-03-20,13.89,-7.78,3.06,0.0,749.0,0.0
2018-03-21,19.44,0.0,9.72,0.0,731.0,0.0
2018-03-22,23.89,2.22,13.06,0.0,716.0,0.0
2018-03-23,20.56,4.44,12.5,0.0,690.0,0.0
2018-03-24,18.89,0.0,9.44,0.0,677.0,0.0
2018-03-25,17.78,-3.33,7.22,0.0,600.0,0.0
2018-03-26,14.44,0.56,7.5,0.0,586.0,0.0
2018-03-27,12.22,-2.22,5.0,4.83,644.0,1.0
2018-03-28,12.78,-2.22,5.28,0.0,743.0,1.0
2018-03-29,16.11,-1.11,7.5,0.0,725.0,0.0
2018-03-30,18.33,-1.11,8.61,0.0,676.0,0.0
2018-03-31,21.67,2.78,12.23,0.0,661.0,0.0
2018-04-01,19.44,2.22,10.83,0.0,682.0,1.0
2018-04-02,21.67,1.67,11.67,0.0,670.0,0.0
2018-04-03,18.89,2.78,10.84,0.0,712.0,1.0
2018-04-04,20.0,-1.11,9.44,0.0,718.0,1.0
2018-04-05,20.0,2.22,11.11,0.0,760.0,1.0
2018-04-06,22.22,4.44,13.33,0.0,767.0,1.0
2018-04-07,25.56,-0.56,12.5,0.0,755.0,0.0
2018-04-08,22.78,5.0,13.89,0.0,904.0,1.0
2018-04-09,18.89,2.78,10.84,0.0,967.0,1.0
2018-04-10,20.56,3.33,11.94,0.0,602.0,0.0
2018-04-11,26.11,1.67,13.89,0.0,679.0,1.0
2018-04-12,25.0,5.56,15.28,0.0,888.0,1.0
2018-04-13,9.44,-2.22,3.61,0.0,883.0,0.0
2018-04-14,15.56,-5.56,5.0,0.0,848.0,0.0
2018-04-15,21.11,-3.89,8.61,0.0,784.0,0.0
2018-04-16,22.78,0.0,11.39,0.0,749.0,0.0
2018-04-17,23.33,3.89,13.61,0.0,807.0,1.0
2018-04-18,18.89,-1.67,8.61,0.0,828.0,1.0
2018-04-19,19.44,6.67,13.06,0.0,848.0,1.0
2018-04-20,16.11,2.22,9.16,0.0,876.0,1.0
2018-04-21,16.67,-3.89,6.39,0.0,927.0,1.0
2018-04-22,22.22,0.56,11.39,0.0,921.0,0.0
2018-04-23,26.11,4.44,15.28,0.0,888.0,0.0
2018-04-24,26.67,2.22,14.44,0.0,883.0,0.0
2018-04-25,20.0,3.33,11.66,0.0,894.0,1.0
2018-04-26,23.89,1.11,12.5,0.0,906.0,1.0
2018-04-27,22.22,3.89,13.06,0.0,894.0,0.0
2018-04-28,25.56,4.44,15.0,0.0,874.0,0.0
2018-04-29,26.11,7.22,16.66,0.0,885.0,1.0
2018-04-30,23.33,8.89,16.11,0.0,880.0,0.0
2018-05-01,21.67,7.22,14.44,0.0,886.0,1.0
2018-05-02,20.0,1.67,10.84,0.76,872.0,0.0
2018-05-03,17.22,-1.67,7.78,0.0,876.0,1.0
2018-05-04,20.56,2.78,11.67,0.0,881.0,1.0
2018-05-05,24.44,2.78,13.61,0.0,908.0,1.0
2018-05-06,27.22,5.0,16.11,0.0,918.0,1.0
2018-05-07,29.44,6.67,18.06,0.0,891.0,0.0
2018-05-08,31.11,10.0,20.56,0.0,937.0,1.0
2018-05-09,30.0,8.89,19.44,0.0,910.0,0.0
2018-05-10,31.11,7.78,19.44,0.0,917.0,1.0
2018-05-11,30.0,13.89,21.94,0.0,949.0,1.0
2018-05-12,28.89,9.44,19.16,0.0,952.0,1.0
2018-05-13,27.22,11.11,19.16,0.0,1090.0,1.0
2018-05-14,26.11,6.67,16.39,0.0,1070.0,0.0
2018-05-15,26.67,6.67,16.67,0.0,1050.0,0.0
2018-05-16,28.89,6.11,17.5,0.0,1000.0,0.0
2018-05-17,30.0,5.0,17.5,0.0,960.0,0.0
2018-05-18,26.11,6.11,16.11,0.0,956.0,0.0
2018-05-19,27.22,3.89,15.56,0.0,1010.0,1.0
2018-05-20,24.44,6.67,15.56,0.0,1040.0,1.0
2018-05-21,23.89,8.89,16.39,3.05,1070.0,1.0
2018-05-22,22.22,8.33,15.27,3.05,1160.0,1.0
2018-05-23,27.78,11.67,19.73,0.0,1090.0,0.0
2018-05-24,28.33,7.78,18.06,0.0,986.0,0.0
2018-05-25,31.11,6.11,18.61,0.0,951.0,0.0
2018-05-26,28.89,8.89,18.89,0.0,913.0,0.0
2018-05-27,30.0,12.22,21.11,0.0,932.0,1.0
2018-05-28,28.33,5.0,16.66,0.0,890.0,0.0
2018-05-29,28.89,8.33,18.61,0.0,881.0,0.0
2018-05-30,30.56,12.22,21.39,0.0,987.0,1.0
2018-05-31,31.67,8.33,20.0,0.0,1000.0,1.0
2018-06-01,30.56,8.89,19.73,0.0,1010.0,1.0
2018-06-02,30.56,11.11,20.84,0.0,1110.0,1.0
2018-06-03,25.56,10.56,18.06,4.06,1130.0,1.0
2018-06-04,30.0,7.22,18.61,0.0,1050.0,0.0
2018-06-05,32.78,11.11,21.94,0.0,971.0,0.0
2018-06-06,33.33,7.22,20.27,0.0,979.0,1.0
2018-06-07,32.78,12.22,22.5,0.0,980.0,1.0
2018-06-08,33.33,10.56,21.94,0.0,981.0,1.0
2018-06-09,32.78,17.22,25.0,0.0,1060.0,1.0
2018-06-10,33.33,16.67,25.0,0.0,1050.0,0.0
2018-06-11,33.33,12.22,22.78,0.0,1030.0,0.0
2018-06-12,36.11,15.0,25.56,0.0,1030.0,0.0
2018-06-13,32.78,18.89,25.84,0.0,1030.0,0.0
2018-06-14,35.0,14.44,24.72,0.0,1020.0,0.0
2018-06-15,32.78,13.33,23.06,0.0,1010.0,0.0
2018-06-16,23.33,15.0,19.16,2.29,1000.0,0.0
2018-06-17,26.11,13.33,19.72,0.0,1010.0,1.0
2018-06-18,30.0,11.11,20.56,0.0,983.0,0.0
2018-06-19,32.22,13.89,23.06,0.0,903.0,0.0
2018-06-20,33.89,9.44,21.66,0.0,877.0,0.0
2018-06-21,33.89,12.78,23.34,0.0,999.0,1.0
2018-06-22,35.56,13.33,24.44,0.0,983.0,0.0
2018-06-23,35.0,11.67,23.34,0.0,970.0,0.0
2018-06-24,34.44,12.22,23.33,0.0,979.0,1.0
2018-06-25,32.78,12.78,22.78,0.0,1090.0,1.0
2018-06-26,36.11,12.22,24.16,0.0,1150.0,1.0
2018-06-27,37.78,13.89,25.84,0.0,1150.0,0.0
2018-06-28,36.67,19.44,28.06,0.0,1150.0,0.0
2018-06-29,32.78,14.44,23.61,0.0,1100.0,0.0
2018-06-30,28.33,15.56,21.94,0.0,931.0,0.0
2018-07-01,33.33,11.11,22.22,0.0,911.0,0.0
2018-07-02,33.89,18.33,26.11,0.0,935.0,1.0
2018-07-03,33.33,15.56,24.44,0.0,1050.0,1.0
2018-07-04,34.44,15.0,24.72,0.0,1050.0,0.0
2018-07-05,31.67,15.56,23.62,11.18,1060.0,1.0
2018-07-06,28.33,15.56,21.94,0.0,1050.0,0.0
2018-07-07,30.56,14.44,22.5,0.0,832.0,0.0
2018-07-08,30.0,16.67,23.34,0.0,748.0,0.0
2018-07-09,31.11,13.89,22.5,0.0,784.0,1.0
2018-07-10,31.67,13.89,22.78,0.0,782.0,0.0
2018-07-11,31.67,13.89,22.78,0.0,881.0,1.0
2018-07-12,29.44,13.89,21.66,0.0,984.0,1.0
2018-07-13,28.33,13.33,20.83,0.0,936.0,0.0
2018-07-14,31.11,13.33,22.22,0.0,838.0,0.0
2018-07-15,32.22,13.89,23.06,1.27,802.0,0.0
2018-07-16,28.89,16.11,22.5,6.86,802.0,0.0
2018-07-17,30.56,15.0,22.78,0.0,835.0,1.0
2018-07-18,34.44,16.11,25.28,0.0,806.0,0.0
2018-07-19,35.56,16.11,25.84,0.0,773.0,0.0
2018-07-20,35.56,16.11,25.84,0.0,783.0,1.0
2018-07-21,36.67,19.44,28.06,0.0,910.0,1.0
2018-07-22,37.22,17.22,27.22,0.0,894.0,0.0
2018-07-23,35.0,15.56,25.28,14.73,1050.0,1.0
2018-07-24,32.22,16.11,24.16,1.52,1070.0,1.0
2018-07-25,32.78,15.0,23.89,0.0,921.0,0.0
2018-07-26,30.0,16.67,23.34,4.57,575.0,0.0
2018-07-27,28.89,14.44,21.66,3.81,513.0,0.0
2018-07-28,28.89,13.33,21.11,0.0,505.0,0.0
2018-07-29,32.22,15.56,23.89,0.0,670.0,1.0
2018-07-30,28.33,14.44,21.38,0.0,786.0,1.0
2018-07-31,27.78,16.11,21.94,2.79,877.0,1.0
2018-08-01,30.0,13.33,21.66,0.51,872.0,0.0
2018-08-02,31.67,14.44,23.06,0.51,843.0,0.0
2018-08-03,29.44,16.11,22.78,2.29,778.0,0.0
2018-08-04,32.78,13.89,23.34,0.0,608.0,0.0
2018-08-05,33.33,18.33,25.83,0.0,569.0,0.0
2018-08-06,33.89,17.22,25.56,0.0,646.0,1.0
2018-08-07,32.22,14.44,23.33,7.11,807.0,1.0
2018-08-08,31.67,16.67,24.17,0.0,788.0,0.0
2018-08-09,31.11,12.78,21.94,0.0,785.0,0.0
2018-08-10,27.78,12.22,20.0,0.0,1110.0,1.0
2018-08-11,27.22,12.22,19.72,0.0,920.0,0.0
2018-08-12,28.33,10.0,19.16,0.0,787.0,0.0
2018-08-13,31.67,11.67,21.67,1.02,586.0,0.0
2018-08-14,32.22,12.22,22.22,1.52,696.0,1.0
2018-08-15,31.67,15.56,23.62,0.76,828.0,1.0
2018-08-16,31.67,16.11,23.89,0.0,849.0,1.0
2018-08-17,31.67,15.0,23.34,2.29,855.0,1.0
2018-08-18,30.0,14.44,22.22,0.51,862.0,1.0
2018-08-19,31.67,11.67,21.67,0.0,888.0,1.0
2018-08-20,29.44,15.0,22.22,0.0,880.0,0.0
2018-08-21,31.67,14.44,23.06,5.59,957.0,1.0
2018-08-22,24.44,15.0,19.72,11.18,906.0,0.0
2018-08-23,26.67,12.78,19.73,0.0,814.0,0.0
2018-08-24,30.0,13.33,21.66,0.51,747.0,0.0
2018-08-25,28.89,13.89,21.39,1.02,719.0,0.0
2018-08-26,28.89,12.78,20.84,4.06,741.0,1.0
2018-08-27,28.89,12.22,20.56,0.0,767.0,1.0
2018-08-28,30.56,9.44,20.0,0.0,771.0,1.0
2018-08-29,31.11,9.44,20.27,0.0,752.0,0.0
2018-08-30,32.22,14.44,23.33,0.0,741.0,0.0
2018-08-31,32.78,11.67,22.22,5.84,682.0,0.0
2018-09-01,21.11,11.67,16.39,4.06,661.0,0.0
2018-09-02,26.11,9.44,17.77,0.0,715.0,1.0
2018-09-03,25.0,12.78,18.89,0.0,599.0,0.0
2018-09-04,27.22,11.67,19.44,0.0,565.0,0.0
2018-09-05,27.22,12.22,19.72,0.76,577.0,1.0
2018-09-06,25.0,12.22,18.61,6.6,556.0,0.0
2018-09-07,25.56,11.11,18.34,1.02,493.0,0.0
2018-09-08,26.67,8.89,17.78,0.0,456.0,0.0
2018-09-09,29.44,10.56,20.0,2.54,497.0,1.0
2018-09-10,30.56,7.78,19.17,0.0,580.0,1.0
2018-09-11,31.11,11.67,21.39,0.0,567.0,0.0
2018-09-12,30.0,10.56,20.28,0.0,552.0,0.0
2018-09-13,30.56,8.89,19.73,0.0,541.0,0.0
2018-09-14,31.11,10.56,20.84,0.0,536.0,0.0
2018-09-15,31.11,10.56,20.84,0.0,564.0,1.0
2018-09-16,31.67,13.89,22.78,0.0,579.0,1.0
2018-09-17,32.22,11.11,21.66,0.0,578.0,0.0
2018-09-18,32.22,12.22,22.22,0.0,583.0,1.0
2018-09-19,30.0,13.89,21.94,5.08,603.0,1.0
2018-09-20,23.33,10.0,16.66,1.78,659.0,1.0
2018-09-21,25.56,10.0,17.78,0.0,555.0,0.0
2018-09-22,26.11,7.78,16.94,0.0,589.0,1.0
2018-09-23,27.78,7.78,17.78,0.0,587.0,0.0
2018-09-24,28.33,7.78,18.06,0.0,561.0,0.0
2018-09-25,27.78,12.22,20.0,0.0,556.0,0.0
2018-09-26,20.56,8.33,14.44,0.0,529.0,0.0
2018-09-27,28.89,7.22,18.06,0.0,534.0,1.0
2018-09-28,28.89,3.89,16.39,0.0,532.0,0.0
2018-09-29,27.78,6.11,16.94,0.0,542.0,1.0
2018-09-30,28.33,8.33,18.33,0.0,538.0,0.0
2018-10-01,27.78,11.67,19.73,0.0,548.0,1.0
2018-10-02,26.67,12.22,19.44,6.6,566.0,1.0
2018-10-03,25.56,12.22,18.89,0.0,600.0,1.0
2018-10-04,25.0,10.56,17.78,0.0,550.0,0.0
2018-10-05,22.78,3.89,13.34,0.0,539.0,0.0
2018-10-06,21.67,4.44,13.06,0.0,556.0,1.0
2018-10-07,21.67,6.11,13.89,0.0,569.0,1.0
2018-10-08,16.11,2.78,9.44,0.0,588.0,1.0
2018-10-09,13.33,2.78,8.06,5.33,605.0,1.0
2018-10-10,17.78,1.67,9.73,0.0,556.0,0.0
2018-10-11,18.89,3.89,11.39,0.0,524.0,0.0
2018-10-12,18.33,5.0,11.66,0.0,507.0,0.0
2018-10-13,21.11,5.0,13.06,0.0,500.0,0.0
2018-10-14,12.22,-1.11,5.56,16.0,530.0,1.0
2018-10-15,5.0,-2.78,1.11,0.0,579.0,1.0
2018-10-16,12.78,0.56,6.67,0.25,481.0,0.0
2018-10-17,13.33,3.89,8.61,0.25,460.0,0.0
2018-10-18,9.44,1.67,5.56,0.0,467.0,1.0
2018-10-19,18.33,0.56,9.44,0.0,472.0,1.0
2018-10-20,18.33,3.33,10.83,0.0,463.0,0.0
2018-10-21,18.33,2.22,10.27,0.0,458.0,0.0
2018-10-22,20.56,6.67,13.61,0.0,452.0,0.0
2018-10-23,13.89,7.22,10.56,19.81,454.0,1.0
2018-10-24,10.56,3.89,7.22,16.51,504.0,1.0
2018-10-25,14.44,2.78,8.61,0.0,463.0,0.0
2018-10-26,17.22,1.11,9.16,0.0,385.0,0.0
2018-10-27,18.33,3.33,10.83,0.0,385.0,0.0
2018-10-28,20.56,3.33,11.94,0.0,389.0,1.0
2018-10-29,21.11,2.22,11.66,0.0,384.0,0.0
2018-10-30,17.78,3.33,10.56,3.81,378.0,0.0
2018-10-31,6.11,-0.56,2.78,8.13,501.0,1.0
2018-11-01,10.56,-1.67,4.44,0.0,479.0,0.0
2018-11-02,13.89,-2.22,5.84,0.0,436.0,0.0
2018-11-03,13.33,1.11,7.22,0.0,412.0,0.0
2018-11-04,12.22,-0.56,5.83,0.0,406.0,0.0
2018-11-05,15.56,1.11,8.34,0.0,412.0,1.0
2018-11-06,17.22,-1.11,8.06,0.0,418.0,1.0
2018-11-07,15.56,-1.67,6.94,0.0,441.0,1.0
2018-11-08,15.0,-2.22,6.39,0.0,471.0,1.0
2018-11-09,10.0,-6.11,1.94,0.0,476.0,1.0
2018-11-10,10.56,-3.33,3.62,0.0,415.0,0.0
2018-11-11,7.78,-3.89,1.94,3.05,385.0,0.0
2018-11-12,-0.56,-7.78,-4.17,0.51,411.0,1.0
2018-11-13,3.33,-10.0,-3.34,0.0,379.0,0.0
2018-11-14,9.44,-6.67,1.38,0.0,355.0,0.0
2018-11-15,12.78,-3.89,4.44,0.0,354.0,0.0
2018-11-16,12.78,-2.78,5.0,0.0,355.0,1.0
2018-11-17,12.78,-2.22,5.28,0.0,364.0,1.0
2018-11-18,10.56,-3.33,3.62,0.0,364.0,0.0
2018-11-19,10.56,-2.78,3.89,0.0,363.0,0.0
2018-11-20,11.67,-5.56,3.06,0.0,360.0,0.0
2018-11-21,13.89,-4.44,4.72,0.0,357.0,0.0
2018-11-22,7.22,-2.78,2.22,0.0,346.0,0.0
2018-11-23,10.56,-4.44,3.06,0.0,354.0,1.0
2018-11-24,13.33,-4.44,4.44,0.0,355.0,1.0
2018-11-25,6.67,-6.11,0.28,0.0,348.0,0.0
2018-11-26,8.33,-8.33,0.0,0.0,340.0,0.0
2018-11-27,10.56,-6.11,2.22,0.0,348.0,1.0
2018-11-28,13.89,-5.0,4.44,0.0,373.0,1.0
2018-11-29,12.22,-3.33,4.44,0.0,381.0,1.0
2018-11-30,6.67,-2.78,1.94,0.0,392.0,1.0
2018-12-01,5.56,-2.22,1.67,0.0,393.0,1.0
2018-12-02,3.89,-7.22,-1.66,1.27,477.0,1.0
2018-12-03,2.22,-11.11,-4.44,0.0,501.0,1.0
2018-12-04,3.33,-8.89,-2.78,0.0,469.0,0.0
2018-12-05,7.22,-8.33,-0.56,0.0,451.0,0.0
2018-12-06,8.33,-5.56,1.39,0.25,460.0,1.0
2018-12-07,7.22,-1.67,2.78,0.0,517.0,1.0
2018-12-08,8.33,-2.22,3.06,0.0,543.0,1.0
2018-12-09,7.22,-6.11,0.55,0.0,551.0,1.0
2018-12-10,7.22,-7.22,0.0,0.0,527.0,0.0
2018-12-11,7.78,-5.0,1.39,0.0,516.0,0.0
2018-12-12,10.56,-6.11,2.22,0.0,534.0,1.0
2018-12-13,5.0,-6.11,-0.56,0.0,560.0,1.0
2018-12-14,7.78,-8.89,-0.56,0.0,559.0,0.0
2018-12-15,9.44,-7.22,1.11,0.0,543.0,0.0
2018-12-16,13.33,-5.0,4.16,0.0,546.0,1.0
2018-12-17,8.89,-2.78,3.06,0.0,557.0,1.0
2018-12-18,11.11,-2.22,4.44,0.0,530.0,0.0
2018-12-19,11.67,-2.22,4.72,0.0,554.0,1.0
2018-12-20,9.44,-5.0,2.22,0.0,547.0,0.0
2018-12-21,12.22,-5.56,3.33,0.0,522.0,0.0
2018-12-22,12.78,-6.11,3.33,0.0,524.0,1.0
2018-12-23,8.33,-7.78,0.27,0.0,524.0,0.0
2018-12-24,12.22,-5.56,3.33,0.0,520.0,0.0
2018-12-25,11.67,-3.33,4.17,0.0,513.0,0.0
2018-12-26,3.89,-3.33,0.28,10.16,524.0,1.0
2018-12-27,1.67,-5.0,-1.66,0.0,538.0,1.0
2018-12-28,-4.44,-17.22,-10.83,0.0,549.0,1.0
2018-12-29,-5.56,-21.67,-13.62,0.25,520.0,0.0
2018-12-30,-6.67,-17.22,-11.94,0.0,486.0,0.0
2018-12-31,-8.33,-16.67,-12.5,0.0,446.0,0.0
2019-01-01,,,,,571.0,1.0
2019-01-02,,,,,513.0,0.0
2019-01-03,,,,,419.0,0.0
2019-01-04,,,,,405.0,0.0
2019-01-05,,,,,453.0,1.0
2019-01-06,,,,,487.0,1.0
2019-01-07,,,,,474.0,0.0
2019-01-08,,,,,477.0,1.0
2019-01-09,,,,,512.0,1.0
2019-01-10,,,,,585.0,1.0
2019-01-11,,,,,604.0,1.0
2019-01-12,,,,,589.0,0.0
2019-01-13,,,,,585.0,0.0
2019-01-14,,,,,586.0,1.0
2019-01-15,,,,,582.0,0.0
2019-01-16,,,,,576.0,0.0
2019-01-17,,,,,586.0,1.0
2019-01-18,,,,,596.0,1.0
2019-01-19,,,,,587.0,0.0
2019-01-20,,,,,571.0,0.0
2019-01-21,,,,,579.0,1.0
2019-01-22,,,,,587.0,1.0
2019-01-23,,,,,576.0,0.0
2019-01-24,,,,,599.0,1.0
2019-01-25,,,,,608.0,1.0
2019-01-26,,,,,600.0,0.0
2019-01-27,,,,,609.0,1.0
2019-01-28,,,,,617.0,1.0
2019-01-29,,,,,619.0,1.0
2019-01-30,,,,,613.0,0.0
2019-01-31,,,,,611.0,0.0
2019-02-01,,,,,610.0,0.0
2019-02-02,,,,,572.0,0.0
2019-02-03,,,,,558.0,0.0
2019-02-04,,,,,573.0,1.0
2019-02-05,,,,,594.0,1.0
2019-02-06,,,,,619.0,1.0
2019-02-07,,,,,596.0,0.0
2019-02-08,,,,,589.0,0.0
2019-02-09,,,,,602.0,1.0
2019-02-10,,,,,615.0,1.0
2019-02-11,,,,,622.0,1.0
2019-02-12,,,,,606.0,0.0
2019-02-13,,,,,604.0,0.0
2019-02-14,,,,,608.0,1.0
2019-02-15,,,,,726.0,1.0
2019-02-16,,,,,876.0,1.0
2019-02-17,,,,,695.0,0.0
2019-02-18,,,,,667.0,0.0
2019-02-19,,,,,658.0,0.0
2019-02-20,,,,,720.0,1.0
2019-02-21,,,,,755.0,1.0
2019-02-22,,,,,781.0,1.0
2019-02-23,,,,,805.0,1.0
2019-02-24,,,,,759.0,0.0
2019-02-25,,,,,769.0,1.0
2019-02-26,,,,,683.0,0.0
2019-02-27,,,,,668.0,0.0
2019-02-28,,,,,770.0,1.0
2019-03-01,,,,,818.0,1.0
2019-03-02,,,,,824.0,1.0
2019-03-03,,,,,846.0,1.0
2019-03-04,,,,,852.0,1.0
2019-03-05,,,,,921.0,1.0
2019-03-06,,,,,1040.0,1.0
2019-03-07,,,,,1070.0,1.0
2019-03-08,,,,,1120.0,1.0
2019-03-09,,,,,1150.0,1.0
2019-03-10,,,,,1170.0,1.0
2019-03-11,,,,,1180.0,1.0
2019-03-12,,,,,1240.0,1.0
2019-03-13,,,,,1550.0,1.0
2019-03-14,,,,,1370.0,0.0
2019-03-15,,,,,1200.0,0.0
2019-03-16,,,,,1160.0,0.0
2019-03-17,,,,,1130.0,0.0
2019-03-18,,,,,1140.0,1.0
2019-03-19,,,,,1400.0,1.0
2019-03-20,,,,,1380.0,0.0
2019-03-21,,,,,1410.0,1.0
2019-03-22,,,,,1470.0,1.0
2019-03-23,,,,,1460.0,0.0
2019-03-24,,,,,1440.0,0.0
2019-03-25,,,,,1440.0,0.0
2019-03-26,,,,,1480.0,1.0
2019-03-27,,,,,1650.0,1.0
2019-03-28,,,,,1810.0,1.0
2019-03-29,,,,,2060.0,1.0
2019-03-30,,,,,2050.0,0.0
2019-03-31,,,,,2010.0,0.0
2019-04-01,,,,,1980.0,0.0
2019-04-02,,,,,1990.0,1.0
2019-04-03,,,,,2070.0,1.0
2019-04-04,,,,,1970.0,0.0
2019-04-05,,,,,1940.0,0.0
2019-04-06,,,,,1910.0,0.0
2019-04-07,,,,,1930.0,1.0
2019-04-08,,,,,2040.0,1.0
2019-04-09,,,,,2180.0,1.0
2019-04-10,,,,,2410.0,1.0
2019-04-11,,,,,2380.0,0.0
2019-04-12,,,,,2250.0,0.0
2019-04-13,,,,,2140.0,0.0
2019-04-14,,,,,1980.0,0.0
2019-04-15,,,,,1690.0,0.0
2019-04-16,,,,,1490.0,0.0
2019-04-17,,,,,1750.0,1.0
2019-04-18,,,,,1920.0,1.0
2019-04-19,,,,,2020.0,1.0
2019-04-20,,,,,2600.0,1.0
2019-04-21,,,,,2810.0,1.0
2019-04-22,,,,,3020.0,1.0
2019-04-23,,,,,3370.0,1.0
2019-04-24,,,,,3360.0,0.0
2019-04-25,,,,,3390.0,1.0
2019-04-26,,,,,3590.0,1.0
2019-04-27,,,,,4060.0,1.0
2019-04-28,,,,,4370.0,1.0
2019-04-29,,,,,4810.0,1.0
2019-04-30,,,,,5170.0,1.0
2019-05-01,,,,,5270.0,1.0
2019-05-02,,,,,4840.0,0.0
2019-05-03,,,,,4940.0,1.0
2019-05-04,,,,,4810.0,0.0
2019-05-05,,,,,4490.0,0.0
2019-05-06,,,,,4390.0,0.0
2019-05-07,,,,,4470.0,1.0
2019-05-08,,,,,4490.0,1.0
2019-05-09,,,,,4750.0,1.0
2019-05-10,,,,,5090.0,1.0
2019-05-11,,,,,5190.0,1.0
2019-05-12,,,,,5400.0,1.0
2019-05-13,,,,,5090.0,0.0
2019-05-14,,,,,4780.0,0.0
2019-05-15,,,,,4670.0,0.0
2019-05-16,,,,,4750.0,1.0
2019-05-17,,,,,5070.0,1.0
2019-05-18,,,,,5310.0,1.0
2019-05-19,,,,,5490.0,1.0
2019-05-20,,,,,5670.0,1.0
2019-05-21,,,,,5520.0,0.0
2019-05-22,,,,,4980.0,0.0
2019-05-23,,,,,4490.0,0.0
2019-05-24,,,,,4160.0,0.0
2019-05-25,,,,,3970.0,0.0
2019-05-26,,,,,3840.0,0.0
2019-05-27,,,,,3850.0,1.0
2019-05-28,,,,,3840.0,0.0
2019-05-29,,,,,3890.0,1.0
2019-05-30,,,,,3910.0,1.0
2019-05-31,,,,,3900.0,0.0
2019-06-01,,,,,3830.0,0.0
2019-06-02,,,,,3890.0,1.0
2019-06-03,,,,,4040.0,1.0
2019-06-04,,,,,4370.0,1.0
2019-06-05,,,,,4780.0,1.0
2019-06-06,,,,,5150.0,1.0
2019-06-07,,,,,5340.0,1.0
2019-06-08,,,,,5600.0,1.0
2019-06-09,,,,,5680.0,1.0
2019-06-10,,,,,5500.0,0.0
2019-06-11,,,,,5540.0,1.0
2019-06-12,,,,,5800.0,1.0
2019-06-13,,,,,6140.0,1.0
2019-06-14,,,,,6220.0,1.0
2019-06-15,,,,,6120.0,0.0
2019-06-16,,,,,6280.0,1.0
2019-06-17,,,,,6390.0,1.0
2019-06-18,,,,,6540.0,1.0
2019-06-19,,,,,6170.0,0.0
2019-06-20,,,,,5690.0,0.0
2019-06-21,,,,,5530.0,0.0
2019-06-22,,,,,5510.0,0.0
2019-06-23,,,,,5630.0,1.0
2019-06-24,,,,,5550.0,0.0
2019-06-25,,,,,5440.0,0.0
2019-06-26,,,,,5230.0,0.0
2019-06-27,,,,,4900.0,0.0
2019-06-28,,,,,4740.0,0.0
2019-06-29,,,,,4630.0,0.0
2019-06-30,,,,,4630.0,0.0
2019-07-01,,,,,4790.0,1.0
2019-07-02,,,,,4950.0,1.0
2019-07-03,,,,,4820.0,0.0
2019-07-04,,,,,4400.0,0.0
2019-07-05,,,,,4430.0,1.0
2019-07-06,,,,,4440.0,1.0
2019-07-07,,,,,4500.0,1.0
2019-07-08,,,,,4290.0,0.0
2019-07-09,,,,,3980.0,0.0
2019-07-10,,,,,3320.0,0.0
2019-07-11,,,,,3070.0,0.0
2019-07-12,,,,,2970.0,0.0
2019-07-13,,,,,2820.0,0.0
2019-07-14,,,,,2630.0,0.0
2019-07-15,,,,,2520.0,0.0
2019-07-16,,,,,2420.0,0.0
2019-07-17,,,,,2320.0,0.0
2019-07-18,,,,,2150.0,0.0
2019-07-19,,,,,2040.0,0.0
2019-07-20,,,,,1970.0,0.0
2019-07-21,,,,,1900.0,0.0
2019-07-22,,,,,1820.0,0.0
2019-07-23,,,,,1850.0,1.0
2019-07-24,,,,,1640.0,0.0
2019-07-25,,,,,1670.0,1.0
2019-07-26,,,,,1850.0,1.0
2019-07-27,,,,,1710.0,0.0
2019-07-28,,,,,1700.0,0.0
2019-07-29,,,,,1770.0,1.0
2019-07-30,,,,,1740.0,0.0
2019-07-31,,,,,1540.0,0.0
2019-08-01,,,,,1360.0,0.0
2019-08-02,,,,,1240.0,0.0
2019-08-03,,,,,1170.0,0.0
2019-08-04,,,,,1180.0,1.0
2019-08-05,,,,,1210.0,1.0
2019-08-06,,,,,1280.0,1.0
2019-08-07,,,,,1350.0,1.0
2019-08-08,,,,,1330.0,0.0
2019-08-09,,,,,1400.0,1.0
2019-08-10,,,,,1650.0,1.0
2019-08-11,,,,,1720.0,1.0
2019-08-12,,,,,1780.0,1.0
2019-08-13,,,,,1760.0,0.0
2019-08-14,,,,,1750.0,0.0
2019-08-15,,,,,1740.0,0.0
2019-08-16,,,,,1640.0,0.0
2019-08-17,,,,,1440.0,0.0
2019-08-18,,,,,1310.0,0.0
2019-08-19,,,,,1190.0,0.0
2019-08-20,,,,,1060.0,0.0
2019-08-21,,,,,1010.0,0.0
2019-08-22,,,,,940.0,0.0
2019-08-23,,,,,869.0,0.0
2019-08-24,,,,,910.0,1.0
2019-08-25,,,,,981.0,1.0
2019-08-26,,,,,1040.0,1.0
2019-08-27,,,,,1050.0,1.0
2019-08-28,,,,,1040.0,0.0
2019-08-29,,,,,987.0,0.0
2019-08-30,,,,,1000.0,1.0
2019-08-31,,,,,1010.0,1.0
2019-09-01,,,,,967.0,0.0
2019-09-02,,,,,1010.0,1.0
2019-09-03,,,,,953.0,0.0
2019-09-04,,,,,942.0,0.0
2019-09-05,,,,,968.0,1.0
2019-09-06,,,,,956.0,0.0
2019-09-07,,,,,1000.0,1.0
2019-09-08,,,,,1010.0,1.0
2019-09-09,,,,,1030.0,1.0
2019-09-10,,,,,994.0,0.0
2019-09-11,,,,,998.0,1.0
2019-09-12,,,,,923.0,0.0
2019-09-13,,,,,916.0,0.0
2019-09-14,,,,,841.0,0.0
2019-09-15,,,,,849.0,1.0
2019-09-16,,,,,900.0,1.0
2019-09-17,,,,,780.0,0.0
2019-09-18,,,,,703.0,0.0
2019-09-19,,,,,707.0,1.0
2019-09-20,,,,,687.0,0.0
2019-09-21,,,,,696.0,1.0
2019-09-22,,,,,670.0,0.0
2019-09-23,,,,,642.0,0.0
2019-09-24,,,,,762.0,1.0
2019-09-25,,,,,750.0,0.0
2019-09-26,,,,,780.0,1.0
2019-09-27,,,,,757.0,0.0
2019-09-28,,,,,753.0,0.0
2019-09-29,,,,,729.0,0.0
2019-09-30,,,,,715.0,0.0
2019-10-01,,,,,704.0,0.0
2019-10-02,,,,,726.0,1.0
2019-10-03,,,,,769.0,1.0
2019-10-04,,,,,927.0,1.0
2019-10-05,,,,,920.0,0.0
2019-10-06,,,,,799.0,0.0
2019-10-07,,,,,645.0,0.0
2019-10-08,,,,,908.0,1.0
2019-10-09,,,,,943.0,1.0
2019-10-10,,,,,948.0,1.0
2019-10-11,,,,,1010.0,1.0
2019-10-12,,,,,1090.0,1.0
2019-10-13,,,,,1080.0,0.0
2019-10-14,,,,,1070.0,0.0
2019-10-15,,,,,1070.0,0.0
2019-10-16,,,,,973.0,0.0
2019-10-17,,,,,968.0,0.0
2019-10-18,,,,,1010.0,1.0
2019-10-19,,,,,1040.0,1.0
2019-10-20,,,,,1050.0,1.0
2019-10-21,,,,,1070.0,1.0
2019-10-22,,,,,996.0,0.0
2019-10-23,,,,,959.0,0.0
2019-10-24,,,,,941.0,0.0
2019-10-25,,,,,948.0,1.0
2019-10-26,,,,,960.0,1.0
2019-10-27,,,,,1030.0,1.0
2019-10-28,,,,,1050.0,1.0
2019-10-29,,,,,1020.0,0.0
2019-10-30,,,,,1020.0,0.0
2019-10-31,,,,,1000.0,0.0
2019-11-01,,,,,982.0,0.0
2019-11-02,,,,,987.0,1.0
2019-11-03,,,,,1040.0,1.0
2019-11-04,,,,,1040.0,0.0
2019-11-05,,,,,1040.0,0.0
2019-11-06,,,,,1050.0,1.0
2019-11-07,,,,,1070.0,1.0
2019-11-08,,,,,1070.0,0.0
2019-11-09,,,,,1090.0,1.0
2019-11-10,,,,,1290.0,1.0
2019-11-11,,,,,1290.0,0.0
2019-11-12,,,,,1290.0,0.0
2019-11-13,,,,,1300.0,1.0
2019-11-14,,,,,1300.0,0.0
2019-11-15,,,,,1320.0,1.0
2019-11-16,,,,,1530.0,1.0
2019-11-17,,,,,1540.0,1.0
2019-11-18,,,,,1540.0,0.0
2019-11-19,,,,,1540.0,0.0
2019-11-20,,,,,1600.0,1.0
2019-11-21,,,,,1860.0,1.0
2019-11-22,,,,,1870.0,1.0
2019-11-23,,,,,1870.0,0.0
2019-11-24,,,,,1900.0,1.0
2019-11-25,,,,,1900.0,0.0
2019-11-26,,,,,1920.0,1.0
2019-11-27,,,,,1850.0,0.0
2019-11-28,,,,,1630.0,0.0
2019-11-29,,,,,1660.0,1.0
2019-11-30,,,,,1520.0,0.0
2019-12-01,,,,,1370.0,0.0
2019-12-02,,,,,1160.0,0.0
2019-12-03,,,,,1110.0,0.0
2019-12-04,,,,,1010.0,0.0
2019-12-05,,,,,1060.0,1.0
2019-12-06,,,,,1360.0,1.0
2019-12-07,,,,,1260.0,0.0
2019-12-08,,,,,1210.0,0.0
2019-12-09,,,,,1190.0,0.0
2019-12-10,,,,,955.0,0.0
2019-12-11,,,,,793.0,0.0
2019-12-12,,,,,740.0,0.0
2019-12-13,,,,,690.0,0.0
2019-12-14,,,,,861.0,1.0
2019-12-15,,,,,932.0,1.0
2019-12-16,,,,,996.0,1.0
2019-12-17,,,,,930.0,0.0
2019-12-18,,,,,808.0,0.0
2019-12-19,,,,,555.0,0.0
2019-12-20,,,,,476.0,0.0
2019-12-21,,,,,551.0,1.0
2019-12-22,,,,,600.0,1.0
2019-12-23,,,,,574.0,0.0
2019-12-24,,,,,582.0,1.0
2019-12-25,,,,,613.0,1.0
2019-12-26,,,,,641.0,1.0
2019-12-27,,,,,653.0,1.0
2019-12-28,,,,,659.0,1.0
2019-12-29,,,,,666.0,1.0
2019-12-30,,,,,641.0,0.0
2019-12-31,,,,,616.0,0.0
2020-01-01,4.44,-10.0,-2.78,0.0,637.0,1.0
2020-01-02,-1.67,-9.44,-5.56,0.0,689.0,1.0
2020-01-03,4.44,-12.22,-3.89,0.0,648.0,0.0
2020-01-04,7.22,-8.33,-0.56,0.0,670.0,1.0
2020-01-05,11.67,-6.11,2.78,0.0,668.0,0.0
2020-01-06,6.67,-6.67,0.0,0.0,685.0,1.0
2020-01-07,7.78,-7.22,0.28,0.0,686.0,1.0
2020-01-08,7.22,-6.67,0.27,0.0,674.0,0.0
2020-01-09,5.56,-7.78,-1.11,0.0,662.0,0.0
2020-01-10,3.89,-7.78,-1.94,0.0,677.0,1.0
2020-01-11,4.44,-11.11,-3.33,0.0,652.0,0.0
2020-01-12,5.56,-7.78,-1.11,0.0,641.0,0.0
2020-01-13,10.0,-7.78,1.11,0.0,646.0,1.0
2020-01-14,11.67,-6.11,2.78,0.0,643.0,0.0
2020-01-15,12.78,-6.11,3.33,0.0,643.0,0.0
2020-01-16,0.56,-3.33,-1.38,13.72,658.0,1.0
2020-01-17,3.33,-5.0,-0.84,1.78,678.0,1.0
2020-01-18,3.89,-10.0,-3.06,0.0,668.0,0.0
2020-01-19,5.56,-7.78,-1.11,0.0,658.0,0.0
2020-01-20,5.0,-8.33,-1.66,0.0,665.0,1.0
2020-01-21,3.33,-1.11,1.11,1.27,677.0,1.0
2020-01-22,7.22,-2.22,2.5,0.0,681.0,1.0
2020-01-23,7.22,-4.44,1.39,0.0,679.0,0.0
2020-01-24,7.78,-4.44,1.67,0.0,670.0,0.0
2020-01-25,10.0,-2.22,3.89,0.0,675.0,1.0
2020-01-26,10.0,-1.67,4.16,0.0,681.0,1.0
2020-01-27,8.33,-2.78,2.78,0.0,685.0,1.0
2020-01-28,6.67,-4.44,1.11,0.0,687.0,1.0
2020-01-29,7.22,-6.67,0.27,0.0,678.0,0.0
2020-01-30,7.78,-5.56,1.11,0.0,677.0,0.0
2020-01-31,7.22,-4.44,1.39,0.0,689.0,1.0
2020-02-01,13.33,-3.89,4.72,0.0,673.0,0.0
2020-02-02,13.33,-2.22,5.56,0.0,677.0,1.0
2020-02-03,13.33,-3.33,5.0,0.0,685.0,1.0
2020-02-04,2.78,-14.44,-5.83,3.56,698.0,1.0
2020-02-05,-2.22,-20.0,-11.11,0.0,662.0,0.0
2020-02-06,4.44,-12.78,-4.17,0.0,639.0,0.0
2020-02-07,13.33,-2.22,5.56,0.0,651.0,1.0
2020-02-08,14.44,-2.78,5.83,0.0,694.0,1.0
2020-02-09,12.78,-3.89,4.44,0.0,727.0,1.0
2020-02-10,10.0,-0.56,4.72,1.27,725.0,0.0
2020-02-11,0.0,-5.56,-2.78,4.32,760.0,1.0
2020-02-12,2.78,-7.78,-2.5,0.0,726.0,0.0
2020-02-13,6.67,-7.78,-0.56,0.0,712.0,0.0
2020-02-14,9.44,-5.0,2.22,0.0,738.0,1.0
2020-02-15,12.22,-4.44,3.89,0.0,768.0,1.0
2020-02-16,14.44,-2.78,5.83,0.0,802.0,1.0
2020-02-17,15.0,-0.56,7.22,0.0,817.0,1.0
2020-02-18,10.0,-3.33,3.34,0.0,838.0,1.0
2020-02-19,10.0,-1.67,4.16,0.0,825.0,0.0
2020-02-20,3.89,-3.33,0.28,0.0,838.0,1.0
2020-02-21,7.22,-3.33,1.94,0.0,837.0,0.0
2020-02-22,8.89,-0.56,4.16,0.51,827.0,0.0
2020-02-23,8.33,-2.22,3.06,6.86,868.0,1.0
2020-02-24,11.11,-2.78,4.16,0.0,874.0,1.0
2020-02-25,3.89,-7.78,-1.94,0.0,853.0,0.0
2020-02-26,5.56,-12.22,-3.33,0.0,766.0,0.0
2020-02-27,12.22,-5.0,3.61,0.0,675.0,0.0
2020-02-28,15.0,-5.0,5.0,0.0,719.0,1.0
2020-02-29,15.56,-5.0,5.28,0.0,817.0,1.0
2020-03-01,14.44,-2.78,5.83,0.0,799.0,0.0
2020-03-02,13.33,-3.33,5.0,0.0,809.0,1.0
2020-03-03,12.78,-3.33,4.72,0.0,793.0,0.0
2020-03-04,16.11,-5.0,5.56,0.0,793.0,0.0
2020-03-05,16.67,-2.78,6.95,0.0,796.0,1.0
2020-03-06,16.11,2.22,9.16,0.0,786.0,0.0
2020-03-07,18.33,-3.89,7.22,0.0,785.0,0.0
2020-03-08,14.44,2.78,8.61,0.0,785.0,0.0
2020-03-09,16.11,-2.22,6.94,0.0,794.0,1.0
2020-03-10,16.67,-1.11,7.78,0.0,801.0,1.0
2020-03-11,18.33,5.56,11.94,1.52,808.0,1.0
2020-03-12,15.56,4.44,10.0,0.0,839.0,1.0
2020-03-13,11.11,2.78,6.94,20.07,905.0,1.0
2020-03-14,12.78,-0.56,6.11,0.0,971.0,1.0
2020-03-15,16.11,0.56,8.33,0.0,936.0,0.0
2020-03-16,17.22,-1.11,8.06,0.0,939.0,1.0
2020-03-17,17.22,2.78,10.0,0.0,941.0,1.0
2020-03-18,13.89,-2.22,5.84,1.27,937.0,0.0
2020-03-19,9.44,-1.67,3.88,0.25,945.0,1.0
2020-03-20,9.44,-1.67,3.88,3.05,978.0,1.0
2020-03-21,13.89,-0.56,6.66,0.0,1030.0,1.0
2020-03-22,13.89,-2.22,5.84,0.0,1030.0,0.0
2020-03-23,18.33,3.33,10.83,0.0,950.0,0.0
2020-03-24,16.67,-0.56,8.06,0.0,881.0,0.0
2020-03-25,17.78,2.22,10.0,0.0,863.0,0.0
2020-03-26,16.67,8.33,12.5,0.0,851.0,0.0
2020-03-27,13.33,-1.11,6.11,0.0,859.0,1.0
2020-03-28,11.67,-4.44,3.62,0.0,838.0,0.0
2020-03-29,15.56,-1.67,6.94,0.0,813.0,0.0
2020-03-30,15.56,0.56,8.06,0.0,797.0,0.0
2020-03-31,19.44,-1.11,9.17,0.0,771.0,0.0
2020-04-01,21.11,5.0,13.06,0.0,739.0,0.0
2020-04-02,21.67,1.67,11.67,0.0,771.0,1.0
2020-04-03,17.78,1.11,9.44,0.0,796.0,1.0
2020-04-04,17.78,1.11,9.44,0.0,783.0,0.0
2020-04-05,20.0,1.11,10.56,0.0,729.0,0.0
2020-04-06,20.56,0.0,10.28,0.0,783.0,1.0
2020-04-07,21.67,1.67,11.67,0.0,821.0,1.0
2020-04-08,22.22,1.67,11.94,0.0,805.0,0.0
2020-04-09,22.22,5.56,13.89,0.0,845.0,1.0
2020-04-10,20.0,2.78,11.39,0.0,861.0,1.0
2020-04-11,20.0,-2.22,8.89,0.0,897.0,1.0
2020-04-12,17.22,0.0,8.61,0.0,906.0,1.0
2020-04-13,,,,3.3,957.0,1.0
2020-04-14,9.44,-3.89,2.77,0.0,873.0,0.0
2020-04-15,15.56,-6.67,4.44,0.0,775.0,0.0
2020-04-16,20.56,-1.67,9.44,0.0,731.0,0.0
2020-04-17,19.44,-1.11,9.17,0.0,689.0,0.0
2020-04-18,18.89,1.67,10.28,0.0,660.0,0.0
2020-04-19,20.0,1.67,10.84,0.0,741.0,1.0
2020-04-20,21.11,2.78,11.94,0.0,721.0,0.0
2020-04-21,20.56,6.11,13.34,0.0,776.0,1.0
2020-04-22,20.0,1.67,10.84,0.0,835.0,1.0
2020-04-23,23.33,-1.11,11.11,0.0,899.0,1.0
2020-04-24,23.33,5.56,14.44,0.0,922.0,1.0
2020-04-25,23.33,4.44,13.88,0.0,957.0,1.0
2020-04-26,25.56,1.67,13.61,0.0,932.0,0.0
2020-04-27,27.22,8.89,18.06,0.0,943.0,1.0
2020-04-28,28.89,6.67,17.78,0.0,922.0,0.0
2020-04-29,23.89,8.33,16.11,0.0,980.0,1.0
2020-04-30,30.0,5.56,17.78,0.0,1060.0,1.0
2020-05-01,29.44,6.67,18.06,0.0,949.0,0.0
2020-05-02,28.33,5.56,16.94,0.0,944.0,0.0
2020-05-03,28.33,6.11,17.22,0.0,1070.0,1.0
2020-05-04,28.33,7.22,17.77,0.0,1110.0,1.0
2020-05-05,23.89,8.33,16.11,0.0,1080.0,0.0
2020-05-06,27.22,2.22,14.72,0.0,997.0,0.0
2020-05-07,29.44,9.44,19.44,0.0,932.0,0.0
2020-05-08,18.89,6.11,12.5,0.0,898.0,0.0
2020-05-09,26.67,2.22,14.44,0.0,945.0,1.0
2020-05-10,23.89,8.33,16.11,0.0,874.0,0.0
2020-05-11,21.11,8.89,15.0,3.81,894.0,1.0
2020-05-12,26.11,4.44,15.28,0.0,1100.0,1.0
2020-05-13,26.67,5.0,15.84,0.0,1030.0,0.0
2020-05-14,25.56,7.22,16.39,0.0,976.0,0.0
2020-05-15,26.67,4.44,15.56,0.0,937.0,0.0
2020-05-16,27.78,6.11,16.94,0.0,944.0,1.0
2020-05-17,29.44,12.22,20.83,0.0,972.0,1.0
2020-05-18,31.67,8.33,20.0,0.0,1000.0,1.0
2020-05-19,30.0,10.0,20.0,0.0,1060.0,1.0
2020-05-20,26.11,8.33,17.22,0.0,1070.0,1.0
2020-05-21,25.0,5.56,15.28,0.0,1070.0,0.0
2020-05-22,25.56,4.44,15.0,0.0,1080.0,1.0
2020-05-23,26.67,2.78,14.73,0.0,1170.0,1.0
2020-05-24,25.0,7.78,16.39,0.0,1230.0,1.0
2020-05-25,19.44,5.56,12.5,0.0,1170.0,0.0
2020-05-26,26.11,3.33,14.72,0.0,1050.0,0.0
2020-05-27,30.56,6.11,18.34,0.0,1010.0,0.0
2020-05-28,28.89,11.67,20.28,0.0,1100.0,1.0
2020-05-29,31.11,15.0,23.06,0.0,1060.0,0.0
2020-05-30,32.22,13.33,22.78,0.25,1060.0,0.0
2020-05-31,30.0,14.44,22.22,1.02,1050.0,0.0
2020-06-01,30.0,12.78,21.39,0.76,1070.0,1.0
2020-06-02,31.67,10.56,21.12,0.0,1170.0,1.0
2020-06-03,32.78,10.0,21.39,0.0,1150.0,0.0
2020-06-04,34.44,13.33,23.88,0.0,1170.0,1.0
2020-06-05,35.0,12.22,23.61,0.0,1210.0,1.0
2020-06-06,33.33,15.0,24.16,3.3,1180.0,0.0
2020-06-07,31.11,8.33,19.72,0.0,1090.0,0.0
2020-06-08,29.44,8.33,18.89,0.0,1020.0,0.0
2020-06-09,23.89,3.33,13.61,0.0,962.0,0.0
2020-06-10,28.33,5.56,16.94,0.0,1020.0,1.0
2020-06-11,31.67,9.44,20.56,0.0,1080.0,1.0
2020-06-12,31.67,9.44,20.56,0.0,978.0,0.0
2020-06-13,30.0,11.67,20.84,0.0,957.0,0.0
2020-06-14,31.67,12.78,22.22,0.25,979.0,1.0
2020-06-15,32.22,13.89,23.06,0.0,1010.0,1.0
2020-06-16,31.11,11.11,21.11,0.0,1030.0,1.0
2020-06-17,32.22,10.0,21.11,0.0,1080.0,1.0
2020-06-18,31.11,12.22,21.66,0.0,1060.0,0.0
2020-06-19,30.56,13.33,21.94,0.0,1080.0,1.0
2020-06-20,31.67,10.0,20.84,0.0,1130.0,1.0
2020-06-21,35.0,12.22,23.61,0.0,1110.0,0.0
2020-06-22,36.11,10.56,23.34,0.0,1080.0,0.0
2020-06-23,29.44,14.44,21.94,0.0,1110.0,1.0
2020-06-24,32.22,10.56,21.39,0.0,1110.0,0.0
2020-06-25,34.44,13.89,24.16,0.0,1130.0,1.0
2020-06-26,32.78,18.33,25.56,0.0,1130.0,0.0
2020-06-27,33.89,11.67,22.78,0.0,1110.0,0.0
2020-06-28,33.33,10.56,21.94,0.0,1080.0,0.0
2020-06-29,30.56,13.33,21.94,0.0,1040.0,0.0
2020-06-30,28.89,12.22,20.56,0.0,1020.0,0.0
2020-07-01,30.56,9.44,20.0,0.0,1010.0,0.0
2020-07-02,33.89,11.11,22.5,0.0,953.0,0.0
2020-07-03,33.89,15.56,24.72,0.0,876.0,0.0
2020-07-04,32.78,15.0,23.89,0.0,909.0,1.0
2020-07-05,32.22,14.44,23.33,0.0,900.0,0.0
2020-07-06,35.56,15.0,25.28,0.0,869.0,0.0
2020-07-07,35.56,15.0,25.28,0.0,852.0,0.0
2020-07-08,35.56,13.89,24.72,0.0,847.0,0.0
2020-07-09,36.11,17.22,26.66,0.0,852.0,1.0
2020-07-10,38.33,15.56,26.94,0.0,836.0,0.0
2020-07-11,38.33,17.78,28.06,0.0,931.0,1.0
2020-07-12,37.78,16.67,27.22,0.0,935.0,1.0
2020-07-13,36.11,17.22,26.66,0.0,970.0,1.0
2020-07-14,33.89,16.67,25.28,0.76,1010.0,1.0
2020-07-15,33.89,15.56,24.72,0.0,1020.0,1.0
2020-07-16,31.67,17.78,24.72,2.79,1050.0,1.0
2020-07-17,33.89,16.11,25.0,0.0,1070.0,1.0
2020-07-18,33.33,16.11,24.72,6.6,941.0,0.0
2020-07-19,33.89,12.78,23.34,9.14,915.0,0.0
2020-07-20,33.89,12.78,23.34,0.0,843.0,0.0
2020-07-21,31.67,15.56,23.62,0.0,745.0,0.0
2020-07-22,28.89,15.0,21.94,0.0,845.0,1.0
2020-07-23,28.33,16.67,22.5,1.02,764.0,0.0
2020-07-24,28.33,16.67,22.5,3.56,693.0,0.0
2020-07-25,24.44,15.56,20.0,3.56,710.0,1.0
2020-07-26,27.78,14.44,21.11,9.65,755.0,1.0
2020-07-27,27.22,16.11,21.66,4.06,677.0,0.0
2020-07-28,29.44,15.0,22.22,3.3,606.0,0.0
2020-07-29,33.89,12.78,23.34,0.0,496.0,0.0
2020-07-30,35.56,15.0,25.28,0.0,460.0,0.0
2020-07-31,31.67,16.11,23.89,0.0,441.0,0.0
2020-08-01,32.22,12.22,22.22,0.0,677.0,1.0
2020-08-02,32.22,12.78,22.5,0.0,700.0,1.0
2020-08-03,31.67,12.22,21.94,0.0,733.0,1.0
2020-08-04,35.0,15.0,25.0,0.0,672.0,0.0
2020-08-05,33.89,13.89,23.89,0.0,642.0,0.0
2020-08-06,33.89,13.33,23.61,0.0,648.0,1.0
2020-08-07,33.33,12.78,23.06,0.0,645.0,0.0
2020-08-08,34.44,15.56,25.0,0.0,721.0,1.0
2020-08-09,35.0,15.56,25.28,0.0,765.0,1.0
2020-08-10,35.0,13.33,24.16,0.0,756.0,0.0
2020-08-11,34.44,14.44,24.44,0.0,754.0,0.0
2020-08-12,35.56,13.33,24.44,0.0,742.0,0.0
2020-08-13,35.56,16.67,26.12,0.0,725.0,0.0
2020-08-14,35.56,14.44,25.0,0.0,734.0,1.0
2020-08-15,34.44,14.44,24.44,0.0,805.0,1.0
2020-08-16,33.89,11.67,22.78,0.0,818.0,1.0
2020-08-17,32.78,15.0,23.89,0.0,814.0,0.0
2020-08-18,33.33,13.89,23.61,0.0,815.0,1.0
2020-08-19,35.0,13.89,24.44,0.0,834.0,1.0
2020-08-20,37.22,13.89,25.56,0.0,817.0,0.0
2020-08-21,36.67,13.89,25.28,0.0,816.0,0.0
2020-08-22,36.11,13.89,25.0,0.0,842.0,1.0
2020-08-23,34.44,16.11,25.28,0.0,837.0,0.0
2020-08-24,34.44,13.33,23.88,0.0,832.0,0.0
2020-08-25,33.33,13.33,23.33,0.0,827.0,0.0
2020-08-26,33.89,14.44,24.16,0.0,861.0,1.0
2020-08-27,33.33,15.56,24.44,0.0,844.0,0.0
2020-08-28,35.0,16.67,25.84,0.0,827.0,0.0
2020-08-29,31.11,14.44,22.78,0.25,880.0,1.0
2020-08-30,31.67,15.56,23.62,0.0,844.0,0.0
2020-08-31,31.67,13.89,22.78,0.0,697.0,0.0
2020-09-01,26.11,10.0,18.06,2.79,682.0,0.0
2020-09-02,31.11,7.22,19.16,0.0,681.0,0.0
2020-09-03,34.44,10.56,22.5,0.0,676.0,0.0
2020-09-04,33.33,14.44,23.88,0.0,682.0,1.0
2020-09-05,33.33,13.33,23.33,0.0,645.0,0.0
2020-09-06,35.56,11.11,23.34,0.0,656.0,1.0
2020-09-07,34.44,13.33,23.88,0.0,641.0,0.0
2020-09-08,22.78,3.89,13.34,3.81,650.0,1.0
2020-09-09,,,,14.48,597.0,0.0
2020-09-10,,,,0.25,545.0,0.0
2020-09-11,21.11,6.11,13.61,0.0,522.0,0.0
2020-09-12,24.44,5.56,15.0,0.0,498.0,0.0
2020-09-13,27.22,6.67,16.94,0.0,508.0,1.0
2020-09-14,25.56,6.67,16.11,0.0,503.0,0.0
2020-09-15,28.33,7.22,17.77,0.0,517.0,1.0
2020-09-16,28.89,9.44,19.16,0.0,615.0,1.0
2020-09-17,26.11,7.22,16.66,0.0,695.0,1.0
2020-09-18,26.11,8.33,17.22,0.0,698.0,1.0
2020-09-19,26.11,9.44,17.77,0.0,703.0,1.0
2020-09-20,28.89,7.22,18.06,0.0,704.0,1.0
2020-09-21,29.44,9.44,19.44,0.0,574.0,0.0
2020-09-22,29.44,10.0,19.72,0.0,522.0,0.0
2020-09-23,28.89,9.44,19.16,0.0,514.0,0.0
2020-09-24,30.0,7.78,18.89,0.0,501.0,0.0
2020-09-25,31.67,8.89,20.28,0.0,505.0,1.0
2020-09-26,31.67,6.67,19.17,0.0,518.0,1.0
2020-09-27,30.56,7.22,18.89,0.0,510.0,0.0
2020-09-28,16.67,5.56,11.12,0.0,516.0,1.0
2020-09-29,23.89,1.67,12.78,0.0,518.0,1.0
2020-09-30,28.89,4.44,16.66,0.0,530.0,1.0
2020-10-01,23.89,5.0,14.44,0.0,476.0,0.0
2020-10-02,26.11,3.89,15.0,0.0,469.0,0.0
2020-10-03,25.0,6.11,15.56,0.0,403.0,0.0
2020-10-04,25.0,4.44,14.72,0.0,378.0,0.0
2020-10-05,28.89,7.78,18.34,0.0,389.0,1.0
2020-10-06,28.89,8.33,18.61,0.0,325.0,0.0
2020-10-07,28.89,7.22,18.06,0.0,294.0,0.0
2020-10-08,28.89,5.56,17.23,0.0,267.0,0.0
2020-10-09,27.78,6.11,16.94,0.0,274.0,1.0
2020-10-10,26.67,6.11,16.39,0.0,275.0,1.0
2020-10-11,25.0,3.33,14.16,0.0,272.0,0.0
2020-10-12,23.89,0.0,11.94,0.0,282.0,1.0
2020-10-13,26.11,5.56,15.84,0.0,276.0,0.0
2020-10-14,28.89,3.33,16.11,0.0,278.0,1.0
2020-10-15,26.11,3.33,14.72,0.0,277.0,0.0
2020-10-16,20.56,3.33,11.94,0.0,267.0,0.0
2020-10-17,26.11,2.22,14.16,0.0,271.0,1.0
2020-10-18,25.56,2.22,13.89,0.0,259.0,0.0
2020-10-19,26.67,5.0,15.84,0.0,256.0,0.0
2020-10-20,26.11,3.89,15.0,0.0,243.0,0.0
2020-10-21,25.0,1.67,13.34,0.0,242.0,0.0
2020-10-22,24.44,1.67,13.06,0.0,252.0,1.0
2020-10-23,14.44,1.11,7.78,0.0,267.0,1.0
2020-10-24,23.33,-2.22,10.56,0.0,276.0,1.0
2020-10-25,18.33,-1.11,8.61,0.25,277.0,1.0
2020-10-26,,,,6.6,297.0,1.0
2020-10-27,,,,3.05,350.0,1.0
2020-10-28,5.0,-7.22,-1.11,0.51,338.0,0.0
2020-10-29,12.22,-3.33,4.44,0.0,374.0,1.0
2020-10-30,16.11,0.56,8.33,0.0,376.0,1.0
2020-10-31,19.44,2.22,10.83,0.0,388.0,1.0
2020-11-01,18.89,0.0,9.44,0.0,381.0,0.0
2020-11-02,20.56,2.22,11.39,0.0,365.0,0.0
2020-11-03,20.56,2.78,11.67,0.0,348.0,0.0
2020-11-04,21.67,2.78,12.23,0.0,335.0,0.0
2020-11-05,22.22,4.44,13.33,0.0,333.0,0.0
2020-11-06,21.11,3.33,12.22,0.0,339.0,1.0
2020-11-07,18.89,6.67,12.78,0.0,372.0,1.0
2020-11-08,15.0,3.89,9.44,5.08,369.0,0.0
2020-11-09,10.56,-5.0,2.78,0.0,384.0,1.0
2020-11-10,7.78,-6.67,0.56,0.0,395.0,1.0
2020-11-11,9.44,-5.56,1.94,0.0,416.0,1.0
2020-11-12,12.78,-6.67,3.06,0.0,405.0,0.0
2020-11-13,12.78,-2.78,5.0,0.0,448.0,1.0
2020-11-14,12.78,-1.11,5.84,0.0,434.0,0.0
2020-11-15,13.89,-1.11,6.39,0.0,429.0,0.0
2020-11-16,18.33,0.0,9.16,0.0,424.0,0.0
2020-11-17,18.33,0.0,9.16,0.0,415.0,0.0
2020-11-18,20.0,-0.56,9.72,0.0,425.0,1.0
2020-11-19,22.22,3.33,12.77,0.0,442.0,1.0
2020-11-20,20.0,1.11,10.56,0.0,445.0,1.0
2020-11-21,17.78,3.33,10.56,0.0,443.0,0.0
2020-11-22,13.33,1.67,7.5,0.0,478.0,1.0
2020-11-23,12.22,4.44,8.33,0.0,589.0,1.0
2020-11-24,9.44,-5.0,2.22,0.0,624.0,1.0
2020-11-25,10.0,-5.56,2.22,0.0,652.0,1.0
2020-11-26,11.11,-4.44,3.33,0.0,665.0,1.0
2020-11-27,10.56,-3.89,3.34,0.25,683.0,1.0
2020-11-28,6.67,-3.33,1.67,0.51,703.0,1.0
2020-11-29,9.44,-5.56,1.94,0.0,681.0,0.0
2020-11-30,8.33,-8.89,-0.28,0.0,633.0,0.0
2020-12-01,10.0,-8.33,0.84,0.0,580.0,0.0
2020-12-02,0.56,-9.44,-4.44,1.02,543.0,0.0
2020-12-03,2.78,-13.33,-5.28,0.0,530.0,0.0
2020-12-04,9.44,-9.44,0.0,0.0,460.0,0.0
2020-12-05,13.33,-6.11,3.61,0.0,473.0,1.0
2020-12-06,13.33,-6.67,3.33,0.0,496.0,1.0
2020-12-07,15.0,-3.89,5.56,0.0,519.0,1.0
2020-12-08,15.56,-3.89,5.84,0.0,514.0,0.0
2020-12-09,13.33,-6.11,3.61,0.0,517.0,1.0
2020-12-10,2.22,-6.11,-1.94,3.56,540.0,1.0
2020-12-11,6.67,-5.0,0.84,0.0,556.0,1.0
2020-12-12,2.78,-7.78,-2.5,0.51,537.0,0.0
2020-12-13,2.78,-10.56,-3.89,0.0,542.0,1.0
2020-12-14,2.22,-10.56,-4.17,0.0,544.0,1.0
2020-12-15,1.11,-8.89,-3.89,0.0,495.0,0.0
2020-12-16,3.89,-11.11,-3.61,0.0,492.0,0.0
2020-12-17,5.56,-10.0,-2.22,0.0,478.0,0.0
2020-12-18,7.78,-7.22,0.28,0.0,514.0,1.0
2020-12-19,6.11,-8.89,-1.39,0.0,516.0,1.0
2020-12-20,7.78,-6.11,0.84,0.0,522.0,1.0
2020-12-21,11.67,-4.44,3.62,0.0,514.0,0.0
2020-12-22,10.56,-5.0,2.78,0.0,523.0,1.0
2020-12-23,2.22,-9.44,-3.61,0.0,523.0,0.0
2020-12-24,3.33,-11.11,-3.89,0.0,499.0,0.0
2020-12-25,7.78,-11.11,-1.66,0.0,472.0,0.0
2020-12-26,10.56,-8.89,0.84,0.0,502.0,1.0
2020-12-27,10.0,-8.33,0.84,0.0,519.0,1.0
2020-12-28,6.67,-2.22,2.22,0.0,517.0,0.0
2020-12-29,6.11,-6.11,0.0,1.02,508.0,0.0
2020-12-30,4.44,-8.33,-1.94,0.0,492.0,0.0
2020-12-31,6.11,-11.11,-2.5,0.0,483.0,0.0
2021-01-01,5.0,-10.0,-2.5,0.0,491.0,1.0
2021-01-02,6.11,-8.28,-1.08,0.0,521.0,1.0
2021-01-03,7.22,-3.89,1.66,0.0,506.0,0.0
2021-01-04,9.44,-5.61,1.91,0.0,493.0,0.0
2021-01-05,11.67,-6.72,2.48,0.0,497.0,1.0
2021-01-06,6.67,-5.61,0.53,0.0,502.0,1.0
2021-01-07,10.56,-5.61,2.48,0.0,503.0,1.0
2021-01-08,10.0,-3.89,3.06,0.0,504.0,1.0
2021-01-09,2.78,-4.39,-0.8,0.0,515.0,1.0
2021-01-10,1.11,-6.72,-2.8,0.0,516.0,1.0
2021-01-11,5.0,-10.61,-2.8,0.0,514.0,0.0
2021-01-12,7.22,-10.0,-1.39,0.0,503.0,0.0
2021-01-13,9.44,-6.11,1.66,0.0,634.0,1.0
2021-01-14,11.11,-3.28,3.92,0.0,718.0,1.0
2021-01-15,10.0,-3.89,3.06,0.0,719.0,1.0
2021-01-16,11.11,-7.78,1.66,0.0,692.0,0.0
2021-01-17,11.11,-9.39,0.86,0.0,669.0,0.0
2021-01-18,6.67,-6.11,0.28,0.76,674.0,1.0
2021-01-19,0.56,-7.22,-3.33,0.0,601.0,0.0
2021-01-20,5.0,-6.11,-0.56,0.0,541.0,0.0
2021-01-21,10.0,-5.0,2.5,0.0,530.0,0.0
2021-01-22,10.56,-3.89,3.34,0.0,536.0,1.0
2021-01-23,9.44,-1.11,4.16,0.0,552.0,1.0
2021-01-24,10.0,-1.72,4.14,0.51,550.0,0.0
2021-01-25,1.11,-4.39,-1.64,0.0,552.0,1.0
2021-01-26,-0.61,-12.78,-6.69,1.27,554.0,1.0
2021-01-27,2.22,-13.89,-5.84,0.0,529.0,0.0
2021-01-28,7.22,-8.89,-0.84,0.0,523.0,0.0
2021-01-29,9.44,-6.72,1.36,0.0,541.0,1.0
2021-01-30,6.67,-3.89,1.39,0.0,553.0,1.0
2021-01-31,-2.78,-5.61,-4.2,0.0,544.0,0.0
2021-02-01,10.56,-1.11,4.73,0.0,536.0,0.0
2021-02-02,15.56,-0.61,7.48,0.0,544.0,1.0
2021-02-03,16.11,1.67,8.89,0.0,554.0,1.0
2021-02-04,9.44,-3.89,2.77,0.0,573.0,1.0
2021-02-05,9.44,-7.22,1.11,0.0,571.0,0.0
2021-02-06,10.0,-7.78,1.11,0.0,558.0,0.0
2021-02-07,13.89,-6.11,3.89,0.0,565.0,1.0
2021-02-08,15.56,-8.89,3.34,0.0,565.0,0.0
2021-02-09,15.56,-2.78,6.39,0.0,573.0,1.0
2021-02-10,12.78,-3.89,4.44,0.0,580.0,1.0
2021-02-11,13.33,-5.61,3.86,0.0,582.0,1.0
2021-02-12,12.78,-3.89,4.44,0.0,592.0,1.0
2021-02-13,8.33,-9.39,-0.53,0.25,600.0,1.0
2021-02-14,-9.39,-17.22,-13.3,0.0,616.0,1.0
2021-02-15,-1.72,-20.0,-10.86,0.0,594.0,0.0
2021-02-16,1.67,-7.22,-2.78,3.3,570.0,0.0
2021-02-17,3.33,-6.72,-1.69,0.25,555.0,0.0
2021-02-18,1.67,-7.78,-3.06,1.78,637.0,1.0
2021-02-19,7.22,-8.28,-0.53,0.0,614.0,0.0
2021-02-20,14.44,-6.72,3.86,0.0,581.0,0.0
2021-02-21,7.78,-4.39,1.7,0.0,593.0,1.0
2021-02-22,11.67,-3.89,3.89,0.0,596.0,1.0
2021-02-23,15.56,-5.0,5.28,0.0,589.0,0.0
2021-02-24,11.11,-5.0,3.06,0.0,590.0,1.0
2021-02-25,7.78,-3.28,2.25,0.0,610.0,1.0
2021-02-26,11.67,-6.72,2.48,0.0,615.0,1.0
2021-02-27,12.22,-7.22,2.5,0.0,604.0,0.0
2021-02-28,5.0,-7.78,-1.39,0.0,604.0,0.0
2021-03-01,8.33,-7.22,0.56,0.0,604.0,0.0
2021-03-02,12.78,-7.78,2.5,0.0,593.0,0.0
2021-03-03,16.67,-5.0,5.84,0.0,595.0,1.0
2021-03-04,11.11,0.0,5.56,0.0,620.0,1.0
2021-03-05,15.56,-1.72,6.92,0.0,624.0,1.0
2021-03-06,15.0,-3.89,5.56,0.0,625.0,1.0
2021-03-07,18.89,-2.78,8.06,0.0,643.0,1.0
2021-03-08,17.78,-1.11,8.34,0.0,659.0,1.0
2021-03-09,15.0,0.0,7.5,0.0,657.0,0.0
2021-03-10,12.78,-0.61,6.08,0.0,650.0,0.0
2021-03-11,15.0,-6.11,4.44,0.0,655.0,1.0
2021-03-12,17.22,3.33,10.27,0.0,661.0,1.0
2021-03-13,10.0,-1.11,4.44,0.0,678.0,1.0
2021-03-14,5.56,-3.28,1.14,0.0,676.0,0.0
2021-03-15,13.89,1.67,7.78,0.0,660.0,0.0
2021-03-16,13.33,-5.0,4.16,2.79,659.0,0.0
2021-03-17,12.22,-2.22,5.0,0.0,659.0,0.0
2021-03-18,15.0,-1.72,6.64,0.0,650.0,0.0
2021-03-19,18.33,-1.72,8.3,0.0,640.0,0.0
2021-03-20,21.11,0.0,10.56,0.0,651.0,1.0
2021-03-21,18.33,1.67,10.0,0.0,647.0,0.0
2021-03-22,10.56,3.33,6.94,0.0,654.0,1.0
2021-03-23,10.0,-2.22,3.89,0.25,687.0,1.0
2021-03-24,7.22,-1.11,3.06,0.0,740.0,1.0
2021-03-25,9.44,-6.72,1.36,0.0,758.0,1.0
2021-03-26,10.56,-2.22,4.17,0.0,751.0,0.0
2021-03-27,14.44,-3.28,5.58,0.0,724.0,0.0
2021-03-28,17.78,-3.89,6.94,0.0,691.0,0.0
2021-03-29,21.11,-0.61,10.25,0.0,665.0,0.0
2021-03-30,18.89,1.11,10.0,0.0,643.0,0.0
2021-03-31,13.89,-7.78,3.06,0.0,678.0,1.0
2021-04-01,18.89,-2.78,8.06,0.0,873.0,1.0
2021-04-02,22.78,0.56,11.67,0.0,944.0,1.0
2021-04-03,23.89,5.0,14.44,0.0,1010.0,1.0
2021-04-04,26.11,4.44,15.28,0.0,1070.0,1.0
2021-04-05,24.44,4.44,14.44,0.0,1040.0,0.0
2021-04-06,21.67,5.56,13.62,0.0,995.0,0.0
2021-04-07,21.11,-0.61,10.25,0.0,957.0,0.0
2021-04-08,22.78,-2.78,10.0,0.0,921.0,0.0
2021-04-09,21.67,2.78,12.23,0.0,924.0,1.0
2021-04-10,21.67,-3.28,9.2,0.0,1110.0,1.0
2021-04-11,23.89,2.22,13.06,0.0,1180.0,1.0
2021-04-12,18.89,5.0,11.94,0.0,1190.0,1.0
2021-04-13,15.0,2.78,8.89,0.0,1290.0,1.0
2021-04-14,19.44,4.44,11.94,0.0,1590.0,1.0
2021-04-15,20.56,5.56,13.06,0.0,1720.0,1.0
2021-04-16,15.56,0.56,8.06,0.0,1710.0,0.0
2021-04-17,7.78,0.0,3.89,0.0,1510.0,0.0
2021-04-18,12.78,1.11,6.94,0.0,1350.0,0.0
2021-04-19,18.89,-3.28,7.81,0.0,1280.0,0.0
2021-04-20,13.89,-0.61,6.64,0.0,1260.0,0.0
2021-04-21,16.11,-1.11,7.5,0.0,1250.0,0.0
2021-04-22,19.44,1.67,10.56,0.0,1150.0,0.0
2021-04-23,17.22,2.78,10.0,0.0,1060.0,0.0
2021-04-24,21.67,-2.22,9.73,0.0,1040.0,0.0
2021-04-25,25.56,6.67,16.11,0.0,1040.0,0.0
2021-04-26,22.78,5.0,13.89,0.0,1090.0,1.0
2021-04-27,17.22,6.67,11.94,0.0,1140.0,1.0
2021-04-28,13.33,2.22,7.78,4.32,1270.0,1.0
2021-04-29,21.67,0.0,10.84,0.0,1300.0,1.0
2021-04-30,23.89,1.67,12.78,0.0,1330.0,1.0
2021-05-01,27.78,2.78,15.28,0.0,1340.0,1.0
2021-05-02,26.11,11.67,18.89,0.0,1350.0,1.0
2021-05-03,16.67,3.89,10.28,3.56,1390.0,1.0
2021-05-04,21.11,3.33,12.22,0.0,1720.0,1.0
2021-05-05,27.22,5.56,16.39,0.0,2020.0,1.0
2021-05-06,26.11,4.44,15.28,0.0,2150.0,1.0
2021-05-07,26.67,11.67,19.17,0.0,2060.0,0.0
2021-05-08,25.0,5.56,15.28,0.0,2120.0,1.0
2021-05-09,22.78,5.56,14.17,0.0,2110.0,0.0
2021-05-10,25.0,7.78,16.39,0.0,2200.0,1.0
2021-05-11,23.33,6.11,14.72,0.0,2230.0,1.0
2021-05-12,21.11,4.44,12.78,0.0,2180.0,0.0
2021-05-13,26.11,6.67,16.39,0.0,1950.0,0.0
2021-05-14,28.33,8.33,18.33,0.0,1630.0,0.0
2021-05-15,27.78,7.78,17.78,0.0,1590.0,0.0
2021-05-16,27.22,9.44,18.33,0.0,1640.0,1.0
2021-05-17,21.11,7.22,14.16,10.16,1680.0,1.0
2021-05-18,12.78,6.11,9.44,0.25,1920.0,1.0
2021-05-19,21.11,2.22,11.66,3.56,2030.0,1.0
2021-05-20,26.67,5.56,16.12,0.0,2210.0,1.0
2021-05-21,24.44,13.89,19.16,0.0,2230.0,1.0
2021-05-22,25.56,12.78,19.17,1.52,2000.0,0.0
2021-05-23,24.44,10.0,17.22,0.0,1980.0,0.0
2021-05-24,25.56,6.11,15.84,0.0,1920.0,0.0
2021-05-25,27.78,8.33,18.06,0.0,1940.0,1.0
2021-05-26,28.89,6.67,17.78,0.0,1900.0,0.0
2021-05-27,27.78,8.89,18.34,0.0,1600.0,0.0
2021-05-28,29.44,9.44,19.44,0.0,1410.0,0.0
2021-05-29,29.44,10.56,20.0,0.0,1350.0,0.0
2021-05-30,26.67,14.44,20.56,2.29,1360.0,1.0
2021-05-31,21.67,8.89,15.28,3.81,1510.0,1.0
2021-06-01,24.44,6.11,15.28,0.0,1660.0,1.0
2021-06-02,26.11,8.89,17.5,0.0,1630.0,0.0
2021-06-03,28.33,12.78,20.56,0.0,1710.0,1.0
2021-06-04,28.33,10.56,19.44,0.0,1580.0,0.0
2021-06-05,33.33,10.56,21.94,0.51,1390.0,0.0
2021-06-06,32.22,15.0,23.61,1.02,1290.0,0.0
2021-06-07,31.67,10.56,21.12,0.0,1300.0,1.0
2021-06-08,31.67,10.56,21.12,0.0,1330.0,1.0
2021-06-09,33.33,9.44,21.38,0.0,1370.0,1.0
2021-06-10,33.89,11.11,22.5,0.0,1380.0,1.0
2021-06-11,33.33,13.89,23.61,0.0,1310.0,0.0
2021-06-12,35.0,13.89,24.44,0.0,1160.0,0.0
2021-06-13,36.11,20.0,28.06,0.0,880.0,0.0
2021-06-14,36.67,15.56,26.12,0.0,748.0,0.0
2021-06-15,34.44,20.0,27.22,5.59,732.0,0.0
2021-06-16,32.78,15.0,23.89,0.0,682.0,0.0
2021-06-17,35.0,16.11,25.56,0.0,800.0,1.0
2021-06-18,34.44,16.67,25.56,0.0,838.0,1.0
2021-06-19,34.44,17.22,25.83,0.0,901.0,1.0
2021-06-20,35.56,16.67,26.12,0.0,964.0,1.0
2021-06-21,28.33,18.89,23.61,0.0,952.0,0.0
2021-06-22,35.0,16.11,25.56,0.0,924.0,0.0
2021-06-23,33.89,16.67,25.28,0.0,877.0,0.0
2021-06-24,31.67,15.56,23.62,0.76,817.0,0.0
2021-06-25,30.56,13.33,21.94,0.0,856.0,1.0
2021-06-26,29.44,13.33,21.38,0.0,987.0,1.0
2021-06-27,21.67,11.67,16.67,11.94,1020.0,1.0
2021-06-28,21.11,12.22,16.66,0.0,1050.0,1.0
2021-06-29,16.11,13.33,14.72,7.37,874.0,0.0
2021-06-30,18.89,12.78,15.84,1.27,890.0,1.0
2021-07-01,28.89,15.0,21.94,0.0,871.0,0.0
2021-07-02,28.89,15.56,22.22,0.0,766.0,0.0
2021-07-03,30.0,14.44,22.22,0.0,674.0,0.0
2021-07-04,32.78,15.0,23.89,2.54,575.0,0.0
2021-07-05,31.11,15.0,23.06,1.27,534.0,0.0
2021-07-06,31.11,15.0,23.06,0.76,709.0,1.0
2021-07-07,29.44,15.0,22.22,0.0,476.0,0.0
2021-07-08,33.89,15.56,24.72,0.25,400.0,0.0
2021-07-09,35.56,16.11,25.84,0.51,365.0,0.0
2021-07-10,36.11,14.44,25.28,0.0,354.0,0.0
2021-07-11,29.44,18.33,23.88,0.0,329.0,0.0
2021-07-12,30.0,15.0,22.5,0.0,328.0,0.0
2021-07-13,30.56,15.56,23.06,0.0,341.0,1.0
2021-07-14,30.56,16.11,23.34,6.6,568.0,1.0
2021-07-15,30.56,14.44,22.5,7.87,578.0,1.0
2021-07-16,30.0,14.44,22.22,6.35,512.0,0.0
2021-07-17,32.22,16.67,24.44,2.03,541.0,1.0
2021-07-18,28.89,17.22,23.06,0.51,553.0,1.0
2021-07-19,31.11,15.56,23.34,0.0,618.0,1.0
2021-07-20,30.0,18.33,24.16,1.02,630.0,1.0
2021-07-21,27.78,17.22,22.5,0.0,543.0,0.0
2021-07-22,30.0,15.56,22.78,0.0,494.0,0.0
2021-07-23,27.22,14.44,20.83,2.29,525.0,1.0
2021-07-24,25.56,11.67,18.61,9.4,662.0,1.0
2021-07-25,27.78,13.89,20.84,1.02,724.0,1.0
2021-07-26,27.78,15.0,21.39,8.13,625.0,0.0
2021-07-27,28.33,16.11,22.22,16.0,940.0,1.0
2021-07-28,31.11,14.44,22.78,0.0,935.0,0.0
2021-07-29,30.0,16.11,23.06,0.0,969.0,1.0
2021-07-30,30.56,15.56,23.06,0.0,983.0,1.0
2021-07-31,31.11,14.44,22.78,4.83,902.0,0.0
2021-08-01,26.11,15.56,20.84,0.0,905.0,1.0
2021-08-02,26.67,15.56,21.12,0.25,911.0,1.0
2021-08-03,30.0,13.89,21.94,0.76,929.0,1.0
2021-08-04,29.44,12.78,21.11,0.0,788.0,0.0
2021-08-05,31.11,12.78,21.94,0.0,701.0,0.0
2021-08-06,32.78,14.44,23.61,0.0,718.0,1.0
2021-08-07,33.89,17.22,25.56,0.0,710.0,0.0
2021-08-08,33.33,10.56,21.94,0.0,657.0,0.0
2021-08-09,34.44,12.78,23.61,0.0,619.0,0.0
2021-08-10,32.22,19.44,25.83,0.25,654.0,1.0
2021-08-11,32.78,18.33,25.56,0.51,644.0,0.0
2021-08-12,31.67,13.89,22.78,2.29,652.0,1.0
2021-08-13,28.89,12.78,20.84,3.05,668.0,1.0
2021-08-14,26.67,13.89,20.28,0.0,622.0,0.0
2021-08-15,29.44,12.78,21.11,2.79,787.0,1.0
2021-08-16,27.78,13.89,20.84,0.0,808.0,1.0
2021-08-17,30.0,10.56,20.28,0.0,476.0,0.0
2021-08-18,31.11,13.33,22.22,2.79,431.0,0.0
2021-08-19,27.78,13.33,20.56,0.0,419.0,0.0
2021-08-20,30.56,14.44,22.5,0.0,393.0,0.0
2021-08-21,29.44,13.33,21.38,0.0,349.0,0.0
2021-08-22,30.0,15.0,22.5,0.0,337.0,0.0
2021-08-23,31.67,14.44,23.06,0.0,346.0,1.0
2021-08-24,32.78,13.89,23.34,0.0,351.0,1.0
2021-08-25,33.89,15.56,24.72,0.0,338.0,0.0
2021-08-26,32.78,16.67,24.72,4.32,344.0,1.0
2021-08-27,31.11,13.89,22.5,3.05,400.0,1.0
2021-08-28,30.56,15.56,23.06,1.27,372.0,0.0
2021-08-29,28.33,13.89,21.11,1.02,355.0,0.0
2021-08-30,29.44,12.22,20.83,0.0,346.0,0.0
2021-08-31,31.67,15.56,23.62,0.0,310.0,0.0
2021-09-01,26.11,14.44,20.27,10.92,349.0,1.0
2021-09-02,26.67,12.22,19.44,0.0,425.0,1.0
2021-09-03,28.89,13.33,21.11,0.0,424.0,0.0
2021-09-04,28.89,15.0,21.94,0.76,388.0,0.0
2021-09-05,30.0,12.78,21.39,0.0,341.0,0.0
2021-09-06,31.11,12.78,21.94,0.0,342.0,1.0
2021-09-07,33.33,12.22,22.78,0.0,340.0,0.0
2021-09-08,31.67,15.0,23.34,0.0,327.0,0.0
2021-09-09,33.89,13.89,23.89,0.0,323.0,0.0
2021-09-10,33.33,14.44,23.88,0.0,345.0,1.0
2021-09-11,32.78,13.33,23.06,0.0,331.0,0.0
2021-09-12,32.22,11.11,21.66,0.0,328.0,0.0
2021-09-13,32.22,12.22,22.22,0.0,305.0,0.0
2021-09-14,31.67,12.22,21.94,0.0,307.0,1.0
2021-09-15,30.0,13.33,21.66,0.0,300.0,0.0
2021-09-16,30.56,8.89,19.73,0.0,292.0,0.0
2021-09-17,31.11,9.44,20.27,0.0,296.0,1.0
2021-09-18,30.56,11.11,20.84,0.0,297.0,1.0
2021-09-19,28.33,15.56,21.94,0.0,315.0,1.0
2021-09-20,28.89,13.33,21.11,0.0,300.0,0.0
2021-09-21,22.22,10.0,16.11,0.0,308.0,1.0
2021-09-22,25.56,10.0,17.78,0.0,288.0,0.0
2021-09-23,26.11,10.0,18.06,0.0,290.0,1.0
2021-09-24,28.33,10.56,19.44,0.0,314.0,1.0
2021-09-25,27.78,8.89,18.34,0.0,307.0,0.0
2021-09-26,25.0,8.89,16.94,0.0,319.0,1.0
2021-09-27,23.33,10.0,16.66,0.0,331.0,1.0
2021-09-28,21.11,10.56,15.84,0.0,369.0,1.0
2021-09-29,23.89,9.44,16.66,0.0,331.0,0.0
2021-09-30,15.56,8.0,11.78,11.68,337.0,1.0
2021-10-01,17.22,7.22,12.22,7.62,439.0,1.0
2021-10-02,20.0,3.33,11.66,0.0,441.0,1.0
2021-10-03,22.22,6.67,14.44,0.0,407.0,0.0
2021-10-04,24.44,6.67,15.56,0.0,385.0,0.0
2021-10-05,25.0,9.44,17.22,0.0,380.0,0.0
2021-10-06,22.78,11.67,17.23,0.0,389.0,1.0
2021-10-07,23.89,8.89,16.39,0.0,388.0,0.0
2021-10-08,24.44,7.78,16.11,0.0,386.0,0.0
2021-10-09,23.33,11.11,17.22,0.0,400.0,1.0
2021-10-10,16.11,5.0,10.56,0.51,361.0,0.0
2021-10-11,20.0,2.22,11.11,0.0,353.0,0.0
2021-10-12,13.33,1.67,7.5,0.25,363.0,1.0
2021-10-13,13.89,-3.28,5.31,0.0,403.0,1.0
2021-10-14,16.11,0.0,8.06,0.0,407.0,1.0
2021-10-15,15.0,-0.61,7.2,0.0,397.0,0.0
2021-10-16,18.33,-1.72,8.3,0.0,431.0,1.0
2021-10-17,19.44,0.56,10.0,0.0,379.0,0.0
2021-10-18,21.11,5.0,13.06,0.0,361.0,0.0
2021-10-19,17.78,5.0,11.39,0.0,343.0,0.0
2021-10-20,19.44,2.22,10.83,0.0,355.0,1.0
2021-10-21,21.67,2.78,12.23,0.0,340.0,0.0
2021-10-22,22.22,3.33,12.77,0.0,308.0,0.0
2021-10-23,20.0,4.44,12.22,0.0,324.0,1.0
2021-10-24,20.56,6.11,13.34,0.0,325.0,1.0
2021-10-25,22.78,2.78,12.78,0.0,326.0,1.0
2021-10-26,15.0,-1.11,6.94,1.02,336.0,1.0
2021-10-27,15.0,-1.11,6.94,0.0,358.0,1.0
2021-10-28,16.11,0.56,8.33,0.0,363.0,1.0
2021-10-29,18.89,-1.11,8.89,0.0,373.0,1.0
2021-10-30,21.11,2.78,11.94,0.0,367.0,0.0
2021-10-31,17.22,2.22,9.72,0.0,362.0,0.0
2021-11-01,18.33,0.56,9.44,0.0,373.0,1.0
2021-11-02,17.78,3.33,10.56,0.0,414.0,1.0
2021-11-03,16.11,1.11,8.61,0.0,426.0,1.0
2021-11-04,16.11,-1.11,7.5,0.0,422.0,0.0
2021-11-05,20.56,1.11,10.84,0.0,459.0,1.0
2021-11-06,21.11,2.22,11.66,0.0,556.0,1.0
2021-11-07,20.56,2.22,11.39,0.0,590.0,1.0
2021-11-08,20.56,2.78,11.67,0.0,582.0,0.0
2021-11-09,17.78,-0.61,8.59,0.0,574.0,0.0
2021-11-10,16.11,1.67,8.89,0.0,567.0,0.0
2021-11-11,13.89,0.56,7.22,0.0,563.0,0.0
2021-11-12,15.0,1.67,8.34,0.0,585.0,1.0
2021-11-13,17.22,-0.61,8.3,0.0,583.0,0.0
2021-11-14,17.22,1.67,9.44,0.0,580.0,0.0
2021-11-15,19.44,2.78,11.11,0.0,584.0,1.0
2021-11-16,17.78,2.22,10.0,0.0,575.0,0.0
2021-11-17,15.0,-1.72,6.64,0.0,570.0,0.0
2021-11-18,9.44,-6.11,1.66,0.0,581.0,1.0
2021-11-19,11.67,-5.0,3.34,0.0,568.0,0.0
2021-11-20,13.89,-2.22,5.84,0.0,588.0,1.0
2021-11-21,11.67,-2.78,4.44,0.0,579.0,0.0
2021-11-22,13.33,-3.28,5.03,0.0,572.0,0.0
2021-11-23,13.89,-4.39,4.75,0.51,541.0,0.0
2021-11-24,10.0,2.22,6.11,3.81,524.0,0.0
2021-11-25,8.89,-3.89,2.5,0.0,532.0,1.0
2021-11-26,11.11,-5.61,2.75,0.0,527.0,0.0
2021-11-27,13.89,-1.72,6.08,0.0,501.0,0.0
2021-11-28,15.0,-3.89,5.56,0.0,524.0,1.0
2021-11-29,16.11,-1.11,7.5,0.0,548.0,1.0
2021-11-30,18.33,-2.22,8.06,0.0,543.0,0.0
2021-12-01,16.11,0.0,8.06,0.0,1420.0,1.0
2021-12-02,14.44,-1.72,6.36,0.0,1550.0,1.0
2021-12-03,14.44,0.56,7.5,0.0,1560.0,1.0
2021-12-04,15.0,-2.78,6.11,0.0,1580.0,1.0
2021-12-05,14.44,0.0,7.22,0.0,1550.0,0.0
2021-12-06,8.33,-4.39,1.97,0.0,1520.0,0.0
2021-12-07,11.11,-1.11,5.0,0.0,1250.0,0.0
2021-12-08,8.33,-1.72,3.3,0.0,1030.0,0.0
2021-12-09,11.11,-1.11,5.0,0.0,1030.0,0.0
2021-12-10,6.11,-8.89,-1.39,0.76,1020.0,0.0
2021-12-11,2.78,-10.0,-3.61,0.0,684.0,0.0
2021-12-12,9.44,-8.28,0.58,0.0,606.0,0.0
2021-12-13,12.78,-6.11,3.33,0.0,541.0,0.0
2021-12-14,11.67,-3.89,3.89,1.52,535.0,0.0
2021-12-15,9.44,-4.39,2.52,2.54,572.0,1.0
2021-12-16,7.22,-8.28,-0.53,0.0,562.0,0.0
2021-12-17,7.22,-7.22,0.0,0.0,484.0,0.0
2021-12-18,3.33,-8.28,-2.47,0.0,458.0,0.0
2021-12-19,7.22,-10.0,-1.39,0.0,483.0,1.0
2021-12-20,10.56,-5.61,2.48,0.0,456.0,0.0
2021-12-21,11.11,-3.89,3.61,0.0,442.0,0.0
2021-12-22,11.67,-3.28,4.2,0.0,498.0,1.0
2021-12-23,13.33,-1.72,5.8,0.0,533.0,1.0
2021-12-24,7.22,2.78,5.0,8.89,571.0,1.0
2021-12-25,8.89,1.67,5.28,1.52,657.0,1.0
2021-12-26,10.0,-1.72,4.14,0.0,625.0,0.0
2021-12-27,5.56,-4.39,0.58,0.0,614.0,0.0
2021-12-28,2.78,-1.72,0.53,0.0,615.0,1.0
2021-12-29,3.89,-2.78,0.56,0.25,735.0,1.0
2021-12-30,4.44,-3.28,0.58,0.0,600.0,0.0
2021-12-31,3.0,-2.22,0.39,11.18,551.0,0.0
2022-01-01,1.67,-10.56,-4.44,4.06,596.0,1.0
2022-01-02,-1.67,-11.67,-6.67,0.0,566.0,0.0
2022-01-03,2.78,-11.67,-4.44,0.0,505.0,0.0
2022-01-04,7.78,-8.89,-0.56,0.0,460.0,0.0
2022-01-05,8.33,-4.44,1.94,0.0,471.0,1.0
2022-01-06,10.56,-4.44,3.06,0.0,497.0,1.0
2022-01-07,11.67,-3.33,4.17,0.0,509.0,1.0
2022-01-08,11.11,-2.78,4.16,0.0,530.0,1.0
2022-01-09,5.0,-3.89,0.55,0.0,555.0,1.0
2022-01-10,8.89,-5.56,1.67,0.0,556.0,1.0
2022-01-11,9.44,-6.67,1.38,0.0,554.0,0.0
2022-01-12,10.56,-5.56,2.5,0.0,566.0,1.0
2022-01-13,13.33,-2.78,5.28,0.0,565.0,0.0
2022-01-14,12.78,-3.33,4.72,0.0,569.0,1.0
2022-01-15,6.67,-8.89,-1.11,0.0,578.0,1.0
2022-01-16,11.11,-6.67,2.22,0.0,564.0,0.0
2022-01-17,10.0,-7.22,1.39,0.0,552.0,0.0
2022-01-18,11.11,-4.44,3.33,0.0,551.0,0.0
2022-01-19,8.33,-2.78,2.78,0.0,554.0,1.0
2022-01-20,3.89,-7.78,-1.94,0.0,586.0,1.0
2022-01-21,7.22,-8.33,-0.56,0.0,576.0,0.0
2022-01-22,6.67,-6.11,0.28,0.0,577.0,1.0
2022-01-23,10.0,-6.67,1.66,0.0,575.0,0.0
2022-01-24,10.0,-4.44,2.78,0.0,558.0,0.0
2022-01-25,9.44,-8.89,0.27,0.0,575.0,1.0
2022-01-26,2.22,-6.11,-1.94,0.0,589.0,1.0
2022-01-27,4.44,-8.33,-1.94,3.56,579.0,0.0
2022-01-28,3.33,-12.22,-4.44,0.0,514.0,0.0
2022-01-29,8.33,-10.0,-0.84,0.0,519.0,1.0
2022-01-30,3.89,-6.67,-1.39,0.0,506.0,0.0
2022-01-31,11.11,-8.33,1.39,0.0,527.0,1.0
2022-02-01,7.22,-6.67,0.27,0.0,549.0,1.0
2022-02-02,0.56,-12.78,-6.11,1.27,563.0,1.0
2022-02-03,-7.22,-19.44,-13.33,0.0,565.0,1.0
2022-02-04,-1.11,-18.33,-9.72,0.0,498.0,0.0
2022-02-05,1.67,-13.89,-6.11,0.0,396.0,0.0
2022-02-06,1.11,-10.0,-4.44,0.0,513.0,1.0
2022-02-07,5.56,-10.56,-2.5,0.0,499.0,0.0
2022-02-08,10.56,-7.78,1.39,0.0,504.0,1.0
2022-02-09,8.33,-6.67,0.83,0.0,500.0,0.0
2022-02-10,10.56,-3.33,3.62,0.0,500.0,0.0
2022-02-11,14.44,-2.22,6.11,0.0,510.0,1.0
2022-02-12,6.11,-5.56,0.28,0.0,521.0,1.0
2022-02-13,11.11,-6.11,2.5,0.0,519.0,0.0
2022-02-14,12.78,-5.0,3.89,0.0,512.0,0.0
2022-02-15,14.44,-5.56,4.44,0.0,526.0,1.0
2022-02-16,11.11,-6.67,2.22,0.0,536.0,1.0
2022-02-17,-0.56,-10.0,-5.28,5.33,559.0,1.0
2022-02-18,7.22,-3.33,1.94,0.0,545.0,0.0
2022-02-19,10.0,-5.56,2.22,0.0,516.0,0.0
2022-02-20,13.33,-3.89,4.72,0.0,557.0,1.0
2022-02-21,11.67,-2.22,4.72,0.0,568.0,1.0
2022-02-22,10.0,-6.67,1.66,0.0,563.0,0.0
2022-02-23,2.22,-13.33,-5.56,0.0,556.0,0.0
2022-02-24,2.22,-15.0,-6.39,0.25,544.0,0.0
2022-02-25,7.22,-10.56,-1.67,0.0,527.0,0.0
2022-02-26,7.22,-7.78,-0.28,0.0,484.0,0.0
2022-02-27,11.67,-8.33,1.67,0.0,533.0,1.0
2022-02-28,14.44,-3.33,5.56,0.0,548.0,1.0
2022-03-01,17.78,-3.33,7.22,0.0,544.0,0.0
2022-03-02,20.0,-1.11,9.44,0.0,552.0,1.0
2022-03-03,18.89,0.0,9.44,0.0,553.0,1.0
2022-03-04,18.33,4.44,11.38,0.0,583.0,1.0
2022-03-05,10.0,-1.11,4.44,0.0,622.0,1.0
2022-03-06,4.44,-8.33,-1.94,0.76,639.0,1.0
2022-03-07,4.44,-11.11,-3.33,0.0,653.0,1.0
2022-03-08,5.0,-6.67,-0.84,0.0,654.0,1.0
2022-03-09,9.44,-10.56,-0.56,0.0,644.0,0.0
2022-03-10,9.44,-3.89,2.77,0.0,638.0,0.0
2022-03-11,4.44,-8.33,-1.94,0.0,637.0,0.0
2022-03-12,12.78,-7.78,2.5,0.0,610.0,0.0
2022-03-13,15.56,-6.11,4.72,0.0,590.0,0.0
2022-03-14,13.89,-2.78,5.56,0.0,608.0,1.0
2022-03-15,17.22,-1.67,7.78,0.0,602.0,0.0
2022-03-16,17.78,-3.33,7.22,0.0,590.0,0.0
2022-03-17,7.22,-0.56,3.33,1.52,609.0,1.0
2022-03-18,12.22,-5.0,3.61,0.0,630.0,1.0
2022-03-19,13.89,-5.0,4.44,0.0,623.0,0.0
2022-03-20,18.33,0.0,9.16,0.0,632.0,1.0
2022-03-21,10.0,0.56,5.28,1.27,653.0,1.0
2022-03-22,8.89,-2.22,3.34,4.32,634.0,0.0
2022-03-23,10.56,-7.22,1.67,2.03,621.0,0.0
2022-03-24,17.22,-3.33,6.94,0.0,626.0,1.0
2022-03-25,20.56,0.56,10.56,0.0,909.0,1.0
2022-03-26,23.33,0.0,11.66,0.0,1010.0,1.0
2022-03-27,24.44,1.67,13.06,0.0,1010.0,0.0
2022-03-28,21.11,0.0,10.56,0.0,788.0,0.0
2022-03-29,13.33,2.22,7.78,0.0,802.0,1.0
2022-03-30,14.44,0.56,7.5,0.0,931.0,1.0
2022-03-31,13.89,-6.67,3.61,0.0,1070.0,1.0
2022-04-01,16.11,0.56,8.33,0.25,1150.0,1.0
2022-04-02,20.56,-2.22,9.17,0.0,1140.0,0.0
2022-04-03,21.11,1.11,11.11,0.0,1030.0,0.0
2022-04-04,18.89,2.22,10.56,0.0,886.0,0.0
2022-04-05,23.89,2.78,13.34,0.0,812.0,0.0
2022-04-06,18.33,1.67,10.0,0.0,757.0,0.0
2022-04-07,16.67,-6.11,5.28,0.0,786.0,1.0
2022-04-08,18.89,-2.22,8.34,0.0,761.0,0.0
2022-04-09,22.78,1.67,12.23,0.0,869.0,1.0
2022-04-10,19.44,10.0,14.72,0.0,913.0,1.0
2022-04-11,21.67,3.33,12.5,0.0,953.0,1.0
2022-04-12,17.22,-0.56,8.33,0.0,931.0,0.0
2022-04-13,10.0,-6.11,1.94,0.0,1070.0,1.0
2022-04-14,16.11,-7.78,4.16,0.0,1100.0,1.0
2022-04-15,21.67,-1.11,10.28,0.0,1090.0,0.0
2022-04-16,22.78,2.22,12.5,0.0,1100.0,1.0
2022-04-17,23.89,6.11,15.0,0.0,1110.0,1.0
2022-04-18,21.11,1.11,11.11,0.0,1160.0,1.0
2022-04-19,25.0,7.78,16.39,0.0,1220.0,1.0
2022-04-20,25.56,6.67,16.11,0.0,1430.0,1.0
2022-04-21,24.44,1.67,13.06,0.0,1980.0,1.0
2022-04-22,26.67,5.0,15.84,0.0,2400.0,1.0
2022-04-23,16.11,3.33,9.72,0.0,2470.0,1.0
2022-04-24,16.11,-0.56,7.78,0.0,2280.0,0.0
2022-04-25,17.22,1.67,9.44,0.0,2220.0,0.0
2022-04-26,20.56,5.56,13.06,0.0,2280.0,1.0
2022-04-27,26.11,7.78,16.94,0.0,2220.0,0.0
2022-04-28,23.33,4.44,13.88,0.0,2370.0,1.0
2022-04-29,21.67,5.0,13.34,0.0,2590.0,1.0
2022-04-30,22.78,3.33,13.06,0.0,2630.0,1.0
2022-05-01,26.11,10.0,18.06,0.0,2570.0,0.0
2022-05-02,22.22,6.67,14.44,0.0,2520.0,0.0
2022-05-03,26.11,1.67,13.89,0.0,2500.0,0.0
2022-05-04,17.22,5.56,11.39,0.0,2490.0,0.0
2022-05-05,22.22,-0.56,10.83,0.0,2410.0,0.0
2022-05-06,27.22,2.22,14.72,0.0,1970.0,0.0
2022-05-07,30.0,7.22,18.61,0.0,1700.0,0.0
2022-05-08,28.89,9.44,19.16,0.0,1530.0,0.0
2022-05-09,27.22,11.11,19.16,0.0,1540.0,1.0
2022-05-10,28.89,13.89,21.39,0.0,1700.0,1.0
2022-05-11,29.44,5.56,17.5,0.0,1910.0,1.0
2022-05-12,23.33,7.22,15.27,0.0,1950.0,1.0
2022-05-13,26.11,5.0,15.56,0.0,1910.0,0.0
2022-05-14,28.89,5.0,16.94,0.0,1840.0,0.0
2022-05-15,30.56,8.33,19.44,0.0,1580.0,0.0
2022-05-16,30.0,12.78,21.39,0.0,1310.0,0.0
2022-05-17,30.0,6.11,18.06,0.0,1220.0,0.0
2022-05-18,30.0,8.33,19.16,0.0,1190.0,0.0
2022-05-19,30.56,8.89,19.73,0.0,1370.0,1.0
2022-05-20,28.89,12.22,20.56,0.0,1440.0,1.0
2022-05-21,20.56,6.67,13.61,0.0,1360.0,0.0
2022-05-22,18.89,3.89,11.39,0.0,1300.0,0.0
2022-05-23,23.33,7.78,15.56,0.0,1180.0,0.0
2022-05-24,17.22,4.44,10.83,0.0,1160.0,0.0
2022-05-25,23.33,2.22,12.77,0.0,1120.0,0.0
2022-05-26,29.44,3.89,16.66,0.0,1090.0,0.0
2022-05-27,31.67,8.33,20.0,0.0,1030.0,0.0
2022-05-28,31.11,8.33,19.72,0.0,916.0,0.0
2022-05-29,27.78,10.56,19.17,0.0,881.0,0.0
2022-05-30,25.56,6.67,16.11,0.0,791.0,0.0
2022-05-31,27.22,6.67,16.94,0.0,800.0,1.0
2022-06-01,25.56,10.56,18.06,0.0,716.0,0.0
2022-06-02,28.33,11.67,20.0,0.0,738.0,1.0
2022-06-03,28.89,11.67,20.28,0.0,775.0,1.0
2022-06-04,30.0,8.33,19.16,0.0,775.0,0.0
2022-06-05,30.56,13.33,21.94,0.0,747.0,0.0
2022-06-06,32.22,12.78,22.5,0.0,757.0,1.0
2022-06-07,32.78,12.78,22.78,0.0,770.0,1.0
2022-06-08,29.44,12.78,21.11,0.0,764.0,0.0
2022-06-09,33.89,16.11,25.0,0.0,767.0,1.0
2022-06-10,35.56,11.11,23.34,0.0,757.0,0.0
2022-06-11,36.11,12.22,24.16,0.0,751.0,0.0
2022-06-12,34.44,14.44,24.44,0.0,734.0,0.0
2022-06-13,33.33,16.67,25.0,0.0,703.0,0.0
2022-06-14,31.67,13.33,22.5,0.0,700.0,0.0
2022-06-15,33.33,12.78,23.06,0.0,711.0,1.0
2022-06-16,35.56,13.33,24.44,8.13,518.0,0.0
2022-06-17,30.0,14.44,22.22,3.3,443.0,0.0
2022-06-18,27.78,14.44,21.11,4.06,446.0,1.0
2022-06-19,26.11,14.44,20.27,6.86,569.0,1.0
2022-06-20,26.67,13.89,20.28,0.0,508.0,0.0
2022-06-21,23.33,14.44,18.88,0.0,377.0,0.0
2022-06-22,18.33,12.78,15.56,21.08,393.0,1.0
2022-06-23,27.22,14.44,20.83,0.51,519.0,1.0
2022-06-24,28.89,13.33,21.11,0.0,587.0,1.0
2022-06-25,26.67,13.33,20.0,26.67,595.0,1.0
2022-06-26,17.22,12.78,15.0,16.76,706.0,1.0
2022-06-27,20.0,11.67,15.84,10.41,761.0,1.0
2022-06-28,26.67,11.11,18.89,0.0,697.0,0.0
2022-06-29,27.22,12.78,20.0,0.0,611.0,0.0
2022-06-30,31.11,13.89,22.5,0.0,779.0,1.0
2022-07-01,29.44,16.11,22.78,2.54,848.0,1.0
2022-07-02,28.89,15.0,21.94,0.76,890.0,1.0
2022-07-03,28.33,15.0,21.66,0.0,809.0,0.0
2022-07-04,28.89,15.56,22.22,0.0,753.0,0.0
2022-07-05,28.89,15.56,22.22,2.29,681.0,0.0
2022-07-06,30.0,14.44,22.22,0.0,633.0,0.0
2022-07-07,31.67,14.44,23.06,0.0,631.0,0.0
2022-07-08,31.11,13.33,22.22,0.0,552.0,0.0
2022-07-09,31.67,15.0,23.34,0.51,510.0,0.0
2022-07-10,32.22,13.33,22.78,0.0,479.0,0.0
2022-07-11,33.33,13.33,23.33,0.0,411.0,0.0
2022-07-12,29.44,15.0,22.22,15.49,492.0,1.0
2022-07-13,28.33,13.89,21.11,0.0,494.0,1.0
2022-07-14,31.67,15.0,23.34,0.76,438.0,0.0
2022-07-15,32.22,16.67,24.44,0.0,503.0,1.0
2022-07-16,33.33,16.11,24.72,0.0,430.0,0.0
2022-07-17,34.44,16.11,25.28,0.0,352.0,0.0
2022-07-18,33.89,16.11,25.0,0.0,369.0,1.0
2022-07-19,35.0,18.33,26.66,10.92,435.0,1.0
2022-07-20,32.22,16.11,24.16,0.51,443.0,1.0
2022-07-21,31.67,14.44,23.06,0.0,464.0,1.0
2022-07-22,33.89,15.0,24.44,0.0,454.0,0.0
2022-07-23,33.89,14.44,24.16,0.25,455.0,1.0
2022-07-24,31.67,16.67,24.17,0.0,384.0,0.0
2022-07-25,31.67,16.11,23.89,0.25,372.0,0.0
2022-07-26,30.56,13.89,22.22,1.27,650.0,1.0
2022-07-27,30.0,15.0,22.5,3.3,779.0,1.0
2022-07-28,28.33,13.33,20.83,2.54,669.0,0.0
2022-07-29,27.22,15.56,21.39,1.27,773.0,1.0
2022-07-30,27.22,16.11,21.66,1.27,887.0,1.0
2022-07-31,28.89,13.89,21.39,3.05,1200.0,1.0
2022-08-01,31.67,15.0,23.34,0.0,1460.0,1.0
2022-08-02,32.22,16.11,24.16,1.52,1700.0,1.0
2022-08-03,33.33,15.56,24.44,0.0,1530.0,0.0
2022-08-04,31.11,16.67,23.89,0.0,1360.0,0.0
2022-08-05,30.0,16.11,23.06,6.1,1380.0,1.0
2022-08-06,31.67,13.89,22.78,0.76,1170.0,0.0
2022-08-07,30.56,15.0,22.78,0.0,1230.0,1.0
2022-08-08,28.33,15.56,21.94,16.76,1280.0,1.0
2022-08-09,28.89,13.89,21.39,0.0,1290.0,1.0
2022-08-10,25.56,14.44,20.0,1.27,1280.0,0.0
2022-08-11,28.33,13.33,20.83,0.0,1200.0,0.0
2022-08-12,29.44,12.22,20.83,0.0,920.0,0.0
2022-08-13,30.56,13.89,22.22,0.0,856.0,0.0
2022-08-14,32.22,13.89,23.06,0.0,711.0,0.0
2022-08-15,31.67,12.78,22.22,1.78,601.0,0.0
2022-08-16,30.56,14.44,22.5,0.0,582.0,0.0
2022-08-17,28.33,13.89,21.11,4.06,818.0,1.0
2022-08-18,24.44,15.56,20.0,0.0,1040.0,1.0
2022-08-19,26.67,11.67,19.17,0.0,1030.0,0.0
2022-08-20,17.78,14.44,16.11,10.92,1040.0,1.0
2022-08-21,25.0,12.22,18.61,6.86,1150.0,1.0
2022-08-22,25.0,15.0,20.0,0.51,1350.0,1.0
2022-08-23,25.56,12.22,18.89,0.0,1270.0,0.0
2022-08-24,26.11,12.78,19.44,0.0,955.0,0.0
2022-08-25,27.78,12.22,20.0,0.0,951.0,0.0
2022-08-26,25.0,15.0,20.0,0.76,1050.0,1.0
2022-08-27,27.22,12.78,20.0,0.51,1070.0,1.0
2022-08-28,31.11,11.67,21.39,0.0,956.0,0.0
2022-08-29,28.89,13.33,21.11,0.0,929.0,0.0
2022-08-30,29.44,12.22,20.83,0.0,903.0,0.0
2022-08-31,28.89,10.56,19.73,0.0,879.0,0.0
2022-09-01,28.89,11.67,20.28,0.0,882.0,1.0
2022-09-02,32.78,10.56,21.67,0.0,731.0,0.0
2022-09-03,27.78,12.78,20.28,0.0,649.0,0.0
2022-09-04,28.89,9.44,19.16,0.0,607.0,0.0
2022-09-05,32.22,11.67,21.94,0.0,564.0,0.0
2022-09-06,32.22,10.0,21.11,0.0,509.0,0.0
2022-09-07,32.78,11.11,21.94,0.0,482.0,0.0
2022-09-08,30.0,11.67,20.84,0.0,471.0,0.0
2022-09-09,30.56,13.89,22.22,11.68,491.0,1.0
2022-09-10,26.11,12.78,19.44,0.0,543.0,1.0
2022-09-11,25.0,11.67,18.34,1.27,502.0,0.0
2022-09-12,27.78,8.89,18.34,0.0,502.0,0.0
2022-09-13,26.11,9.44,17.77,0.76,458.0,0.0
2022-09-14,24.44,9.44,16.94,0.0,547.0,1.0
2022-09-15,25.56,7.22,16.39,0.0,535.0,0.0
2022-09-16,27.22,10.56,18.89,0.0,523.0,0.0
2022-09-17,27.78,8.33,18.06,0.0,457.0,0.0
2022-09-18,28.89,8.33,18.61,1.27,392.0,0.0
2022-09-19,28.89,10.0,19.44,0.0,383.0,0.0
2022-09-20,28.89,11.67,20.28,0.76,385.0,1.0
2022-09-21,27.78,14.44,21.11,0.0,422.0,1.0
2022-09-22,28.89,12.22,20.56,1.78,479.0,1.0
2022-09-23,26.67,10.0,18.34,0.0,599.0,1.0
2022-09-24,27.22,8.89,18.06,0.0,864.0,1.0
2022-09-25,26.67,10.0,18.34,0.0,857.0,0.0
2022-09-26,26.67,9.44,18.06,0.0,928.0,1.0
2022-09-27,26.67,9.44,18.06,0.0,888.0,0.0
2022-09-28,26.11,8.33,17.22,0.0,620.0,0.0
2022-09-29,24.44,6.67,15.56,0.0,534.0,0.0
2022-09-30,25.0,4.44,14.72,0.0,509.0,0.0
2022-10-01,25.56,5.56,15.56,0.0,482.0,0.0
2022-10-02,18.89,9.44,14.16,0.25,459.0,0.0
2022-10-03,22.22,10.0,16.11,1.27,537.0,1.0
2022-10-04,15.56,7.22,11.39,4.06,594.0,1.0
2022-10-05,14.44,8.89,11.66,16.26,748.0,1.0
2022-10-06,16.67,7.78,12.23,0.25,996.0,1.0
2022-10-07,16.11,6.67,11.39,4.32,1110.0,1.0
2022-10-08,11.67,7.22,9.44,8.13,1000.0,0.0
2022-10-09,18.33,5.56,11.94,0.51,904.0,0.0
2022-10-10,18.89,3.89,11.39,0.0,866.0,0.0
2022-10-11,22.22,5.0,13.61,0.0,805.0,0.0
2022-10-12,23.33,2.22,12.77,0.0,768.0,0.0
2022-10-13,21.67,2.22,11.94,0.0,722.0,0.0
2022-10-14,22.78,1.67,12.23,0.0,666.0,0.0
2022-10-15,23.33,2.22,12.77,1.27,646.0,0.0
2022-10-16,11.67,6.67,9.17,14.73,706.0,1.0
2022-10-17,10.56,6.11,8.34,4.06,707.0,1.0
2022-10-18,17.78,1.67,9.73,0.0,667.0,0.0
2022-10-19,19.44,2.22,10.83,0.0,629.0,0.0
2022-10-20,20.56,3.33,11.94,0.0,625.0,0.0
2022-10-21,21.67,1.67,11.67,0.0,629.0,1.0
2022-10-22,21.67,6.11,13.89,0.0,628.0,0.0
2022-10-23,17.22,2.22,9.72,0.0,675.0,1.0
2022-10-24,8.89,-1.11,3.89,0.0,679.0,1.0
2022-10-25,13.89,-3.89,5.0,0.0,687.0,1.0
2022-10-26,15.56,-2.78,6.39,0.0,695.0,1.0
2022-10-27,10.56,-2.22,4.17,0.0,720.0,1.0
2022-10-28,14.44,-3.33,5.56,0.0,782.0,1.0
2022-10-29,15.0,-2.78,6.11,0.0,769.0,0.0
2022-10-30,15.0,-5.0,5.0,0.0,740.0,0.0
2022-10-31,16.11,0.0,8.06,0.0,712.0,0.0
2022-11-01,17.78,-2.22,7.78,0.0,700.0,0.0
2022-11-02,16.67,0.0,8.34,0.0,712.0,1.0
2022-11-03,15.0,0.56,7.78,0.51,731.0,1.0
2022-11-04,7.78,-2.78,2.5,1.02,786.0,1.0
2022-11-05,12.22,-3.89,4.16,0.0,818.0,1.0
2022-11-06,16.67,-0.56,8.06,0.0,825.0,1.0
2022-11-07,17.78,1.11,9.44,0.0,827.0,1.0
2022-11-08,20.0,2.22,11.11,0.0,807.0,0.0
2022-11-09,19.44,0.56,10.0,0.0,750.0,0.0
2022-11-10,9.44,-2.78,3.33,0.0,723.0,0.0
2022-11-11,5.56,-8.89,-1.67,0.0,728.0,1.0
2022-11-12,8.89,-6.11,1.39,0.0,728.0,0.0
2022-11-13,12.78,-6.67,3.06,0.25,732.0,1.0
2022-11-14,4.44,-5.0,-0.28,0.51,833.0,1.0
2022-11-15,5.56,-8.33,-1.39,0.0,909.0,1.0
2022-11-16,3.33,-7.22,-1.94,0.0,1410.0,1.0
2022-11-17,6.11,-10.0,-1.94,0.0,1440.0,1.0
2022-11-18,-3.33,-6.11,-4.72,0.0,1380.0,0.0
2022-11-19,5.56,-8.33,-1.39,0.0,1300.0,0.0
2022-11-20,8.89,-11.11,-1.11,0.0,1280.0,0.0
2022-11-21,11.67,-8.33,1.67,0.0,1230.0,0.0
2022-11-22,10.56,-8.33,1.12,0.0,1210.0,0.0
2022-11-23,10.0,-7.22,1.39,0.0,1250.0,1.0
2022-11-24,7.22,-7.22,0.0,0.0,1260.0,1.0
2022-11-25,10.56,-6.67,1.95,0.0,1290.0,1.0
2022-11-26,11.67,-8.33,1.67,0.0,1310.0,1.0
2022-11-27,9.44,-3.33,3.06,0.0,1310.0,0.0
2022-11-28,7.22,-8.89,-0.84,0.0,1410.0,1.0
2022-11-29,8.89,-4.44,2.22,0.0,1400.0,0.0
2022-11-30,9.44,-7.22,1.11,0.0,1330.0,0.0
2022-12-01,12.22,-6.11,3.06,0.0,1270.0,0.0
2022-12-02,12.22,-1.11,5.56,0.0,1320.0,1.0
2022-12-03,4.44,-3.33,0.56,0.76,1320.0,0.0
2022-12-04,8.89,2.78,5.84,0.0,1370.0,1.0
2022-12-05,12.78,0.0,6.39,0.0,1400.0,1.0
2022-12-06,11.11,-2.78,4.16,0.0,1470.0,1.0
2022-12-07,11.67,-3.33,4.17,1.27,1480.0,1.0
2022-12-08,7.22,-5.56,0.83,0.25,1460.0,0.0
2022-12-09,9.44,-5.56,1.94,0.0,1420.0,0.0
2022-12-10,11.11,-5.56,2.78,0.0,1210.0,0.0
2022-12-11,10.56,-5.56,2.5,0.0,1160.0,0.0
2022-12-12,7.78,-7.78,0.0,1.27,1110.0,0.0
2022-12-13,1.11,-12.22,-5.56,0.0,932.0,0.0
2022-12-14,2.78,-10.0,-3.61,0.0,790.0,0.0
2022-12-15,3.89,-9.44,-2.77,0.0,707.0,0.0
2022-12-16,-1.11,-13.33,-7.22,0.0,658.0,0.0
2022-12-17,2.22,-13.89,-5.84,0.0,598.0,0.0
2022-12-18,1.67,-11.11,-4.72,0.0,596.0,0.0
2022-12-19,6.67,-12.22,-2.78,0.0,649.0,1.0
2022-12-20,5.56,-9.44,-1.94,0.0,649.0,0.0
2022-12-21,8.33,-10.56,-1.12,0.0,672.0,1.0
2022-12-22,11.67,-11.11,0.28,0.0,707.0,1.0
2022-12-23,2.78,-12.78,-5.0,0.0,707.0,0.0
2022-12-24,10.56,-11.11,-0.27,0.0,716.0,1.0
2022-12-25,10.0,-8.33,0.84,0.0,718.0,1.0
2022-12-26,9.44,-6.67,1.38,0.0,728.0,1.0
2022-12-27,10.0,-3.89,3.06,0.0,754.0,1.0
2022-12-28,7.78,-1.11,3.34,7.37,778.0,1.0
2022-12-29,3.89,-6.11,-1.11,0.0,788.0,1.0
2022-12-30,5.56,-3.89,0.83,0.0,763.0,0.0
2022-12-31,9.44,-2.78,3.33,0.0,728.0,0.0
2023-01-01,7.22,-0.61,3.3,4.06,752.0,1.0
2023-01-02,3.89,-1.11,1.39,0.25,779.0,1.0
2023-01-03,2.78,-3.89,-0.56,0.76,778.0,0.0
2023-01-04,3.89,-5.61,-0.86,0.0,732.0,0.0
2023-01-05,7.22,-5.0,1.11,0.0,674.0,0.0
2023-01-06,7.22,-4.39,1.42,0.0,676.0,1.0
2023-01-07,7.78,-5.61,1.08,0.0,665.0,0.0
2023-01-08,8.33,-6.11,1.11,0.0,651.0,0.0
2023-01-09,9.44,-4.39,2.52,0.0,657.0,1.0
2023-01-10,12.22,-2.78,4.72,0.0,673.0,1.0
2023-01-11,6.67,-5.61,0.53,0.0,689.0,1.0
2023-01-12,8.0,-5.61,1.19,0.0,688.0,0.0
2023-01-13,12.22,-5.0,3.61,0.0,661.0,0.0
2023-01-14,10.0,-3.89,3.06,0.0,641.0,0.0
2023-01-15,4.44,-0.61,1.92,6.35,694.0,1.0
2023-01-16,2.78,-2.22,0.28,1.27,690.0,0.0
2023-01-17,3.33,-2.78,0.28,7.62,698.0,1.0
2023-01-18,0.56,-5.61,-2.53,0.0,678.0,0.0
2023-01-19,3.33,-7.78,-2.22,0.0,639.0,0.0
2023-01-20,3.33,-8.89,-2.78,0.51,595.0,0.0
2023-01-21,1.11,-12.22,-5.56,0.0,634.0,1.0
2023-01-22,1.67,-8.28,-3.3,0.0,634.0,0.0
2023-01-23,1.67,-2.78,-0.55,0.0,621.0,0.0
2023-01-24,2.78,-6.72,-1.97,0.0,635.0,1.0
2023-01-25,0.0,-10.0,-5.0,0.0,640.0,1.0
2023-01-26,0.56,-11.72,-5.58,0.0,584.0,0.0
2023-01-27,4.44,-8.89,-2.22,0.0,570.0,0.0
2023-01-28,7.22,-8.28,-0.53,0.0,590.0,1.0
2023-01-29,8.89,-8.89,0.0,0.0,613.0,1.0
2023-01-30,8.33,-5.61,1.36,0.0,636.0,1.0
2023-01-31,6.67,-9.39,-1.36,0.0,639.0,1.0
2023-02-01,7.22,-6.72,0.25,0.0,650.0,1.0
2023-02-02,7.22,-6.11,0.55,0.0,649.0,0.0
2023-02-03,9.44,-6.72,1.36,0.0,653.0,1.0
2023-02-04,12.78,-5.0,3.89,0.0,666.0,1.0
2023-02-05,13.89,-2.78,5.56,0.0,663.0,0.0
2023-02-06,8.33,-0.61,3.86,0.0,678.0,1.0
2023-02-07,2.22,-2.78,-0.28,1.02,688.0,1.0
2023-02-08,5.56,-5.0,0.28,0.0,696.0,1.0
2023-02-09,1.67,-6.72,-2.52,0.0,690.0,0.0
2023-02-10,6.11,-10.0,-1.94,0.0,683.0,0.0
2023-02-11,9.44,-8.89,0.27,0.0,665.0,0.0
2023-02-12,12.78,-3.28,4.75,0.0,672.0,1.0
2023-02-13,12.22,-2.22,5.0,5.08,684.0,1.0
2023-02-14,1.67,-3.28,-0.8,0.25,752.0,1.0
2023-02-15,1.11,-8.89,-3.89,1.52,729.0,0.0
2023-02-16,-1.72,-15.0,-8.36,0.0,702.0,0.0
2023-02-17,5.0,-12.22,-3.61,0.0,598.0,0.0
2023-02-18,7.78,-6.72,0.53,0.0,529.0,0.0
2023-02-19,7.78,-2.78,2.5,0.0,652.0,1.0
2023-02-20,12.78,1.11,6.94,0.0,732.0,1.0
2023-02-21,12.78,-5.0,3.89,0.0,771.0,1.0
2023-02-22,10.0,-5.0,2.5,1.27,781.0,1.0
2023-02-23,7.78,-6.11,0.84,0.0,790.0,1.0
2023-02-24,10.0,-3.28,3.36,0.0,749.0,0.0
2023-02-25,11.67,-1.72,4.97,0.0,692.0,0.0
2023-02-26,12.22,-3.28,4.47,0.0,788.0,1.0
2023-02-27,8.33,-6.72,0.81,0.0,763.0,0.0
2023-02-28,10.56,-5.61,2.48,0.0,745.0,0.0
2023-03-01,9.44,-7.22,1.11,0.0,736.0,0.0
2023-03-02,8.33,-3.89,2.22,0.0,774.0,1.0
2023-03-03,10.56,-5.61,2.48,0.0,794.0,1.0
2023-03-04,11.67,-3.28,4.2,0.0,790.0,0.0
2023-03-05,13.33,-1.11,6.11,0.0,812.0,1.0
2023-03-06,16.11,-1.72,7.19,0.0,812.0,0.0
2023-03-07,13.89,3.33,8.61,0.0,809.0,0.0
2023-03-08,17.22,-2.78,7.22,0.0,798.0,0.0
2023-03-09,13.33,-4.39,4.47,0.0,810.0,1.0
2023-03-10,17.78,-2.22,7.78,0.0,815.0,1.0
2023-03-11,15.56,4.44,10.0,1.27,851.0,1.0
2023-03-12,12.22,1.67,6.94,0.25,880.0,1.0
2023-03-13,8.89,1.11,5.0,2.29,867.0,0.0
2023-03-14,13.33,-4.39,4.47,0.0,876.0,1.0
2023-03-15,15.0,4.44,9.72,2.29,1170.0,1.0
2023-03-16,7.0,-2.78,2.11,6.6,1100.0,0.0
2023-03-17,-0.61,-6.11,-3.36,1.52,1380.0,1.0
2023-03-18,3.89,-3.89,0.0,0.0,1390.0,1.0
2023-03-19,6.11,-5.61,0.25,0.0,1380.0,0.0
2023-03-20,5.0,-1.0,2.0,9.65,1370.0,0.0
2023-03-21,6.67,0.0,3.34,4.57,1360.0,0.0
2023-03-22,16.11,1.67,8.89,0.0,1330.0,0.0
2023-03-23,7.78,-1.11,3.34,0.0,1390.0,1.0
2023-03-24,5.56,-5.0,0.28,0.25,1360.0,0.0
2023-03-25,5.56,-5.0,0.28,0.0,1310.0,0.0
2023-03-26,6.11,-4.39,0.86,0.0,1260.0,0.0
2023-03-27,6.67,-5.61,0.53,0.0,1200.0,0.0
2023-03-28,10.0,-9.39,0.3,0.0,972.0,0.0
2023-03-29,17.22,-4.39,6.41,0.0,936.0,0.0
2023-03-30,18.33,1.11,9.72,0.0,963.0,1.0
2023-03-31,10.56,-1.72,4.42,0.0,980.0,1.0
2023-04-01,15.0,-2.78,6.11,0.0,988.0,1.0
2023-04-02,18.89,-2.78,8.06,0.0,1020.0,1.0
2023-04-03,20.56,1.67,11.11,0.0,1040.0,1.0
2023-04-04,11.67,-3.28,4.2,0.0,1190.0,1.0
2023-04-05,6.67,-6.72,-0.02,0.0,1190.0,0.0
2023-04-06,14.44,-6.11,4.16,0.0,1000.0,0.0
2023-04-07,15.56,2.78,9.17,0.0,1260.0,1.0
2023-04-08,18.89,0.0,9.44,0.0,1350.0,1.0
2023-04-09,19.44,1.67,10.56,0.0,1350.0,0.0
2023-04-10,22.22,3.89,13.06,0.0,1400.0,1.0
2023-04-11,23.33,5.0,14.16,0.0,1770.0,1.0
2023-04-12,25.0,12.22,18.61,0.0,2320.0,1.0
2023-04-13,21.11,8.33,14.72,0.0,3200.0,1.0
2023-04-14,15.56,2.78,9.17,0.0,3420.0,1.0
2023-04-15,16.11,-1.72,7.19,0.0,3370.0,0.0
2023-04-16,18.89,-2.78,8.06,0.0,3270.0,0.0
2023-04-17,21.67,1.67,11.67,0.0,3240.0,0.0
2023-04-18,21.11,2.78,11.94,0.0,3340.0,1.0
2023-04-19,20.56,5.0,12.78,0.0,3590.0,1.0
2023-04-20,13.33,-0.61,6.36,0.0,3670.0,1.0
2023-04-21,17.22,-3.89,6.66,0.0,3520.0,0.0
2023-04-22,18.33,4.44,11.38,0.0,3460.0,0.0
2023-04-23,15.56,-2.78,6.39,0.0,3390.0,0.0
2023-04-24,18.33,1.67,10.0,1.02,3430.0,1.0
2023-04-25,18.89,3.33,11.11,0.25,3640.0,1.0
2023-04-26,13.33,0.0,6.66,0.0,3560.0,0.0
2023-04-27,21.67,-1.11,10.28,0.0,3410.0,0.0
2023-04-28,12.22,0.0,6.11,2.03,3650.0,1.0
2023-04-29,21.67,-0.61,10.53,0.0,3630.0,0.0
2023-04-30,26.11,2.22,14.16,0.0,3660.0,1.0
2023-05-01,25.56,5.56,15.56,0.0,3860.0,1.0
2023-05-02,21.67,10.0,15.84,1.27,4280.0,1.0
2023-05-03,23.33,4.44,13.88,0.0,4370.0,1.0
2023-05-04,22.22,11.11,16.66,0.0,4620.0,1.0
2023-05-05,22.22,2.22,12.22,0.0,5090.0,1.0
2023-05-06,21.67,2.78,12.23,0.0,5200.0,1.0
2023-05-07,23.89,1.67,12.78,0.0,5210.0,1.0
2023-05-08,23.89,2.78,13.34,0.0,5390.0,1.0
2023-05-09,25.0,2.78,13.89,0.0,5330.0,0.0
2023-05-10,25.56,5.0,15.28,0.0,5390.0,1.0
2023-05-11,21.67,5.56,13.62,0.0,5340.0,0.0
2023-05-12,23.33,4.44,13.88,0.0,5220.0,0.0
2023-05-13,20.0,10.56,15.28,0.0,5270.0,1.0
2023-05-14,20.0,5.56,12.78,0.0,5570.0,1.0
2023-05-15,21.67,8.33,15.0,0.0,5500.0,0.0
2023-05-16,24.44,7.22,15.83,0.0,5410.0,0.0
2023-05-17,25.0,9.44,17.22,0.0,5490.0,1.0
2023-05-18,22.78,10.0,16.39,0.76,5650.0,1.0
2023-05-19,16.67,11.0,13.84,0.76,6210.0,1.0
2023-05-20,22.22,9.44,15.83,0.0,6750.0,1.0
2023-05-21,19.44,7.78,13.61,1.27,7110.0,1.0
2023-05-22,23.89,7.22,15.56,0.0,7440.0,1.0
2023-05-23,25.0,6.67,15.84,0.0,7520.0,1.0
2023-05-24,26.11,10.56,18.34,0.0,7410.0,0.0
2023-05-25,25.56,11.11,18.34,0.0,7120.0,0.0
2023-05-26,24.44,14.44,19.44,0.0,6700.0,0.0
2023-05-27,26.11,12.78,19.44,0.0,6550.0,0.0
2023-05-28,25.56,10.0,17.78,0.0,6330.0,0.0
2023-05-29,27.78,6.11,16.94,0.0,6080.0,0.0
2023-05-30,27.78,7.22,17.5,0.0,6000.0,0.0
2023-05-31,23.33,10.0,16.66,0.25,5930.0,0.0
2023-06-01,19.44,6.11,12.78,2.79,6050.0,1.0
2023-06-02,21.67,8.33,15.0,0.25,5990.0,0.0
2023-06-03,25.0,6.11,15.56,0.0,5750.0,0.0
2023-06-04,22.22,6.11,14.16,8.38,5720.0,0.0
2023-06-05,23.33,8.89,16.11,0.0,5400.0,0.0
2023-06-06,23.89,9.44,16.66,14.73,5050.0,0.0
2023-06-07,24.44,10.0,17.22,0.0,5070.0,1.0
2023-06-08,26.11,9.44,17.77,0.0,4920.0,0.0
2023-06-09,25.56,10.0,17.78,0.0,4840.0,0.0
2023-06-10,26.11,5.0,15.56,0.0,4800.0,0.0
2023-06-11,26.11,8.33,17.22,0.0,4730.0,0.0
2023-06-12,24.44,12.78,18.61,0.0,4550.0,0.0
2023-06-13,23.89,6.11,15.0,0.0,4300.0,0.0
2023-06-14,27.22,8.33,17.77,0.0,4160.0,0.0
2023-06-15,27.22,11.67,19.44,0.0,3990.0,0.0
2023-06-16,27.22,10.0,18.61,0.0,3680.0,0.0
2023-06-17,26.67,6.11,16.39,0.0,3300.0,0.0
2023-06-18,30.0,7.78,18.89,0.0,3050.0,0.0
2023-06-19,31.67,9.44,20.56,0.0,3040.0,0.0
2023-06-20,31.11,13.33,22.22,0.0,2660.0,0.0
2023-06-21,30.56,10.0,20.28,0.0,2460.0,0.0
2023-06-22,31.67,14.44,23.06,0.0,2300.0,0.0
2023-06-23,33.33,14.44,23.88,0.0,2280.0,0.0
2023-06-24,30.56,6.11,18.34,0.0,2260.0,0.0
2023-06-25,32.22,9.44,20.83,0.0,2200.0,0.0
2023-06-26,33.89,11.67,22.78,0.0,2090.0,0.0
2023-06-27,33.89,18.89,26.39,0.0,1970.0,0.0
2023-06-28,32.78,12.78,22.78,0.0,1860.0,0.0
2023-06-29,30.56,16.11,23.34,11.18,1790.0,0.0
2023-06-30,29.44,13.89,21.66,0.0,1860.0,1.0
2023-07-01,28.89,11.67,20.28,0.0,2030.0,1.0
2023-07-02,32.22,16.67,24.44,0.0,2030.0,0.0
2023-07-03,32.22,12.22,22.22,0.0,1860.0,0.0
2023-07-04,34.44,16.67,25.56,0.0,1720.0,0.0
2023-07-05,33.89,16.67,25.28,0.0,1620.0,0.0
2023-07-06,33.89,17.22,25.56,0.0,1340.0,0.0
2023-07-07,34.44,15.0,24.72,0.0,1220.0,0.0
2023-07-08,32.78,15.56,24.17,0.0,1180.0,0.0
2023-07-09,35.56,12.78,24.17,0.0,1180.0,0.0
2023-07-10,33.89,21.11,27.5,0.0,1160.0,0.0
2023-07-11,36.67,17.78,27.22,0.0,1050.0,0.0
2023-07-12,33.33,19.44,26.38,0.25,979.0,0.0
2023-07-13,35.0,18.33,26.66,0.0,969.0,0.0
2023-07-14,35.0,16.67,25.84,0.0,995.0,1.0
2023-07-15,34.44,18.89,26.66,0.0,980.0,0.0
2023-07-16,35.56,15.56,25.56,0.0,958.0,0.0
2023-07-17,37.22,17.22,27.22,0.0,940.0,0.0
2023-07-18,37.22,19.44,28.33,0.0,1020.0,1.0
2023-07-19,35.56,17.22,26.39,0.0,1050.0,1.0
2023-07-20,36.0,23.33,29.66,0.0,1020.0,0.0
2023-07-21,32.22,15.56,23.89,0.0,1110.0,1.0
2023-07-22,30.0,16.67,23.34,0.0,1100.0,0.0
2023-07-23,33.33,13.89,23.61,0.0,1120.0,1.0
2023-07-24,35.0,17.22,26.11,0.0,1060.0,0.0
2023-07-25,36.11,17.78,26.94,0.25,1070.0,1.0
2023-07-26,35.56,18.33,26.94,1.27,1070.0,0.0
2023-07-27,34.44,18.33,26.38,0.0,1040.0,0.0
2023-07-28,32.22,17.22,24.72,1.02,1010.0,0.0
2023-07-29,31.11,16.11,23.61,0.0,945.0,0.0
2023-07-30,31.11,16.67,23.89,0.0,957.0,1.0
2023-07-31,32.78,15.56,24.17,0.0,995.0,1.0
2023-08-01,30.56,18.33,24.44,0.51,998.0,1.0
2023-08-02,31.11,13.89,22.5,0.0,990.0,0.0
2023-08-03,32.78,17.22,25.0,0.0,983.0,0.0
2023-08-04,34.44,16.11,25.28,0.0,959.0,0.0
2023-08-05,34.44,15.0,24.72,0.0,947.0,0.0
2023-08-06,35.56,16.67,26.12,0.0,921.0,0.0
2023-08-07,28.33,16.11,22.22,1.02,886.0,0.0
2023-08-08,28.89,13.89,21.39,3.3,992.0,1.0
2023-08-09,31.11,14.44,22.78,0.0,943.0,0.0
2023-08-10,30.56,12.78,21.67,0.0,832.0,0.0
2023-08-11,31.11,15.56,23.34,0.0,791.0,0.0
2023-08-12,30.0,16.67,23.34,0.0,637.0,0.0
2023-08-13,29.44,15.56,22.5,0.0,637.0,0.0
2023-08-14,26.11,16.11,21.11,0.0,640.0,1.0
2023-08-15,31.11,12.78,21.94,0.0,614.0,0.0
2023-08-16,31.11,16.11,23.61,0.25,562.0,0.0
2023-08-17,33.89,16.11,25.0,0.0,523.0,0.0
2023-08-18,32.78,16.11,24.44,0.0,548.0,1.0
2023-08-19,33.89,16.11,25.0,0.0,533.0,0.0
2023-08-20,32.78,17.78,25.28,0.0,497.0,0.0
2023-08-21,31.67,20.0,25.84,0.0,480.0,0.0
2023-08-22,31.67,17.78,24.72,0.0,452.0,0.0
2023-08-23,28.89,18.89,23.89,0.0,967.0,1.0
2023-08-24,27.22,18.33,22.78,0.0,1030.0,1.0
2023-08-25,30.0,16.11,23.06,0.0,1050.0,1.0
2023-08-26,28.89,17.22,23.06,0.0,975.0,0.0
2023-08-27,30.0,16.11,23.06,5.33,977.0,1.0
2023-08-28,30.0,15.56,22.78,0.0,1010.0,1.0
2023-08-29,29.44,13.33,21.38,1.02,933.0,0.0
2023-08-30,32.22,13.89,23.06,0.0,455.0,0.0
2023-08-31,33.33,15.56,24.44,0.0,373.0,0.0
2023-09-01,33.89,14.44,24.16,0.0,332.0,0.0
2023-09-02,32.22,15.0,23.61,0.0,321.0,0.0
2023-09-03,32.78,16.11,24.44,0.0,312.0,0.0
2023-09-04,30.0,16.67,23.34,0.0,290.0,0.0
2023-09-05,30.0,11.67,20.84,0.0,1030.0,1.0
2023-09-06,31.67,13.89,22.78,0.0,1170.0,1.0
2023-09-07,33.89,11.67,22.78,0.0,1180.0,1.0
2023-09-08,33.33,15.0,24.16,0.0,1190.0,1.0
2023-09-09,32.22,13.33,22.78,0.0,1190.0,0.0
2023-09-10,30.0,17.22,23.61,0.0,1190.0,0.0
2023-09-11,25.56,14.44,20.0,10.67,1190.0,0.0
2023-09-12,17.78,12.22,15.0,5.08,1230.0,1.0
2023-09-13,20.0,12.78,16.39,2.79,1320.0,1.0
2023-09-14,22.78,10.56,16.67,0.76,1320.0,0.0
2023-09-15,23.33,9.44,16.38,0.25,1390.0,1.0
2023-09-16,23.33,7.78,15.56,0.0,1410.0,1.0
2023-09-17,25.0,10.56,17.78,3.05,1380.0,0.0
2023-09-18,26.11,10.0,18.06,0.51,1430.0,1.0
2023-09-19,26.67,9.44,18.06,0.0,1490.0,1.0
2023-09-20,25.0,8.33,16.66,0.0,1470.0,0.0
2023-09-21,26.11,10.56,18.34,0.0,1470.0,0.0
2023-09-22,26.67,8.89,17.78,0.0,1450.0,0.0
2023-09-23,25.0,8.33,16.66,0.0,1430.0,0.0
2023-09-24,25.0,10.56,17.78,0.0,1420.0,0.0
2023-09-25,26.67,8.89,17.78,0.0,1410.0,0.0
2023-09-26,27.78,13.89,20.84,0.0,1470.0,1.0
2023-09-27,28.33,11.11,19.72,0.0,1440.0,0.0
2023-09-28,27.78,8.33,18.06,0.0,1450.0,1.0
2023-09-29,27.78,8.33,18.06,0.0,1500.0,1.0
2023-09-30,25.0,13.33,19.16,5.08,1540.0,1.0
2023-10-01,25.56,12.22,18.89,0.0,1510.0,0.0
2023-10-02,24.44,10.0,17.22,3.81,1530.0,1.0
2023-10-03,20.56,7.78,14.17,0.0,1520.0,0.0
2023-10-04,21.67,7.22,14.44,0.0,1510.0,0.0
2023-10-05,23.89,3.89,13.89,0.0,1490.0,0.0
2023-10-06,25.0,6.67,15.84,0.0,1480.0,0.0
2023-10-07,22.22,6.11,14.16,0.0,1500.0,1.0
2023-10-08,25.0,6.67,15.84,0.0,1530.0,1.0
2023-10-09,25.0,6.11,15.56,0.0,1550.0,1.0
2023-10-10,23.89,6.11,15.0,0.0,1540.0,0.0
2023-10-11,26.11,6.67,16.39,0.0,1510.0,0.0
2023-10-12,16.67,3.89,10.28,0.0,1500.0,0.0
2023-10-13,17.78,0.56,9.17,0.0,1510.0,1.0
2023-10-14,20.56,1.11,10.84,0.0,1530.0,1.0
2023-10-15,22.78,8.0,15.39,0.0,1510.0,0.0
2023-10-16,23.33,3.33,13.33,0.0,1500.0,0.0
2023-10-17,27.22,6.67,16.94,0.0,1480.0,0.0
2023-10-18,26.67,7.78,17.23,0.0,1300.0,0.0
2023-10-19,25.56,5.56,15.56,0.0,1320.0,1.0
2023-10-20,26.67,10.56,18.62,0.0,1340.0,1.0
2023-10-21,26.67,6.67,16.67,0.0,1340.0,0.0
2023-10-22,25.0,6.11,15.56,0.0,1320.0,0.0
2023-10-23,24.44,5.56,15.0,0.0,1300.0,0.0
2023-10-24,20.0,8.89,14.44,0.0,1300.0,0.0
2023-10-25,17.22,7.22,12.22,0.0,1410.0,1.0
2023-10-26,20.0,2.78,11.39,0.0,1400.0,0.0
2023-10-27,19.44,2.78,11.11,0.0,1380.0,0.0
2023-10-28,20.56,3.89,12.22,0.0,1270.0,0.0
2023-10-29,8.89,-2.22,3.34,0.0,1280.0,1.0
2023-10-30,7.78,-3.89,1.94,0.0,1300.0,1.0
2023-10-31,11.67,-5.0,3.34,0.0,1310.0,1.0
2023-11-01,13.89,-3.33,5.28,0.0,1370.0,1.0
2023-11-02,18.89,-1.67,8.61,0.0,1530.0,1.0
2023-11-03,21.11,2.22,11.66,0.0,1530.0,0.0
2023-11-04,21.67,3.33,12.5,0.0,1570.0,1.0
2023-11-05,22.22,1.67,11.94,0.0,1570.0,0.0
2023-11-06,22.78,3.33,13.06,0.0,1560.0,0.0
2023-11-07,22.78,2.22,12.5,0.0,1540.0,0.0
2023-11-08,17.22,2.78,10.0,0.0,1530.0,0.0
2023-11-09,7.78,2.78,5.28,0.0,1540.0,1.0
2023-11-10,4.44,1.11,2.78,0.76,1540.0,0.0
2023-11-11,12.78,-2.78,5.0,0.0,1530.0,0.0
2023-11-12,17.22,-2.22,7.5,0.0,1530.0,0.0
2023-11-13,14.44,-3.89,5.28,0.0,1540.0,1.0
2023-11-14,16.11,-1.67,7.22,0.0,1540.0,0.0
2023-11-15,18.33,0.0,9.16,0.0,1530.0,0.0
2023-11-16,18.33,3.33,10.83,0.0,1450.0,0.0
2023-11-17,18.33,4.44,11.38,0.0,549.0,0.0
2023-11-18,14.44,2.78,8.61,4.83,445.0,0.0
2023-11-19,8.33,0.0,4.16,2.54,438.0,0.0
2023-11-20,11.67,1.0,6.34,0.0,442.0,1.0
2023-11-21,11.11,-2.78,4.16,0.0,436.0,0.0
2023-11-22,13.89,-2.22,5.84,0.0,427.0,0.0
2023-11-23,10.0,-4.44,2.78,0.0,416.0,0.0
2023-11-24,2.78,-3.33,-0.28,0.0,415.0,0.0
2023-11-25,1.11,-4.44,-1.66,4.57,436.0,1.0
2023-11-26,3.33,-7.78,-2.22,0.0,430.0,0.0
2023-11-27,3.89,-7.78,-1.94,0.0,399.0,0.0
2023-11-28,7.22,-7.22,0.0,0.0,364.0,0.0
2023-11-29,8.33,-3.33,2.5,0.0,380.0,1.0
2023-11-30,2.22,-1.11,0.56,14.99,418.0,1.0
2023-12-01,3.89,-3.89,0.0,1.02,492.0,1.0
2023-12-02,2.78,-5.0,-1.11,0.0,558.0,1.0
2023-12-03,6.67,-7.78,-0.56,0.0,561.0,1.0
2023-12-04,8.89,-3.89,2.5,0.0,602.0,1.0
2023-12-05,11.67,-2.22,4.72,0.0,597.0,0.0
2023-12-06,11.11,-0.56,5.28,0.0,621.0,1.0
2023-12-07,13.33,-0.56,6.38,0.0,583.0,0.0
2023-12-08,9.44,-3.33,3.06,0.0,584.0,1.0
2023-12-09,2.78,-7.78,-2.5,0.0,582.0,0.0
2023-12-10,5.56,-8.89,-1.67,0.0,549.0,0.0
2023-12-11,7.78,-5.0,1.39,0.0,500.0,0.0
2023-12-12,8.89,-2.22,3.34,0.0,485.0,0.0
2023-12-13,5.0,0.0,2.5,0.76,508.0,1.0
2023-12-14,3.89,-1.11,1.39,13.21,609.0,1.0
2023-12-15,6.67,-1.67,2.5,0.0,629.0,1.0
2023-12-16,7.78,-3.33,2.22,0.0,600.0,0.0
2023-12-17,10.0,-3.33,3.34,0.0,591.0,0.0
2023-12-18,10.56,-2.78,3.89,0.0,542.0,0.0
2023-12-19,8.33,-1.11,3.61,0.0,511.0,0.0
2023-12-20,9.44,-0.56,4.44,0.0,535.0,1.0
2023-12-21,11.11,0.56,5.84,0.0,565.0,1.0
2023-12-22,12.22,-1.11,5.56,2.03,609.0,1.0
2023-12-23,8.33,1.11,4.72,6.35,650.0,1.0
2023-12-24,5.56,-2.78,1.39,0.0,670.0,1.0
2023-12-25,1.67,-7.22,-2.78,0.0,639.0,0.0
2023-12-26,2.78,-6.11,-1.67,0.0,595.0,0.0
2023-12-27,6.11,-5.56,0.28,0.0,519.0,0.0
2023-12-28,7.22,-7.22,0.0,0.0,479.0,0.0
2023-12-29,8.89,-6.11,1.39,0.0,474.0,0.0
2023-12-30,8.33,-5.0,1.66,0.0,472.0,0.0
2023-12-31,8.89,-5.0,1.95,0.0,472.0,0.0
2024-01-01,8.33,-6.11,1.11,0.0,501.0,1.0
2024-01-02,9.44,-5.56,1.94,0.0,506.0,1.0
2024-01-03,7.78,-8.33,-0.27,0.0,519.0,1.0
2024-01-04,3.89,-1.67,1.11,2.03,520.0,1.0
2024-01-05,1.67,-4.44,-1.39,0.0,540.0,1.0
2024-01-06,1.67,-8.33,-3.33,0.0,534.0,0.0
2024-01-07,2.78,-6.67,-1.94,1.27,523.0,0.0
2024-01-08,0.0,-12.78,-6.39,0.51,521.0,0.0
2024-01-09,-1.11,-12.22,-6.66,0.0,463.0,0.0
2024-01-10,4.44,-11.11,-3.33,0.0,492.0,1.0
2024-01-11,1.67,-10.56,-4.44,0.0,541.0,1.0
2024-01-12,0.56,-12.78,-6.11,0.0,537.0,0.0
2024-01-13,6.11,-7.22,-0.55,0.0,543.0,1.0
2024-01-14,9.44,-3.33,3.06,0.76,566.0,1.0
2024-01-15,7.78,-10.56,-1.39,0.0,570.0,1.0
2024-01-16,6.67,-13.33,-3.33,0.0,589.0,1.0
2024-01-17,7.78,-6.67,0.56,0.0,570.0,0.0
2024-01-18,10.56,-2.78,3.89,0.0,585.0,1.0
2024-01-19,8.89,-5.0,1.95,0.0,602.0,1.0
2024-01-20,10.56,-3.33,3.62,0.0,597.0,0.0
2024-01-21,6.11,0.56,3.34,0.0,603.0,1.0
2024-01-22,9.44,-1.67,3.88,0.0,614.0,1.0
2024-01-23,9.44,-3.33,3.06,0.0,627.0,1.0
2024-01-24,10.0,0.0,5.0,0.0,632.0,1.0
2024-01-25,8.89,-2.22,3.34,0.51,641.0,1.0
2024-01-26,9.44,-1.11,4.16,2.79,642.0,1.0
2024-01-27,8.33,-3.33,2.5,0.0,640.0,0.0
2024-01-28,12.22,-3.89,4.16,0.0,651.0,1.0
2024-01-29,13.33,-2.78,5.28,0.0,633.0,0.0
2024-01-30,15.0,-2.22,6.39,0.0,633.0,0.0
2024-01-31,12.78,0.0,6.39,0.0,636.0,1.0
2024-02-01,14.44,-0.56,6.94,0.0,637.0,1.0
2024-02-02,7.78,1.67,4.72,3.56,659.0,1.0
2024-02-03,7.22,0.0,3.61,0.0,674.0,1.0
2024-02-04,7.78,-5.56,1.11,0.0,673.0,0.0
2024-02-05,12.22,-4.44,3.89,0.0,663.0,0.0
2024-02-06,11.11,0.56,5.84,0.0,671.0,1.0
2024-02-07,8.89,-1.11,3.89,1.52,694.0,1.0
2024-02-08,7.22,-1.11,3.06,0.0,703.0,1.0
2024-02-09,5.56,-6.11,-0.28,0.0,683.0,0.0
2024-02-10,1.11,-6.67,-2.78,5.59,677.0,0.0
2024-02-11,3.33,-7.78,-2.22,0.0,674.0,0.0
2024-02-12,6.67,-6.67,0.0,0.0,659.0,0.0
2024-02-13,10.0,-6.11,1.94,0.0,606.0,0.0
2024-02-14,11.67,-3.89,3.89,0.0,638.0,1.0
2024-02-15,13.89,-5.0,4.44,0.0,637.0,0.0
2024-02-16,12.78,-1.11,5.84,0.0,649.0,1.0
2024-02-17,3.89,-3.33,0.28,0.0,656.0,1.0
2024-02-18,11.11,-6.11,2.5,0.0,656.0,0.0
2024-02-19,16.11,-2.22,6.94,0.0,660.0,1.0
2024-02-20,17.22,-2.78,7.22,0.0,686.0,1.0
2024-02-21,17.22,-0.56,8.33,0.0,649.0,0.0
2024-02-22,13.89,-2.78,5.56,0.0,642.0,0.0
2024-02-23,12.22,-5.0,3.61,0.0,675.0,1.0
2024-02-24,17.22,-5.0,6.11,0.0,692.0,1.0
2024-02-25,19.44,-2.78,8.33,0.0,643.0,0.0
2024-02-26,16.67,7.78,12.23,0.0,677.0,1.0
2024-02-27,14.44,1.11,7.78,0.0,710.0,1.0
2024-02-28,12.78,-3.89,4.44,0.0,695.0,0.0
2024-02-29,15.0,-5.0,5.0,0.0,683.0,0.0
2024-03-01,17.22,-2.22,7.5,0.0,678.0,0.0
2024-03-02,17.22,-3.89,6.66,0.0,668.0,0.0
2024-03-03,18.89,1.11,10.0,0.0,648.0,0.0
2024-03-04,15.56,-2.78,6.39,0.0,646.0,0.0
2024-03-05,15.56,-5.56,5.0,0.0,660.0,1.0
2024-03-06,13.89,-2.78,5.56,0.0,666.0,1.0
2024-03-07,12.78,-5.56,3.61,0.0,672.0,1.0
2024-03-08,7.22,-2.22,2.5,1.52,668.0,0.0
2024-03-09,8.89,-3.89,2.5,0.25,708.0,1.0
2024-03-10,13.89,-3.89,5.0,0.0,716.0,1.0
2024-03-11,14.44,-2.78,5.83,0.0,714.0,0.0
2024-03-12,17.78,-3.33,7.22,0.0,730.0,1.0
2024-03-13,11.67,-1.67,5.0,0.51,733.0,1.0
2024-03-14,12.78,-1.67,5.56,0.0,737.0,1.0
2024-03-15,7.78,1.11,4.44,0.76,759.0,1.0
2024-03-16,10.56,2.22,6.39,2.79,763.0,1.0
2024-03-17,9.44,0.56,5.0,4.06,810.0,1.0
2024-03-18,12.22,0.0,6.11,0.0,816.0,1.0
2024-03-19,15.0,-1.11,6.94,0.0,776.0,0.0
2024-03-20,15.0,-1.67,6.66,0.0,770.0,0.0
2024-03-21,18.33,0.56,9.44,0.0,777.0,1.0
2024-03-22,18.89,-0.56,9.17,0.0,765.0,0.0
2024-03-23,16.11,6.67,11.39,0.0,773.0,1.0
2024-03-24,8.33,1.11,4.72,1.52,803.0,1.0
2024-03-25,8.89,0.0,4.44,0.0,829.0,1.0
2024-03-26,9.44,-2.22,3.61,0.25,910.0,1.0
2024-03-27,11.67,-6.67,2.5,0.0,960.0,1.0
2024-03-28,17.22,-4.44,6.39,0.0,943.0,0.0
2024-03-29,18.89,0.0,9.44,0.0,929.0,0.0
2024-03-30,21.11,-0.56,10.28,0.0,972.0,1.0
2024-03-31,21.11,4.44,12.78,0.0,990.0,1.0
2024-04-01,,,,,1030.0,1.0
2024-04-02,,,,,1040.0,1.0
2024-04-03,,,,,1010.0,0.0
2024-04-04,,,,,952.0,0.0
2024-04-05,,,,,919.0,0.0
2024-04-06,,,,,918.0,0.0
2024-04-07,,,,,867.0,0.0
2024-04-08,,,,,807.0,0.0
2024-04-09,,,,,790.0,0.0
2024-04-10,,,,,809.0,1.0
2024-04-11,,,,,769.0,0.0
2024-04-12,,,,,768.0,0.0
2024-04-13,,,,,919.0,1.0
2024-04-14,,,,,1110.0,1.0
2024-04-15,,,,,1260.0,1.0
2024-04-16,,,,,1580.0,1.0
2024-04-17,,,,,1650.0,1.0
2024-04-18,,,,,1840.0,1.0
2024-04-19,,,,,2080.0,1.0
2024-04-20,,,,,2450.0,1.0
2024-04-21,,,,,2640.0,1.0
2024-04-22,,,,,2830.0,1.0
2024-04-23,,,,,3120.0,1.0
2024-04-24,,,,,3310.0,1.0
2024-04-25,,,,,3480.0,1.0
2024-04-26,,,,,3410.0,0.0
2024-04-27,,,,,3380.0,0.0
2024-04-28,,,,,3270.0,0.0
2024-04-29,,,,,3050.0,0.0
2024-04-30,,,,,2720.0,0.0
2024-05-01,26.11,5.0,15.56,0.0,2590.0,0.0
2024-05-02,23.89,5.56,14.72,0.0,2700.0,1.0
2024-05-03,25.56,5.56,15.56,0.0,2880.0,1.0
2024-05-04,22.78,5.0,13.89,0.0,3050.0,1.0
2024-05-05,23.89,10.0,16.94,0.0,3040.0,0.0
2024-05-06,18.33,7.78,13.06,0.0,3030.0,0.0
2024-05-07,24.44,-0.56,11.94,0.0,2930.0,0.0
2024-05-08,20.56,5.56,13.06,0.0,2840.0,0.0
2024-05-09,21.11,5.56,13.34,0.0,2710.0,0.0
2024-05-10,18.89,8.33,13.61,0.0,2470.0,0.0
2024-05-11,18.33,7.78,13.06,2.03,2410.0,0.0
2024-05-12,18.33,1.67,10.0,0.0,2600.0,1.0
2024-05-13,25.56,5.0,15.28,0.0,2620.0,1.0
2024-05-14,26.67,6.11,16.39,0.25,2420.0,0.0
2024-05-15,25.56,9.44,17.5,0.25,2500.0,1.0
2024-05-16,18.33,7.22,12.77,3.56,2530.0,1.0
2024-05-17,27.78,6.11,16.94,0.0,2490.0,0.0
2024-05-18,29.44,6.11,17.78,0.0,2450.0,0.0
2024-05-19,28.33,9.44,18.88,0.0,2480.0,1.0
2024-05-20,28.33,5.0,16.66,0.0,2620.0,1.0
2024-05-21,25.56,6.11,15.84,0.0,2860.0,1.0
2024-05-22,25.56,6.11,15.84,0.0,2800.0,0.0
2024-05-23,27.22,9.44,18.33,0.0,2680.0,0.0
2024-05-24,27.22,7.22,17.22,0.0,2580.0,0.0
2024-05-25,27.22,7.22,17.22,0.0,2210.0,0.0
2024-05-26,27.22,10.0,18.61,0.0,1960.0,0.0
2024-05-27,28.89,10.0,19.44,0.0,1830.0,0.0
2024-05-28,31.11,11.67,21.39,0.0,1770.0,0.0
2024-05-29,28.89,14.44,21.66,0.0,1630.0,0.0
2024-05-30,30.56,8.89,19.73,0.0,1660.0,1.0
2024-05-31,30.56,11.67,21.12,0.0,1730.0,1.0
2024-06-01,31.11,15.0,23.06,0.0,1800.0,1.0
2024-06-02,31.11,10.56,20.84,0.0,1770.0,0.0
2024-06-03,31.11,7.22,19.16,0.0,1690.0,0.0
2024-06-04,32.78,15.56,24.17,0.0,1560.0,0.0
2024-06-05,34.44,13.33,23.88,0.0,1450.0,0.0
2024-06-06,36.67,14.44,25.56,0.0,1440.0,0.0
2024-06-07,36.67,16.67,26.67,0.0,1490.0,1.0
2024-06-08,36.11,15.56,25.84,0.0,1510.0,1.0
2024-06-09,31.11,13.89,22.5,7.11,1510.0,0.0
2024-06-10,20.0,13.89,16.94,7.37,1730.0,1.0
2024-06-11,30.0,13.33,21.66,0.25,1600.0,0.0
2024-06-12,34.44,12.22,23.33,0.0,1470.0,0.0
2024-06-13,36.67,13.89,25.28,0.0,1400.0,0.0
2024-06-14,27.22,13.33,20.27,3.81,1290.0,0.0
2024-06-15,31.67,11.11,21.39,0.0,1280.0,0.0
2024-06-16,35.0,13.33,24.16,0.0,1090.0,0.0
2024-06-17,33.33,14.44,23.88,0.0,961.0,0.0
2024-06-18,31.67,15.56,23.62,0.0,910.0,0.0
2024-06-19,30.0,12.78,21.39,7.11,863.0,0.0
2024-06-20,28.89,17.78,23.34,0.0,1530.0,1.0
2024-06-21,27.22,17.78,22.5,15.49,1740.0,1.0
2024-06-22,25.56,16.67,21.12,0.25,973.0,0.0
2024-06-23,26.67,17.22,21.94,1.27,837.0,0.0
2024-06-24,33.33,15.56,24.44,8.13,852.0,1.0
2024-06-25,33.89,16.11,25.0,0.0,1040.0,1.0
2024-06-26,35.0,16.11,25.56,0.0,951.0,0.0
2024-06-27,30.56,16.11,23.34,0.76,899.0,0.0
2024-06-28,31.11,15.56,23.34,0.0,884.0,0.0
2024-06-29,32.78,15.56,24.17,25.65,721.0,0.0
2024-06-30,29.44,16.67,23.06,5.59,769.0,1.0
2024-07-01,29.44,17.22,23.33,5.33,813.0,1.0
2024-07-02,28.89,15.0,21.94,0.0,808.0,0.0
2024-07-03,30.56,13.89,22.22,0.0,799.0,0.0
2024-07-04,33.89,12.78,23.34,0.0,705.0,0.0
2024-07-05,30.0,17.22,23.61,2.79,658.0,0.0
2024-07-06,32.22,16.11,24.16,0.0,632.0,0.0
2024-07-07,33.33,10.0,21.66,0.0,539.0,0.0
2024-07-08,25.56,17.22,21.39,0.0,458.0,0.0
2024-07-09,30.56,11.67,21.12,0.0,476.0,1.0
2024-07-10,32.22,12.78,22.5,1.27,455.0,0.0
2024-07-11,32.78,12.78,22.78,0.0,441.0,0.0
2024-07-12,32.78,14.44,23.61,0.0,652.0,1.0
2024-07-13,35.56,13.33,24.44,0.76,480.0,0.0
2024-07-14,35.56,13.89,24.72,0.0,392.0,0.0
2024-07-15,36.11,14.44,25.28,0.0,370.0,0.0
2024-07-16,35.56,17.22,26.39,0.0,361.0,0.0
2024-07-17,32.22,15.56,23.89,1.27,445.0,1.0
2024-07-18,31.11,14.44,22.78,0.0,460.0,1.0
2024-07-19,33.33,15.0,24.16,0.0,551.0,1.0
2024-07-20,31.67,14.44,23.06,1.52,588.0,1.0
2024-07-21,28.33,15.0,21.66,0.0,636.0,1.0
2024-07-22,27.78,11.11,19.44,0.25,699.0,1.0
2024-07-23,32.22,13.33,22.78,0.76,747.0,1.0
2024-07-24,33.89,13.33,23.61,1.52,790.0,1.0
2024-07-25,33.33,12.78,23.06,0.0,732.0,0.0
2024-07-26,32.22,14.44,23.33,0.76,605.0,0.0
2024-07-27,31.67,13.33,22.5,0.0,521.0,0.0
2024-07-28,36.11,15.0,25.56,0.0,472.0,0.0
2024-07-29,36.11,17.78,26.94,0.0,510.0,1.0
2024-07-30,35.0,17.22,26.11,0.0,451.0,0.0
2024-07-31,36.67,15.0,25.84,0.0,436.0,0.0
2024-08-01,35.0,18.89,26.94,5.59,478.0,1.0
2024-08-02,33.33,16.67,25.0,0.51,504.0,1.0
2024-08-03,34.44,15.56,25.0,0.25,510.0,1.0
2024-08-04,35.0,16.11,25.56,0.0,604.0,1.0
2024-08-05,32.78,17.78,25.28,0.0,592.0,0.0
2024-08-06,34.44,16.11,25.28,0.0,650.0,1.0
2024-08-07,35.0,16.11,25.56,0.0,799.0,1.0
2024-08-08,32.78,17.22,25.0,4.32,733.0,0.0
2024-08-09,28.89,16.11,22.5,20.32,1030.0,1.0
2024-08-10,28.89,17.22,23.06,0.51,798.0,0.0
2024-08-11,31.67,18.89,25.28,0.0,811.0,1.0
2024-08-12,33.33,18.89,26.11,0.0,814.0,1.0
2024-08-13,31.11,15.56,23.34,0.0,774.0,0.0
2024-08-14,30.56,14.44,22.5,0.0,711.0,0.0
2024-08-15,33.33,12.78,23.06,0.0,737.0,1.0
2024-08-16,35.56,16.11,25.84,0.0,577.0,0.0
2024-08-17,35.56,17.22,26.39,0.0,532.0,0.0
2024-08-18,34.44,15.0,24.72,0.0,465.0,0.0
2024-08-19,34.44,15.56,25.0,0.0,497.0,1.0
2024-08-20,35.56,16.67,26.12,0.0,604.0,1.0
2024-08-21,35.0,18.33,26.66,0.0,705.0,1.0
2024-08-22,33.33,17.22,25.28,0.0,698.0,0.0
2024-08-23,32.78,15.56,24.17,0.0,711.0,1.0
2024-08-24,32.22,16.11,24.16,4.83,724.0,1.0
2024-08-25,28.89,14.44,21.66,2.03,758.0,1.0
2024-08-26,28.89,15.0,21.94,5.84,803.0,1.0
2024-08-27,28.33,12.22,20.27,0.0,834.0,1.0
2024-08-28,28.33,12.22,20.27,0.76,886.0,1.0
2024-08-29,29.44,15.56,22.5,0.0,901.0,1.0
2024-08-30,28.89,12.78,20.84,0.0,888.0,0.0
2024-08-31,30.0,10.56,20.28,0.0,738.0,0.0
2024-09-01,30.0,11.67,20.84,0.0,666.0,0.0
2024-09-02,27.78,10.0,18.89,0.0,625.0,0.0
2024-09-03,30.0,9.44,19.72,0.0,588.0,0.0
2024-09-04,32.78,11.67,22.22,0.0,476.0,0.0
2024-09-05,28.89,11.67,20.28,1.52,549.0,1.0
2024-09-06,26.67,10.0,18.34,0.0,545.0,0.0
2024-09-07,28.89,10.0,19.44,0.0,443.0,0.0
2024-09-08,29.44,11.11,20.27,0.0,418.0,0.0
2024-09-09,30.56,11.67,21.12,0.0,396.0,0.0
2024-09-10,31.11,11.67,21.39,0.0,381.0,0.0
2024-09-11,30.0,11.67,20.84,0.0,366.0,0.0
2024-09-12,30.56,11.11,20.84,0.0,355.0,0.0
2024-09-13,30.0,10.0,20.0,0.0,350.0,0.0
2024-09-14,31.11,12.22,21.66,0.0,360.0,1.0
2024-09-15,30.0,11.67,20.84,0.0,355.0,0.0
2024-09-16,21.11,13.33,17.22,3.05,376.0,1.0
2024-09-17,28.33,11.11,19.72,1.52,589.0,1.0
2024-09-18,25.0,8.89,16.94,0.0,571.0,0.0
2024-09-19,28.33,9.44,18.88,0.0,479.0,0.0
2024-09-20,27.78,11.11,19.44,0.0,444.0,0.0
2024-09-21,25.56,8.89,17.23,3.05,447.0,1.0
2024-09-22,21.11,8.89,15.0,0.0,498.0,1.0
2024-09-23,24.44,5.56,15.0,0.0,448.0,0.0
2024-09-24,28.33,6.11,17.22,0.0,441.0,0.0
2024-09-25,28.89,7.78,18.34,0.0,398.0,0.0
2024-09-26,31.11,10.56,20.84,0.0,406.0,1.0
2024-09-27,32.22,12.78,22.5,0.0,383.0,0.0
2024-09-28,29.44,11.67,20.56,0.0,395.0,1.0
2024-09-29,30.0,11.11,20.56,0.0,385.0,0.0
2024-09-30,32.22,11.11,21.66,0.0,349.0,0.0
2024-10-01,26.11,13.33,19.72,0.0,332.0,0.0
2024-10-02,28.33,8.33,18.33,0.0,329.0,0.0
2024-10-03,30.0,8.33,19.16,0.0,356.0,1.0
2024-10-04,29.44,8.89,19.16,0.0,353.0,0.0
2024-10-05,28.89,8.33,18.61,0.0,355.0,1.0
2024-10-06,29.44,10.0,19.72,0.0,330.0,0.0
2024-10-07,27.22,6.11,16.66,0.0,334.0,1.0
2024-10-08,27.78,6.67,17.23,0.0,335.0,1.0
2024-10-09,27.78,7.78,17.78,0.0,331.0,0.0
2024-10-10,27.78,9.44,18.61,0.0,329.0,0.0
2024-10-11,29.44,9.44,19.44,0.0,344.0,1.0
2024-10-12,28.89,9.44,19.16,0.0,349.0,1.0
2024-10-13,28.33,8.89,18.61,0.0,357.0,1.0
2024-10-14,26.11,8.89,17.5,0.0,344.0,0.0
2024-10-15,26.11,10.0,18.06,0.0,343.0,0.0
2024-10-16,20.56,6.67,13.61,0.0,335.0,0.0
2024-10-17,20.56,4.44,12.5,2.54,393.0,1.0
2024-10-18,20.0,8.33,14.16,10.67,420.0,1.0
2024-10-19,12.78,6.11,9.44,21.59,716.0,1.0
2024-10-20,18.89,7.22,13.06,3.05,908.0,1.0
2024-10-21,17.22,2.22,9.72,0.0,969.0,1.0
2024-10-22,20.56,5.0,12.78,0.0,753.0,0.0
2024-10-23,22.78,5.0,13.89,0.0,701.0,0.0
2024-10-24,25.56,2.78,14.17,0.0,697.0,0.0
2024-10-25,19.44,5.56,12.5,0.0,645.0,0.0
2024-10-26,23.89,5.0,14.44,0.0,584.0,0.0
2024-10-27,25.0,6.67,15.84,0.0,541.0,0.0
2024-10-28,24.44,5.0,14.72,0.0,497.0,0.0
2024-10-29,21.11,5.56,13.34,0.0,485.0,0.0
2024-10-30,11.11,-1.67,4.72,0.0,481.0,0.0
2024-10-31,13.33,-2.22,5.56,0.0,479.0,0.0
2024-11-01,16.11,-3.33,6.39,0.0,471.0,0.0
2024-11-02,18.89,2.22,10.56,0.0,475.0,1.0
2024-11-03,9.44,1.67,5.56,0.25,479.0,1.0
2024-11-04,5.0,0.56,2.78,12.7,530.0,1.0
2024-11-05,8.89,-2.78,3.06,0.0,564.0,1.0
2024-11-06,3.89,-0.56,1.66,10.67,733.0,1.0
2024-11-07,0.56,-5.56,-2.5,3.3,887.0,1.0
2024-11-08,-0.56,-6.67,-3.62,0.0,878.0,0.0
2024-11-09,5.56,-8.33,-1.39,0.0,878.0,0.0
2024-11-10,10.0,-2.22,3.89,0.0,924.0,1.0
2024-11-11,11.11,-1.11,5.0,0.0,910.0,0.0
2024-11-12,13.33,-0.56,6.38,0.0,882.0,0.0
2024-11-13,10.56,-2.22,4.17,0.0,879.0,0.0
2024-11-14,14.44,-1.11,6.66,0.0,877.0,0.0
2024-11-15,17.78,-2.22,7.78,0.0,888.0,1.0
2024-11-16,12.78,0.0,6.39,0.0,898.0,1.0
2024-11-17,12.22,-1.11,5.56,0.0,880.0,0.0
2024-11-18,11.67,-3.33,4.17,0.0,872.0,0.0
2024-11-19,9.44,-4.44,2.5,0.0,899.0,1.0
2024-11-20,10.56,-7.22,1.67,0.0,888.0,0.0
2024-11-21,15.56,-2.78,6.39,0.0,837.0,0.0
2024-11-22,16.67,-3.33,6.67,0.0,806.0,0.0
2024-11-23,14.44,-2.22,6.11,0.0,782.0,0.0
2024-11-24,16.67,-3.33,6.67,0.0,787.0,1.0
2024-11-25,12.78,-2.22,5.28,0.0,796.0,1.0
2024-11-26,16.11,-2.78,6.66,0.0,809.0,1.0
2024-11-27,10.56,1.11,5.84,0.0,842.0,1.0
2024-11-28,7.78,-6.11,0.84,1.27,873.0,1.0
2024-11-29,7.78,-6.67,0.56,0.0,863.0,0.0
2024-11-30,10.0,-3.89,3.06,0.0,855.0,0.0
2024-12-01,12.22,-6.67,2.78,0.0,838.0,0.0
2024-12-02,13.89,-5.56,4.17,0.0,794.0,0.0
2024-12-03,13.89,-4.44,4.72,0.0,748.0,0.0
2024-12-04,14.44,-1.67,6.38,0.0,725.0,0.0
2024-12-05,12.22,-3.89,4.16,0.0,748.0,1.0
2024-12-06,12.22,-5.0,3.61,0.0,771.0,1.0
2024-12-07,12.22,-4.44,3.89,0.0,775.0,1.0
2024-12-08,12.78,-6.11,3.33,0.0,757.0,0.0
2024-12-09,11.67,-6.11,2.78,0.0,741.0,0.0
2024-12-10,3.89,-10.0,-3.06,0.0,738.0,0.0
2024-12-11,6.67,-8.89,-1.11,0.0,701.0,0.0
2024-12-12,8.33,-5.56,1.39,0.0,635.0,0.0
2024-12-13,9.44,-8.33,0.55,0.0,587.0,0.0
2024-12-14,9.44,-6.11,1.66,0.0,552.0,0.0
2024-12-15,13.33,-6.11,3.61,0.0,569.0,1.0
2024-12-16,12.78,-7.22,2.78,0.0,631.0,1.0
2024-12-17,12.22,-7.22,2.5,0.0,690.0,1.0
2024-12-18,9.44,-7.22,1.11,0.0,849.0,1.0
2024-12-19,14.44,-6.67,3.88,0.0,996.0,1.0
2024-12-20,13.33,-5.0,4.16,0.0,1000.0,1.0
2024-12-21,15.56,-2.78,6.39,0.0,999.0,0.0
2024-12-22,15.0,-2.78,6.11,0.0,1020.0,1.0
2024-12-23,14.44,-2.22,6.11,0.0,1020.0,0.0
2024-12-24,12.22,-5.0,3.61,0.0,1110.0,1.0
2024-12-25,10.56,-3.33,3.62,1.27,1230.0,1.0
2024-12-26,8.89,-6.67,1.11,0.0,1230.0,0.0
2024-12-27,10.56,-5.56,2.5,0.0,1220.0,0.0
2024-12-28,10.56,-2.78,3.89,0.0,1190.0,0.0
2024-12-29,13.89,-2.22,5.84,0.0,1190.0,0.0
2024-12-30,12.78,-3.33,4.72,0.0,1210.0,1.0
2024-12-31,9.44,-7.78,0.83,0.0,1210.0,0.0
2025-01-01,8.33,-7.22,0.56,0.0,1190.0,0.0
2025-01-02,12.78,-4.44,4.17,0.0,1160.0,0.0
2025-01-03,15.0,-2.22,6.39,0.0,1070.0,0.0
2025-01-04,14.44,-1.67,6.38,0.0,1100.0,1.0
2025-01-05,7.22,-6.67,0.27,0.0,1160.0,1.0
2025-01-06,3.89,-8.33,-2.22,0.0,1170.0,1.0
2025-01-07,2.22,-6.11,-1.94,0.0,1170.0,0.0
2025-01-08,3.89,-8.89,-2.5,0.0,1110.0,0.0
2025-01-09,1.67,-8.89,-3.61,0.0,1100.0,0.0
2025-01-10,3.33,-10.56,-3.62,0.0,1050.0,0.0
2025-01-11,8.33,-7.22,0.56,0.0,860.0,0.0
2025-01-12,2.22,-8.33,-3.06,0.0,889.0,1.0
2025-01-13,0.0,-7.22,-3.61,0.51,932.0,1.0
2025-01-14,2.22,-10.56,-4.17,0.0,937.0,1.0
2025-01-15,6.67,-11.67,-2.5,0.0,900.0,0.0
2025-01-16,10.56,-7.78,1.39,0.0,893.0,0.0
2025-01-17,10.56,-6.67,1.95,0.0,903.0,1.0
2025-01-18,5.56,-11.11,-2.78,0.0,675.0,0.0
2025-01-19,1.11,-13.33,-6.11,0.0,604.0,0.0
2025-01-20,-0.56,-16.11,-8.33,0.0,572.0,0.0
2025-01-21,0.0,-21.11,-10.56,0.0,568.0,0.0
2025-01-22,7.22,-17.22,-5.0,0.0,520.0,0.0
2025-01-23,0.0,-13.33,-6.66,0.25,526.0,1.0
2025-01-24,5.0,-13.89,-4.44,0.0,515.0,0.0
2025-01-25,5.56,-7.22,-0.83,0.0,505.0,0.0
2025-01-26,8.89,-6.67,1.11,0.0,512.0,1.0
2025-01-27,11.67,-7.22,2.22,0.0,517.0,1.0
2025-01-28,12.22,-6.11,3.06,0.0,527.0,1.0
2025-01-29,5.56,-7.78,-1.11,0.0,536.0,1.0
2025-01-30,6.67,-6.11,0.28,0.0,550.0,1.0
2025-01-31,11.67,-7.22,2.22,0.0,548.0,0.0
2025-02-01,12.22,-6.67,2.78,0.0,549.0,1.0
2025-02-02,17.22,-4.44,6.39,0.0,570.0,1.0
2025-02-03,18.89,-3.89,7.5,0.0,585.0,1.0
2025-02-04,21.11,-0.56,10.28,0.0,601.0,1.0
2025-02-05,18.89,-4.44,7.22,0.0,627.0,1.0
2025-02-06,17.78,-5.0,6.39,0.0,648.0,1.0
2025-02-07,18.33,-4.44,6.94,0.0,694.0,1.0
2025-02-08,16.67,-2.22,7.22,0.0,708.0,1.0
2025-02-09,16.67,-1.11,7.78,0.0,745.0,1.0
2025-02-10,15.0,1.67,8.34,0.0,777.0,1.0
2025-02-11,11.67,2.78,7.22,0.0,737.0,0.0
2025-02-12,7.78,-5.0,1.39,0.0,703.0,0.0
2025-02-13,8.89,-10.0,-0.55,0.0,673.0,0.0
2025-02-14,12.78,1.11,6.94,2.03,609.0,0.0
2025-02-15,7.78,-2.78,2.5,0.25,625.0,1.0
2025-02-16,11.67,-4.44,3.62,0.0,647.0,1.0
2025-02-17,13.89,-3.89,5.0,0.0,680.0,1.0
2025-02-18,11.11,-2.22,4.44,0.0,635.0,0.0
2025-02-19,12.78,-7.22,2.78,0.0,634.0,0.0
2025-02-20,15.0,-6.67,4.16,0.0,638.0,1.0
2025-02-21,11.11,-10.56,0.27,0.0,650.0,1.0
2025-02-22,13.89,-7.78,3.06,0.0,636.0,0.0
2025-02-23,16.67,-1.67,7.5,0.0,629.0,0.0
2025-02-24,21.67,-2.22,9.73,0.0,631.0,1.0
2025-02-25,21.11,1.11,11.11,0.0,630.0,0.0
2025-02-26,16.67,0.56,8.62,0.0,634.0,1.0
2025-02-27,12.78,-5.0,3.89,0.0,645.0,1.0
2025-02-28,17.78,-1.67,8.06,0.0,647.0,1.0
2025-03-01,19.44,-2.22,8.61,0.0,662.0,1.0
2025-03-02,18.33,2.22,10.27,0.0,672.0,1.0
2025-03-03,15.0,-1.67,6.66,0.0,678.0,1.0
2025-03-04,13.33,-2.78,5.28,0.0,650.0,0.0
2025-03-05,15.56,-3.89,5.84,0.0,616.0,0.0
2025-03-06,18.33,3.33,10.83,0.0,631.0,1.0
2025-03-07,10.0,-2.22,3.89,2.03,635.0,1.0
2025-03-08,5.0,-5.56,-0.28,1.52,640.0,1.0
2025-03-09,15.56,-3.33,6.12,0.0,624.0,0.0
2025-03-10,17.78,-2.78,7.5,0.0,627.0,1.0
2025-03-11,18.33,-6.11,6.11,0.0,624.0,0.0
2025-03-12,16.67,-1.67,7.5,0.0,622.0,0.0
2025-03-13,16.11,-2.78,6.66,0.25,619.0,0.0
2025-03-14,7.78,-2.22,2.78,1.02,625.0,1.0
2025-03-15,8.89,-2.78,3.06,0.25,638.0,1.0
2025-03-16,15.56,-6.67,4.44,0.0,639.0,1.0
2025-03-17,21.11,-2.78,9.16,0.0,648.0,1.0
2025-03-18,16.11,1.11,8.61,0.0,653.0,1.0
2025-03-19,8.89,-6.67,1.11,0.0,631.0,0.0
2025-03-20,12.78,-6.67,3.06,0.0,607.0,0.0
2025-03-21,17.22,-2.78,7.22,0.0,613.0,1.0
2025-03-22,20.0,-3.33,8.34,0.0,618.0,1.0
2025-03-23,18.89,2.78,10.84,0.0,612.0,0.0
2025-03-24,22.78,0.0,11.39,0.0,587.0,0.0
2025-03-25,24.44,5.0,14.72,0.0,585.0,0.0
2025-03-26,25.0,4.44,14.72,0.0,606.0,1.0
2025-03-27,25.0,5.56,15.28,0.0,600.0,0.0
2025-03-28,23.33,3.33,13.33,0.0,607.0,1.0
2025-03-29,18.89,0.0,9.44,0.0,640.0,1.0
2025-03-30,17.22,2.22,9.72,0.0,674.0,1.0
2025-03-31,19.44,-1.11,9.17,0.0,703.0,1.0
2025-04-01,18.89,0.56,9.72,0.51,727.0,1.0
2025-04-02,11.11,-6.11,2.5,0.0,807.0,1.0
2025-04-03,11.11,-2.78,4.16,0.0,843.0,1.0
2025-04-04,15.0,-0.56,7.22,1.02,797.0,0.0
2025-04-05,2.78,-1.67,0.55,6.86,694.0,0.0
2025-04-06,12.22,-2.22,5.0,0.0,624.0,0.0
2025-04-07,17.22,-0.56,8.33,0.0,544.0,0.0
2025-04-08,22.78,0.56,11.67,0.0,545.0,1.0
2025-04-09,26.11,5.0,15.56,0.0,503.0,0.0
2025-04-10,26.11,7.22,16.66,0.0,482.0,0.0
2025-04-11,27.22,8.89,18.06,0.0,531.0,1.0
2025-04-12,28.33,3.89,16.11,0.0,712.0,1.0
2025-04-13,25.56,10.56,18.06,0.0,776.0,1.0
2025-04-14,22.78,8.89,15.84,0.0,742.0,0.0
2025-04-15,22.22,7.78,15.0,0.0,782.0,1.0
2025-04-16,26.67,5.56,16.12,0.0,794.0,1.0
2025-04-17,26.11,5.56,15.84,0.0,736.0,0.0
2025-04-18,18.89,-1.11,8.89,0.0,723.0,0.0
2025-04-19,9.44,0.56,5.0,3.56,736.0,1.0
2025-04-20,16.67,-0.56,8.06,0.0,734.0,0.0
2025-04-21,20.0,-2.22,8.89,0.0,735.0,1.0
2025-04-22,23.89,2.22,13.06,0.0,728.0,0.0
2025-04-23,25.56,4.44,15.0,0.0,703.0,0.0
2025-04-24,24.44,2.78,13.61,0.0,695.0,0.0
2025-04-25,25.56,3.33,14.44,0.0,749.0,1.0
2025-04-26,26.67,10.0,18.34,0.0,711.0,0.0
2025-04-27,26.11,10.0,18.06,0.0,698.0,0.0
2025-04-28,18.33,1.11,9.72,0.0,867.0,1.0
2025-04-29,20.0,1.11,10.56,7.11,833.0,0.0
2025-04-30,21.67,1.67,11.67,0.0,738.0,0.0
2025-05-01,23.33,2.78,13.06,0.0,736.0,0.0
2025-05-02,18.33,7.78,13.06,0.0,739.0,1.0
2025-05-03,22.22,6.11,14.16,0.0,733.0,0.0
2025-05-04,21.11,5.56,13.34,11.68,759.0,1.0
2025-05-05,15.0,4.44,9.72,21.08,922.0,1.0
2025-05-06,9.44,3.33,6.38,10.16,1180.0,1.0
2025-05-07,15.56,5.0,10.28,1.78,1120.0,0.0
2025-05-08,18.33,6.67,12.5,0.0,983.0,0.0
2025-05-09,20.56,5.0,12.78,0.25,1080.0,1.0
2025-05-10,22.22,5.56,13.89,0.0,1160.0,1.0
2025-05-11,25.0,7.22,16.11,0.0,1200.0,1.0
2025-05-12,28.33,6.11,17.22,0.0,1230.0,1.0
2025-05-13,27.78,12.22,20.0,0.0,1280.0,1.0
2025-05-14,22.78,5.0,13.89,0.0,1310.0,1.0
2025-05-15,20.56,2.78,11.67,0.0,1240.0,0.0
2025-05-16,24.44,3.89,14.16,0.0,1120.0,0.0
2025-05-17,24.44,5.56,15.0,0.0,1090.0,0.0
2025-05-18,22.78,5.56,14.17,0.0,1120.0,1.0
2025-05-19,17.22,3.33,10.27,1.27,990.0,0.0
2025-05-20,22.78,1.67,12.23,0.0,925.0,0.0
2025-05-21,27.78,4.44,16.11,0.0,934.0,1.0
2025-05-22,29.44,9.44,19.44,0.0,889.0,0.0
2025-05-23,30.56,8.89,19.73,0.0,820.0,0.0
2025-05-24,28.33,8.33,18.33,0.0,758.0,0.0
2025-05-25,27.22,8.89,18.06,0.0,752.0,0.0
2025-05-26,22.22,7.78,15.0,2.54,789.0,1.0
2025-05-27,25.56,6.11,15.84,0.0,797.0,1.0
2025-05-28,28.89,12.22,20.56,0.0,872.0,1.0
2025-05-29,29.44,11.67,20.56,0.0,864.0,0.0
2025-05-30,30.0,10.56,20.28,0.0,796.0,0.0
2025-05-31,30.56,11.67,21.12,0.0,785.0,0.0
2025-06-01,32.22,12.22,22.22,0.25,782.0,0.0
2025-06-02,20.56,11.67,16.11,1.27,795.0,1.0
2025-06-03,26.67,10.56,18.62,3.56,901.0,1.0
2025-06-04,22.22,11.67,16.94,5.59,978.0,1.0
2025-06-05,26.67,10.56,18.62,0.0,1140.0,1.0
2025-06-06,29.44,11.67,20.56,0.0,1060.0,0.0
2025-06-07,31.67,12.78,22.22,0.0,1210.0,1.0
2025-06-08,32.78,10.56,21.67,0.0,1090.0,0.0
2025-06-09,27.78,8.89,18.34,14.99,1010.0,0.0
2025-06-10,27.22,11.11,19.16,0.0,885.0,0.0
2025-06-11,30.0,11.67,20.84,1.27,704.0,0.0
2025-06-12,29.44,10.56,20.0,0.0,700.0,0.0
2025-06-13,32.78,11.67,22.22,0.0,694.0,0.0
2025-06-14,34.44,13.89,24.16,0.0,658.0,0.0
2025-06-15,35.56,12.78,24.17,0.0,575.0,0.0
2025-06-16,35.56,15.0,25.28,0.0,517.0,0.0
2025-06-17,34.44,14.44,24.44,0.0,533.0,1.0
2025-06-18,32.78,15.0,23.89,0.0,553.0,1.0
2025-06-19,35.0,18.89,26.94,0.0,583.0,1.0
2025-06-20,36.11,18.89,27.5,0.0,639.0,1.0
2025-06-21,33.89,13.89,23.89,0.0,670.0,1.0
2025-06-22,33.33,15.56,24.44,0.0,630.0,0.0
2025-06-23,32.78,13.33,23.06,0.0,636.0,1.0
2025-06-24,27.78,15.56,21.67,34.54,711.0,1.0
2025-06-25,16.11,15.56,15.84,0.0,870.0,1.0
2025-06-26,30.0,12.78,21.39,0.0,538.0,0.0
2025-06-27,31.67,13.89,22.78,0.0,467.0,0.0
2025-06-28,32.78,13.89,23.34,0.0,497.0,1.0
2025-06-29,33.89,13.33,23.61,0.0,500.0,1.0
2025-06-30,27.78,15.0,21.39,0.0,494.0,0.0
2025-07-01,26.11,11.11,18.61,0.51,475.0,0.0
2025-07-02,28.89,10.56,19.73,0.0,466.0,0.0
2025-07-03,28.89,16.67,22.78,2.03,485.0,1.0
2025-07-04,31.67,12.78,22.22,0.0,491.0,1.0
2025-07-05,33.89,12.78,23.34,0.0,427.0,0.0
2025-07-06,31.67,17.78,24.72,3.3,395.0,0.0
2025-07-07,31.67,15.0,23.34,0.0,370.0,0.0
2025-07-08,34.44,14.44,24.44,0.0,335.0,0.0
2025-07-09,33.89,13.89,23.89,0.0,285.0,0.0
2025-07-10,37.78,17.22,27.5,0.0,275.0,0.0
2025-07-11,36.11,14.44,25.28,0.0,262.0,0.0
2025-07-12,28.33,15.56,21.94,0.0,262.0,0.0
2025-07-13,31.67,13.33,22.5,0.0,317.0,1.0
2025-07-14,33.33,12.78,23.06,0.76,303.0,0.0
2025-07-15,33.33,13.89,23.61,0.0,282.0,0.0
2025-07-16,35.0,13.89,24.44,0.0,263.0,0.0
2025-07-17,31.67,17.22,24.44,0.25,288.0,1.0
2025-07-18,33.33,16.11,24.72,1.27,491.0,1.0
2025-07-19,32.78,18.33,25.56,3.56,424.0,0.0
2025-07-20,33.33,15.0,24.16,0.0,386.0,0.0
2025-07-21,31.67,14.44,23.06,0.0,378.0,0.0
2025-07-22,30.0,15.0,22.5,0.25,384.0,1.0
2025-07-23,30.0,15.0,22.5,0.0,412.0,1.0
2025-07-24,27.78,15.56,21.67,0.0,383.0,0.0
2025-07-25,32.22,11.11,21.66,0.0,419.0,1.0
2025-07-26,32.78,13.89,23.34,0.0,369.0,0.0
2025-07-27,33.89,13.33,23.61,0.0,284.0,0.0
2025-07-28,33.33,15.0,24.16,6.86,220.0,0.0
2025-07-29,24.44,14.44,19.44,0.25,246.0,1.0
2025-07-30,28.33,13.33,20.83,11.18,272.0,1.0
2025-07-31,28.89,14.44,21.66,0.25,286.0,1.0
2025-08-01,30.0,13.33,21.66,0.0,521.0,1.0
2025-08-02,32.22,14.44,23.33,0.0,460.0,0.0
2025-08-03,33.89,13.33,23.61,0.0,320.0,0.0
2025-08-04,34.44,10.56,22.5,0.0,243.0,0.0
2025-08-05,35.0,12.78,23.89,0.0,210.0,0.0
2025-08-06,35.56,13.89,24.72,0.0,206.0,0.0
2025-08-07,35.56,14.44,25.0,0.0,228.0,1.0
2025-08-08,36.67,16.67,26.67,0.0,244.0,1.0
2025-08-09,35.56,13.89,24.72,0.0,221.0,0.0
2025-08-10,33.89,15.0,24.44,0.0,205.0,0.0
2025-08-11,32.22,14.44,23.33,0.0,196.0,0.0
2025-08-12,29.44,16.67,23.06,0.0,271.0,1.0
2025-08-13,32.78,14.44,23.61,0.0,261.0,0.0
2025-08-14,33.89,13.89,23.89,0.0,222.0,0.0
2025-08-15,31.11,16.11,23.61,0.25,224.0,1.0
2025-08-16,30.0,15.0,22.5,0.0,252.0,1.0
2025-08-17,31.67,12.22,21.94,0.0,245.0,0.0
2025-08-18,33.89,13.33,23.61,0.0,218.0,0.0
2025-08-19,32.22,16.11,24.16,0.0,217.0,0.0
2025-08-20,31.67,13.89,22.78,0.0,225.0,1.0
2025-08-21,32.22,13.89,23.06,0.0,224.0,0.0
2025-08-22,31.67,13.89,22.78,0.0,204.0,0.0
2025-08-23,29.44,15.56,22.5,0.51,274.0,1.0
2025-08-24,27.22,15.0,21.11,2.79,311.0,1.0
2025-08-25,30.0,15.0,22.5,9.4,322.0,1.0
2025-08-26,26.67,12.78,19.73,29.21,416.0,1.0
2025-08-27,26.11,15.0,20.56,2.79,553.0,1.0
2025-08-28,28.33,12.78,20.56,0.0,428.0,0.0
2025-08-29,28.33,15.56,21.94,0.0,560.0,1.0
2025-08-30,27.78,11.67,19.73,0.0,448.0,0.0
2025-08-31,26.67,11.67,19.17,2.29,388.0,0.0
2025-09-01,27.78,11.11,19.44,0.0,389.0,1.0
2025-09-02,28.33,10.56,19.44,0.0,393.0,1.0
2025-09-03,28.33,11.67,20.0,0.0,301.0,0.0
2025-09-04,28.33,10.56,19.44,0.0,211.0,0.0
2025-09-05,25.0,12.78,18.89,2.79,470.0,1.0
2025-09-06,23.33,11.11,17.22,2.79,275.0,0.0
2025-09-07,26.67,10.0,18.34,0.0,262.0,0.0
2025-09-08,28.89,8.89,18.89,0.0,228.0,0.0
2025-09-09,30.0,11.67,20.84,0.25,214.0,0.0
2025-09-10,29.44,11.67,20.56,0.51,209.0,0.0
2025-09-11,28.89,12.22,20.56,0.0,257.0,1.0
2025-09-12,28.89,12.22,20.56,6.35,265.0,1.0
2025-09-13,21.67,8.89,15.28,0.25,491.0,1.0
2025-09-14,25.0,6.67,15.84,0.0,471.0,0.0
2025-09-15,26.67,5.56,16.12,0.0,363.0,0.0
2025-09-16,27.78,10.0,18.89,2.03,350.0,0.0
2025-09-17,28.33,8.89,18.61,0.0,324.0,0.0
2025-09-18,26.67,7.78,17.23,0.0,337.0,1.0
2025-09-19,26.11,10.0,18.06,0.0,491.0,1.0
2025-09-20,27.78,7.78,17.78,0.0,410.0,0.0
2025-09-21,28.33,9.44,18.88,0.0,283.0,0.0
2025-09-22,25.0,8.89,16.94,0.76,260.0,0.0
2025-09-23,26.11,7.78,16.94,0.0,349.0,1.0
2025-09-24,22.22,5.56,13.89,0.0,372.0,1.0
2025-09-25,26.11,5.56,15.84,0.0,368.0,0.0
2025-09-26,26.11,7.22,16.66,0.0,414.0,1.0
2025-09-27,15.56,8.33,11.94,16.76,433.0,1.0
2025-09-28,21.11,9.44,15.27,4.83,441.0,1.0
2025-09-29,21.67,8.33,15.0,0.0,380.0,0.0
2025-09-30,23.89,8.89,16.39,0.0,329.0,0.0
2025-10-01,25.0,8.89,16.94,0.0,278.0,0.0
2025-10-02,26.67,7.22,16.94,0.0,255.0,0.0
2025-10-03,26.67,7.22,16.94,0.0,295.0,1.0
2025-10-04,25.56,7.78,16.67,0.0,281.0,0.0
2025-10-05,22.78,2.78,12.78,0.0,219.0,0.0
2025-10-06,25.56,3.89,14.72,0.0,210.0,0.0
2025-10-07,20.0,12.22,16.11,0.0,211.0,1.0
2025-10-08,21.11,10.56,15.84,33.02,260.0,1.0
2025-10-09,23.33,9.44,16.38,0.0,273.0,1.0
2025-10-10,22.22,11.11,16.66,0.0,282.0,1.0
2025-10-11,18.89,13.33,16.11,2.54,244.0,0.0
2025-10-12,21.67,11.67,16.67,0.0,256.0,1.0
2025-10-13,18.33,10.0,14.16,13.97,251.0,0.0
2025-10-14,21.11,10.0,15.56,0.0,276.0,1.0
2025-10-15,22.22,14.44,18.33,0.25,359.0,1.0
2025-10-16,18.89,7.78,13.34,1.27,1180.0,1.0
2025-10-17,17.78,3.33,10.56,0.0,1030.0,0.0
2025-10-18,18.89,1.67,10.28,0.0,1240.0,1.0
2025-10-19,20.56,0.0,10.28,0.0,1300.0,1.0
2025-10-20,23.33,0.0,11.66,0.0,1100.0,0.0
2025-10-21,19.44,0.56,10.0,0.0,869.0,0.0
2025-10-22,19.44,2.78,11.11,0.0,792.0,0.0
2025-10-23,20.56,6.67,13.61,0.76,722.0,0.0
2025-10-24,16.11,2.78,9.44,0.0,761.0,1.0
2025-10-25,18.33,1.67,10.0,0.0,706.0,0.0
2025-10-26,20.56,1.67,11.11,0.0,575.0,0.0
2025-10-27,21.11,1.67,11.39,0.0,531.0,0.0
2025-10-28,16.11,2.78,9.44,0.0,503.0,0.0
2025-10-29,13.33,-2.22,5.56,0.0,463.0,0.0
2025-10-30,18.33,-1.67,8.33,0.0,581.0,1.0
2025-10-31,18.89,-1.11,8.89,0.0,644.0,1.0
2025-11-01,16.67,-2.78,6.95,0.0,665.0,1.0
2025-11-02,21.67,1.11,11.39,0.0,620.0,0.0
2025-11-03,22.78,2.78,12.78,0.0,607.0,0.0
2025-11-04,21.67,0.56,11.12,0.0,630.0,1.0
2025-11-05,20.56,3.33,11.94,0.0,725.0,1.0
2025-11-06,21.11,-1.11,10.0,0.0,895.0,1.0
2025-11-07,19.44,1.67,10.56,0.0,923.0,1.0
2025-11-08,18.33,3.33,10.83,0.0,904.0,0.0
2025-11-09,11.67,-1.67,5.0,0.0,964.0,1.0
2025-11-10,17.22,-2.78,7.22,0.0,896.0,0.0
2025-11-11,18.89,-2.78,8.06,0.0,889.0,0.0
2025-11-12,19.44,1.11,10.28,0.0,860.0,0.0
2025-11-13,19.44,1.67,10.56,0.0,830.0,0.0
2025-11-14,20.0,0.56,10.28,0.0,828.0,0.0
2025-11-15,21.11,3.33,12.22,0.0,821.0,0.0
2025-11-16,18.33,0.56,9.44,1.27,806.0,0.0
2025-11-17,12.78,0.0,6.39,0.0,816.0,1.0
2025-11-18,12.22,0.0,6.11,0.0,804.0,0.0
2025-11-19,14.44,3.33,8.88,0.0,803.0,0.0
2025-11-20,8.33,2.22,5.28,10.92,845.0,1.0
2025-11-21,10.0,-0.56,4.72,0.0,911.0,1.0
2025-11-22,14.44,-0.56,6.94,0.0,919.0,1.0
2025-11-23,8.89,1.67,5.28,10.41,1030.0,1.0
2025-11-24,10.0,0.56,5.28,0.0,994.0,0.0
2025-11-25,10.56,0.0,5.28,0.0,977.0,0.0
2025-11-26,10.0,-3.33,3.34,0.0,960.0,0.0
2025-11-27,11.67,-1.67,5.0,0.0,948.0,0.0
2025-11-28,12.78,-1.67,5.56,0.0,927.0,0.0
2025-11-29,12.22,-1.67,5.28,0.0,895.0,0.0
2025-11-30,7.78,-4.44,1.67,0.0,862.0,0.0
2025-12-01,7.22,-3.33,1.94,0.0,1220.0,1.0
2025-12-02,8.89,-5.56,1.67,0.0,1520.0,1.0
2025-12-03,6.11,-2.22,1.94,,1710.0,1.0
2025-12-04,2.78,-6.11,-1.67,,1900.0,1.0
2025-12-05,3.89,-5.0,-0.55,0.0,2070.0,1.0
2025-12-06,10.0,-2.78,3.61,0.0,2020.0,0.0
2025-12-07,8.33,-3.89,2.22,0.0,1990.0,0.0
2025-12-08,10.0,-3.33,3.34,0.0,2000.0,1.0
2025-12-09,10.56,-3.89,3.34,0.0,1930.0,0.0
2025-12-10,11.67,-2.22,4.72,0.0,1760.0,0.0
2025-12-11,15.56,0.0,7.78,0.0,1650.0,0.0
2025-12-12,16.11,-2.78,6.66,0.0,1480.0,0.0
2025-12-13,16.11,-2.78,6.66,0.0,1500.0,1.0
2025-12-14,13.89,-5.56,4.17,0.0,1520.0,1.0
2025-12-15,13.33,-1.67,5.83,0.0,1520.0,0.0
2025-12-16,14.44,-3.89,5.28,0.0,1180.0,0.0
2025-12-17,15.0,-3.33,5.84,0.0,1070.0,0.0
2025-12-18,13.89,1.11,7.5,0.0,839.0,0.0
2025-12-19,15.0,1.11,8.06,0.0,836.0,0.0
2025-12-20,16.11,-0.56,7.78,0.0,832.0,0.0
2025-12-21,16.11,-3.89,6.11,0.0,836.0,1.0
2025-12-22,17.78,-0.56,8.61,0.0,840.0,1.0
2025-12-23,16.67,0.0,8.34,0.0,828.0,0.0
2025-12-24,17.78,1.67,9.73,0.0,841.0,1.0
2025-12-25,15.56,1.67,8.62,0.0,845.0,1.0
2025-12-26,13.89,-3.33,5.28,0.0,818.0,0.0
2025-12-27,8.89,1.67,5.28,,816.0,0.0
2025-12-28,7.22,-3.33,1.94,0.0,839.0,1.0
2025-12-29,6.11,-6.67,-0.28,0.0,846.0,1.0
2025-12-30,11.11,-6.11,2.5,0.0,805.0,0.0
2025-12-31,13.89,-7.78,3.06,0.0,757.0,0.0
2026-01-01,11.11,0.56,5.84,0.0,753.0,0.0
2026-01-02,12.22,0.56,6.39,0.0,765.0,1.0
2026-01-03,13.33,-2.22,5.56,0.0,787.0,1.0
2026-01-04,12.78,-1.11,5.84,0.0,781.0,0.0
2026-01-05,11.67,-6.67,2.5,0.0,809.0,1.0
2026-01-06,10.0,-3.89,3.06,0.0,831.0,1.0
2026-01-07,11.67,-5.0,3.34,0.0,796.0,0.0
2026-01-08,7.22,-1.67,2.78,0.0,805.0,1.0
2026-01-09,-0.56,-4.44,-2.5,0.0,828.0,1.0
2026-01-10,0.56,-10.0,-4.72,0.0,820.0,0.0
2026-01-11,5.56,-8.33,-1.39,0.0,749.0,0.0
2026-01-12,10.0,-6.11,1.94,0.0,675.0,0.0
2026-01-13,13.33,-3.89,4.72,0.0,587.0,0.0
2026-01-14,11.11,-3.33,3.89,0.0,640.0,1.0
2026-01-15,12.78,-4.44,4.17,0.0,712.0,1.0
2026-01-16,12.22,-6.67,2.78,0.0,744.0,1.0
2026-01-17,7.22,-10.56,-1.67,0.0,795.0,1.0
2026-01-18,9.44,-11.11,-0.84,0.0,771.0,0.0
2026-01-19,5.0,-7.78,-1.39,0.0,730.0,0.0
2026-01-20,9.44,-10.0,-0.28,0.0,718.0,0.0
2026-01-21,10.56,-6.67,1.95,0.0,700.0,0.0
2026-01-22,11.67,-5.0,3.34,0.0,689.0,0.0
2026-01-23,6.11,-5.56,0.28,0.0,655.0,0.0
2026-01-24,-1.67,-8.89,-5.28,1.27,650.0,0.0
2026-01-25,-0.56,-13.33,-6.94,1.78,651.0,1.0
2026-01-26,1.11,-13.89,-6.39,0.0,653.0,1.0
2026-01-27,6.67,-10.0,-1.66,0.0,608.0,0.0
2026-01-28,7.78,-8.33,-0.27,0.0,534.0,0.0
2026-01-29,8.33,-7.78,0.27,0.0,560.0,1.0
2026-01-30,8.33,-7.22,0.56,0.0,579.0,1.0
2026-01-31,10.0,-8.33,0.84,0.0,587.0,1.0
2026-02-01,13.33,-4.44,4.44,0.0,604.0,1.0
2026-02-02,14.44,-3.89,5.28,0.0,603.0,0.0
2026-02-03,12.78,-7.22,2.78,0.0,627.0,1.0
2026-02-04,10.0,-8.33,0.84,0.0,636.0,1.0
2026-02-05,15.0,-5.56,4.72,0.0,626.0,0.0
2026-02-06,15.56,-5.0,5.28,0.0,637.0,1.0
2026-02-07,14.44,-2.78,5.83,0.0,637.0,0.0
2026-02-08,15.0,-2.22,6.39,0.0,655.0,1.0
2026-02-09,17.78,-5.0,6.39,0.0,668.0,1.0
2026-02-10,16.11,-3.33,6.39,0.0,681.0,1.0
2026-02-11,17.78,0.0,8.89,0.0,687.0,1.0
2026-02-12,16.67,1.67,9.17,0.0,662.0,0.0
2026-02-13,10.56,1.67,6.12,7.62,659.0,0.0
2026-02-14,11.11,1.11,6.11,0.0,700.0,1.0
2026-02-15,12.78,-2.22,5.28,0.0,682.0,0.0
2026-02-16,15.0,-0.56,7.22,0.0,682.0,0.0
2026-02-17,10.0,-1.67,4.16,0.0,674.0,0.0
2026-02-18,11.67,-2.78,4.44,0.0,656.0,0.0
2026-02-19,4.44,-6.11,-0.84,0.0,639.0,0.0
2026-02-20,6.67,-6.11,0.28,0.0,633.0,0.0
2026-02-21,8.33,-9.44,-0.55,0.0,636.0,1.0
2026-02-22,12.78,-7.78,2.5,0.0,576.0,0.0
2026-02-23,15.56,-3.89,5.84,0.0,603.0,1.0
2026-02-24,20.0,-5.0,7.5,0.0,607.0,1.0
2026-02-25,22.78,3.89,13.34,0.0,601.0,0.0
2026-02-26,21.67,3.33,12.5,0.0,632.0,1.0
2026-02-27,20.0,1.67,10.84,0.0,654.0,1.0
2026-02-28,21.11,3.89,12.5,0.0,677.0,1.0
2026-03-01,22.78,-1.11,10.84,0.0,696.0,1.0
2026-03-02,22.22,-1.11,10.56,0.0,720.0,1.0
2026-03-03,18.89,3.89,11.39,0.0,733.0,1.0
2026-03-04,17.78,-3.33,7.22,0.0,749.0,1.0
2026-03-05,15.56,-1.67,6.94,0.0,767.0,1.0
2026-03-06,8.89,-2.78,3.06,0.0,801.0,1.0
2026-03-07,12.78,-6.11,3.33,0.0,808.0,1.0
2026-03-08,18.33,-1.67,8.33,0.0,795.0,0.0
2026-03-09,20.56,0.0,10.28,0.0,767.0,0.0
2026-03-10,20.56,3.33,11.94,0.0,753.0,0.0
2026-03-11,20.0,3.89,11.94,0.0,742.0,0.0
2026-03-12,20.0,-3.33,8.34,0.0,738.0,0.0
2026-03-13,22.78,0.56,11.67,0.0,732.0,0.0
2026-03-14,23.33,0.56,11.94,0.0,747.0,1.0
2026-03-15,16.67,-3.33,6.67,0.0,750.0,1.0
2026-03-16,15.56,-6.11,4.72,0.0,751.0,1.0
2026-03-17,22.22,-1.11,10.56,0.0,738.0,0.0
2026-03-18,27.22,7.78,17.5,0.0,747.0,1.0
2026-03-19,28.33,5.56,16.94,0.0,667.0,0.0
2026-03-20,28.89,5.0,16.94,0.0,652.0,0.0
2026-03-21,30.56,3.89,17.22,0.0,638.0,0.0
2026-03-22,26.67,3.33,15.0,0.0,633.0,0.0
2026-03-23,23.33,3.89,13.61,0.0,652.0,1.0
2026-03-24,28.33,2.78,15.56,0.0,677.0,1.0
2026-03-25,30.0,7.78,18.89,0.0,693.0,1.0
2026-03-26,27.22,8.33,17.77,0.0,751.0,1.0
2026-03-27,16.11,5.56,10.84,0.0,619.0,0.0
2026-03-28,18.33,-0.56,8.88,0.0,616.0,0.0
2026-03-29,25.56,3.89,14.72,0.0,565.0,0.0
2026-03-30,25.0,1.67,13.34,0.0,559.0,0.0
2026-03-31,21.67,10.0,15.84,0.0,688.0,1.0
2026-04-01,13.33,5.0,9.16,8.13,579.0,0.0
2026-04-02,20.0,2.78,11.39,0.0,681.0,1.0
2026-04-03,16.67,0.56,8.62,0.0,661.0,0.0
2026-04-04,17.22,-1.11,8.06,0.0,688.0,1.0
2026-04-05,18.33,1.67,10.0,0.0,632.0,0.0
2026-04-06,18.33,0.0,9.16,0.0,632.0,0.0
2026-04-07,20.0,3.89,11.94,0.0,615.0,0.0
2026-04-08,22.78,1.11,11.94,0.0,613.0,0.0
2026-04-09,25.0,1.67,13.34,0.0,577.0,0.0
2026-04-10,22.78,5.0,13.89,0.76,552.0,0.0
2026-04-11,22.22,5.0,13.61,0.25,580.0,1.0
2026-04-12,21.67,0.56,11.12,0.0,531.0,0.0
2026-04-13,18.89,6.11,12.5,0.0,501.0,0.0
2026-04-14,17.22,4.44,10.83,0.0,498.0,0.0
2026-04-15,18.33,0.56,9.44,0.0,532.0,1.0
2026-04-16,21.11,0.0,10.56,0.0,527.0,0.0
2026-04-17,18.89,-0.56,9.17,0.0,543.0,1.0
2026-04-18,17.22,-5.56,5.83,0.0,552.0,1.0
2026-04-19,21.11,1.11,11.11,0.0,528.0,0.0
2026-04-20,23.33,2.22,12.77,0.0,495.0,0.0
2026-04-21,25.56,3.33,14.44,0.0,450.0,0.0
2026-04-22,25.56,5.0,15.28,0.0,443.0,0.0
2026-04-23,19.44,4.44,11.94,0.0,420.0,0.0
2026-04-24,21.11,-2.22,9.44,0.0,416.0,0.0
2026-04-25,22.22,8.33,15.27,0.0,415.0,0.0
2026-04-26,22.78,6.67,14.73,0.0,434.0,1.0
2026-04-27,19.44,2.22,10.83,0.0,436.0,1.0
2026-04-28,21.11,3.33,12.22,0.0,460.0,1.0
2026-04-29,22.22,0.0,11.11,0.0,456.0,0.0
2026-04-30,20.56,8.33,14.44,0.0,441.0,0.0
2026-05-01,13.33,3.89,8.61,2.29,446.0,1.0
2026-05-02,18.33,1.11,9.72,0.0,431.0,0.0
2026-05-03,21.67,1.11,11.39,0.0,364.0,0.0
2026-05-04,22.78,8.89,15.84,0.0,323.0,0.0
2026-05-05,17.78,5.56,11.67,4.06,317.0,0.0
2026-05-06,18.33,2.78,10.56,0.0,361.0,1.0
2026-05-07,22.22,-2.22,10.0,0.0,373.0,1.0
2026-05-08,26.67,1.67,14.17,0.0,387.0,1.0
2026-05-09,29.44,5.0,17.22,0.0,384.0,0.0
2026-05-10,23.33,8.89,16.11,0.0,391.0,1.0
2026-05-11,26.67,3.89,15.28,0.0,371.0,0.0
2026-05-12,31.11,7.22,19.16,0.0,339.0,0.0
2026-05-13,30.56,9.44,20.0,0.0,320.0,0.0
2026-05-14,28.33,10.56,19.44,0.0,312.0,0.0
2026-05-15,28.89,10.0,19.44,0.0,307.0,0.0
2026-05-16,28.89,7.78,18.34,0.0,296.0,0.0
2026-05-17,26.11,6.67,16.39,0.0,304.0,1.0
2026-05-18,25.56,12.22,18.89,0.0,472.0,1.0
2026-05-19,23.89,5.56,14.72,0.0,505.0,1.0
2026-05-20,23.33,10.0,16.66,0.0,501.0,0.0
2026-05-21,25.56,6.67,16.11,0.0,433.0,0.0
2026-05-22,26.11,3.89,15.0,0.0,396.0,0.0
2026-05-23,26.11,7.22,16.66,0.0,343.0,0.0
2026-05-24,27.78,9.44,18.61,0.0,297.0,0.0
2026-05-25,26.11,10.0,18.06,6.6,299.0,1.0
2026-05-26,19.44,9.44,14.44,3.3,347.0,1.0
2026-05-27,25.0,6.67,15.84,0.0,349.0,1.0
2026-05-28,26.11,10.56,18.34,0.0,325.0,0.0
2026-05-29,27.22,14.44,20.83,0.0,319.0,0.0
2026-05-30,24.44,6.11,15.28,0.0,315.0,0.0
2026-05-31,28.33,8.89,18.61,0.0,305.0,0.0
2026-06-01,30.56,9.44,20.0,0.0,292.0,0.0
2026-06-02,29.44,14.44,21.94,0.0,289.0,0.0
2026-06-03,28.89,11.11,20.0,0.25,289.0,0.0
2026-06-04,29.44,6.67,18.06,0.0,306.0,1.0
2026-06-05,31.11,11.67,21.39,0.0,311.0,1.0
2026-06-06,31.11,9.44,20.27,0.0,315.0,1.0
2026-06-07,31.67,10.56,21.12,0.0,318.0,1.0
2026-06-08,31.67,10.0,20.84,0.0,321.0,1.0
2026-06-09,32.22,12.22,22.22,0.25,315.0,0.0
2026-06-10,32.78,10.0,21.39,0.0,328.0,1.0
2026-06-11,34.44,11.11,22.78,0.0,312.0,0.0
2026-06-12,33.89,14.44,24.16,0.0,307.0,0.0
2026-06-13,32.78,15.0,23.89,0.76,337.0,1.0
2026-06-14,25.0,13.33,19.16,0.0,410.0,1.0
2026-06-15,27.22,12.78,20.0,22.61,425.0,1.0
2026-06-16,33.33,12.22,22.78,0.0,329.0,0.0
2026-06-17,35.56,12.22,23.89,0.0,260.0,0.0
2026-06-18,33.89,16.11,25.0,0.0,235.0,0.0
2026-06-19,33.33,14.44,23.88,0.0,215.0,0.0
2026-06-20,33.89,15.0,24.44,0.0,230.0,1.0
2026-06-21,33.33,13.89,23.61,0.0,256.0,1.0
2026-06-22,32.78,8.33,20.56,0.0,283.0,1.0
2026-06-23,36.11,15.0,25.56,0.0,302.0,1.0
2026-06-24,33.33,12.78,23.06,0.0,295.0,0.0
2026-06-25,30.56,15.56,23.06,3.56,344.0,1.0
2026-06-26,30.56,11.11,20.84,2.54,354.0,1.0
2026-06-27,33.33,10.0,21.66,0.0,360.0,1.0
2026-06-28,32.78,15.0,23.89,0.0,325.0,0.0
2026-06-29,31.11,15.56,23.34,0.0,300.0,0.0
2026-06-30,31.11,15.56,23.34,0.0,277.0,0.0
2026-07-01,31.11,11.67,21.39,0.0,272.0,0.0
2026-07-02,31.67,11.11,21.39,0.0,300.0,1.0
2026-07-03,32.78,11.67,22.22,0.0,315.0,1.0
2026-07-04,32.78,10.0,21.39,0.0,312.0,0.0
2026-07-05,31.11,15.56,23.34,0.0,313.0,1.0
2026-07-06,33.33,12.78,23.06,0.0,297.0,0.0
2026-07-07,33.33,13.89,23.61,1.02,264.0,0.0
2026-07-08,35.0,14.44,24.72,0.0,256.0,0.0
2026-07-09,33.89,15.0,24.44,0.0,286.0,1.0
2026-07-10,36.11,15.0,25.56,0.0,292.0,1.0
2026-07-11,33.89,18.33,26.11,0.0,292.0,0.0
2026-07-12,32.78,13.33,23.06,0.0,287.0,0.0
2026-07-13,32.78,13.89,23.34,0.0,299.0,1.0
2026-07-14,31.11,17.78,24.44,0.76,283.0,0.0
2026-07-15,30.0,16.67,23.34,4.32,275.0,0.0
2026-07-16,28.89,13.33,21.11,0.0,288.0,1.0
2026-07-17,29.44,14.44,21.94,1.02,316.0,1.0
2026-07-18,30.0,13.33,21.66,0.0,369.0,1.0
2026-07-19,32.22,13.89,23.06,0.0,309.0,0.0
2026-07-20,32.78,17.22,25.0,0.0,251.0,0.0
2026-07-21,33.33,15.56,24.44,0.0,199.0,0.0
2026-07-22,32.22,15.56,23.89,17.27,199.0,0.0
2026-07-23,31.67,16.67,24.17,0.0,232.0,1.0
2026-07-24,33.33,17.22,25.28,0.25,257.0,1.0
2026-07-25,32.22,18.33,25.28,1.78,294.0,1.0
2026-07-26,35.0,17.22,26.11,0.0,265.0,0.0
2026-07-27,36.11,20.0,28.06,0.0,222.0,0.0
2026-07-28,36.11,20.56,28.34,0.51,204.0,0.0
2026-07-29,34.44,18.33,26.38,0.0,227.0,1.0
2026-07-30,35.56,15.0,25.28,0.0,225.0,0.0
2026-07-31,35.56,17.78,26.67,0.0,239.0,1.0
2026-08-01,32.22,16.11,24.16,0.76,245.0,1.0
2026-08-02,34.44,13.89,24.16,0.0,258.0,1.0
2026-08-03,36.67,16.11,26.39,0.0,248.0,0.0
2026-08-04,35.0,15.0,25.0,0.0,245.0,0.0
2026-08-05,36.67,15.0,25.84,0.0,233.0,0.0
2026-08-06,35.56,16.67,26.12,0.0,246.0,1.0
2026-08-07,35.56,15.56,25.56,0.0,250.0,1.0
2026-08-08,35.0,13.89,24.44,0.0,243.0,0.0
2026-08-09,35.0,16.11,25.56,0.0,248.0,1.0
2026-08-10,35.0,15.0,25.0,0.0,225.0,0.0
2026-08-11,35.0,17.22,26.11,0.76,231.0,1.0
2026-08-12,33.33,14.44,23.88,0.0,244.0,1.0
2026-08-13,31.11,16.11,23.61,0.0,251.0,1.0
2026-08-14,31.11,18.33,24.72,0.25,251.0,0.0
2026-08-15,32.22,17.22,24.72,0.0,252.0,1.0
2026-08-16,33.89,13.89,23.89,0.0,249.0,0.0
2026-08-17,31.67,13.89,22.78,1.02,260.0,1.0
2026-08-18,32.78,13.89,23.34,0.0,264.0,1.0
2026-08-19,34.44,13.89,24.16,7.62,256.0,0.0
2026-08-20,33.33,15.0,24.16,1.02,324.0,1.0
2026-08-21,31.67,16.67,24.17,0.0,286.0,0.0
2026-08-22,33.33,15.56,24.44,0.0,248.0,0.0
2026-08-23,32.78,15.56,24.17,0.0,229.0,0.0
2026-08-24,32.22,15.56,23.89,0.25,203.0,0.0
2026-08-25,34.44,16.11,25.28,0.0,212.0,1.0
2026-08-26,32.78,16.11,24.44,0.25,177.0,0.0
2026-08-27,32.22,13.33,22.78,0.0,172.0,0.0
2026-08-28,32.78,13.89,23.34,0.0,165.0,0.0
2026-08-29,33.33,13.33,23.33,0.0,174.0,1.0
2026-08-30,31.67,17.22,24.44,0.0,214.0,1.0
2026-08-31,31.11,16.67,23.89,6.86,295.0,1.0
2026-09-01,27.22,15.0,21.11,8.38,638.0,1.0
2026-09-02,30.56,14.44,22.5,0.0,590.0,0.0
2026-09-03,30.0,12.78,21.39,0.0,533.0,0.0
2026-09-04,29.44,16.67,23.06,0.51,318.0,0.0
2026-09-05,31.11,15.0,23.06,0.0,199.0,0.0
2026-09-06,32.78,16.67,24.72,0.0,200.0,1.0
2026-09-07,32.22,18.33,25.28,0.0,203.0,1.0
2026-09-08,32.22,16.11,24.16,0.0,187.0,0.0
2026-09-09,31.67,16.11,23.89,0.0,161.0,0.0
2026-09-10,31.11,12.22,21.66,0.0,155.0,0.0
2026-09-11,33.89,10.0,21.94,0.0,143.0,0.0
2026-09-12,33.33,17.22,25.28,0.0,165.0,1.0
2026-09-13,32.22,13.33,22.78,0.25,177.0,1.0
2026-09-14,27.78,15.0,21.39,0.0,197.0,1.0
2026-09-15,25.56,13.89,19.73,12.19,340.0,1.0
2026-09-16,21.67,15.0,18.34,12.45,258.0,0.0
2026-09-17,24.44,13.33,18.89,23.62,219.0,0.0
2026-09-18,23.33,13.33,18.33,18.54,531.0,1.0
2026-09-19,24.44,11.11,17.77,6.1,444.0,0.0
2026-09-20,25.0,9.44,17.22,0.0,403.0,0.0
2026-09-21,25.56,9.44,17.5,0.0,419.0,1.0
2026-09-22,22.78,13.33,18.06,0.76,528.0,1.0
2026-09-23,14.44,12.22,13.33,24.89,746.0,1.0
2026-09-24,18.89,11.67,15.28,0.76,436.0,0.0
2026-09-25,21.11,10.56,15.84,2.29,657.0,1.0
2026-09-26,23.33,9.44,16.38,0.0,432.0,0.0
2026-09-27,24.44,10.56,17.5,0.0,289.0,0.0
2026-09-28,23.33,13.89,18.61,14.73,280.0,0.0
2026-09-29,14.44,11.11,12.77,51.05,844.0,1.0
2026-09-30,17.22,10.56,13.89,21.08,1440.0,1.0
2026-10-01,21.10,10.40,15.75,1.50,1360.0,0.0
2026-10-02,21.80,8.80,15.30,0.00,1360.0,0.0
2026-10-03,24.10,9.30,16.70,0.00,1170.0,0.0
2026-10-04,24.40,12.00,18.20,0.00,1050.0,0.0
2026-10-05,23.30,11.10,17.20,0.00,1070.0,1.0
2026-10-06,26.00,11.70,18.85,0.00,1080.0,1.0
2026-10-07,26.80,11.00,18.90,0.00,996.0,0.0
2026-10-08,25.80,10.40,18.10,0.00,936.0,0.0
