date,tmax_c,tmin_c,tmean_c,precip_mm,flow_cfs,rising
2016-10-01,27.22,14.44,20.83,0.0,9700.0,
2016-10-02,28.33,15.56,21.94,0.0,9070.0,0.0
2016-10-03,20.0,11.67,15.84,0.0,9920.0,1.0
2016-10-04,23.89,6.67,15.28,0.0,10200.0,1.0
2016-10-05,23.89,9.44,16.66,0.0,10300.0,1.0
2016-10-06,20.56,8.89,14.72,0.0,10300.0,0.0
2016-10-07,22.22,7.78,15.0,0.0,10100.0,0.0
2016-10-08,21.11,10.0,15.56,0.0,9610.0,0.0
2016-10-09,26.11,12.78,19.44,0.0,9010.0,0.0
2016-10-10,27.22,12.78,20.0,0.0,10100.0,1.0
2016-10-11,28.33,15.0,21.66,0.0,10100.0,0.0
2016-10-12,26.11,12.22,19.16,0.0,10300.0,1.0
2016-10-13,27.22,12.22,19.72,0.0,10400.0,1.0
2016-10-14,26.67,12.22,19.44,0.0,10200.0,0.0
2016-10-15,30.0,15.0,22.5,0.0,9570.0,0.0
2016-10-16,28.89,17.78,23.34,0.0,9020.0,0.0
2016-10-17,26.11,17.22,21.66,0.0,10000.0,1.0
2016-10-18,24.44,11.67,18.06,0.0,10200.0,1.0
2016-10-19,20.0,10.56,15.28,0.0,10200.0,0.0
2016-10-20,20.56,7.22,13.89,0.0,10400.0,1.0
2016-10-21,22.22,6.67,14.44,0.0,10300.0,0.0
2016-10-22,25.56,8.89,17.23,0.0,9640.0,0.0
2016-10-23,25.56,11.67,18.61,0.0,9000.0,0.0
2016-10-24,19.44,12.78,16.11,0.0,10200.0,1.0
2016-10-25,20.56,12.22,16.39,2.03,10300.0,1.0
2016-10-26,22.22,11.11,16.66,0.0,10100.0,0.0
2016-10-27,21.11,11.67,16.39,0.0,10100.0,0.0
2016-10-28,21.11,12.78,16.94,0.0,10200.0,1.0
2016-10-29,24.44,13.33,18.89,0.0,9520.0,0.0
2016-10-30,25.56,13.89,19.73,0.0,9180.0,0.0
2016-10-31,23.89,13.33,18.61,0.0,10100.0,1.0
2016-11-01,19.44,10.56,15.0,0.0,8810.0,0.0
2016-11-02,19.44,7.78,13.61,0.0,8600.0,0.0
2016-11-03,20.56,8.89,14.72,0.0,8520.0,0.0
2016-11-04,19.44,12.78,16.11,0.25,8410.0,0.0
2016-11-05,18.89,10.0,14.44,0.0,8510.0,1.0
2016-11-06,20.56,10.0,15.28,0.0,8560.0,1.0
2016-11-07,21.11,9.44,15.27,0.0,21700.0,1.0
2016-11-08,21.11,8.89,15.0,0.0,36400.0,1.0
2016-11-09,20.0,7.78,13.89,0.0,36000.0,0.0
2016-11-10,20.0,7.22,13.61,0.0,36100.0,1.0
2016-11-11,18.89,6.11,12.5,0.0,33200.0,0.0
2016-11-12,18.33,6.11,12.22,0.0,11600.0,0.0
2016-11-13,19.44,6.67,13.06,0.0,8400.0,0.0
2016-11-14,18.89,6.11,12.5,0.0,8520.0,1.0
2016-11-15,19.44,5.56,12.5,0.0,8510.0,0.0
2016-11-16,20.0,7.22,13.61,0.0,8580.0,1.0
2016-11-17,16.11,2.22,9.16,0.0,8600.0,1.0
2016-11-18,9.44,-1.11,4.16,0.0,8560.0,0.0
2016-11-19,12.22,0.0,6.11,0.0,8490.0,0.0
2016-11-20,12.22,6.67,9.44,0.0,8440.0,0.0
2016-11-21,11.11,6.11,8.61,21.34,8550.0,1.0
2016-11-22,13.33,4.44,8.88,0.0,8600.0,1.0
2016-11-23,12.22,2.22,7.22,0.0,8690.0,1.0
2016-11-24,10.0,1.11,5.56,0.0,8630.0,0.0
2016-11-25,10.0,-1.11,4.44,0.0,8590.0,0.0
2016-11-26,8.33,-1.11,3.61,0.0,8630.0,1.0
2016-11-27,10.0,1.67,5.84,0.0,8610.0,0.0
2016-11-28,8.33,0.56,4.44,0.0,8630.0,1.0
2016-11-29,8.33,0.56,4.44,0.0,8460.0,0.0
2016-11-30,6.11,-3.33,1.39,0.0,8440.0,0.0
2016-12-01,7.22,-2.78,2.22,0.0,13700.0,1.0
2016-12-02,8.33,0.0,4.16,0.0,12800.0,0.0
2016-12-03,6.67,-2.22,2.22,0.0,12400.0,0.0
2016-12-04,8.33,-2.78,2.78,0.0,13300.0,1.0
2016-12-05,12.22,-1.67,5.28,0.0,14300.0,1.0
2016-12-06,13.33,3.33,8.33,0.0,14800.0,1.0
2016-12-07,6.67,-1.67,2.5,0.0,15600.0,1.0
2016-12-08,6.11,-2.78,1.67,0.0,15500.0,0.0
2016-12-09,8.89,-1.72,3.59,0.0,15200.0,0.0
2016-12-10,10.56,-1.11,4.73,0.0,14600.0,0.0
2016-12-11,16.67,5.0,10.84,0.0,13100.0,0.0
2016-12-12,16.11,5.0,10.56,0.0,14600.0,1.0
2016-12-13,21.11,5.0,13.06,0.0,14700.0,1.0
2016-12-14,21.11,6.67,13.89,0.0,14700.0,0.0
2016-12-15,24.44,7.22,15.83,0.0,14600.0,0.0
2016-12-16,22.78,7.78,15.28,3.05,14800.0,1.0
2016-12-17,13.89,-1.67,6.11,0.0,14200.0,0.0
2016-12-18,3.33,-6.11,-1.39,0.0,13400.0,0.0
2016-12-19,3.33,-6.11,-1.39,0.0,15200.0,1.0
2016-12-20,5.0,-5.0,0.0,0.0,15600.0,1.0
2016-12-21,5.0,-0.56,2.22,0.25,16000.0,1.0
2016-12-22,2.22,0.0,1.11,7.87,16200.0,1.0
2016-12-23,5.0,1.11,3.06,0.0,16400.0,1.0
2016-12-24,13.33,1.67,7.5,1.52,15200.0,0.0
2016-12-25,4.44,0.56,2.5,0.0,14400.0,0.0
2016-12-26,3.89,-3.33,0.28,0.0,14400.0,0.0
2016-12-27,5.0,-3.33,0.84,0.0,16400.0,1.0
2016-12-28,7.78,-2.78,2.5,0.0,16500.0,1.0
2016-12-29,7.78,-2.22,2.78,0.0,16400.0,0.0
2016-12-30,6.67,-2.22,2.22,0.25,16200.0,0.0
2016-12-31,4.44,0.56,2.5,13.46,15100.0,0.0
2017-01-01,8.33,3.89,6.11,0.0,13200.0,0.0
2017-01-02,9.44,2.22,5.83,0.0,12900.0,0.0
2017-01-03,8.0,2.22,5.11,0.0,15500.0,1.0
2017-01-04,8.89,0.0,4.44,0.0,15700.0,1.0
2017-01-05,12.78,1.11,6.94,0.0,15400.0,0.0
2017-01-06,1.67,-5.0,-1.66,0.0,15400.0,0.0
2017-01-07,0.0,-5.56,-2.78,0.0,13500.0,0.0
2017-01-08,2.78,-0.56,1.11,0.0,13000.0,0.0
2017-01-09,11.67,-0.56,5.56,0.0,14900.0,1.0
2017-01-10,10.56,2.78,6.67,0.0,15400.0,1.0
2017-01-11,13.89,3.33,8.61,0.0,15700.0,1.0
2017-01-12,10.0,3.89,6.94,0.0,15700.0,0.0
2017-01-13,10.0,3.89,6.94,0.25,15700.0,0.0
2017-01-14,6.67,5.0,5.84,12.19,13500.0,0.0
2017-01-15,8.33,5.0,6.66,1.52,13100.0,0.0
2017-01-16,9.44,1.67,5.56,0.0,14600.0,1.0
2017-01-17,8.89,0.0,4.44,0.0,15300.0,1.0
2017-01-18,8.89,-0.56,4.16,0.0,15400.0,1.0
2017-01-19,5.56,1.11,3.34,0.51,15100.0,0.0
2017-01-20,5.0,1.11,3.06,1.02,15500.0,1.0
2017-01-21,7.78,1.67,4.72,1.78,13900.0,0.0
2017-01-22,6.11,-0.56,2.78,1.02,12800.0,0.0
2017-01-23,9.44,2.22,5.83,2.79,15300.0,1.0
2017-01-24,5.0,-0.56,2.22,0.76,15500.0,1.0
2017-01-25,5.0,-3.89,0.55,0.0,15600.0,1.0
2017-01-26,3.33,-3.89,-0.28,0.0,15400.0,0.0
2017-01-27,3.89,-2.78,0.56,0.0,15300.0,0.0
2017-01-28,5.56,-4.44,0.56,0.0,13200.0,0.0
2017-01-29,8.89,-3.33,2.78,0.0,12800.0,0.0
2017-01-30,9.44,-1.67,3.88,0.0,14600.0,1.0
2017-01-31,11.67,-1.11,5.28,0.0,14900.0,1.0
2017-02-01,12.78,0.0,6.39,0.0,13700.0,0.0
2017-02-02,13.33,1.67,7.5,0.0,13400.0,0.0
2017-02-03,13.33,2.78,8.06,0.0,13200.0,0.0
2017-02-04,15.0,3.89,9.44,0.0,12500.0,0.0
2017-02-05,13.89,2.78,8.34,0.0,11600.0,0.0
2017-02-06,11.11,4.44,7.78,0.0,13200.0,1.0
2017-02-07,15.56,6.67,11.12,0.0,13500.0,1.0
2017-02-08,17.78,6.11,11.94,0.0,13400.0,0.0
2017-02-09,18.33,5.56,11.94,0.0,13400.0,0.0
2017-02-10,20.0,7.22,13.61,0.0,13300.0,0.0
2017-02-11,12.78,8.0,10.39,4.06,13100.0,0.0
2017-02-12,9.44,6.11,7.78,4.06,11800.0,0.0
2017-02-13,13.89,6.11,10.0,0.0,13400.0,1.0
2017-02-14,14.44,3.89,9.16,0.0,13700.0,1.0
2017-02-15,13.89,1.67,7.78,0.0,13700.0,0.0
2017-02-16,15.0,1.11,8.06,0.0,13500.0,0.0
2017-02-17,12.78,7.22,10.0,0.51,13600.0,1.0
2017-02-18,11.11,6.67,8.89,0.76,12800.0,0.0
2017-02-19,11.67,5.0,8.34,8.64,11800.0,0.0
2017-02-20,12.78,3.33,8.06,0.0,13500.0,1.0
2017-02-21,17.78,5.0,11.39,0.0,13300.0,0.0
2017-02-22,18.33,6.67,12.5,0.0,13500.0,1.0
2017-02-23,8.33,2.22,5.28,0.0,13900.0,1.0
2017-02-24,7.22,-0.56,3.33,0.0,14200.0,1.0
2017-02-25,8.33,-2.78,2.78,0.0,13500.0,0.0
2017-02-26,10.56,-0.56,5.0,0.0,11100.0,0.0
2017-02-27,12.22,3.33,7.78,1.78,10100.0,0.0
2017-02-28,10.56,2.78,6.67,0.25,11300.0,1.0
2017-03-01,9.44,-1.11,4.16,0.0,12200.0,1.0
2017-03-02,12.78,-1.11,5.84,0.0,12100.0,0.0
2017-03-03,15.0,-0.56,7.22,0.0,12100.0,0.0
2017-03-04,18.33,2.78,10.56,0.0,11600.0,0.0
2017-03-05,18.33,6.67,12.5,0.0,12000.0,1.0
2017-03-06,10.0,1.67,5.84,0.0,12200.0,1.0
2017-03-07,13.89,-1.11,6.39,0.0,12200.0,0.0
2017-03-08,18.89,2.78,10.84,0.0,12100.0,0.0
2017-03-09,20.56,5.0,12.78,0.0,12000.0,0.0
2017-03-10,22.22,6.11,14.16,0.0,12200.0,1.0
2017-03-11,23.33,10.56,16.94,0.0,11200.0,0.0
2017-03-12,25.0,7.78,16.39,0.0,9890.0,0.0
2017-03-13,23.33,8.89,16.11,0.0,11800.0,1.0
2017-03-14,25.56,9.44,17.5,0.0,12000.0,1.0
2017-03-15,26.67,9.44,18.06,0.0,12300.0,1.0
2017-03-16,27.22,11.11,19.16,0.0,12000.0,0.0
2017-03-17,27.22,11.67,19.44,0.0,12100.0,1.0
2017-03-18,27.22,11.67,19.44,0.0,11600.0,0.0
2017-03-19,27.22,11.67,19.44,0.0,10200.0,0.0
2017-03-20,27.78,11.67,19.73,0.0,12400.0,1.0
2017-03-21,26.11,12.22,19.16,0.0,12000.0,0.0
2017-03-22,23.33,7.78,15.56,1.02,11900.0,0.0
2017-03-23,13.89,6.67,10.28,1.52,12000.0,1.0
2017-03-24,18.33,7.78,13.06,0.0,12200.0,1.0
2017-03-25,16.67,7.22,11.94,0.0,11900.0,0.0
2017-03-26,18.33,6.67,12.5,0.0,10200.0,0.0
2017-03-27,20.0,8.89,14.44,0.25,12300.0,1.0
2017-03-28,18.89,9.44,14.16,0.0,12600.0,1.0
2017-03-29,21.11,6.67,13.89,0.0,12400.0,0.0
2017-03-30,24.44,5.56,15.0,11.94,11900.0,0.0
2017-03-31,10.0,2.78,6.39,3.05,12300.0,1.0
2017-04-01,15.0,5.56,10.28,0.0,10100.0,0.0
2017-04-02,22.22,7.22,14.72,0.0,9500.0,0.0
2017-04-03,15.0,5.0,10.0,12.95,11000.0,1.0
2017-04-04,15.0,5.0,10.0,0.0,11100.0,1.0
2017-04-05,16.67,2.78,9.73,0.0,10400.0,0.0
2017-04-06,21.11,5.56,13.34,0.0,10400.0,0.0
2017-04-07,25.56,10.0,17.78,0.0,11200.0,1.0
2017-04-08,22.78,14.44,18.61,0.0,10200.0,0.0
2017-04-09,15.56,5.56,10.56,0.0,9560.0,0.0
2017-04-10,18.33,4.44,11.38,0.0,11000.0,1.0
2017-04-11,22.22,6.11,14.16,0.0,11200.0,1.0
2017-04-12,24.44,8.89,16.66,0.0,10900.0,0.0
2017-04-13,27.78,10.56,19.17,0.0,10900.0,0.0
2017-04-14,25.0,11.11,18.06,0.0,11200.0,1.0
2017-04-15,24.44,9.44,16.94,0.0,9830.0,0.0
2017-04-16,26.11,9.44,17.77,0.0,9370.0,0.0
2017-04-17,27.22,12.22,19.72,0.0,10900.0,1.0
2017-04-18,28.33,11.67,20.0,0.0,11300.0,1.0
2017-04-19,25.56,13.89,19.73,0.0,11200.0,0.0
2017-04-20,26.67,10.56,18.62,0.0,11200.0,0.0
2017-04-21,21.67,10.56,16.12,0.0,11100.0,0.0
2017-04-22,21.11,7.78,14.44,0.0,9990.0,0.0
2017-04-23,28.33,9.44,18.88,0.0,9280.0,0.0
2017-04-24,24.44,12.22,18.33,0.0,11000.0,1.0
2017-04-25,19.44,11.11,15.28,0.0,10900.0,0.0
2017-04-26,23.89,6.11,15.0,0.0,11100.0,1.0
2017-04-27,21.67,11.11,16.39,0.0,11100.0,0.0
2017-04-28,15.0,7.78,11.39,0.0,11100.0,0.0
2017-04-29,18.33,7.22,12.77,0.0,10000.0,0.0
2017-04-30,23.33,8.33,15.83,0.0,9160.0,0.0
2017-05-01,26.11,9.44,17.77,0.0,10900.0,1.0
2017-05-02,29.44,13.33,21.38,0.0,11200.0,1.0
2017-05-03,26.11,12.22,19.16,0.0,11200.0,0.0
2017-05-04,30.56,12.22,21.39,0.0,11400.0,1.0
2017-05-05,33.33,15.56,24.44,0.0,11300.0,0.0
2017-05-06,32.22,18.89,25.56,0.0,10300.0,0.0
2017-05-07,26.11,13.89,20.0,0.0,9250.0,0.0
2017-05-08,24.44,10.0,17.22,0.76,10900.0,1.0
2017-05-09,22.78,12.22,17.5,0.0,10900.0,0.0
2017-05-10,19.44,10.0,14.72,0.76,11000.0,1.0
2017-05-11,27.78,10.0,18.89,0.0,10800.0,0.0
2017-05-12,30.56,14.44,22.5,0.0,10800.0,0.0
2017-05-13,28.89,16.67,22.78,0.0,10100.0,0.0
2017-05-14,27.22,11.67,19.44,0.0,9290.0,0.0
2017-05-15,25.56,13.33,19.44,0.0,11000.0,1.0
2017-05-16,22.22,9.44,15.83,0.0,11000.0,0.0
2017-05-17,17.78,6.11,11.94,9.4,11200.0,1.0
2017-05-18,16.11,4.44,10.28,0.0,11200.0,0.0
2017-05-19,20.56,5.56,13.06,0.0,11200.0,0.0
2017-05-20,23.89,9.44,16.66,0.0,10300.0,0.0
2017-05-21,28.33,11.67,20.0,0.0,9370.0,0.0
2017-05-22,28.33,12.78,20.56,0.0,10900.0,1.0
2017-05-23,28.89,15.0,21.94,0.0,11000.0,1.0
2017-05-24,34.44,15.0,24.72,0.0,11300.0,1.0
2017-05-25,31.11,22.78,26.94,0.0,11400.0,1.0
2017-05-26,30.0,17.78,23.89,0.0,11400.0,0.0
2017-05-27,28.33,16.67,22.5,0.0,10400.0,0.0
2017-05-28,28.89,15.56,22.22,0.0,9400.0,0.0
2017-05-29,31.67,16.11,23.89,0.0,9420.0,1.0
2017-05-30,33.33,16.67,25.0,0.0,10700.0,1.0
2017-05-31,32.22,17.78,25.0,0.0,11200.0,1.0
2017-06-01,29.44,18.89,24.16,0.0,12800.0,1.0
2017-06-02,33.89,17.78,25.84,0.0,13300.0,1.0
2017-06-03,35.0,20.0,27.5,0.0,12200.0,0.0
2017-06-04,36.67,19.44,28.06,0.0,11300.0,0.0
2017-06-05,36.11,20.0,28.06,0.0,12900.0,1.0
2017-06-06,36.67,21.11,28.89,0.0,13300.0,1.0
2017-06-07,37.22,21.67,29.44,0.0,13100.0,0.0
2017-06-08,35.56,19.44,27.5,0.0,13200.0,1.0
2017-06-09,35.56,21.11,28.34,0.0,13200.0,0.0
2017-06-10,35.0,21.11,28.06,0.0,12400.0,0.0
2017-06-11,32.78,21.11,26.94,0.0,11400.0,0.0
2017-06-12,26.11,17.22,21.66,0.0,13100.0,1.0
2017-06-13,30.0,11.67,20.84,0.0,13200.0,1.0
2017-06-14,33.89,13.89,23.89,0.0,13400.0,1.0
2017-06-15,36.67,17.78,27.22,0.0,13300.0,0.0
2017-06-16,38.89,19.44,29.16,0.0,13200.0,0.0
2017-06-17,40.0,22.22,31.11,0.0,11900.0,0.0
2017-06-18,40.0,24.44,32.22,0.0,11100.0,0.0
2017-06-19,39.44,24.44,31.94,0.0,13300.0,1.0
2017-06-20,42.22,23.89,33.06,0.0,14000.0,1.0
2017-06-21,41.67,24.44,33.06,0.0,13300.0,0.0
2017-06-22,41.11,25.56,33.34,0.0,13100.0,0.0
2017-06-23,40.0,23.89,31.94,0.0,13300.0,1.0
2017-06-24,40.0,22.78,31.39,0.0,12100.0,0.0
2017-06-25,38.33,22.78,30.56,0.0,11300.0,0.0
2017-06-26,39.44,23.33,31.38,0.0,13300.0,1.0
2017-06-27,38.33,22.78,30.56,0.0,13200.0,0.0
2017-06-28,38.33,21.67,30.0,0.0,13000.0,0.0
2017-06-29,37.22,21.11,29.16,0.0,13100.0,1.0
2017-06-30,37.78,23.33,30.56,0.0,13200.0,1.0
2017-07-01,41.11,21.11,31.11,0.0,13200.0,0.0
2017-07-02,37.22,23.89,30.56,0.0,12700.0,0.0
2017-07-03,37.78,21.67,29.72,0.0,14700.0,1.0
2017-07-04,39.44,22.78,31.11,0.0,12900.0,0.0
2017-07-05,41.72,23.89,32.8,0.0,14900.0,1.0
2017-07-06,41.72,25.56,33.64,0.0,14700.0,0.0
2017-07-07,42.22,28.89,35.56,0.0,14700.0,0.0
2017-07-08,40.61,25.56,33.08,0.0,13500.0,0.0
2017-07-09,40.0,26.67,33.34,0.0,12900.0,0.0
2017-07-10,37.22,25.56,31.39,0.0,14700.0,1.0
2017-07-11,36.72,24.39,30.56,0.25,14900.0,1.0
2017-07-12,36.11,23.28,29.7,5.08,14700.0,0.0
2017-07-13,37.22,20.0,28.61,0.0,14700.0,0.0
2017-07-14,37.78,22.22,30.0,0.0,14600.0,0.0
2017-07-15,39.44,23.28,31.36,0.0,13800.0,0.0
2017-07-16,39.44,23.89,31.66,0.0,13200.0,0.0
2017-07-17,38.89,25.0,31.94,0.0,14900.0,1.0
2017-07-18,38.89,23.89,31.39,0.0,14900.0,0.0
2017-07-19,34.44,22.22,28.33,0.51,14800.0,0.0
2017-07-20,36.11,22.22,29.16,0.0,14900.0,1.0
2017-07-21,36.11,23.89,30.0,0.0,14900.0,0.0
2017-07-22,36.72,22.22,29.47,0.0,13500.0,0.0
2017-07-23,37.78,23.89,30.84,0.0,13000.0,0.0
2017-07-24,32.78,24.39,28.58,0.25,14800.0,1.0
2017-07-25,30.56,20.0,25.28,11.94,14900.0,1.0
2017-07-26,33.89,18.89,26.39,0.0,14800.0,0.0
2017-07-27,36.11,23.28,29.7,1.52,14700.0,0.0
2017-07-28,35.61,23.89,29.75,0.0,14800.0,1.0
2017-07-29,36.11,21.67,28.89,0.0,13500.0,0.0
2017-07-30,38.33,23.33,30.83,0.0,13200.0,0.0
2017-07-31,37.22,24.39,30.8,0.0,14700.0,1.0
2017-08-01,37.78,22.78,30.28,0.0,15400.0,1.0
2017-08-02,36.67,22.78,29.72,3.05,15600.0,1.0
2017-08-03,36.67,21.67,29.17,0.0,15400.0,0.0
2017-08-04,32.22,22.78,27.5,0.0,15400.0,0.0
2017-08-05,30.0,18.89,24.44,16.51,14400.0,0.0
2017-08-06,32.78,20.0,26.39,0.0,13300.0,0.0
2017-08-07,33.33,20.56,26.94,0.0,15500.0,1.0
2017-08-08,35.0,21.67,28.34,0.51,15600.0,1.0
2017-08-09,36.11,23.33,29.72,0.0,15400.0,0.0
2017-08-10,36.67,22.22,29.44,0.0,15300.0,0.0
2017-08-11,35.56,22.78,29.17,0.0,15600.0,1.0
2017-08-12,32.22,20.0,26.11,0.0,14700.0,0.0
2017-08-13,31.11,18.89,25.0,0.0,13400.0,0.0
2017-08-14,34.44,20.56,27.5,0.0,15400.0,1.0
2017-08-15,30.56,21.67,26.12,0.0,15600.0,1.0
2017-08-16,33.33,17.22,25.28,0.0,15300.0,0.0
2017-08-17,35.0,20.0,27.5,0.0,15700.0,1.0
2017-08-18,36.67,21.11,28.89,0.0,15500.0,0.0
2017-08-19,37.22,22.22,29.72,0.0,14800.0,0.0
2017-08-20,35.56,22.78,29.17,0.0,13700.0,0.0
2017-08-21,33.89,22.78,28.34,0.0,15500.0,1.0
2017-08-22,33.33,22.22,27.78,0.0,15700.0,1.0
2017-08-23,35.56,21.67,28.62,0.0,15700.0,0.0
2017-08-24,34.44,22.78,28.61,0.0,15600.0,0.0
2017-08-25,35.56,20.0,27.78,0.0,15400.0,0.0
2017-08-26,37.78,21.11,29.44,0.0,14700.0,0.0
2017-08-27,38.33,21.67,30.0,0.0,13500.0,0.0
2017-08-28,38.33,22.22,30.28,0.0,15300.0,1.0
2017-08-29,37.78,22.78,30.28,0.0,15200.0,0.0
2017-08-30,37.78,22.22,30.0,0.0,15500.0,1.0
2017-08-31,33.89,24.44,29.16,0.0,15500.0,0.0
2017-09-01,35.0,21.67,28.34,0.0,12500.0,0.0
2017-09-02,36.67,21.11,28.89,0.0,11900.0,0.0
2017-09-03,38.89,22.78,30.84,0.0,10200.0,0.0
2017-09-04,40.0,22.78,31.39,0.0,10200.0,0.0
2017-09-05,38.33,22.22,30.28,0.0,11600.0,1.0
2017-09-06,35.56,22.78,29.17,0.0,11900.0,1.0
2017-09-07,33.89,21.11,27.5,0.0,11800.0,0.0
2017-09-08,30.56,20.0,25.28,0.0,11700.0,0.0
2017-09-09,25.0,18.33,21.66,2.54,10400.0,0.0
2017-09-10,31.11,17.22,24.16,0.0,9660.0,0.0
2017-09-11,34.44,19.44,26.94,0.0,11600.0,1.0
2017-09-12,35.56,20.56,28.06,4.32,11900.0,1.0
2017-09-13,33.89,18.89,26.39,2.03,11900.0,0.0
2017-09-14,29.44,15.56,22.5,0.25,11600.0,0.0
2017-09-15,27.78,12.22,20.0,0.0,11600.0,0.0
2017-09-16,27.78,14.44,21.11,0.0,10500.0,0.0
2017-09-17,28.33,15.56,21.94,0.0,9960.0,0.0
2017-09-18,30.56,15.0,22.78,0.0,11500.0,1.0
2017-09-19,31.11,16.11,23.61,0.0,11800.0,1.0
2017-09-20,31.11,16.11,23.61,0.0,11400.0,0.0
2017-09-21,30.0,18.33,24.16,0.0,11800.0,1.0
2017-09-22,26.11,14.44,20.27,0.0,11900.0,1.0
2017-09-23,22.78,9.44,16.11,0.0,10700.0,0.0
2017-09-24,19.44,7.22,13.33,0.0,9970.0,0.0
2017-09-25,21.11,7.22,14.16,0.0,11500.0,1.0
2017-09-26,23.89,9.44,16.66,0.0,11700.0,1.0
2017-09-27,20.0,12.78,16.39,1.52,11700.0,0.0
2017-09-28,21.67,10.56,16.12,0.0,11700.0,0.0
2017-09-29,25.56,11.11,18.34,0.0,11800.0,1.0
2017-09-30,29.44,13.89,21.66,0.0,10100.0,0.0
2017-10-01,28.89,14.44,21.66,0.0,9100.0,0.0
2017-10-02,20.56,10.56,15.56,0.0,10500.0,1.0
2017-10-03,21.11,7.78,14.44,0.0,10400.0,0.0
2017-10-04,28.89,11.11,20.0,0.0,10700.0,1.0
2017-10-05,28.89,12.22,20.56,0.0,10700.0,0.0
2017-10-06,24.44,10.56,17.5,0.0,10500.0,0.0
2017-10-07,25.0,8.33,16.66,0.0,9640.0,0.0
2017-10-08,28.89,10.0,19.44,0.0,9090.0,0.0
2017-10-09,17.78,8.33,13.06,0.0,10500.0,1.0
2017-10-10,18.33,6.11,12.22,0.0,11300.0,1.0
2017-10-11,22.78,6.67,14.73,0.0,11300.0,0.0
2017-10-12,26.67,10.0,18.34,0.0,10800.0,0.0
2017-10-13,25.56,8.89,17.23,0.0,10800.0,0.0
2017-10-14,22.78,9.44,16.11,0.0,9320.0,0.0
2017-10-15,20.56,4.44,12.5,0.0,9150.0,0.0
2017-10-16,21.11,4.44,12.78,0.0,10300.0,1.0
2017-10-17,23.33,6.11,14.72,0.0,10900.0,1.0
2017-10-18,23.89,10.0,16.94,0.0,11000.0,1.0
2017-10-19,25.56,13.33,19.44,0.0,10200.0,0.0
2017-10-20,27.22,12.78,20.0,0.0,10700.0,1.0
2017-10-21,16.67,8.33,12.5,0.0,9200.0,0.0
2017-10-22,21.11,6.11,13.61,0.0,9240.0,1.0
2017-10-23,24.44,7.78,16.11,0.0,10500.0,1.0
2017-10-24,23.89,10.0,16.94,0.0,11100.0,1.0
2017-10-25,22.78,7.78,15.28,0.0,10300.0,0.0
2017-10-26,25.0,7.78,16.39,0.0,11400.0,1.0
2017-10-27,21.67,8.89,15.28,0.0,11100.0,0.0
2017-10-28,21.67,8.89,15.28,0.0,9830.0,0.0
2017-10-29,22.22,7.22,14.72,0.0,9110.0,0.0
2017-10-30,22.22,9.44,15.83,0.0,10000.0,1.0
2017-10-31,23.89,12.22,18.06,0.0,10900.0,1.0
2017-11-01,23.33,9.44,16.38,0.0,10300.0,0.0
2017-11-02,21.67,8.89,15.28,0.0,11100.0,1.0
2017-11-03,21.11,10.0,15.56,0.0,11200.0,1.0
2017-11-04,23.33,13.33,18.33,0.0,10300.0,0.0
2017-11-05,21.11,10.56,15.84,0.0,9510.0,0.0
2017-11-06,18.89,8.33,13.61,0.0,11100.0,1.0
2017-11-07,20.0,8.89,14.44,0.0,11300.0,1.0
2017-11-08,13.33,2.78,8.06,0.0,10700.0,0.0
2017-11-09,16.11,3.33,9.72,0.0,10500.0,0.0
2017-11-10,18.33,5.0,11.66,0.0,9450.0,0.0
2017-11-11,19.44,5.56,12.5,0.0,9330.0,0.0
2017-11-12,15.0,5.0,10.0,0.0,8920.0,0.0
2017-11-13,17.22,5.56,11.39,0.0,10300.0,1.0
2017-11-14,19.44,4.44,11.94,0.0,10700.0,1.0
2017-11-15,16.67,5.0,10.84,0.0,11000.0,1.0
2017-11-16,18.89,5.0,11.94,0.0,11100.0,1.0
2017-11-17,21.11,6.67,13.89,0.0,10600.0,0.0
2017-11-18,10.0,0.56,5.28,0.0,9980.0,0.0
2017-11-19,10.56,-2.22,4.17,0.0,9260.0,0.0
2017-11-20,11.11,0.0,5.56,0.0,10400.0,1.0
2017-11-21,15.56,2.78,9.17,0.0,11100.0,1.0
2017-11-22,17.78,5.0,11.39,0.0,11100.0,0.0
2017-11-23,16.67,5.0,10.84,0.0,9300.0,0.0
2017-11-24,18.33,4.44,11.38,0.0,10400.0,1.0
2017-11-25,19.44,5.56,12.5,0.0,10100.0,0.0
2017-11-26,17.78,6.11,11.94,0.0,9540.0,0.0
2017-11-27,20.56,4.44,12.5,0.0,10700.0,1.0
2017-11-28,15.0,5.56,10.28,0.0,10900.0,1.0
2017-11-29,12.78,5.0,8.89,0.0,10800.0,0.0
2017-11-30,12.78,2.78,7.78,0.0,10900.0,1.0
2017-12-01,16.11,2.22,9.16,0.0,11900.0,1.0
2017-12-02,16.11,4.44,10.28,0.0,11700.0,0.0
2017-12-03,20.56,4.44,12.5,0.0,10900.0,0.0
2017-12-04,7.22,0.0,3.61,0.0,12000.0,1.0
2017-12-05,7.22,-3.89,1.66,0.0,12200.0,1.0
2017-12-06,8.89,-3.33,2.78,0.0,12100.0,0.0
2017-12-07,7.78,-2.22,2.78,0.0,12300.0,1.0
2017-12-08,10.0,-2.78,3.61,0.0,12300.0,0.0
2017-12-09,10.0,-2.22,3.89,0.0,11800.0,0.0
2017-12-10,9.44,-3.33,3.06,0.0,11500.0,0.0
2017-12-11,8.89,-3.89,2.5,0.0,12100.0,1.0
2017-12-12,10.0,-3.33,3.34,0.0,12400.0,1.0
2017-12-13,10.56,-2.22,4.17,0.0,12300.0,0.0
2017-12-14,13.33,0.56,6.94,0.0,12200.0,0.0
2017-12-15,9.44,-1.67,3.88,0.0,12300.0,1.0
2017-12-16,6.11,-0.56,2.78,0.0,11900.0,0.0
2017-12-17,8.89,-3.33,2.78,0.0,11200.0,0.0
2017-12-18,8.89,-3.33,2.78,0.0,12000.0,1.0
2017-12-19,10.0,-2.22,3.89,0.0,12400.0,1.0
2017-12-20,13.33,0.0,6.66,0.0,12100.0,0.0
2017-12-21,8.33,-0.56,3.88,0.0,12500.0,1.0
2017-12-22,5.56,-6.11,-0.28,0.0,12300.0,0.0
2017-12-23,8.89,-2.22,3.34,0.0,11600.0,0.0
2017-12-24,11.11,0.56,5.84,0.0,11100.0,0.0
2017-12-25,16.11,3.33,9.72,0.0,10900.0,0.0
2017-12-26,13.33,3.89,8.61,0.0,12000.0,1.0
2017-12-27,12.22,0.0,6.11,0.0,12300.0,1.0
2017-12-28,12.22,-0.56,5.83,0.0,12300.0,0.0
2017-12-29,12.22,-1.11,5.56,0.0,12200.0,0.0
2017-12-30,11.11,0.0,5.56,0.0,11900.0,0.0
2017-12-31,11.11,1.11,6.11,0.0,11100.0,0.0
2018-01-01,11.67,-1.11,5.28,0.0,12600.0,1.0
2018-01-02,10.56,-1.11,4.73,0.0,14000.0,1.0
2018-01-03,8.33,-1.67,3.33,0.0,14600.0,1.0
2018-01-04,9.44,-2.22,3.61,0.0,14200.0,0.0
2018-01-05,10.0,0.0,5.0,0.0,14400.0,1.0
2018-01-06,8.89,2.22,5.56,1.27,13400.0,0.0
2018-01-07,11.11,1.67,6.39,0.0,12600.0,0.0
2018-01-08,7.22,5.56,6.39,0.0,14200.0,1.0
2018-01-09,10.0,4.44,7.22,4.32,14500.0,1.0
2018-01-10,11.11,4.44,7.78,1.52,14200.0,0.0
2018-01-11,11.11,2.22,6.66,0.0,14300.0,1.0
2018-01-12,12.22,0.56,6.39,0.0,14200.0,0.0
2018-01-13,11.67,0.56,6.12,0.0,13700.0,0.0
2018-01-14,11.11,0.56,5.84,0.0,13100.0,0.0
2018-01-15,11.67,0.56,6.12,0.0,14200.0,1.0
2018-01-16,10.56,1.67,6.12,0.0,14600.0,1.0
2018-01-17,11.11,0.0,5.56,0.0,14400.0,0.0
2018-01-18,10.56,-0.56,5.0,0.0,14200.0,0.0
2018-01-19,13.33,1.11,7.22,0.0,14200.0,0.0
2018-01-20,11.67,1.67,6.67,0.0,13500.0,0.0
2018-01-21,7.22,0.0,3.61,0.0,12900.0,0.0
2018-01-22,5.56,-5.56,0.0,0.0,14300.0,1.0
2018-01-23,7.78,-3.89,1.94,0.0,14500.0,1.0
2018-01-24,8.89,-3.33,2.78,0.0,14600.0,1.0
2018-01-25,12.78,-1.67,5.56,0.0,14600.0,0.0
2018-01-26,8.89,-0.56,4.16,0.0,14300.0,0.0
2018-01-27,8.89,-3.33,2.78,0.0,12900.0,0.0
2018-01-28,11.11,-1.67,4.72,0.0,13100.0,1.0
2018-01-29,12.22,0.0,6.11,0.0,14300.0,1.0
2018-01-30,13.33,0.56,6.94,0.0,14700.0,1.0
2018-01-31,17.22,1.67,9.44,0.0,14600.0,0.0
2018-02-01,15.56,5.0,10.28,0.0,13300.0,0.0
2018-02-02,17.78,3.33,10.56,0.0,13400.0,1.0
2018-02-03,20.0,5.0,12.5,0.0,12900.0,0.0
2018-02-04,20.0,9.44,14.72,0.0,13100.0,1.0
2018-02-05,18.89,4.44,11.66,0.0,12900.0,0.0
2018-02-06,16.11,5.56,10.84,0.0,13500.0,1.0
2018-02-07,13.33,0.56,6.94,0.0,13500.0,0.0
2018-02-08,15.56,1.11,8.34,0.0,13500.0,0.0
2018-02-09,18.33,2.78,10.56,0.0,13500.0,0.0
2018-02-10,18.89,2.22,10.56,0.0,13500.0,0.0
2018-02-11,8.89,-3.33,2.78,0.0,13200.0,0.0
2018-02-12,13.33,2.22,7.78,6.35,13600.0,1.0
2018-02-13,10.0,3.89,6.94,1.78,13700.0,1.0
2018-02-14,10.56,3.89,7.22,0.51,13600.0,0.0
2018-02-15,12.78,3.89,8.33,0.0,13700.0,1.0
2018-02-16,7.78,-1.11,3.34,0.0,13900.0,1.0
2018-02-17,12.22,-1.67,5.28,0.0,14000.0,1.0
2018-02-18,17.78,1.11,9.44,0.0,13500.0,0.0
2018-02-19,12.22,0.0,6.11,1.27,14100.0,1.0
2018-02-20,3.33,-3.89,-0.28,0.0,13700.0,0.0
2018-02-21,5.0,-5.0,0.0,0.0,13600.0,0.0
2018-02-22,6.67,-1.67,2.5,0.0,13600.0,0.0
2018-02-23,3.89,-1.67,1.11,2.79,13400.0,0.0
2018-02-24,5.0,-4.44,0.28,0.0,13400.0,0.0
2018-02-25,7.22,-2.22,2.5,0.0,13000.0,0.0
2018-02-26,9.44,-3.33,3.06,0.0,13500.0,1.0
2018-02-27,13.89,-1.11,6.39,0.0,13800.0,1.0
2018-02-28,12.78,0.56,6.67,0.0,13500.0,0.0
2018-03-01,14.44,1.11,7.78,0.0,13100.0,0.0
2018-03-02,18.89,2.22,10.56,0.0,13500.0,1.0
2018-03-03,20.0,6.11,13.06,0.0,12600.0,0.0
2018-03-04,10.0,2.22,6.11,0.0,12200.0,0.0
2018-03-05,9.44,-3.33,3.06,0.0,14000.0,1.0
2018-03-06,11.67,-2.22,4.72,0.0,14000.0,0.0
2018-03-07,10.56,-1.11,4.73,0.0,14300.0,1.0
2018-03-08,17.22,0.56,8.89,0.0,14000.0,0.0
2018-03-09,20.56,4.44,12.5,0.0,13700.0,0.0
2018-03-10,17.22,8.33,12.77,0.0,12700.0,0.0
2018-03-11,14.44,7.22,10.83,10.92,12200.0,0.0
2018-03-12,16.11,6.11,11.11,0.0,13700.0,1.0
2018-03-13,19.44,5.56,12.5,0.0,12700.0,0.0
2018-03-14,22.78,8.89,15.84,0.0,14300.0,1.0
2018-03-15,14.44,5.56,10.0,1.02,14200.0,0.0
2018-03-16,15.56,0.56,8.06,0.0,14100.0,0.0
2018-03-17,16.11,5.56,10.84,0.0,13100.0,0.0
2018-03-18,9.44,1.11,5.28,3.81,12400.0,0.0
2018-03-19,11.67,1.67,6.67,0.0,13600.0,1.0
2018-03-20,15.0,1.11,8.06,0.0,14600.0,1.0
2018-03-21,21.11,8.33,14.72,0.0,14300.0,0.0
2018-03-22,19.44,10.0,14.72,0.0,14200.0,0.0
2018-03-23,18.89,7.78,13.34,4.06,14200.0,0.0
2018-03-24,18.89,5.56,12.22,0.0,13100.0,0.0
2018-03-25,18.89,7.22,13.06,0.0,12800.0,0.0
2018-03-26,14.44,4.44,9.44,0.0,13900.0,1.0
2018-03-27,15.0,5.0,10.0,0.0,14000.0,1.0
2018-03-28,21.11,4.44,12.78,0.0,14100.0,1.0
2018-03-29,22.22,9.44,15.83,0.0,14100.0,0.0
2018-03-30,23.33,7.78,15.56,0.0,14100.0,0.0
2018-03-31,26.11,10.0,18.06,0.0,13200.0,0.0
2018-04-01,25.56,13.89,19.73,0.0,10700.0,0.0
2018-04-02,26.11,9.44,17.77,0.0,12700.0,1.0
2018-04-03,18.33,8.33,13.33,0.0,12800.0,1.0
2018-04-04,22.22,5.56,13.89,0.0,12600.0,0.0
2018-04-05,25.0,10.0,17.5,0.0,12800.0,1.0
2018-04-06,28.33,15.0,21.66,0.0,12500.0,0.0
2018-04-07,30.56,14.44,22.5,2.29,12800.0,1.0
2018-04-08,22.78,13.89,18.34,0.0,10400.0,0.0
2018-04-09,21.11,10.0,15.56,0.0,12700.0,1.0
2018-04-10,23.89,8.89,16.39,0.0,12900.0,1.0
2018-04-11,30.56,11.67,21.12,0.0,13000.0,1.0
2018-04-12,22.78,6.11,14.44,0.0,12500.0,0.0
2018-04-13,15.0,4.44,9.72,0.0,12700.0,1.0
2018-04-14,19.44,3.89,11.66,0.0,12200.0,0.0
2018-04-15,24.44,6.67,15.56,0.0,10400.0,0.0
2018-04-16,26.67,13.33,20.0,0.0,12700.0,1.0
2018-04-17,17.22,6.67,11.94,0.0,12100.0,0.0
2018-04-18,17.78,3.33,10.56,0.0,13200.0,1.0
2018-04-19,23.89,7.22,15.56,0.0,12900.0,0.0
2018-04-20,13.33,5.0,9.16,2.29,13600.0,1.0
2018-04-21,23.89,5.0,14.44,0.0,12300.0,0.0
2018-04-22,26.67,10.0,18.34,0.0,11300.0,0.0
2018-04-23,30.0,11.67,20.84,0.0,12900.0,1.0
2018-04-24,29.44,15.0,22.22,0.0,13000.0,1.0
2018-04-25,26.67,13.89,20.28,0.0,13100.0,1.0
2018-04-26,28.89,12.78,20.84,0.0,13100.0,0.0
2018-04-27,31.11,12.22,21.66,0.0,12900.0,0.0
2018-04-28,30.56,17.22,23.89,0.0,12100.0,0.0
2018-04-29,27.22,16.67,21.94,0.0,10300.0,0.0
2018-04-30,22.78,13.89,18.34,0.0,12700.0,1.0
2018-05-01,19.44,11.11,15.28,0.0,13000.0,1.0
2018-05-02,12.22,7.78,10.0,4.32,13200.0,1.0
2018-05-03,21.11,8.89,15.0,0.25,13000.0,0.0
2018-05-04,25.0,10.0,17.5,0.0,13100.0,1.0
2018-05-05,28.89,12.22,20.56,0.0,9930.0,0.0
2018-05-06,30.56,15.0,22.78,0.0,9320.0,0.0
2018-05-07,33.33,16.67,25.0,0.0,12300.0,1.0
2018-05-08,35.0,15.0,25.0,0.0,13000.0,1.0
2018-05-09,35.0,18.89,26.94,0.0,13000.0,0.0
2018-05-10,34.44,18.89,26.66,0.0,12800.0,0.0
2018-05-11,31.67,21.67,26.67,0.0,13000.0,1.0
2018-05-12,24.44,16.67,20.56,0.0,9900.0,0.0
2018-05-13,26.11,11.67,18.89,0.0,9300.0,0.0
2018-05-14,28.33,12.22,20.27,0.0,12400.0,1.0
2018-05-15,29.44,12.78,21.11,0.0,13000.0,1.0
2018-05-16,32.22,13.89,23.06,0.0,13300.0,1.0
2018-05-17,31.11,15.0,23.06,0.0,13000.0,0.0
2018-05-18,28.89,13.33,21.11,0.0,12700.0,0.0
2018-05-19,30.0,15.56,22.78,0.0,9880.0,0.0
2018-05-20,28.89,16.67,22.78,0.0,9290.0,0.0
2018-05-21,29.44,15.0,22.22,0.0,12300.0,1.0
2018-05-22,27.78,16.11,21.94,0.0,12800.0,1.0
2018-05-23,29.44,12.78,21.11,0.0,12700.0,0.0
2018-05-24,32.22,15.56,23.89,0.0,12900.0,1.0
2018-05-25,33.33,16.67,25.0,0.0,13000.0,1.0
2018-05-26,31.67,17.78,24.72,0.0,9700.0,0.0
2018-05-27,27.22,15.0,21.11,0.0,9070.0,0.0
2018-05-28,28.33,16.11,22.22,0.0,9240.0,1.0
2018-05-29,30.0,16.67,23.34,0.0,12200.0,1.0
2018-05-30,33.33,17.78,25.56,0.0,12800.0,1.0
2018-05-31,33.89,18.33,26.11,0.0,12800.0,0.0
2018-06-01,32.78,17.22,25.0,0.0,14400.0,1.0
2018-06-02,33.89,17.22,25.56,0.0,10700.0,0.0
2018-06-03,36.11,22.22,29.16,0.0,10100.0,0.0
2018-06-04,37.78,20.0,28.89,0.0,14000.0,1.0
2018-06-05,36.11,20.56,28.34,0.0,14300.0,1.0
2018-06-06,35.0,20.56,27.78,0.0,14300.0,0.0
2018-06-07,35.56,18.33,26.94,0.0,14300.0,0.0
2018-06-08,36.11,19.44,27.78,0.0,14600.0,1.0
2018-06-09,36.11,19.44,27.78,0.0,10700.0,0.0
2018-06-10,35.0,21.11,28.06,0.0,10100.0,0.0
2018-06-11,36.11,18.89,27.5,0.0,13700.0,1.0
2018-06-12,38.33,20.56,29.44,0.0,14800.0,1.0
2018-06-13,38.89,22.78,30.84,0.0,14300.0,0.0
2018-06-14,37.78,24.44,31.11,0.0,14500.0,1.0
2018-06-15,35.0,25.0,30.0,0.0,14300.0,0.0
2018-06-16,27.78,22.78,25.28,0.25,10600.0,0.0
2018-06-17,32.22,20.56,26.39,0.0,10000.0,0.0
2018-06-18,32.78,19.44,26.11,0.0,13800.0,1.0
2018-06-19,35.0,17.22,26.11,0.0,14500.0,1.0
2018-06-20,37.22,20.0,28.61,0.0,14300.0,0.0
2018-06-21,40.56,21.67,31.12,0.0,14400.0,1.0
2018-06-22,38.89,25.0,31.94,0.0,14500.0,1.0
2018-06-23,40.0,20.56,30.28,0.0,10700.0,0.0
2018-06-24,37.22,26.11,31.66,0.0,10100.0,0.0
2018-06-25,38.89,20.56,29.72,0.0,14000.0,1.0
2018-06-26,40.56,22.78,31.67,0.0,14200.0,1.0
2018-06-27,40.56,23.89,32.22,0.0,14400.0,1.0
2018-06-28,38.33,21.67,30.0,0.0,14300.0,0.0
2018-06-29,35.56,22.22,28.89,0.0,14300.0,0.0
2018-06-30,27.78,21.11,24.44,0.0,10600.0,0.0
2018-07-01,37.22,22.22,29.72,0.0,11200.0,1.0
2018-07-02,38.89,22.22,30.56,0.0,15200.0,1.0
2018-07-03,37.22,22.78,30.0,0.0,15800.0,1.0
2018-07-04,37.22,21.67,29.44,0.0,12100.0,0.0
2018-07-05,39.44,22.22,30.83,0.0,15100.0,1.0
2018-07-06,38.33,25.56,31.94,0.0,15800.0,1.0
2018-07-07,39.44,27.78,33.61,0.0,12100.0,0.0
2018-07-08,40.0,23.89,31.94,1.52,11500.0,0.0
2018-07-09,36.11,23.33,29.72,1.02,15200.0,1.0
2018-07-10,35.56,22.78,29.17,0.0,15700.0,1.0
2018-07-11,36.11,22.22,29.16,0.25,15800.0,1.0
2018-07-12,33.33,19.44,26.38,6.1,15700.0,0.0
2018-07-13,35.56,22.78,29.17,0.51,15800.0,1.0
2018-07-14,32.78,22.22,27.5,2.54,12000.0,0.0
2018-07-15,35.0,23.89,29.44,0.0,11400.0,0.0
2018-07-16,35.0,23.33,29.16,0.0,15100.0,1.0
2018-07-17,36.67,25.0,30.84,0.0,15700.0,1.0
2018-07-18,38.33,23.89,31.11,0.0,15700.0,0.0
2018-07-19,38.89,25.56,32.22,0.0,15700.0,0.0
2018-07-20,37.78,23.89,30.84,0.0,15500.0,0.0
2018-07-21,37.22,25.56,31.39,7.62,12000.0,0.0
2018-07-22,37.22,22.22,29.72,0.0,11400.0,0.0
2018-07-23,40.0,25.0,32.5,0.0,15200.0,1.0
2018-07-24,40.0,26.67,33.34,0.0,15700.0,1.0
2018-07-25,40.0,25.0,32.5,0.0,15500.0,0.0
2018-07-26,38.33,25.56,31.94,0.0,15600.0,1.0
2018-07-27,38.33,23.89,31.11,0.0,15400.0,0.0
2018-07-28,38.33,24.44,31.38,0.51,11800.0,0.0
2018-07-29,41.11,22.22,31.66,0.0,11300.0,0.0
2018-07-30,38.33,23.33,30.83,0.0,14700.0,1.0
2018-07-31,41.11,23.89,32.5,0.0,15500.0,1.0
2018-08-01,38.33,26.11,32.22,2.79,15800.0,1.0
2018-08-02,36.67,22.78,29.72,0.0,16000.0,1.0
2018-08-03,37.22,22.78,30.0,0.0,15900.0,0.0
2018-08-04,38.33,23.89,31.11,0.0,12300.0,0.0
2018-08-05,39.44,26.11,32.78,0.0,11600.0,0.0
2018-08-06,39.44,22.78,31.11,0.0,15200.0,1.0
2018-08-07,39.44,22.22,30.83,0.0,16000.0,1.0
2018-08-08,40.0,23.33,31.66,0.0,15900.0,0.0
2018-08-09,39.44,23.33,31.38,0.0,16000.0,1.0
2018-08-10,37.78,23.33,30.56,0.0,16000.0,0.0
2018-08-11,36.67,23.89,30.28,0.0,12300.0,0.0
2018-08-12,38.89,21.67,30.28,0.0,10100.0,0.0
2018-08-13,38.33,23.89,31.11,0.0,15100.0,1.0
2018-08-14,34.44,27.22,30.83,0.0,15900.0,1.0
2018-08-15,34.44,23.33,28.88,0.0,15900.0,0.0
2018-08-16,36.11,23.89,30.0,0.0,16000.0,1.0
2018-08-17,35.56,25.56,30.56,0.0,16000.0,0.0
2018-08-18,36.67,25.0,30.84,0.0,12400.0,0.0
2018-08-19,37.22,21.67,29.44,0.0,11600.0,0.0
2018-08-20,37.78,21.67,29.72,0.0,15300.0,1.0
2018-08-21,34.44,18.33,26.38,13.97,16100.0,1.0
2018-08-22,23.33,18.33,20.83,2.79,16000.0,0.0
2018-08-23,28.89,17.78,23.34,0.0,16200.0,1.0
2018-08-24,31.67,18.33,25.0,0.0,16100.0,0.0
2018-08-25,33.89,20.56,27.22,0.0,12400.0,0.0
2018-08-26,33.33,21.11,27.22,0.0,11600.0,0.0
2018-08-27,34.44,22.78,28.61,0.0,15300.0,1.0
2018-08-28,34.44,18.89,26.66,0.0,16100.0,1.0
2018-08-29,33.89,20.0,26.94,0.0,16000.0,0.0
2018-08-30,35.0,20.0,27.5,0.0,16000.0,0.0
2018-08-31,34.44,20.56,27.5,0.0,16000.0,0.0
2018-09-01,32.22,19.44,25.83,0.0,12100.0,0.0
2018-09-02,31.67,17.78,24.72,0.0,10300.0,0.0
2018-09-03,31.67,21.11,26.39,0.0,10300.0,0.0
2018-09-04,31.11,18.33,24.72,0.25,11700.0,1.0
2018-09-05,30.56,20.0,25.28,0.0,11900.0,1.0
2018-09-06,32.22,17.22,24.72,0.0,11900.0,0.0
2018-09-07,33.89,21.11,27.5,0.0,11900.0,0.0
2018-09-08,36.11,19.44,27.78,0.0,11400.0,0.0
2018-09-09,36.11,20.56,28.34,0.0,10300.0,0.0
2018-09-10,35.56,21.11,28.34,0.0,11700.0,1.0
2018-09-11,34.44,20.0,27.22,0.0,12000.0,1.0
2018-09-12,35.0,20.0,27.5,0.0,12000.0,0.0
2018-09-13,34.44,21.11,27.78,0.0,12000.0,0.0
2018-09-14,33.89,16.67,25.28,0.0,12100.0,1.0
2018-09-15,35.56,17.22,26.39,0.0,11500.0,0.0
2018-09-16,35.0,20.56,27.78,0.0,10400.0,0.0
2018-09-17,34.44,20.56,27.5,0.0,11900.0,1.0
2018-09-18,35.56,20.0,27.78,0.0,12100.0,1.0
2018-09-19,32.22,19.44,25.83,0.0,12000.0,0.0
2018-09-20,31.67,16.11,23.89,0.0,12100.0,1.0
2018-09-21,32.22,14.44,23.33,0.0,12000.0,0.0
2018-09-22,33.89,16.11,25.0,0.0,11700.0,0.0
2018-09-23,32.22,18.89,25.56,0.0,10400.0,0.0
2018-09-24,31.67,20.0,25.84,0.0,11600.0,1.0
2018-09-25,30.56,18.89,24.72,0.0,12100.0,1.0
2018-09-26,30.0,15.56,22.78,0.0,12100.0,0.0
2018-09-27,32.22,14.44,23.33,0.0,12100.0,0.0
2018-09-28,33.33,15.0,24.16,0.0,12100.0,0.0
2018-09-29,32.78,18.33,25.56,0.0,11700.0,0.0
2018-09-30,31.67,17.78,24.72,0.0,10600.0,0.0
2018-10-01,27.78,20.0,23.89,0.0,10900.0,1.0
2018-10-02,22.22,16.67,19.44,12.7,10700.0,0.0
2018-10-03,27.22,15.0,21.11,0.0,10900.0,1.0
2018-10-04,22.22,12.22,17.22,0.76,10900.0,0.0
2018-10-05,23.33,12.78,18.06,0.0,10700.0,0.0
2018-10-06,18.89,10.0,14.44,11.94,10500.0,0.0
2018-10-07,11.67,8.89,10.28,3.3,9690.0,0.0
2018-10-08,14.44,9.44,11.94,1.27,10700.0,1.0
2018-10-09,18.33,7.78,13.06,0.0,10300.0,0.0
2018-10-10,20.56,12.22,16.39,0.0,11300.0,1.0
2018-10-11,16.11,8.89,12.5,6.35,10800.0,0.0
2018-10-12,18.89,10.56,14.73,0.0,10700.0,0.0
2018-10-13,22.22,9.44,15.83,0.0,10500.0,0.0
2018-10-14,17.22,9.44,13.33,0.0,9520.0,0.0
2018-10-15,12.78,6.11,9.44,0.0,10600.0,1.0
2018-10-16,15.0,5.0,10.0,0.0,10700.0,1.0
2018-10-17,11.11,7.22,9.16,1.52,10600.0,0.0
2018-10-18,15.0,7.78,11.39,2.29,10800.0,1.0
2018-10-19,17.78,6.11,11.94,0.0,10800.0,0.0
2018-10-20,20.56,8.33,14.44,0.0,10400.0,0.0
2018-10-21,20.0,10.0,15.0,0.0,9720.0,0.0
2018-10-22,16.67,10.56,13.62,2.29,10500.0,1.0
2018-10-23,16.67,10.0,13.34,0.0,10700.0,1.0
2018-10-24,19.44,10.0,14.72,0.0,10800.0,1.0
2018-10-25,21.67,9.44,15.56,0.0,10800.0,0.0
2018-10-26,20.0,8.33,14.16,0.0,10800.0,0.0
2018-10-27,20.0,8.33,14.16,0.0,10700.0,0.0
2018-10-28,21.11,7.78,14.44,0.0,9630.0,0.0
2018-10-29,22.78,10.0,16.39,0.0,10600.0,1.0
2018-10-30,16.67,8.89,12.78,2.54,10800.0,1.0
2018-10-31,15.0,6.11,10.56,0.0,10800.0,0.0
2018-11-01,19.44,6.11,12.78,0.0,8860.0,0.0
2018-11-02,19.44,7.22,13.33,0.0,8460.0,0.0
2018-11-03,18.89,11.11,15.0,0.0,8300.0,0.0
2018-11-04,17.78,5.56,11.67,0.0,8430.0,1.0
2018-11-05,20.0,7.78,13.89,0.0,20900.0,1.0
2018-11-06,20.56,6.67,13.61,0.0,39400.0,1.0
2018-11-07,15.56,3.33,9.44,0.0,39400.0,0.0
2018-11-08,12.22,2.78,7.5,0.0,24800.0,0.0
2018-11-09,11.67,0.0,5.84,0.0,8180.0,0.0
2018-11-10,12.78,-0.56,6.11,0.0,7940.0,0.0
2018-11-11,11.11,2.78,6.94,0.0,7980.0,1.0
2018-11-12,8.33,0.0,4.16,0.0,8090.0,1.0
2018-11-13,9.44,-2.78,3.33,0.0,7990.0,0.0
2018-11-14,11.11,-0.56,5.28,0.0,8020.0,1.0
2018-11-15,13.33,-0.56,6.38,0.0,8080.0,1.0
2018-11-16,12.22,0.0,6.11,0.0,8160.0,1.0
2018-11-17,15.0,1.11,8.06,0.0,8000.0,0.0
2018-11-18,12.78,2.78,7.78,0.0,8100.0,1.0
2018-11-19,13.89,-1.11,6.39,0.0,8220.0,1.0
2018-11-20,9.44,-1.11,4.16,0.0,8110.0,0.0
2018-11-21,10.56,-1.67,4.44,0.0,8100.0,0.0
2018-11-22,11.11,2.22,6.66,0.25,8110.0,1.0
2018-11-23,15.0,2.22,8.61,0.0,8210.0,1.0
2018-11-24,19.44,2.22,10.83,0.0,8120.0,0.0
2018-11-25,8.89,-1.11,3.89,0.0,8160.0,1.0
2018-11-26,9.44,-1.11,4.16,0.0,8290.0,1.0
2018-11-27,8.33,-2.22,3.06,0.0,8190.0,0.0
2018-11-28,12.78,0.0,6.39,1.52,8130.0,0.0
2018-11-29,13.89,2.78,8.34,1.27,8140.0,1.0
2018-11-30,11.11,5.0,8.06,0.0,8210.0,1.0
2018-12-01,10.0,1.67,5.84,0.0,10900.0,1.0
2018-12-02,6.67,0.0,3.34,2.03,10900.0,0.0
2018-12-03,5.0,-2.78,1.11,0.0,12600.0,1.0
2018-12-04,3.89,-3.89,0.0,0.0,12600.0,0.0
2018-12-05,5.0,-3.33,0.84,0.0,12800.0,1.0
2018-12-06,6.11,1.67,3.89,0.0,12500.0,0.0
2018-12-07,6.67,1.11,3.89,0.25,12700.0,1.0
2018-12-08,8.89,-0.56,4.16,0.0,11100.0,0.0
2018-12-09,9.44,-0.56,4.44,0.0,11100.0,0.0
2018-12-10,7.22,-1.11,3.06,0.0,12500.0,1.0
2018-12-11,10.0,2.22,6.11,0.0,12600.0,1.0
2018-12-12,13.89,-0.56,6.66,0.0,12500.0,0.0
2018-12-13,7.22,-2.22,2.5,0.0,12600.0,1.0
2018-12-14,5.0,-3.89,0.55,0.0,12800.0,1.0
2018-12-15,9.44,1.11,5.28,0.0,11700.0,0.0
2018-12-16,8.89,-1.67,3.61,0.0,10800.0,0.0
2018-12-17,7.78,1.11,4.44,0.0,12300.0,1.0
2018-12-18,10.0,-1.11,4.44,0.0,12900.0,1.0
2018-12-19,12.22,-0.56,5.83,0.0,12200.0,0.0
2018-12-20,11.11,0.0,5.56,0.0,12800.0,1.0
2018-12-21,10.0,1.11,5.56,0.0,12800.0,0.0
2018-12-22,13.89,0.56,7.22,0.0,11900.0,0.0
2018-12-23,10.0,1.67,5.84,0.0,11100.0,0.0
2018-12-24,11.11,0.56,5.84,0.0,12600.0,1.0
2018-12-25,9.44,1.11,5.28,0.0,10800.0,0.0
2018-12-26,10.0,-0.56,4.72,0.0,12700.0,1.0
2018-12-27,2.78,-2.78,0.0,1.27,12600.0,0.0
2018-12-28,0.56,-5.56,-2.5,3.81,12400.0,0.0
2018-12-29,1.11,-7.78,-3.34,0.0,11900.0,0.0
2018-12-30,2.22,-7.22,-2.5,0.0,10900.0,0.0
2018-12-31,-0.56,-3.33,-1.94,1.27,12500.0,1.0
2019-01-01,-1.67,-8.33,-5.0,0.0,12200.0,0.0
2019-01-02,-1.11,-11.67,-6.39,0.0,14300.0,1.0
2019-01-03,0.0,-8.89,-4.44,0.0,14700.0,1.0
2019-01-04,1.67,-6.67,-2.5,0.0,14500.0,0.0
2019-01-05,-0.56,-6.67,-3.62,0.0,14500.0,0.0
2019-01-06,2.22,-2.22,0.0,1.27,12500.0,0.0
2019-01-07,5.56,-1.67,1.94,0.0,14300.0,1.0
2019-01-08,7.22,-1.11,3.06,0.0,14700.0,1.0
2019-01-09,6.11,-0.56,2.78,0.0,14600.0,0.0
2019-01-10,4.44,-1.11,1.66,0.0,14600.0,0.0
2019-01-11,6.67,-1.11,2.78,0.0,13300.0,0.0
2019-01-12,7.22,-2.22,2.5,0.0,12100.0,0.0
2019-01-13,7.78,-0.56,3.61,0.0,11200.0,0.0
2019-01-14,6.11,0.56,3.34,0.0,12800.0,1.0
2019-01-15,4.44,0.56,2.5,8.89,13500.0,1.0
2019-01-16,8.33,1.67,5.0,0.0,13500.0,0.0
2019-01-17,6.11,1.67,3.89,0.76,13500.0,0.0
2019-01-18,10.56,2.78,6.67,1.02,13300.0,0.0
2019-01-19,7.78,-0.56,3.61,0.0,12500.0,0.0
2019-01-20,8.33,-1.11,3.61,0.0,11200.0,0.0
2019-01-21,9.44,-0.56,4.44,0.25,12800.0,1.0
2019-01-22,8.33,-1.11,3.61,0.0,13500.0,1.0
2019-01-23,7.22,-3.89,1.66,0.0,13400.0,0.0
2019-01-24,10.56,-1.67,4.44,0.0,13500.0,1.0
2019-01-25,8.89,-1.67,3.61,0.0,13400.0,0.0
2019-01-26,11.11,-1.67,4.72,0.0,12300.0,0.0
2019-01-27,9.44,0.0,4.72,0.0,11200.0,0.0
2019-01-28,12.78,-1.67,5.56,0.0,12900.0,1.0
2019-01-29,8.89,1.11,5.0,0.0,13300.0,1.0
2019-01-30,8.33,-2.78,2.78,0.0,13200.0,0.0
2019-01-31,9.44,-2.22,3.61,0.0,13500.0,1.0
2019-02-01,11.67,1.11,6.39,0.0,13700.0,1.0
2019-02-02,11.67,1.67,6.67,0.25,13700.0,0.0
2019-02-03,15.0,5.56,10.28,0.25,12300.0,0.0
2019-02-04,11.67,2.78,7.22,0.0,13600.0,1.0
2019-02-05,11.67,0.56,6.12,0.25,13800.0,1.0
2019-02-06,3.89,-2.22,0.84,0.0,13400.0,0.0
2019-02-07,3.89,-3.89,0.0,0.0,13900.0,1.0
2019-02-08,5.56,-5.56,0.0,0.0,12100.0,0.0
2019-02-09,7.22,-3.33,1.94,0.0,11700.0,0.0
2019-02-10,12.22,-3.33,4.44,0.0,12600.0,1.0
2019-02-11,6.11,-2.22,1.94,0.51,12500.0,0.0
2019-02-12,7.22,-5.0,1.11,0.0,13300.0,1.0
2019-02-13,8.89,-1.11,3.89,0.0,13000.0,0.0
2019-02-14,6.11,3.89,5.0,20.32,12800.0,0.0
2019-02-15,10.56,2.78,6.67,0.0,13000.0,1.0
2019-02-16,8.33,0.0,4.16,0.76,12700.0,0.0
2019-02-17,6.11,-2.22,1.94,0.0,12400.0,0.0
2019-02-18,1.11,-4.44,-1.66,14.22,13600.0,1.0
2019-02-19,2.78,-4.44,-0.83,0.0,13800.0,1.0
2019-02-20,1.11,-6.67,-2.78,0.0,13700.0,0.0
2019-02-21,3.89,-2.0,0.94,0.25,13800.0,1.0
2019-02-22,2.22,-1.67,0.28,0.25,15300.0,1.0
2019-02-23,5.0,-7.78,-1.39,0.0,14800.0,0.0
2019-02-24,5.56,-3.89,0.83,0.0,13100.0,0.0
2019-02-25,7.22,-2.22,2.5,0.0,12900.0,0.0
2019-02-26,11.11,-0.56,5.28,0.0,14000.0,1.0
2019-02-27,15.56,2.22,8.89,0.0,13200.0,0.0
2019-02-28,17.78,5.0,11.39,0.0,15100.0,1.0
2019-03-01,17.22,6.11,11.66,0.0,13700.0,0.0
2019-03-02,16.67,8.33,12.5,4.83,12400.0,0.0
2019-03-03,15.0,7.78,11.39,0.76,11500.0,0.0
2019-03-04,16.11,7.22,11.66,0.0,13300.0,1.0
2019-03-05,13.89,5.0,9.44,0.0,13200.0,0.0
2019-03-06,20.0,7.22,13.61,0.51,13500.0,1.0
2019-03-07,18.33,7.22,12.77,0.0,13300.0,0.0
2019-03-08,13.89,6.11,10.0,0.0,13300.0,0.0
2019-03-09,12.22,2.78,7.5,0.0,12800.0,0.0
2019-03-10,13.33,3.89,8.61,0.0,11800.0,0.0
2019-03-11,16.11,6.67,11.39,0.25,13300.0,1.0
2019-03-12,10.0,7.78,8.89,2.79,13100.0,0.0
2019-03-13,9.44,3.33,6.38,0.0,13300.0,1.0
2019-03-14,10.56,2.22,6.39,0.0,13200.0,0.0
2019-03-15,12.22,0.0,6.11,0.0,13500.0,1.0
2019-03-16,15.0,1.67,8.34,0.0,12400.0,0.0
2019-03-17,17.22,2.78,10.0,0.0,12000.0,0.0
2019-03-18,19.44,3.89,11.66,0.0,13600.0,1.0
2019-03-19,19.44,8.33,13.89,0.0,13200.0,0.0
2019-03-20,16.11,6.67,11.39,0.25,13000.0,0.0
2019-03-21,14.44,5.0,9.72,0.76,13300.0,1.0
2019-03-22,12.22,4.44,8.33,0.0,12600.0,0.0
2019-03-23,16.67,3.89,10.28,0.0,12800.0,1.0
2019-03-24,20.0,7.22,13.61,0.0,11400.0,0.0
2019-03-25,20.0,5.56,12.78,0.0,13600.0,1.0
2019-03-26,21.11,6.11,13.61,0.0,14100.0,1.0
2019-03-27,22.78,8.33,15.56,0.0,13300.0,0.0
2019-03-28,22.22,7.22,14.72,0.0,13500.0,1.0
2019-03-29,17.22,7.78,12.5,0.0,13500.0,0.0
2019-03-30,15.0,2.78,8.89,0.0,12700.0,0.0
2019-03-31,16.67,5.0,10.84,0.0,11900.0,0.0
2019-04-01,19.44,4.44,11.94,0.0,12000.0,1.0
2019-04-02,19.44,10.0,14.72,0.0,12500.0,1.0
2019-04-03,20.56,7.78,14.17,0.0,12400.0,0.0
2019-04-04,20.56,8.33,14.44,0.0,11900.0,0.0
2019-04-05,22.22,8.33,15.27,0.0,12500.0,1.0
2019-04-06,21.67,10.56,16.12,0.0,11700.0,0.0
2019-04-07,25.0,8.33,16.66,0.0,10700.0,0.0
2019-04-08,27.78,11.11,19.44,0.0,12800.0,1.0
2019-04-09,26.67,12.22,19.44,0.0,12500.0,0.0
2019-04-10,14.44,7.78,11.11,0.0,12000.0,0.0
2019-04-11,15.0,6.11,10.56,0.0,12400.0,1.0
2019-04-12,16.67,4.44,10.56,0.0,12600.0,1.0
2019-04-13,18.89,5.0,11.94,0.0,12200.0,0.0
2019-04-14,24.44,6.11,15.28,0.0,11600.0,0.0
2019-04-15,25.0,11.11,18.06,0.0,12700.0,1.0
2019-04-16,17.22,8.33,12.77,2.29,12600.0,0.0
2019-04-17,22.78,7.22,15.0,0.0,12700.0,1.0
2019-04-18,24.44,8.33,16.39,0.0,12700.0,0.0
2019-04-19,28.33,10.0,19.16,0.0,12900.0,1.0
2019-04-20,26.11,13.33,19.72,0.0,12200.0,0.0
2019-04-21,23.89,14.44,19.16,0.0,12100.0,0.0
2019-04-22,23.89,8.89,16.39,0.0,12800.0,1.0
2019-04-23,25.0,11.67,18.34,0.0,12800.0,0.0
2019-04-24,28.33,12.22,20.27,0.0,12900.0,1.0
2019-04-25,28.89,14.44,21.66,0.0,12900.0,0.0
2019-04-26,31.11,13.33,22.22,0.0,12300.0,0.0
2019-04-27,30.56,13.33,21.94,0.0,11000.0,0.0
2019-04-28,29.44,16.67,23.06,0.0,12100.0,1.0
2019-04-29,21.11,9.44,15.27,11.94,13000.0,1.0
2019-04-30,21.11,8.89,15.0,0.0,12600.0,0.0
2019-05-01,18.33,7.78,13.06,0.0,12500.0,0.0
2019-05-02,22.22,8.33,15.27,0.0,12500.0,0.0
2019-05-03,25.0,10.0,17.5,0.0,12400.0,0.0
2019-05-04,27.22,11.67,19.44,0.0,11600.0,0.0
2019-05-05,28.89,13.33,21.11,0.0,11200.0,0.0
2019-05-06,27.22,13.33,20.27,0.0,12000.0,1.0
2019-05-07,23.33,11.67,17.5,0.76,12600.0,1.0
2019-05-08,20.0,10.0,15.0,0.51,12500.0,0.0
2019-05-09,15.56,7.78,11.67,0.25,12600.0,1.0
2019-05-10,19.44,10.0,14.72,12.7,12800.0,1.0
2019-05-11,22.78,11.11,16.94,0.0,11600.0,0.0
2019-05-12,26.67,11.11,18.89,0.0,11300.0,0.0
2019-05-13,29.44,13.89,21.66,0.0,12200.0,1.0
2019-05-14,30.0,15.56,22.78,0.25,12600.0,1.0
2019-05-15,30.56,15.0,22.78,0.0,12700.0,1.0
2019-05-16,27.78,12.78,20.28,0.0,12600.0,0.0
2019-05-17,19.44,10.0,14.72,0.0,12600.0,0.0
2019-05-18,22.78,6.67,14.73,0.0,11700.0,0.0
2019-05-19,18.33,10.56,14.44,0.0,11300.0,0.0
2019-05-20,13.89,5.56,9.72,2.29,12300.0,1.0
2019-05-21,18.33,7.78,13.06,0.51,12800.0,1.0
2019-05-22,12.22,6.67,9.44,4.83,12600.0,0.0
2019-05-23,16.11,6.67,11.39,2.79,12700.0,1.0
2019-05-24,21.11,7.78,14.44,0.0,12600.0,0.0
2019-05-25,25.56,10.0,17.78,0.0,11600.0,0.0
2019-05-26,25.56,11.67,18.61,0.0,11300.0,0.0
2019-05-27,16.11,5.56,10.84,8.13,11300.0,0.0
2019-05-28,19.44,7.22,13.33,0.0,12300.0,1.0
2019-05-29,23.33,10.56,16.94,0.0,12700.0,1.0
2019-05-30,25.0,15.0,20.0,0.0,12800.0,1.0
2019-05-31,31.67,12.78,22.22,0.0,12800.0,0.0
2019-06-01,31.11,16.11,23.61,0.0,11200.0,0.0
2019-06-02,30.56,16.11,23.34,0.0,10500.0,0.0
2019-06-03,30.56,15.0,22.78,0.0,14400.0,1.0
2019-06-04,31.67,16.11,23.89,0.0,14300.0,0.0
2019-06-05,34.44,17.22,25.83,0.0,15000.0,1.0
2019-06-06,34.44,20.0,27.22,0.0,14800.0,0.0
2019-06-07,33.0,20.56,26.78,0.0,15100.0,1.0
2019-06-08,32.22,20.56,26.39,0.0,11300.0,0.0
2019-06-09,26.67,15.56,21.12,0.0,10500.0,0.0
2019-06-10,31.67,13.33,22.5,0.0,14300.0,1.0
2019-06-11,35.56,17.78,26.67,0.0,14400.0,1.0
2019-06-12,35.56,19.44,27.5,0.0,15000.0,1.0
2019-06-13,36.67,20.56,28.62,0.0,14800.0,0.0
2019-06-14,35.0,20.56,27.78,0.0,14900.0,1.0
2019-06-15,33.33,21.11,27.22,0.0,11300.0,0.0
2019-06-16,30.56,20.0,25.28,0.0,10500.0,0.0
2019-06-17,31.11,17.78,24.44,0.0,14200.0,1.0
2019-06-18,31.11,17.78,24.44,0.0,15400.0,1.0
2019-06-19,35.56,17.78,26.67,0.0,15100.0,0.0
2019-06-20,35.56,20.0,27.78,0.0,15100.0,0.0
2019-06-21,31.67,17.22,24.44,0.0,15400.0,1.0
2019-06-22,27.22,16.11,21.66,0.0,11600.0,0.0
2019-06-23,27.78,12.78,20.28,0.0,10800.0,0.0
2019-06-24,33.33,15.0,24.16,0.0,14600.0,1.0
2019-06-25,35.56,17.78,26.67,0.0,15100.0,1.0
2019-06-26,33.89,20.56,27.22,0.0,15200.0,1.0
2019-06-27,35.56,18.89,27.22,0.0,15000.0,0.0
2019-06-28,37.78,17.22,27.5,0.0,14900.0,0.0
2019-06-29,37.78,24.44,31.11,0.0,11400.0,0.0
2019-06-30,35.56,23.89,29.72,0.0,10800.0,0.0
2019-07-01,36.67,20.56,28.62,0.0,14300.0,1.0
2019-07-02,36.67,21.67,29.17,0.0,15000.0,1.0
2019-07-03,36.11,22.22,29.16,0.0,15200.0,1.0
2019-07-04,35.56,20.56,28.06,0.0,14500.0,0.0
2019-07-05,36.11,18.89,27.5,0.0,14600.0,1.0
2019-07-06,37.22,20.56,28.89,0.0,13900.0,0.0
2019-07-07,33.89,21.11,27.5,0.0,13600.0,0.0
2019-07-08,33.89,21.11,27.5,0.0,14800.0,1.0
2019-07-09,35.56,18.33,26.94,0.0,14900.0,1.0
2019-07-10,38.89,18.89,28.89,0.0,15100.0,1.0
2019-07-11,39.44,23.33,31.38,0.0,15300.0,1.0
2019-07-12,38.89,21.67,30.28,0.0,15300.0,0.0
2019-07-13,37.78,27.78,32.78,0.0,11900.0,0.0
2019-07-14,38.33,22.78,30.56,0.0,11400.0,0.0
2019-07-15,39.44,23.33,31.38,0.0,14600.0,1.0
2019-07-16,40.0,24.44,32.22,0.0,16100.0,1.0
2019-07-17,38.33,23.33,30.83,0.0,15200.0,0.0
2019-07-18,38.33,22.22,30.28,0.0,15400.0,1.0
2019-07-19,38.33,22.78,30.56,0.0,15900.0,1.0
2019-07-20,38.33,21.67,30.0,0.0,12100.0,0.0
2019-07-21,38.33,22.22,30.28,0.0,11500.0,0.0
2019-07-22,39.44,22.78,31.11,0.0,14700.0,1.0
2019-07-23,38.33,25.0,31.66,0.0,15400.0,1.0
2019-07-24,36.67,25.56,31.12,0.0,17400.0,1.0
2019-07-25,35.0,24.44,29.72,0.0,16500.0,0.0
2019-07-26,36.11,21.11,28.61,15.75,17200.0,1.0
2019-07-27,37.22,21.67,29.44,0.0,12100.0,0.0
2019-07-28,36.67,23.89,30.28,0.0,11300.0,0.0
2019-07-29,40.0,22.22,31.11,0.0,15100.0,1.0
2019-07-30,35.56,26.67,31.12,0.0,15800.0,1.0
2019-07-31,29.44,24.44,26.94,0.25,15800.0,0.0
2019-08-01,35.56,21.67,28.62,0.0,16400.0,1.0
2019-08-02,37.78,22.78,30.28,0.0,16600.0,1.0
2019-08-03,37.22,25.56,31.39,0.0,12900.0,0.0
2019-08-04,36.11,24.44,30.28,0.0,11900.0,0.0
2019-08-05,38.33,22.78,30.56,0.0,15900.0,1.0
2019-08-06,36.67,24.44,30.56,0.0,16600.0,1.0
2019-08-07,32.22,25.56,28.89,0.0,16400.0,0.0
2019-08-08,35.56,22.78,29.17,0.0,16500.0,1.0
2019-08-09,34.44,22.78,28.61,0.0,15900.0,0.0
2019-08-10,35.0,21.11,28.06,0.0,12600.0,0.0
2019-08-11,35.0,22.78,28.89,0.0,11900.0,0.0
2019-08-12,36.11,20.56,28.34,0.0,15600.0,1.0
2019-08-13,37.78,21.11,29.44,0.0,16500.0,1.0
2019-08-14,38.89,20.56,29.72,0.0,16500.0,0.0
2019-08-15,40.0,22.78,31.39,0.0,16500.0,0.0
2019-08-16,37.78,22.78,30.28,0.0,16900.0,1.0
2019-08-17,37.78,21.11,29.44,0.0,12700.0,0.0
2019-08-18,37.22,21.11,29.16,0.0,11900.0,0.0
2019-08-19,37.22,21.11,29.16,0.0,15600.0,1.0
2019-08-20,38.89,20.56,29.72,0.0,16600.0,1.0
2019-08-21,39.44,21.67,30.56,0.0,16500.0,0.0
2019-08-22,37.22,21.11,29.16,0.0,16500.0,0.0
2019-08-23,36.67,21.67,29.17,0.0,16400.0,0.0
2019-08-24,37.22,21.67,29.44,0.0,12600.0,0.0
2019-08-25,37.78,22.78,30.28,0.0,11900.0,0.0
2019-08-26,38.89,22.78,30.84,0.0,15600.0,1.0
2019-08-27,38.33,22.78,30.56,0.0,16600.0,1.0
2019-08-28,38.33,22.78,30.56,0.0,16100.0,0.0
2019-08-29,37.78,22.22,30.0,0.0,16400.0,1.0
2019-08-30,38.33,22.78,30.56,0.0,16400.0,0.0
2019-08-31,38.89,23.33,31.11,0.0,12700.0,0.0
2019-09-01,39.44,20.56,30.0,0.0,10700.0,0.0
2019-09-02,37.22,23.33,30.28,0.0,10800.0,1.0
2019-09-03,37.22,22.78,30.0,0.0,11800.0,1.0
2019-09-04,38.33,23.33,30.83,0.0,13000.0,1.0
2019-09-05,36.67,22.22,29.44,0.0,12500.0,0.0
2019-09-06,36.67,21.67,29.17,0.0,12200.0,0.0
2019-09-07,36.67,22.78,29.72,0.0,11900.0,0.0
2019-09-08,32.78,23.89,28.34,0.0,9820.0,0.0
2019-09-09,32.78,17.22,25.0,0.0,11900.0,1.0
2019-09-10,31.67,21.67,26.67,0.0,12000.0,1.0
2019-09-11,30.0,20.0,25.0,0.0,12000.0,0.0
2019-09-12,27.78,14.44,21.11,0.0,11600.0,0.0
2019-09-13,31.11,14.44,22.78,0.0,12500.0,1.0
2019-09-14,33.89,15.56,24.72,0.0,12300.0,0.0
2019-09-15,31.67,18.89,25.28,0.0,10800.0,0.0
2019-09-16,32.22,17.78,25.0,0.0,12000.0,1.0
2019-09-17,31.11,20.56,25.84,0.0,12100.0,1.0
2019-09-18,31.67,15.56,23.62,0.0,12200.0,1.0
2019-09-19,32.22,20.56,26.39,0.0,12200.0,0.0
2019-09-20,26.11,15.56,20.84,0.0,12300.0,1.0
2019-09-21,25.56,11.67,18.61,0.0,11800.0,0.0
2019-09-22,27.78,11.67,19.73,0.0,10600.0,0.0
2019-09-23,26.67,15.56,21.12,0.0,12000.0,1.0
2019-09-24,28.89,13.33,21.11,0.0,12200.0,1.0
2019-09-25,30.56,14.44,22.5,0.0,12200.0,0.0
2019-09-26,30.0,17.78,23.89,0.0,12300.0,1.0
2019-09-27,30.0,15.0,22.5,0.0,12200.0,0.0
2019-09-28,28.89,16.11,22.5,0.0,11900.0,0.0
2019-09-29,27.22,15.56,21.39,0.0,10700.0,0.0
2019-09-30,25.56,11.67,18.61,0.0,11900.0,1.0
2019-10-01,25.0,10.0,17.5,0.0,11000.0,0.0
2019-10-02,24.44,8.89,16.66,0.0,10600.0,0.0
2019-10-03,27.78,8.89,18.34,0.0,10500.0,0.0
2019-10-04,29.44,15.0,22.22,0.0,10400.0,0.0
2019-10-05,25.0,10.56,17.78,0.0,9570.0,0.0
2019-10-06,23.89,11.11,17.5,0.0,9440.0,0.0
2019-10-07,23.89,6.67,15.28,0.0,10900.0,1.0
2019-10-08,27.22,8.89,18.06,0.0,10700.0,0.0
2019-10-09,29.44,11.67,20.56,0.0,10700.0,0.0
2019-10-10,15.0,6.11,10.56,0.0,10700.0,0.0
2019-10-11,15.56,0.56,8.06,0.0,10700.0,0.0
2019-10-12,18.33,1.67,10.0,0.0,10300.0,0.0
2019-10-13,21.67,4.44,13.06,0.0,9280.0,0.0
2019-10-14,23.89,7.78,15.84,0.0,10100.0,1.0
2019-10-15,24.44,10.0,17.22,0.0,10500.0,1.0
2019-10-16,25.56,8.33,16.94,0.0,10400.0,0.0
2019-10-17,27.78,10.56,19.17,0.0,10400.0,0.0
2019-10-18,21.11,12.22,16.66,0.0,10000.0,0.0
2019-10-19,22.78,6.11,14.44,0.0,10300.0,1.0
2019-10-20,17.78,9.44,13.61,0.0,9090.0,0.0
2019-10-21,20.56,3.89,12.22,0.0,10300.0,1.0
2019-10-22,21.67,7.78,14.73,0.0,10700.0,1.0
2019-10-23,23.89,8.33,16.11,0.0,10500.0,0.0
2019-10-24,15.56,6.67,11.12,0.0,10600.0,1.0
2019-10-25,17.78,3.89,10.84,0.0,10500.0,0.0
2019-10-26,21.11,4.44,12.78,0.0,9870.0,0.0
2019-10-27,21.11,0.56,10.84,1.52,9230.0,0.0
2019-10-28,10.56,0.56,5.56,2.03,10300.0,1.0
2019-10-29,14.44,-2.22,6.11,0.0,10600.0,1.0
2019-10-30,4.44,-3.89,0.28,0.0,10500.0,0.0
2019-10-31,8.33,-4.44,1.94,0.0,10400.0,0.0
2019-11-01,11.67,-2.22,4.72,0.0,10900.0,1.0
2019-11-02,14.44,0.0,7.22,0.0,10100.0,0.0
2019-11-03,16.11,1.11,8.61,0.0,9500.0,0.0
2019-11-04,17.78,1.67,9.73,0.0,10900.0,1.0
2019-11-05,18.33,4.44,11.38,0.0,10800.0,0.0
2019-11-06,17.22,3.89,10.56,0.0,11200.0,1.0
2019-11-07,18.33,3.89,11.11,0.0,11100.0,0.0
2019-11-08,18.33,4.44,11.38,0.0,11100.0,0.0
2019-11-09,17.78,3.33,10.56,0.0,10100.0,0.0
2019-11-10,17.22,3.89,10.56,0.0,9530.0,0.0
2019-11-11,19.44,3.89,11.66,0.0,10900.0,1.0
2019-11-12,15.56,3.33,9.44,0.0,10900.0,0.0
2019-11-13,16.11,2.22,9.16,0.0,10600.0,0.0
2019-11-14,16.11,3.33,9.72,0.0,10800.0,1.0
2019-11-15,16.67,7.22,11.94,0.0,10800.0,0.0
2019-11-16,18.33,6.11,12.22,0.0,9650.0,0.0
2019-11-17,17.78,5.0,11.39,0.0,9450.0,0.0
2019-11-18,17.78,4.44,11.11,0.0,10800.0,1.0
2019-11-19,13.89,4.44,9.17,1.27,11000.0,1.0
2019-11-20,15.56,5.56,10.56,2.79,11300.0,1.0
2019-11-21,10.56,2.78,6.67,0.0,11100.0,0.0
2019-11-22,11.11,2.78,6.94,0.0,11200.0,1.0
2019-11-23,10.56,0.56,5.56,0.0,10000.0,0.0
2019-11-24,10.56,0.56,5.56,0.0,9540.0,0.0
2019-11-25,11.11,1.11,6.11,0.0,11000.0,1.0
2019-11-26,6.67,-1.11,2.78,0.0,11300.0,1.0
2019-11-27,12.22,0.0,6.11,0.0,11200.0,0.0
2019-11-28,15.56,7.78,11.67,0.0,9600.0,0.0
2019-11-29,10.0,0.0,5.0,15.24,11000.0,1.0
2019-11-30,5.56,-1.67,1.94,0.0,10200.0,0.0
2019-12-01,4.44,-3.33,0.56,0.0,10700.0,1.0
2019-12-02,6.67,-0.56,3.06,0.0,12300.0,1.0
2019-12-03,8.33,0.0,4.16,0.0,12800.0,1.0
2019-12-04,7.78,2.22,5.0,2.03,12400.0,0.0
2019-12-05,11.11,3.89,7.5,0.51,12900.0,1.0
2019-12-06,10.0,3.89,6.94,0.0,12800.0,0.0
2019-12-07,9.44,2.78,6.11,0.0,12400.0,0.0
2019-12-08,10.56,5.56,8.06,3.56,11200.0,0.0
2019-12-09,10.56,1.67,6.12,0.0,12400.0,1.0
2019-12-10,9.44,0.0,4.72,0.0,12800.0,1.0
2019-12-11,7.78,0.56,4.17,0.0,12700.0,0.0
2019-12-12,10.0,0.0,5.0,0.0,12700.0,0.0
2019-12-13,12.78,2.22,7.5,0.0,12700.0,0.0
2019-12-14,13.33,5.0,9.16,0.0,12100.0,0.0
2019-12-15,7.78,0.0,3.89,0.0,11000.0,0.0
2019-12-16,3.33,-2.78,0.28,0.0,12500.0,1.0
2019-12-17,2.22,-7.22,-2.5,0.0,13200.0,1.0
2019-12-18,2.22,-5.56,-1.67,0.0,13000.0,0.0
2019-12-19,5.0,-5.0,0.0,0.0,13100.0,1.0
2019-12-20,5.56,-4.44,0.56,0.0,12700.0,0.0
2019-12-21,5.56,-2.22,1.67,0.0,12700.0,0.0
2019-12-22,4.44,-2.22,1.11,0.0,11100.0,0.0
2019-12-23,3.33,0.0,1.66,0.0,12600.0,1.0
2019-12-24,2.78,0.56,1.67,7.11,12600.0,0.0
2019-12-25,5.56,0.0,2.78,0.51,10700.0,0.0
2019-12-26,5.56,-1.11,2.22,0.0,12200.0,1.0
2019-12-27,3.89,0.0,1.94,2.54,12700.0,1.0
2019-12-28,3.89,-2.22,0.84,0.0,12300.0,0.0
2019-12-29,2.78,-5.0,-1.11,0.0,10900.0,0.0
2019-12-30,3.89,-3.33,0.28,0.0,12300.0,1.0
2019-12-31,2.78,-5.56,-1.39,0.0,12700.0,1.0
2020-01-01,2.78,-5.0,-1.11,0.0,10900.0,0.0
2020-01-02,7.78,-3.89,1.94,0.0,12500.0,1.0
2020-01-03,6.67,-2.78,1.94,0.0,12600.0,1.0
2020-01-04,6.11,-2.78,1.67,0.0,12600.0,0.0
2020-01-05,3.33,-2.78,0.28,0.0,10600.0,0.0
2020-01-06,2.78,-2.22,0.28,0.0,12200.0,1.0
2020-01-07,0.56,-3.33,-1.38,0.0,12700.0,1.0
2020-01-08,3.33,-2.22,0.55,0.0,12700.0,0.0
2020-01-09,5.56,-2.78,1.39,0.0,12900.0,1.0
2020-01-10,5.56,-3.89,0.83,0.0,12700.0,0.0
2020-01-11,5.0,-4.44,0.28,0.0,12200.0,0.0
2020-01-12,6.67,-3.33,1.67,0.0,11100.0,0.0
2020-01-13,11.67,-1.67,5.0,0.0,12600.0,1.0
2020-01-14,11.67,-1.67,5.0,0.0,12700.0,1.0
2020-01-15,10.56,-1.11,4.73,0.0,13000.0,1.0
2020-01-16,7.22,-0.56,3.33,0.0,12900.0,0.0
2020-01-17,8.89,-1.11,3.89,0.0,13100.0,1.0
2020-01-18,6.67,-2.78,1.94,0.0,12800.0,0.0
2020-01-19,7.78,-2.22,2.78,0.0,11200.0,0.0
2020-01-20,6.11,0.0,3.06,0.0,12800.0,1.0
2020-01-21,3.89,1.11,2.5,0.25,13000.0,1.0
2020-01-22,10.0,-1.11,4.44,0.0,13000.0,0.0
2020-01-23,8.33,-0.56,3.88,0.0,13100.0,1.0
2020-01-24,6.67,-1.67,2.5,0.0,13000.0,0.0
2020-01-25,5.56,-1.67,1.94,0.0,12600.0,0.0
2020-01-26,5.56,-1.67,1.94,0.0,11200.0,0.0
2020-01-27,13.33,1.11,7.22,1.02,12700.0,1.0
2020-01-28,10.0,-1.11,4.44,0.0,13000.0,1.0
2020-01-29,10.56,-0.56,5.0,0.0,12900.0,0.0
2020-01-30,10.0,-0.56,4.72,0.0,12800.0,0.0
2020-01-31,10.0,-1.11,4.44,0.0,12900.0,1.0
2020-02-01,12.22,-0.56,5.83,0.0,11300.0,0.0
2020-02-02,14.44,-1.11,6.66,0.0,10200.0,0.0
2020-02-03,12.22,-2.78,4.72,0.0,12200.0,1.0
2020-02-04,3.33,-3.89,-0.28,0.0,12500.0,1.0
2020-02-05,3.89,-6.67,-1.39,0.0,12400.0,0.0
2020-02-06,11.11,-2.22,4.44,0.0,12000.0,0.0
2020-02-07,17.78,1.67,9.73,0.0,12300.0,1.0
2020-02-08,18.89,1.67,10.28,0.0,11200.0,0.0
2020-02-09,11.67,2.22,6.94,0.0,10200.0,0.0
2020-02-10,11.11,-1.11,5.0,0.0,11900.0,1.0
2020-02-11,8.33,0.0,4.16,0.0,12300.0,1.0
2020-02-12,11.67,-2.78,4.44,0.0,12100.0,0.0
2020-02-13,12.22,-1.67,5.28,0.0,12500.0,1.0
2020-02-14,13.33,-1.11,6.11,0.0,13100.0,1.0
2020-02-15,13.89,1.11,7.5,0.0,11500.0,0.0
2020-02-16,18.89,3.33,11.11,0.0,11000.0,0.0
2020-02-17,16.67,5.56,11.12,0.0,11700.0,1.0
2020-02-18,10.0,0.56,5.28,0.0,12400.0,1.0
2020-02-19,13.33,-0.56,6.38,0.0,12600.0,1.0
2020-02-20,9.44,-0.56,4.44,0.0,12700.0,1.0
2020-02-21,12.78,-1.67,5.56,0.0,12700.0,0.0
2020-02-22,8.33,2.22,5.28,6.35,11400.0,0.0
2020-02-23,13.89,2.78,8.34,0.76,10200.0,0.0
2020-02-24,13.89,2.22,8.06,0.0,12100.0,1.0
2020-02-25,8.33,0.0,4.16,0.0,12500.0,1.0
2020-02-26,10.0,-2.78,3.61,0.0,12600.0,1.0
2020-02-27,14.44,-0.56,6.94,0.0,12600.0,0.0
2020-02-28,13.89,0.56,7.22,0.0,12500.0,0.0
2020-02-29,16.11,1.67,8.89,0.0,11600.0,0.0
2020-03-01,17.78,6.11,11.94,0.0,10400.0,0.0
2020-03-02,15.0,2.22,8.61,0.0,11900.0,1.0
2020-03-03,16.11,2.22,9.16,0.0,11700.0,0.0
2020-03-04,17.78,3.33,10.56,0.0,11800.0,1.0
2020-03-05,19.44,3.89,11.66,0.0,11800.0,0.0
2020-03-06,19.44,4.44,11.94,0.0,12000.0,1.0
2020-03-07,22.22,7.22,14.72,0.0,11200.0,0.0
2020-03-08,17.22,8.33,12.77,0.0,10400.0,0.0
2020-03-09,17.22,5.56,11.39,0.0,11700.0,1.0
2020-03-10,15.56,9.44,12.5,0.25,11900.0,1.0
2020-03-11,16.11,8.33,12.22,8.64,12100.0,1.0
2020-03-12,17.22,8.33,12.77,1.78,12400.0,1.0
2020-03-13,14.44,7.22,10.83,1.27,12400.0,0.0
2020-03-14,17.22,8.89,13.06,0.0,11700.0,0.0
2020-03-15,18.33,6.67,12.5,0.0,10400.0,0.0
2020-03-16,18.33,5.56,11.94,0.0,12100.0,1.0
2020-03-17,20.0,10.0,15.0,0.0,12100.0,0.0
2020-03-18,14.44,6.11,10.28,7.11,12100.0,0.0
2020-03-19,10.56,5.56,8.06,0.51,12400.0,1.0
2020-03-20,12.22,2.22,7.22,0.0,12100.0,0.0
2020-03-21,15.0,4.44,9.72,0.0,11300.0,0.0
2020-03-22,15.56,4.44,10.0,0.0,10200.0,0.0
2020-03-23,13.33,5.56,9.44,2.03,12000.0,1.0
2020-03-24,17.22,3.33,10.27,0.0,12000.0,0.0
2020-03-25,20.0,5.56,12.78,0.0,12100.0,1.0
2020-03-26,16.67,7.78,12.23,0.0,12100.0,0.0
2020-03-27,10.0,2.78,6.39,0.0,12100.0,0.0
2020-03-28,15.56,1.11,8.34,0.0,11600.0,0.0
2020-03-29,16.11,6.67,11.39,0.0,10300.0,0.0
2020-03-30,18.33,4.44,11.38,0.0,12100.0,1.0
2020-03-31,23.33,5.56,14.44,0.0,11900.0,0.0
2020-04-01,23.89,8.89,16.39,0.0,10600.0,0.0
2020-04-02,19.44,8.89,14.16,0.0,11100.0,1.0
2020-04-03,16.67,2.22,9.44,0.0,11100.0,0.0
2020-04-04,21.67,6.11,13.89,0.0,10600.0,0.0
2020-04-05,22.22,8.33,15.27,0.0,9860.0,0.0
2020-04-06,22.78,10.0,16.39,0.0,11000.0,1.0
2020-04-07,22.22,8.33,15.27,0.0,11000.0,0.0
2020-04-08,25.0,7.78,16.39,0.0,11600.0,1.0
2020-04-09,18.33,7.22,12.77,0.0,11100.0,0.0
2020-04-10,20.56,5.56,13.06,0.0,11600.0,1.0
2020-04-11,21.67,7.22,14.44,0.0,11100.0,0.0
2020-04-12,21.11,11.67,16.39,0.0,9590.0,0.0
2020-04-13,17.22,7.22,12.22,0.0,11000.0,1.0
2020-04-14,15.0,3.33,9.16,0.0,11200.0,1.0
2020-04-15,22.22,3.33,12.77,0.0,11300.0,1.0
2020-04-16,22.78,8.33,15.56,0.0,11200.0,0.0
2020-04-17,20.0,10.0,15.0,0.0,11400.0,1.0
2020-04-18,19.44,10.0,14.72,0.0,11200.0,0.0
2020-04-19,22.22,7.22,14.72,0.0,10000.0,0.0
2020-04-20,23.33,10.56,16.94,0.0,10900.0,1.0
2020-04-21,20.0,8.33,14.16,0.0,11300.0,1.0
2020-04-22,25.0,8.89,16.94,0.0,10900.0,0.0
2020-04-23,26.67,11.67,19.17,0.0,11200.0,1.0
2020-04-24,25.0,14.44,19.72,0.0,11400.0,1.0
2020-04-25,26.67,11.11,18.89,0.0,11000.0,0.0
2020-04-26,30.0,13.89,21.94,0.0,9770.0,0.0
2020-04-27,31.67,13.89,22.78,0.0,10900.0,1.0
2020-04-28,31.11,16.11,23.61,0.0,11200.0,1.0
2020-04-29,32.22,15.0,23.61,0.0,11300.0,1.0
2020-04-30,33.89,18.33,26.11,0.0,11300.0,0.0
2020-05-01,33.33,16.11,24.72,0.0,10900.0,0.0
2020-05-02,31.11,16.67,23.89,0.0,10600.0,0.0
2020-05-03,30.56,15.0,22.78,0.0,10300.0,0.0
2020-05-04,27.78,17.22,22.5,0.0,10700.0,1.0
2020-05-05,28.33,11.67,20.0,0.0,10800.0,1.0
2020-05-06,32.22,13.33,22.78,0.0,10800.0,0.0
2020-05-07,31.67,17.78,24.72,0.0,11000.0,1.0
2020-05-08,28.33,11.67,20.0,0.0,10800.0,0.0
2020-05-09,31.11,14.44,22.78,0.0,10500.0,0.0
2020-05-10,30.0,15.0,22.5,0.0,10300.0,0.0
2020-05-11,26.67,17.22,21.94,4.06,10700.0,1.0
2020-05-12,28.89,15.0,21.94,0.0,10900.0,1.0
2020-05-13,28.33,13.89,21.11,0.0,10800.0,0.0
2020-05-14,28.33,14.44,21.38,0.0,10800.0,0.0
2020-05-15,28.89,14.44,21.66,0.0,10700.0,0.0
2020-05-16,31.11,16.11,23.61,0.0,10500.0,0.0
2020-05-17,32.78,17.22,25.0,0.0,10300.0,0.0
2020-05-18,32.22,16.67,24.44,0.0,10600.0,1.0
2020-05-19,29.44,15.56,22.5,0.0,10700.0,1.0
2020-05-20,23.33,11.11,17.22,0.0,10800.0,1.0
2020-05-21,26.67,10.0,18.34,0.0,10800.0,0.0
2020-05-22,29.44,12.22,20.83,0.0,10900.0,1.0
2020-05-23,26.67,15.56,21.12,0.0,10100.0,0.0
2020-05-24,25.0,12.22,18.61,0.0,9800.0,0.0
2020-05-25,27.22,13.89,20.56,0.0,9810.0,1.0
2020-05-26,32.22,14.44,23.33,0.0,10300.0,1.0
2020-05-27,36.67,18.33,27.5,0.0,10600.0,1.0
2020-05-28,38.33,20.0,29.16,0.0,10800.0,1.0
2020-05-29,38.33,21.11,29.72,0.0,10900.0,1.0
2020-05-30,36.11,23.89,30.0,1.52,10400.0,0.0
2020-05-31,35.56,21.67,28.62,0.0,10200.0,0.0
2020-06-01,36.11,19.44,27.78,0.0,12300.0,1.0
2020-06-02,37.22,20.0,28.61,0.0,12100.0,0.0
2020-06-03,36.67,21.67,29.17,0.0,11900.0,0.0
2020-06-04,38.33,20.56,29.44,0.0,11700.0,0.0
2020-06-05,36.67,21.11,28.89,0.0,11900.0,1.0
2020-06-06,30.56,22.78,26.67,0.0,9320.0,0.0
2020-06-07,29.44,17.78,23.61,0.0,8960.0,0.0
2020-06-08,20.56,11.67,16.11,0.0,11200.0,1.0
2020-06-09,26.11,9.44,17.77,0.0,11500.0,1.0
2020-06-10,30.56,12.78,21.67,0.0,12100.0,1.0
2020-06-11,36.67,16.67,26.67,0.0,12100.0,0.0
2020-06-12,38.33,18.89,28.61,0.0,12000.0,0.0
2020-06-13,33.89,21.11,27.5,0.0,9430.0,0.0
2020-06-14,33.33,16.67,25.0,0.0,8960.0,0.0
2020-06-15,35.0,17.78,26.39,0.0,11500.0,1.0
2020-06-16,35.0,20.0,27.5,0.0,12300.0,1.0
2020-06-17,33.89,21.11,27.5,0.0,11900.0,0.0
2020-06-18,31.11,16.67,23.89,0.0,11700.0,0.0
2020-06-19,32.78,18.33,25.56,0.0,11900.0,1.0
2020-06-20,35.56,18.33,26.94,0.0,9390.0,0.0
2020-06-21,37.22,22.22,29.72,0.0,8920.0,0.0
2020-06-22,39.44,21.67,30.56,0.0,11500.0,1.0
2020-06-23,38.33,23.33,30.83,0.0,12100.0,1.0
2020-06-24,40.0,23.33,31.66,0.0,12000.0,0.0
2020-06-25,38.33,23.33,30.83,0.0,11900.0,0.0
2020-06-26,36.67,23.89,30.28,0.0,11900.0,0.0
2020-06-27,37.78,22.22,30.0,0.0,9380.0,0.0
2020-06-28,35.56,25.0,30.28,0.0,8880.0,0.0
2020-06-29,30.56,20.56,25.56,0.0,11500.0,1.0
2020-06-30,31.67,13.89,22.78,0.0,12200.0,1.0
2020-07-01,33.89,16.67,25.28,0.0,13200.0,1.0
2020-07-02,35.56,18.89,27.22,0.0,13700.0,1.0
2020-07-03,35.56,21.67,28.62,0.51,13700.0,0.0
2020-07-04,37.78,19.44,28.61,0.0,10000.0,0.0
2020-07-05,39.44,21.67,30.56,0.0,9470.0,0.0
2020-07-06,38.89,22.78,30.84,0.0,12800.0,1.0
2020-07-07,38.89,22.22,30.56,0.0,13600.0,1.0
2020-07-08,38.89,25.56,32.22,0.0,13400.0,0.0
2020-07-09,38.33,21.11,29.72,0.0,13500.0,1.0
2020-07-10,40.56,21.67,31.12,0.0,13700.0,1.0
2020-07-11,42.22,24.44,33.33,0.0,10100.0,0.0
2020-07-12,41.11,25.56,33.34,0.0,9430.0,0.0
2020-07-13,40.56,26.67,33.62,0.25,13000.0,1.0
2020-07-14,39.44,26.11,32.78,0.0,13600.0,1.0
2020-07-15,38.33,23.33,30.83,0.0,13500.0,0.0
2020-07-16,37.78,27.22,32.5,0.0,13500.0,0.0
2020-07-17,38.89,26.11,32.5,0.0,13700.0,1.0
2020-07-18,40.0,23.89,31.94,0.0,10000.0,0.0
2020-07-19,41.67,24.44,33.06,0.0,9470.0,0.0
2020-07-20,40.0,26.11,33.06,0.0,13100.0,1.0
2020-07-21,35.56,27.78,31.67,0.0,14000.0,1.0
2020-07-22,35.0,24.44,29.72,0.0,13800.0,0.0
2020-07-23,31.11,18.33,24.72,7.11,13800.0,0.0
2020-07-24,32.78,20.56,26.67,0.0,14100.0,1.0
2020-07-25,35.0,21.11,28.06,0.0,10200.0,0.0
2020-07-26,36.11,21.67,28.89,0.0,9670.0,0.0
2020-07-27,35.0,23.33,29.16,1.27,13200.0,1.0
2020-07-28,37.22,21.67,29.44,0.0,13700.0,1.0
2020-07-29,40.0,22.22,31.11,0.0,13700.0,0.0
2020-07-30,40.0,22.22,31.11,0.0,13800.0,1.0
2020-07-31,41.11,23.33,32.22,0.0,13600.0,0.0
2020-08-01,41.11,24.44,32.78,0.0,11400.0,0.0
2020-08-02,41.11,25.56,33.34,0.0,11000.0,0.0
2020-08-03,40.0,25.0,32.5,0.0,14700.0,1.0
2020-08-04,38.33,23.89,31.11,0.0,15500.0,1.0
2020-08-05,37.78,22.78,30.28,0.0,15600.0,1.0
2020-08-06,36.67,21.11,28.89,0.0,15400.0,0.0
2020-08-07,36.67,20.0,28.34,0.0,15700.0,1.0
2020-08-08,37.22,20.0,28.61,0.0,11600.0,0.0
2020-08-09,37.78,21.67,29.72,0.0,11100.0,0.0
2020-08-10,38.33,21.11,29.72,0.0,15000.0,1.0
2020-08-11,37.22,21.11,29.16,0.0,15700.0,1.0
2020-08-12,38.33,23.33,30.83,0.0,15300.0,0.0
2020-08-13,38.89,20.56,29.72,0.0,15500.0,1.0
2020-08-14,39.44,23.33,31.38,0.0,15900.0,1.0
2020-08-15,40.56,23.89,32.22,0.0,12100.0,0.0
2020-08-16,41.11,23.89,32.5,0.0,11100.0,0.0
2020-08-17,40.56,22.22,31.39,0.0,15600.0,1.0
2020-08-18,41.11,22.22,31.66,0.0,16500.0,1.0
2020-08-19,41.67,23.89,32.78,0.0,15500.0,0.0
2020-08-20,41.67,26.11,33.89,0.0,15600.0,1.0
2020-08-21,41.11,24.44,32.78,0.0,15300.0,0.0
2020-08-22,38.89,23.89,31.39,0.0,11600.0,0.0
2020-08-23,40.0,26.11,33.06,0.0,11000.0,0.0
2020-08-24,42.22,24.44,33.33,0.0,14700.0,1.0
2020-08-25,38.89,27.22,33.06,0.0,15400.0,1.0
2020-08-26,39.44,26.11,32.78,0.0,15300.0,0.0
2020-08-27,39.44,24.44,31.94,0.25,15100.0,0.0
2020-08-28,37.22,23.89,30.56,0.0,15400.0,1.0
2020-08-29,35.0,25.0,30.0,0.0,11700.0,0.0
2020-08-30,35.56,21.11,28.34,0.0,11100.0,0.0
2020-08-31,35.0,21.11,28.06,0.0,13900.0,1.0
2020-09-01,33.33,21.67,27.5,0.0,11000.0,0.0
2020-09-02,35.0,17.78,26.39,0.0,10600.0,0.0
2020-09-03,37.22,20.0,28.61,0.0,10700.0,1.0
2020-09-04,38.33,18.33,28.33,0.0,10700.0,0.0
2020-09-05,40.56,19.44,30.0,0.0,10700.0,0.0
2020-09-06,40.56,21.11,30.84,0.0,9900.0,0.0
2020-09-07,38.33,21.67,30.0,0.0,9470.0,0.0
2020-09-08,31.11,12.78,21.94,0.0,10700.0,1.0
2020-09-09,15.56,9.44,12.5,0.0,10900.0,1.0
2020-09-10,21.67,10.0,15.84,0.0,10800.0,0.0
2020-09-11,27.22,11.11,19.16,0.0,10800.0,0.0
2020-09-12,31.11,13.89,22.5,0.0,10800.0,0.0
2020-09-13,32.78,14.44,23.61,0.0,9460.0,0.0
2020-09-14,32.78,16.11,24.44,0.0,10400.0,1.0
2020-09-15,34.44,16.11,25.28,0.0,10600.0,1.0
2020-09-16,33.89,17.22,25.56,0.0,10800.0,1.0
2020-09-17,33.33,15.56,24.44,0.0,10600.0,0.0
2020-09-18,33.89,16.67,25.28,0.0,10900.0,1.0
2020-09-19,33.89,21.11,27.5,0.0,10800.0,0.0
2020-09-20,34.44,18.33,26.38,0.0,9460.0,0.0
2020-09-21,33.33,18.33,25.83,0.0,10500.0,1.0
2020-09-22,32.22,19.44,25.83,0.51,10700.0,1.0
2020-09-23,32.78,16.11,24.44,0.0,10900.0,1.0
2020-09-24,35.0,16.67,25.84,0.0,10900.0,0.0
2020-09-25,35.0,18.89,26.94,0.0,10800.0,0.0
2020-09-26,34.44,17.22,25.83,0.0,10700.0,0.0
2020-09-27,32.78,17.78,25.28,0.0,9530.0,0.0
2020-09-28,25.0,14.44,19.72,0.0,10600.0,1.0
2020-09-29,27.22,10.56,18.89,0.0,10900.0,1.0
2020-09-30,30.56,12.22,21.39,0.0,10900.0,0.0
2020-10-01,31.11,12.78,21.94,0.0,11100.0,1.0
2020-10-02,31.11,12.22,21.66,0.0,11100.0,0.0
2020-10-03,31.11,13.89,22.5,0.0,11200.0,1.0
2020-10-04,32.22,13.33,22.78,0.0,10000.0,0.0
2020-10-05,33.33,13.89,23.61,0.0,10900.0,1.0
2020-10-06,30.56,12.78,21.67,0.0,11200.0,1.0
2020-10-07,30.0,12.22,21.11,0.0,11100.0,0.0
2020-10-08,30.56,13.89,22.22,0.0,11100.0,0.0
2020-10-09,28.89,15.0,21.94,0.0,10700.0,0.0
2020-10-10,30.0,14.44,22.22,0.0,10700.0,0.0
2020-10-11,28.89,14.44,21.66,0.0,9930.0,0.0
2020-10-12,26.67,10.56,18.62,0.0,10900.0,1.0
2020-10-13,28.89,11.11,20.0,0.0,11200.0,1.0
2020-10-14,32.22,12.22,22.22,0.0,11100.0,0.0
2020-10-15,28.33,15.56,21.94,0.0,11200.0,1.0
2020-10-16,23.89,10.56,17.23,0.0,11200.0,0.0
2020-10-17,27.22,9.44,18.33,0.0,10900.0,0.0
2020-10-18,30.0,13.89,21.94,0.0,9750.0,0.0
2020-10-19,30.0,12.78,21.39,0.0,10700.0,1.0
2020-10-20,27.22,12.22,19.72,0.0,11100.0,1.0
2020-10-21,27.78,11.67,19.73,0.0,10900.0,0.0
2020-10-22,28.33,11.67,20.0,0.0,11000.0,1.0
2020-10-23,25.0,11.11,18.06,0.0,11100.0,1.0
2020-10-24,26.11,11.67,18.89,0.0,10900.0,0.0
2020-10-25,24.44,3.33,13.89,0.76,9820.0,0.0
2020-10-26,5.56,-0.56,2.5,0.0,11000.0,1.0
2020-10-27,10.56,-1.67,4.44,0.0,11000.0,0.0
2020-10-28,17.78,1.11,9.44,0.0,11000.0,0.0
2020-10-29,18.89,4.44,11.66,0.0,10800.0,0.0
2020-10-30,19.44,5.0,12.22,0.0,10900.0,1.0
2020-10-31,21.67,5.56,13.62,0.0,10800.0,0.0
2020-11-01,21.11,6.67,13.89,0.0,9930.0,0.0
2020-11-02,21.67,8.33,15.0,0.0,11200.0,1.0
2020-11-03,22.22,11.11,16.66,0.0,11300.0,1.0
2020-11-04,22.78,7.78,15.28,0.0,11300.0,0.0
2020-11-05,22.78,8.33,15.56,0.0,11000.0,0.0
2020-11-06,20.0,10.0,15.0,0.0,11400.0,1.0
2020-11-07,22.22,3.89,13.06,0.0,11400.0,0.0
2020-11-08,11.11,0.56,5.84,1.78,9940.0,0.0
2020-11-09,7.22,0.56,3.89,0.0,10900.0,1.0
2020-11-10,9.44,-1.67,3.88,0.0,11400.0,1.0
2020-11-11,10.56,-0.56,5.0,0.0,11300.0,0.0
2020-11-12,12.22,1.11,6.66,0.0,11500.0,1.0
2020-11-13,13.33,0.0,6.66,0.0,11400.0,0.0
2020-11-14,15.56,4.44,10.0,0.0,11400.0,0.0
2020-11-15,14.44,1.67,8.06,0.0,9980.0,0.0
2020-11-16,16.11,2.22,9.16,0.0,11200.0,1.0
2020-11-17,16.11,2.78,9.44,0.0,11200.0,0.0
2020-11-18,21.11,5.0,13.06,0.0,11000.0,0.0
2020-11-19,21.11,7.78,14.44,0.0,10800.0,0.0
2020-11-20,17.22,5.0,11.11,0.0,11000.0,1.0
2020-11-21,17.78,6.11,11.94,0.0,10900.0,0.0
2020-11-22,14.44,5.56,10.0,0.0,9520.0,0.0
2020-11-23,14.44,2.78,8.61,0.0,11000.0,1.0
2020-11-24,12.78,2.78,7.78,0.25,11100.0,1.0
2020-11-25,11.67,-0.56,5.56,0.0,11300.0,1.0
2020-11-26,11.11,1.67,6.39,0.0,9790.0,0.0
2020-11-27,10.56,0.0,5.28,0.0,11300.0,1.0
2020-11-28,9.44,-3.33,3.06,0.0,11500.0,1.0
2020-11-29,11.11,-2.78,4.16,0.0,10100.0,0.0
2020-11-30,10.0,-2.22,3.89,0.0,10800.0,1.0
2020-12-01,11.67,-2.22,4.72,0.0,11900.0,1.0
2020-12-02,8.33,-1.67,3.33,0.0,12200.0,1.0
2020-12-03,7.78,-3.89,1.94,0.0,12200.0,0.0
2020-12-04,8.33,-5.0,1.66,0.0,12100.0,0.0
2020-12-05,9.44,-3.33,3.06,0.0,11500.0,0.0
2020-12-06,10.0,-2.78,3.61,0.0,10400.0,0.0
2020-12-07,10.56,-2.22,4.17,0.0,11900.0,1.0
2020-12-08,10.56,-2.78,3.89,0.0,12100.0,1.0
2020-12-09,10.0,-2.78,3.61,0.0,12100.0,0.0
2020-12-10,7.22,0.0,3.61,0.51,12000.0,0.0
2020-12-11,11.11,-2.22,4.44,0.0,12100.0,1.0
2020-12-12,8.89,-1.11,3.89,0.25,11600.0,0.0
2020-12-13,3.89,-6.11,-1.11,0.0,10400.0,0.0
2020-12-14,2.78,-1.67,0.55,0.0,11900.0,1.0
2020-12-15,7.22,-3.89,1.66,0.0,12100.0,1.0
2020-12-16,6.67,-5.0,0.84,0.0,12100.0,0.0
2020-12-17,3.89,-2.22,0.84,0.0,12000.0,0.0
2020-12-18,9.44,-3.33,3.06,0.0,11800.0,0.0
2020-12-19,7.78,-3.89,1.94,0.0,11400.0,0.0
2020-12-20,8.33,-3.33,2.5,0.0,10200.0,0.0
2020-12-21,9.44,-2.22,3.61,0.0,11800.0,1.0
2020-12-22,15.56,-2.22,6.67,0.0,12000.0,1.0
2020-12-23,6.11,-2.78,1.67,0.0,12100.0,1.0
2020-12-24,4.44,-5.56,-0.56,0.0,11800.0,0.0
2020-12-25,5.56,-4.44,0.56,0.0,10400.0,0.0
2020-12-26,5.56,-4.44,0.56,0.0,11100.0,1.0
2020-12-27,3.89,-2.22,0.84,0.0,9940.0,0.0
2020-12-28,6.11,1.11,3.61,1.52,11800.0,1.0
2020-12-29,6.67,-1.11,2.78,0.0,11900.0,1.0
2020-12-30,4.44,-5.56,-0.56,0.0,11900.0,0.0
2020-12-31,2.78,-3.89,-0.56,0.0,12000.0,1.0
2021-01-01,6.67,-5.0,0.84,0.0,11000.0,0.0
2021-01-02,7.22,-3.89,1.66,0.0,11200.0,1.0
2021-01-03,7.22,-3.28,1.97,0.0,10600.0,0.0
2021-01-04,8.33,-2.22,3.06,0.0,12300.0,1.0
2021-01-05,11.67,-2.78,4.44,0.0,13100.0,1.0
2021-01-06,7.78,-2.22,2.78,0.0,13100.0,0.0
2021-01-07,7.78,-2.78,2.5,0.0,13100.0,0.0
2021-01-08,6.11,-2.78,1.67,0.0,13000.0,0.0
2021-01-09,8.89,-4.39,2.25,0.0,11500.0,0.0
2021-01-10,5.56,-3.28,1.14,0.0,10600.0,0.0
2021-01-11,6.11,-4.39,0.86,0.0,12800.0,1.0
2021-01-12,5.0,-5.61,-0.31,0.0,13100.0,1.0
2021-01-13,6.11,-3.89,1.11,0.0,13400.0,1.0
2021-01-14,9.44,-1.72,3.86,0.0,12500.0,0.0
2021-01-15,10.0,-2.22,3.89,0.0,13200.0,1.0
2021-01-16,12.78,-1.11,5.84,0.0,11600.0,0.0
2021-01-17,11.11,-2.22,4.44,0.0,10700.0,0.0
2021-01-18,11.67,0.56,6.12,0.0,12900.0,1.0
2021-01-19,6.67,2.22,4.44,0.0,13100.0,1.0
2021-01-20,9.44,2.22,5.83,0.0,13000.0,0.0
2021-01-21,10.0,-0.61,4.7,0.0,13000.0,0.0
2021-01-22,9.44,3.33,6.38,0.0,12800.0,0.0
2021-01-23,9.44,2.22,5.83,0.76,11500.0,0.0
2021-01-24,6.11,0.56,3.34,0.76,11000.0,0.0
2021-01-25,5.56,-1.72,1.92,0.76,13200.0,1.0
2021-01-26,2.78,-3.89,-0.56,0.0,13100.0,0.0
2021-01-27,1.67,-4.39,-1.36,0.0,13000.0,0.0
2021-01-28,6.11,-1.72,2.2,0.0,13100.0,1.0
2021-01-29,8.33,-1.11,3.61,0.0,13100.0,0.0
2021-01-30,10.0,0.56,5.28,0.0,11300.0,0.0
2021-01-31,9.44,-1.72,3.86,0.0,10700.0,0.0
2021-02-01,8.33,2.22,5.28,0.0,12100.0,1.0
2021-02-02,12.78,5.0,8.89,0.0,11900.0,0.0
2021-02-03,19.44,3.89,11.66,0.0,12200.0,1.0
2021-02-04,10.0,2.22,6.11,0.0,12100.0,0.0
2021-02-05,14.44,0.0,7.22,0.0,12300.0,1.0
2021-02-06,13.33,3.33,8.33,0.0,11900.0,0.0
2021-02-07,16.67,1.67,9.17,0.0,11000.0,0.0
2021-02-08,18.89,1.67,10.28,0.0,12500.0,1.0
2021-02-09,16.11,6.11,11.11,0.0,12400.0,0.0
2021-02-10,15.56,7.78,11.67,0.0,12400.0,0.0
2021-02-11,17.22,5.0,11.11,0.0,12300.0,0.0
2021-02-12,12.22,5.0,8.61,0.25,12700.0,1.0
2021-02-13,8.89,2.78,5.84,1.78,12000.0,0.0
2021-02-14,10.56,3.33,6.94,0.0,11400.0,0.0
2021-02-15,11.11,0.0,5.56,0.0,12300.0,1.0
2021-02-16,11.11,3.89,7.5,0.51,12300.0,0.0
2021-02-17,6.11,1.11,3.61,0.0,12500.0,1.0
2021-02-18,7.78,-1.11,3.34,0.0,12400.0,0.0
2021-02-19,11.67,-0.61,5.53,0.0,12200.0,0.0
2021-02-20,13.89,0.0,6.94,0.0,11900.0,0.0
2021-02-21,11.67,2.22,6.94,0.0,11200.0,0.0
2021-02-22,12.78,0.0,6.39,0.0,12200.0,1.0
2021-02-23,16.11,0.56,8.33,0.0,12200.0,0.0
2021-02-24,17.78,1.67,9.73,0.0,12300.0,1.0
2021-02-25,10.0,1.11,5.56,0.0,11900.0,0.0
2021-02-26,13.89,-0.61,6.64,0.0,12100.0,1.0
2021-02-27,10.0,1.11,5.56,0.0,11900.0,0.0
2021-02-28,7.22,-1.11,3.06,0.0,11100.0,0.0
2021-03-01,10.56,-3.28,3.64,0.0,11700.0,1.0
2021-03-02,13.89,-1.72,6.08,0.0,11500.0,0.0
2021-03-03,16.11,-0.61,7.75,0.0,11800.0,1.0
2021-03-04,16.67,5.0,10.84,0.25,12100.0,1.0
2021-03-05,18.33,2.22,10.27,0.0,11400.0,0.0
2021-03-06,20.0,5.0,12.5,0.0,11200.0,0.0
2021-03-07,21.11,6.11,13.61,0.0,11500.0,1.0
2021-03-08,23.89,12.22,18.06,0.0,11500.0,0.0
2021-03-09,20.0,8.33,14.16,0.0,11600.0,1.0
2021-03-10,12.22,2.22,7.22,0.0,11500.0,0.0
2021-03-11,8.89,1.67,5.28,0.0,11600.0,1.0
2021-03-12,6.67,0.56,3.62,6.86,11600.0,0.0
2021-03-13,8.89,0.0,4.44,0.0,11700.0,1.0
2021-03-14,15.56,5.0,10.28,0.0,11400.0,0.0
2021-03-15,17.78,4.44,11.11,0.0,7090.0,0.0
2021-03-16,10.56,2.22,6.39,4.32,4320.0,0.0
2021-03-17,15.0,1.11,8.06,0.0,4260.0,0.0
2021-03-18,17.78,5.0,11.39,0.0,4180.0,0.0
2021-03-19,21.67,7.22,14.44,0.0,4170.0,0.0
2021-03-20,21.67,11.11,16.39,0.0,5930.0,1.0
2021-03-21,15.0,5.56,10.28,0.0,10700.0,1.0
2021-03-22,15.0,3.33,9.16,0.0,17000.0,1.0
2021-03-23,10.0,3.89,6.94,4.06,19700.0,1.0
2021-03-24,13.33,5.56,9.44,0.0,19600.0,0.0
2021-03-25,12.22,6.67,9.44,0.0,18900.0,0.0
2021-03-26,7.78,2.78,5.28,3.05,13700.0,0.0
2021-03-27,15.0,1.67,8.34,0.0,11600.0,0.0
2021-03-28,20.0,4.44,12.22,0.0,11700.0,1.0
2021-03-29,24.44,7.22,15.83,0.0,12300.0,1.0
2021-03-30,15.56,5.56,10.56,0.0,12800.0,1.0
2021-03-31,15.56,2.22,8.89,0.0,11800.0,0.0
2021-04-01,19.44,2.22,10.83,0.0,10700.0,0.0
2021-04-02,26.11,10.56,18.34,0.0,10500.0,0.0
2021-04-03,28.89,11.11,20.0,0.0,10400.0,0.0
2021-04-04,30.0,13.89,21.94,0.0,10300.0,0.0
2021-04-05,30.0,15.56,22.78,0.0,10900.0,1.0
2021-04-06,21.11,11.67,16.39,0.0,10600.0,0.0
2021-04-07,25.0,7.22,16.11,0.0,10600.0,0.0
2021-04-08,26.11,10.0,18.06,0.0,10700.0,1.0
2021-04-09,24.44,12.22,18.33,0.0,10600.0,0.0
2021-04-10,25.56,9.44,17.5,0.0,10200.0,0.0
2021-04-11,26.11,10.56,18.34,0.0,10100.0,0.0
2021-04-12,26.11,11.11,18.61,0.0,10800.0,1.0
2021-04-13,25.0,14.44,19.72,0.0,10900.0,1.0
2021-04-14,25.0,13.89,19.44,0.0,11000.0,1.0
2021-04-15,17.22,10.0,13.61,0.0,10700.0,0.0
2021-04-16,16.67,5.0,10.84,0.0,11100.0,1.0
2021-04-17,16.11,7.78,11.94,0.25,10100.0,0.0
2021-04-18,18.89,7.22,13.06,0.0,10300.0,1.0
2021-04-19,24.44,6.67,15.56,0.0,10800.0,1.0
2021-04-20,19.44,10.0,14.72,0.0,10800.0,0.0
2021-04-21,25.0,9.44,17.22,0.0,10900.0,1.0
2021-04-22,20.0,12.22,16.11,0.0,10700.0,0.0
2021-04-23,23.89,7.78,15.84,0.0,10800.0,1.0
2021-04-24,25.56,11.67,18.61,0.0,10600.0,0.0
2021-04-25,27.22,15.56,21.39,0.0,10600.0,0.0
2021-04-26,20.56,9.44,15.0,1.02,11000.0,1.0
2021-04-27,14.44,6.67,10.56,4.57,10700.0,0.0
2021-04-28,22.78,7.78,15.28,0.0,10900.0,1.0
2021-04-29,27.22,12.22,19.72,0.0,11000.0,1.0
2021-04-30,30.0,13.89,21.94,0.0,11000.0,0.0
2021-05-01,31.11,16.11,23.61,0.0,9890.0,0.0
2021-05-02,27.22,13.89,20.56,0.0,9630.0,0.0
2021-05-03,23.89,13.89,18.89,0.0,11000.0,1.0
2021-05-04,27.78,12.22,20.0,0.0,11400.0,1.0
2021-05-05,30.56,15.0,22.78,0.0,11500.0,1.0
2021-05-06,32.78,15.0,23.89,0.0,11700.0,1.0
2021-05-07,31.67,16.67,24.17,0.0,11300.0,0.0
2021-05-08,28.33,17.22,22.78,0.0,10000.0,0.0
2021-05-09,26.11,11.67,18.89,0.0,9700.0,0.0
2021-05-10,26.67,12.78,19.73,0.0,11100.0,1.0
2021-05-11,25.56,11.11,18.34,0.0,11400.0,1.0
2021-05-12,28.33,11.67,20.0,0.0,11400.0,0.0
2021-05-13,32.22,14.44,23.33,0.0,11500.0,1.0
2021-05-14,33.33,18.33,25.83,0.0,11500.0,0.0
2021-05-15,31.67,17.78,24.72,0.0,10100.0,0.0
2021-05-16,28.33,16.11,22.22,0.0,9810.0,0.0
2021-05-17,26.67,15.56,21.12,0.0,11400.0,1.0
2021-05-18,30.0,14.44,22.22,0.0,11300.0,0.0
2021-05-19,32.22,17.78,25.0,0.0,11400.0,1.0
2021-05-20,30.56,19.44,25.0,0.0,11200.0,0.0
2021-05-21,24.44,12.22,18.33,0.0,10900.0,0.0
2021-05-22,23.89,7.78,15.84,0.0,9600.0,0.0
2021-05-23,23.33,8.33,15.83,0.0,9000.0,0.0
2021-05-24,25.0,11.67,18.34,0.0,10900.0,1.0
2021-05-25,30.56,13.89,22.22,0.0,11100.0,1.0
2021-05-26,28.33,20.56,24.44,0.0,10800.0,0.0
2021-05-27,31.67,16.67,24.17,0.0,10800.0,0.0
2021-05-28,32.78,18.33,25.56,0.0,10600.0,0.0
2021-05-29,33.33,17.78,25.56,0.0,8450.0,0.0
2021-05-30,31.67,17.78,24.72,0.0,8420.0,0.0
2021-05-31,31.11,17.78,24.44,0.0,8460.0,1.0
2021-06-01,33.89,19.44,26.66,0.0,8340.0,0.0
2021-06-02,36.11,18.89,27.5,0.0,8340.0,0.0
2021-06-03,36.67,22.22,29.44,0.0,8330.0,0.0
2021-06-04,38.89,25.56,32.22,0.0,8300.0,0.0
2021-06-05,38.33,23.89,31.11,0.0,11200.0,1.0
2021-06-06,37.22,25.56,31.39,0.0,10200.0,0.0
2021-06-07,33.89,19.44,26.66,0.0,11300.0,1.0
2021-06-08,32.78,21.11,26.94,0.0,11600.0,1.0
2021-06-09,32.78,17.78,25.28,0.0,12300.0,1.0
2021-06-10,34.44,22.22,28.33,0.0,12200.0,0.0
2021-06-11,33.33,15.56,24.44,0.0,12000.0,0.0
2021-06-12,37.78,18.33,28.06,0.0,11800.0,0.0
2021-06-13,39.44,21.11,30.28,0.0,10300.0,0.0
2021-06-14,40.56,22.22,31.39,0.0,11600.0,1.0
2021-06-15,41.67,24.44,33.06,0.0,12000.0,1.0
2021-06-16,42.78,26.11,34.44,0.0,12400.0,1.0
2021-06-17,42.22,28.33,35.28,0.0,12300.0,0.0
2021-06-18,41.67,29.44,35.56,0.0,11200.0,0.0
2021-06-19,39.44,28.33,33.88,0.0,11400.0,1.0
2021-06-20,41.67,26.11,33.89,0.0,10200.0,0.0
2021-06-21,40.56,26.67,33.62,0.0,11300.0,1.0
2021-06-22,37.22,23.33,30.28,0.0,11800.0,1.0
2021-06-23,31.67,24.44,28.06,0.0,12000.0,1.0
2021-06-24,33.89,21.11,27.5,0.0,11900.0,0.0
2021-06-25,32.22,23.89,28.06,0.0,12000.0,1.0
2021-06-26,33.89,21.67,27.78,0.0,12000.0,0.0
2021-06-27,35.0,25.56,30.28,0.0,10200.0,0.0
2021-06-28,32.78,23.89,28.34,0.0,11700.0,1.0
2021-06-29,31.67,20.56,26.12,0.25,12100.0,1.0
2021-06-30,31.67,18.33,25.0,0.0,12200.0,1.0
2021-07-01,35.0,21.11,28.06,0.0,12600.0,1.0
2021-07-02,38.33,23.89,31.11,0.0,12700.0,1.0
2021-07-03,38.89,25.0,31.94,0.0,12100.0,0.0
2021-07-04,38.33,25.56,31.94,0.0,11600.0,0.0
2021-07-05,37.78,28.33,33.06,0.0,12500.0,1.0
2021-07-06,40.0,26.11,33.06,0.0,12900.0,1.0
2021-07-07,40.56,25.56,33.06,0.0,13000.0,1.0
2021-07-08,42.78,26.67,34.72,0.0,13100.0,1.0
2021-07-09,43.33,28.89,36.11,0.0,13000.0,0.0
2021-07-10,42.78,27.78,35.28,0.0,12800.0,0.0
2021-07-11,42.22,29.44,35.83,0.0,11000.0,0.0
2021-07-12,41.67,28.89,35.28,0.0,12400.0,1.0
2021-07-13,37.78,21.67,29.72,12.95,12800.0,1.0
2021-07-14,32.22,20.56,26.39,0.76,12800.0,0.0
2021-07-15,35.0,21.67,28.34,0.0,12900.0,1.0
2021-07-16,35.0,25.0,30.0,0.0,12800.0,0.0
2021-07-17,37.78,25.0,31.39,0.0,12700.0,0.0
2021-07-18,35.56,27.22,31.39,0.0,11100.0,0.0
2021-07-19,35.0,23.0,29.0,8.64,12400.0,1.0
2021-07-20,34.44,23.33,28.88,0.0,12500.0,1.0
2021-07-21,37.22,24.44,30.83,2.29,12400.0,0.0
2021-07-22,35.0,23.33,29.16,0.0,12500.0,1.0
2021-07-23,36.11,24.44,30.28,0.0,12400.0,0.0
2021-07-24,33.33,21.11,27.22,0.76,12100.0,0.0
2021-07-25,32.78,22.22,27.5,0.0,11000.0,0.0
2021-07-26,33.33,23.89,28.61,0.0,12300.0,1.0
2021-07-27,34.44,22.22,28.33,0.0,12500.0,1.0
2021-07-28,36.11,25.56,30.84,0.0,12300.0,0.0
2021-07-29,36.67,23.89,30.28,0.0,12800.0,1.0
2021-07-30,34.44,22.22,28.33,0.0,12400.0,0.0
2021-07-31,35.0,23.33,29.16,6.86,12500.0,1.0
2021-08-01,33.89,21.11,27.5,2.29,11400.0,0.0
2021-08-02,35.0,21.67,28.34,0.0,13100.0,1.0
2021-08-03,36.67,22.22,29.44,0.0,13100.0,0.0
2021-08-04,37.22,23.89,30.56,0.0,13200.0,1.0
2021-08-05,39.44,23.33,31.38,0.0,13200.0,0.0
2021-08-06,37.78,27.22,32.5,0.0,13000.0,0.0
2021-08-07,36.11,22.22,29.16,0.0,12900.0,0.0
2021-08-08,37.78,22.78,30.28,0.0,10700.0,0.0
2021-08-09,36.67,23.33,30.0,0.0,12000.0,1.0
2021-08-10,37.22,25.0,31.11,0.0,12400.0,1.0
2021-08-11,36.11,23.33,29.72,0.0,12400.0,0.0
2021-08-12,35.56,25.0,30.28,0.0,12400.0,0.0
2021-08-13,37.78,25.0,31.39,0.0,12600.0,1.0
2021-08-14,37.22,25.0,31.11,0.0,12600.0,0.0
2021-08-15,38.89,25.0,31.94,0.0,11100.0,0.0
2021-08-16,36.67,23.89,30.28,0.0,12700.0,1.0
2021-08-17,34.44,23.89,29.16,0.25,13100.0,1.0
2021-08-18,33.0,21.11,27.06,0.0,13300.0,1.0
2021-08-19,27.22,15.0,21.11,2.03,13400.0,1.0
2021-08-20,28.89,16.11,22.5,0.0,13500.0,1.0
2021-08-21,32.78,20.0,26.39,0.0,13200.0,0.0
2021-08-22,34.44,20.56,27.5,0.0,11400.0,0.0
2021-08-23,35.0,22.22,28.61,0.0,13000.0,1.0
2021-08-24,35.0,21.11,28.06,0.0,13500.0,1.0
2021-08-25,36.67,21.11,28.89,0.0,13500.0,0.0
2021-08-26,36.67,22.78,29.72,0.0,13500.0,0.0
2021-08-27,37.22,21.67,29.44,0.0,13500.0,0.0
2021-08-28,37.78,22.78,30.28,0.0,13300.0,0.0
2021-08-29,37.22,22.78,30.0,0.0,11700.0,0.0
2021-08-30,36.67,23.33,30.0,0.0,13300.0,1.0
2021-08-31,35.0,25.0,30.0,0.0,13600.0,1.0
2021-09-01,25.0,18.89,21.94,11.18,11300.0,0.0
2021-09-02,30.0,18.89,24.44,0.0,10800.0,0.0
2021-09-03,31.67,20.56,26.12,0.0,10700.0,0.0
2021-09-04,33.89,22.22,28.06,0.0,10600.0,0.0
2021-09-05,35.0,21.11,28.06,0.0,9290.0,0.0
2021-09-06,36.67,20.56,28.62,0.0,10400.0,1.0
2021-09-07,36.11,22.22,29.16,0.0,10800.0,1.0
2021-09-08,36.67,19.44,28.06,0.0,10900.0,1.0
2021-09-09,36.11,21.11,28.61,0.0,10800.0,0.0
2021-09-10,36.67,23.33,30.0,0.0,10800.0,0.0
2021-09-11,33.33,22.22,27.78,0.0,10700.0,0.0
2021-09-12,35.0,21.11,28.06,0.0,9380.0,0.0
2021-09-13,35.56,21.11,28.34,0.0,10400.0,1.0
2021-09-14,35.0,22.22,28.61,0.0,10700.0,1.0
2021-09-15,35.0,21.11,28.06,0.0,10700.0,0.0
2021-09-16,33.89,20.0,26.94,0.0,10800.0,1.0
2021-09-17,33.33,17.78,25.56,0.0,10700.0,0.0
2021-09-18,30.0,17.22,23.61,4.57,10700.0,0.0
2021-09-19,30.0,15.56,22.78,0.0,9390.0,0.0
2021-09-20,26.11,17.22,21.66,0.0,10400.0,1.0
2021-09-21,26.11,13.33,19.72,0.0,10700.0,1.0
2021-09-22,30.0,13.33,21.66,0.0,10600.0,0.0
2021-09-23,31.11,16.11,23.61,0.0,10700.0,1.0
2021-09-24,30.56,17.22,23.89,0.0,10600.0,0.0
2021-09-25,31.11,17.22,24.16,0.0,10700.0,1.0
2021-09-26,27.22,20.0,23.61,0.0,9460.0,0.0
2021-09-27,28.89,17.78,23.34,0.0,10400.0,1.0
2021-09-28,28.33,17.22,22.78,0.0,10600.0,1.0
2021-09-29,22.78,15.0,18.89,0.51,10500.0,0.0
2021-09-30,22.22,12.22,17.22,0.0,10700.0,1.0
2021-10-01,23.33,13.89,18.61,0.0,8640.0,0.0
2021-10-02,26.11,13.89,20.0,0.0,7760.0,0.0
2021-10-03,27.22,13.89,20.56,0.0,7560.0,0.0
2021-10-04,27.78,14.44,21.11,0.0,7970.0,1.0
2021-10-05,20.56,13.89,17.23,5.59,8240.0,1.0
2021-10-06,20.56,12.22,16.39,0.0,8180.0,0.0
2021-10-07,22.78,12.78,17.78,0.0,8310.0,1.0
2021-10-08,18.89,13.33,16.11,0.0,8310.0,0.0
2021-10-09,20.0,11.11,15.56,0.0,7810.0,0.0
2021-10-10,20.0,8.89,14.44,0.0,7540.0,0.0
2021-10-11,23.33,7.78,15.56,5.84,7920.0,1.0
2021-10-12,10.56,3.33,6.94,8.38,8290.0,1.0
2021-10-13,13.33,3.33,8.33,0.0,8100.0,0.0
2021-10-14,15.56,5.0,10.28,0.0,8090.0,0.0
2021-10-15,15.0,3.89,9.44,0.0,8030.0,0.0
2021-10-16,17.22,4.44,10.83,0.0,7760.0,0.0
2021-10-17,18.89,6.11,12.5,0.0,7600.0,0.0
2021-10-18,21.67,8.89,15.28,0.0,7900.0,1.0
2021-10-19,17.22,5.0,11.11,0.0,8190.0,1.0
2021-10-20,18.33,5.56,11.94,0.0,8160.0,0.0
2021-10-21,19.44,7.22,13.33,0.0,8120.0,0.0
2021-10-22,20.56,7.78,14.17,0.0,8160.0,1.0
2021-10-23,22.78,11.11,16.94,0.0,7740.0,0.0
2021-10-24,20.56,11.11,15.84,0.0,7490.0,0.0
2021-10-25,26.11,11.11,18.61,0.0,7780.0,1.0
2021-10-26,18.89,9.44,14.16,4.57,7950.0,1.0
2021-10-27,16.11,5.0,10.56,0.0,7770.0,0.0
2021-10-28,18.89,6.11,12.5,0.0,8010.0,1.0
2021-10-29,18.89,7.78,13.34,0.0,8080.0,1.0
2021-10-30,20.0,7.22,13.61,0.0,7710.0,0.0
2021-10-31,21.11,10.0,15.56,0.0,7400.0,0.0
2021-11-01,21.11,11.11,16.11,0.0,8280.0,1.0
2021-11-02,22.22,11.11,16.66,0.0,8540.0,1.0
2021-11-03,19.44,9.44,14.44,0.0,8390.0,0.0
2021-11-04,18.89,7.22,13.06,0.0,8540.0,1.0
2021-11-05,20.0,7.22,13.61,0.0,8470.0,0.0
2021-11-06,20.56,7.78,14.17,0.0,8270.0,0.0
2021-11-07,21.11,8.33,14.72,0.0,8090.0,0.0
2021-11-08,20.56,8.89,14.72,0.0,8290.0,1.0
2021-11-09,15.56,8.89,12.23,0.0,8490.0,1.0
2021-11-10,19.44,7.78,13.61,0.0,8350.0,0.0
2021-11-11,17.22,7.78,12.5,0.0,8550.0,1.0
2021-11-12,17.78,5.56,11.67,0.0,8540.0,0.0
2021-11-13,17.22,5.0,11.11,0.0,8230.0,0.0
2021-11-14,17.22,6.11,11.66,0.0,7990.0,0.0
2021-11-15,17.78,5.56,11.67,0.0,8480.0,1.0
2021-11-16,17.22,8.33,12.77,0.0,8650.0,1.0
2021-11-17,16.11,6.11,11.11,0.0,8520.0,0.0
2021-11-18,14.0,2.78,8.39,0.0,8600.0,1.0
2021-11-19,15.0,5.56,10.28,0.0,8530.0,0.0
2021-11-20,16.67,6.11,11.39,0.0,8340.0,0.0
2021-11-21,13.33,2.78,8.06,0.0,7810.0,0.0
2021-11-22,12.22,0.56,6.39,0.0,8160.0,1.0
2021-11-23,10.0,3.33,6.66,0.0,8470.0,1.0
2021-11-24,11.11,1.67,6.39,0.0,8580.0,1.0
2021-11-25,10.56,-0.61,4.98,0.0,7770.0,0.0
2021-11-26,10.56,-1.72,4.42,0.0,8280.0,1.0
2021-11-27,12.22,0.0,6.11,0.0,8310.0,1.0
2021-11-28,13.89,1.67,7.78,0.0,7880.0,0.0
2021-11-29,14.44,2.22,8.33,0.0,8380.0,1.0
2021-11-30,14.44,2.22,8.33,0.0,8420.0,1.0
2021-12-01,13.33,1.11,7.22,0.0,9540.0,1.0
2021-12-02,14.44,2.22,8.33,0.0,9830.0,1.0
2021-12-03,13.89,2.78,8.34,0.0,9870.0,1.0
2021-12-04,13.89,2.22,8.06,0.0,9930.0,1.0
2021-12-05,13.33,2.22,7.78,0.0,8870.0,0.0
2021-12-06,12.22,3.33,7.78,0.0,9600.0,1.0
2021-12-07,11.67,5.56,8.62,0.0,9890.0,1.0
2021-12-08,10.56,5.56,8.06,0.0,9960.0,1.0
2021-12-09,14.44,5.56,10.0,4.06,9960.0,0.0
2021-12-10,6.67,-1.72,2.48,0.0,10300.0,1.0
2021-12-11,3.89,-4.44,-0.28,0.0,9650.0,0.0
2021-12-12,5.56,-3.89,0.83,0.0,8760.0,0.0
2021-12-13,6.67,-2.78,1.94,0.0,9740.0,1.0
2021-12-14,17.22,1.0,9.11,0.0,9980.0,1.0
2021-12-15,6.11,-1.11,2.5,0.0,10000.0,1.0
2021-12-16,3.89,-3.89,0.0,0.0,9960.0,0.0
2021-12-17,5.56,-2.22,1.67,0.0,10200.0,1.0
2021-12-18,4.44,-3.28,0.58,0.0,9790.0,0.0
2021-12-19,4.44,-4.39,0.03,0.0,8790.0,0.0
2021-12-20,5.0,-3.89,0.55,0.0,9720.0,1.0
2021-12-21,3.89,-1.72,1.08,0.0,10100.0,1.0
2021-12-22,3.33,-3.89,-0.28,0.0,9860.0,0.0
2021-12-23,7.78,1.67,4.72,0.0,10000.0,1.0
2021-12-24,12.22,5.0,8.61,0.0,9900.0,0.0
2021-12-25,11.11,2.78,6.94,0.0,8960.0,0.0
2021-12-26,10.0,2.78,6.39,0.0,8750.0,0.0
2021-12-27,8.89,0.56,4.73,0.0,9720.0,1.0
2021-12-28,6.67,1.0,3.84,0.76,10100.0,1.0
2021-12-29,5.56,1.11,3.34,0.0,10100.0,0.0
2021-12-30,8.89,1.11,5.0,0.0,10200.0,1.0
2021-12-31,12.22,2.78,7.5,0.0,10100.0,0.0
2022-01-01,2.22,-3.89,-0.84,0.0,10300.0,1.0
2022-01-02,2.22,-6.72,-2.25,0.0,9900.0,0.0
2022-01-03,2.22,-6.11,-1.94,0.0,10900.0,1.0
2022-01-04,5.56,-3.89,0.83,0.0,11000.0,1.0
2022-01-05,10.0,-1.11,4.44,0.0,11200.0,1.0
2022-01-06,11.67,1.67,6.67,0.0,11300.0,1.0
2022-01-07,12.22,0.56,6.39,0.0,11600.0,1.0
2022-01-08,13.89,3.33,8.61,0.0,11000.0,0.0
2022-01-09,9.44,-0.61,4.42,0.0,9950.0,0.0
2022-01-10,7.78,-2.78,2.5,0.0,11600.0,1.0
2022-01-11,7.78,-1.72,3.03,0.0,11200.0,0.0
2022-01-12,8.89,-2.22,3.34,0.0,11000.0,0.0
2022-01-13,8.33,-1.11,3.61,0.0,11200.0,1.0
2022-01-14,12.78,-0.61,6.08,0.0,11200.0,0.0
2022-01-15,9.44,-1.11,4.16,0.0,11000.0,0.0
2022-01-16,8.33,-2.78,2.78,0.0,10100.0,0.0
2022-01-17,6.11,-2.22,1.94,0.0,11000.0,1.0
2022-01-18,8.33,-1.11,3.61,0.0,11300.0,1.0
2022-01-19,11.11,0.0,5.56,0.0,11300.0,0.0
2022-01-20,9.44,0.0,4.72,0.0,11700.0,1.0
2022-01-21,4.44,-1.11,1.66,0.0,11900.0,1.0
2022-01-22,10.56,0.56,5.56,0.0,11100.0,0.0
2022-01-23,11.11,-0.61,5.25,0.0,10300.0,0.0
2022-01-24,11.11,-1.11,5.0,0.0,11400.0,1.0
2022-01-25,9.44,0.0,4.72,0.0,11500.0,1.0
2022-01-26,7.78,-1.72,3.03,0.0,11600.0,1.0
2022-01-27,9.44,-3.28,3.08,0.0,11500.0,0.0
2022-01-28,7.22,-3.28,1.97,0.0,11600.0,1.0
2022-01-29,7.22,-4.39,1.42,0.0,11000.0,0.0
2022-01-30,10.0,-2.22,3.89,0.0,10400.0,0.0
2022-01-31,10.56,-2.78,3.89,0.0,11300.0,1.0
2022-02-01,8.89,1.67,5.28,0.0,10200.0,0.0
2022-02-02,3.89,-3.28,0.31,0.0,10000.0,0.0
2022-02-03,2.78,-6.72,-1.97,0.0,10400.0,1.0
2022-02-04,5.56,-6.11,-0.28,0.0,10300.0,0.0
2022-02-05,7.22,-5.61,0.8,0.0,10000.0,0.0
2022-02-06,10.0,-4.39,2.8,0.0,9550.0,0.0
2022-02-07,10.56,-2.78,3.89,0.0,9910.0,1.0
2022-02-08,12.22,-1.72,5.25,0.0,9830.0,0.0
2022-02-09,12.78,-1.11,5.84,0.0,9810.0,0.0
2022-02-10,15.0,2.22,8.61,0.0,9740.0,0.0
2022-02-11,17.22,2.78,10.0,0.0,9760.0,1.0
2022-02-12,13.33,2.22,7.78,0.0,9780.0,1.0
2022-02-13,13.89,-1.11,6.39,0.0,9760.0,0.0
2022-02-14,13.89,-0.61,6.64,0.0,10000.0,1.0
2022-02-15,16.67,2.78,9.73,0.0,10200.0,1.0
2022-02-16,12.78,3.89,8.33,0.0,10100.0,0.0
2022-02-17,10.56,1.67,6.12,0.0,10100.0,0.0
2022-02-18,12.22,0.0,6.11,0.0,10100.0,0.0
2022-02-19,14.44,0.0,7.22,0.0,9760.0,0.0
2022-02-20,16.67,1.11,8.89,0.0,9450.0,0.0
2022-02-21,15.0,3.89,9.44,0.51,9920.0,1.0
2022-02-22,7.22,0.56,3.89,0.76,10100.0,1.0
2022-02-23,5.56,-0.61,2.47,3.3,10500.0,1.0
2022-02-24,5.56,-3.89,0.83,0.0,10900.0,1.0
2022-02-25,7.22,-4.39,1.42,0.0,10200.0,0.0
2022-02-26,6.67,-4.39,1.14,0.0,10000.0,0.0
2022-02-27,9.44,-3.28,3.08,0.0,9790.0,0.0
2022-02-28,13.33,-1.11,6.11,0.0,10200.0,1.0
2022-03-01,16.11,0.56,8.33,0.0,9820.0,0.0
2022-03-02,18.33,2.78,10.56,0.0,9750.0,0.0
2022-03-03,18.33,3.33,10.83,0.0,9820.0,1.0
2022-03-04,16.11,6.67,11.39,0.0,9730.0,0.0
2022-03-05,12.22,1.67,6.94,0.76,9840.0,1.0
2022-03-06,8.89,0.0,4.44,0.0,9520.0,0.0
2022-03-07,8.33,1.11,4.72,0.0,9480.0,0.0
2022-03-08,8.89,-2.78,3.06,0.0,9610.0,1.0
2022-03-09,14.44,0.0,7.22,0.0,9620.0,1.0
2022-03-10,8.33,0.0,4.16,2.29,9780.0,1.0
2022-03-11,8.89,-4.39,2.25,0.0,9570.0,0.0
2022-03-12,12.22,-1.11,5.56,0.0,9620.0,1.0
2022-03-13,17.78,1.11,9.44,0.0,9400.0,0.0
2022-03-14,15.0,5.0,10.0,0.0,9460.0,1.0
2022-03-15,18.89,2.78,10.84,0.0,9640.0,1.0
2022-03-16,15.56,6.67,11.12,1.52,9470.0,0.0
2022-03-17,13.89,5.0,9.44,0.0,9510.0,1.0
2022-03-18,17.78,3.89,10.84,0.0,9460.0,0.0
2022-03-19,19.44,4.44,11.94,0.0,9420.0,0.0
2022-03-20,17.22,7.78,12.5,0.51,9150.0,0.0
2022-03-21,17.78,3.89,10.84,0.0,9290.0,1.0
2022-03-22,16.67,6.67,11.67,0.0,9440.0,1.0
2022-03-23,19.44,4.44,11.94,0.0,9340.0,0.0
2022-03-24,23.89,6.11,15.0,0.0,9480.0,1.0
2022-03-25,26.67,8.33,17.5,0.0,9320.0,0.0
2022-03-26,27.22,10.56,18.89,0.0,9100.0,0.0
2022-03-27,27.22,12.22,19.72,0.0,8920.0,0.0
2022-03-28,21.11,10.56,15.84,0.0,9400.0,1.0
2022-03-29,15.56,8.89,12.23,0.51,9410.0,1.0
2022-03-30,20.56,9.44,15.0,0.0,9450.0,1.0
2022-03-31,19.44,10.0,14.72,0.0,9480.0,1.0
2022-04-01,21.11,7.78,14.44,0.0,9130.0,0.0
2022-04-02,24.44,10.0,17.22,0.0,8130.0,0.0
2022-04-03,22.22,12.22,17.22,0.0,7920.0,0.0
2022-04-04,24.44,9.44,16.94,0.0,8640.0,1.0
2022-04-05,26.67,16.11,21.39,0.0,8860.0,1.0
2022-04-06,18.33,8.89,13.61,0.0,8840.0,0.0
2022-04-07,21.11,5.56,13.34,0.0,8930.0,1.0
2022-04-08,23.89,8.33,16.11,0.0,8840.0,0.0
2022-04-09,28.33,10.56,19.44,0.0,7870.0,0.0
2022-04-10,19.44,10.56,15.0,0.0,7840.0,0.0
2022-04-11,23.89,6.11,15.0,0.0,8670.0,1.0
2022-04-12,17.22,3.33,10.27,0.0,8850.0,1.0
2022-04-13,15.56,0.56,8.06,0.0,8920.0,1.0
2022-04-14,20.0,3.33,11.66,0.0,8880.0,0.0
2022-04-15,23.89,9.44,16.66,0.0,8870.0,0.0
2022-04-16,25.56,11.11,18.34,0.0,8200.0,0.0
2022-04-17,26.67,10.0,18.34,0.0,7900.0,0.0
2022-04-18,28.33,11.11,19.72,0.0,8600.0,1.0
2022-04-19,27.78,13.89,20.84,0.0,8850.0,1.0
2022-04-20,26.67,12.78,19.73,0.0,8860.0,1.0
2022-04-21,28.33,12.78,20.56,0.0,8940.0,1.0
2022-04-22,20.0,9.44,14.72,0.25,8880.0,0.0
2022-04-23,18.33,6.67,12.5,0.0,7840.0,0.0
2022-04-24,17.78,6.11,11.94,0.0,7720.0,0.0
2022-04-25,20.56,6.11,13.34,0.0,8630.0,1.0
2022-04-26,28.33,9.44,18.88,0.0,8820.0,1.0
2022-04-27,28.33,16.11,22.22,0.0,8930.0,1.0
2022-04-28,27.22,15.56,21.39,0.0,8930.0,0.0
2022-04-29,25.0,13.89,19.44,0.0,8820.0,0.0
2022-04-30,24.44,10.0,17.22,0.0,8030.0,0.0
2022-05-01,27.22,11.11,19.16,0.0,9050.0,1.0
2022-05-02,26.67,10.56,18.62,0.0,9980.0,1.0
2022-05-03,22.22,12.78,17.5,0.0,9970.0,0.0
2022-05-04,21.67,9.44,15.56,0.0,10100.0,1.0
2022-05-05,27.22,10.0,18.61,0.0,10000.0,0.0
2022-05-06,33.33,16.11,24.72,0.0,9910.0,0.0
2022-05-07,32.22,22.22,27.22,0.0,9500.0,0.0
2022-05-08,28.33,20.0,24.16,0.0,9370.0,0.0
2022-05-09,24.44,12.22,18.33,0.0,9840.0,1.0
2022-05-10,26.67,13.89,20.28,0.0,9950.0,1.0
2022-05-11,26.67,11.11,18.89,0.0,9950.0,0.0
2022-05-12,21.11,8.89,15.0,0.0,9960.0,1.0
2022-05-13,26.67,11.11,18.89,0.0,9970.0,1.0
2022-05-14,32.22,14.44,23.33,0.0,9490.0,0.0
2022-05-15,35.0,17.78,26.39,0.0,9340.0,0.0
2022-05-16,33.33,20.56,26.94,0.0,9820.0,1.0
2022-05-17,33.33,18.89,26.11,0.0,10100.0,1.0
2022-05-18,32.22,20.0,26.11,0.0,9970.0,0.0
2022-05-19,32.78,21.11,26.94,0.0,9990.0,1.0
2022-05-20,25.56,16.11,20.84,0.0,9910.0,0.0
2022-05-21,22.78,12.22,17.5,0.0,9340.0,0.0
2022-05-22,29.44,12.22,20.83,0.0,9270.0,0.0
2022-05-23,25.56,16.11,20.84,0.0,9910.0,1.0
2022-05-24,28.33,14.44,21.38,0.0,9950.0,1.0
2022-05-25,31.11,16.11,23.61,0.0,9980.0,1.0
2022-05-26,35.0,16.67,25.84,0.0,9930.0,0.0
2022-05-27,34.44,20.56,27.5,0.0,9820.0,0.0
2022-05-28,32.22,23.33,27.78,0.0,9140.0,0.0
2022-05-29,26.67,16.67,21.67,0.0,9130.0,0.0
2022-05-30,23.33,11.67,17.5,0.0,9360.0,1.0
2022-05-31,26.11,11.11,18.61,0.0,10000.0,1.0
2022-06-01,27.78,13.33,20.56,0.0,10200.0,1.0
2022-06-02,33.33,15.0,24.16,0.0,10200.0,0.0
2022-06-03,33.33,18.33,25.83,0.0,10300.0,1.0
2022-06-04,32.78,19.44,26.11,0.0,9310.0,0.0
2022-06-05,33.89,18.89,26.39,0.0,9230.0,0.0
2022-06-06,35.56,20.56,28.06,0.0,10200.0,1.0
2022-06-07,36.67,22.78,29.72,0.0,10200.0,0.0
2022-06-08,37.22,23.33,30.28,0.0,10200.0,0.0
2022-06-09,37.78,23.33,30.56,0.0,10200.0,0.0
2022-06-10,39.44,22.78,31.11,0.0,10300.0,1.0
2022-06-11,38.89,25.56,32.22,0.0,9310.0,0.0
2022-06-12,38.33,24.44,31.38,0.0,9240.0,0.0
2022-06-13,35.0,26.67,30.84,0.0,10200.0,1.0
2022-06-14,32.22,17.78,25.0,0.0,10200.0,0.0
2022-06-15,34.44,17.78,26.11,0.0,10300.0,1.0
2022-06-16,38.89,20.0,29.44,0.0,10200.0,0.0
2022-06-17,37.22,27.78,32.5,0.0,10200.0,0.0
2022-06-18,33.33,24.44,28.88,0.0,9380.0,0.0
2022-06-19,31.11,19.44,25.28,0.0,9260.0,0.0
2022-06-20,30.56,15.56,23.06,0.0,9900.0,1.0
2022-06-21,34.44,17.22,25.83,0.0,10300.0,1.0
2022-06-22,32.22,20.56,26.39,8.13,10000.0,0.0
2022-06-23,33.89,18.33,26.11,1.52,10400.0,1.0
2022-06-24,32.22,21.11,26.66,0.0,10300.0,0.0
2022-06-25,35.56,22.22,28.89,5.59,9490.0,0.0
2022-06-26,32.78,20.0,26.39,0.0,9290.0,0.0
2022-06-27,33.89,19.44,26.66,0.0,10300.0,1.0
2022-06-28,36.67,23.89,30.28,0.0,10400.0,1.0
2022-06-29,34.44,26.11,30.28,0.0,10400.0,0.0
2022-06-30,35.0,24.44,29.72,0.0,10500.0,1.0
2022-07-01,32.78,23.33,28.06,0.0,11500.0,1.0
2022-07-02,35.56,22.22,28.89,0.0,9760.0,0.0
2022-07-03,36.11,25.56,30.84,0.0,9290.0,0.0
2022-07-04,36.11,23.33,29.72,0.0,9310.0,1.0
2022-07-05,33.89,21.67,27.78,1.52,11300.0,1.0
2022-07-06,34.44,20.56,27.5,0.0,11700.0,1.0
2022-07-07,36.11,22.78,29.44,0.0,11800.0,1.0
2022-07-08,38.33,22.78,30.56,0.0,11800.0,0.0
2022-07-09,40.0,24.44,32.22,0.0,9840.0,0.0
2022-07-10,38.89,27.78,33.34,0.0,9370.0,0.0
2022-07-11,38.89,26.67,32.78,0.0,11400.0,1.0
2022-07-12,39.44,25.0,32.22,0.0,11800.0,1.0
2022-07-13,37.78,24.44,31.11,0.0,11800.0,0.0
2022-07-14,36.67,26.67,31.67,0.0,11700.0,0.0
2022-07-15,36.11,24.44,30.28,0.0,11800.0,1.0
2022-07-16,38.89,24.44,31.66,0.0,9860.0,0.0
2022-07-17,40.56,28.33,34.44,0.0,9460.0,0.0
2022-07-18,37.78,25.0,31.39,0.0,11400.0,1.0
2022-07-19,37.78,25.0,31.39,0.0,11800.0,1.0
2022-07-20,39.44,26.67,33.06,0.0,11900.0,1.0
2022-07-21,41.11,26.11,33.61,0.0,11800.0,0.0
2022-07-22,40.0,26.67,33.34,0.0,11800.0,0.0
2022-07-23,38.89,28.33,33.61,0.0,9790.0,0.0
2022-07-24,36.67,23.89,30.28,0.51,9440.0,0.0
2022-07-25,40.56,22.78,31.67,0.0,11400.0,1.0
2022-07-26,31.11,21.67,26.39,0.25,11700.0,1.0
2022-07-27,30.56,22.22,26.39,4.83,11800.0,1.0
2022-07-28,28.89,18.33,23.61,12.19,11900.0,1.0
2022-07-29,31.67,21.11,26.39,0.0,11700.0,0.0
2022-07-30,30.56,21.67,26.12,0.51,9790.0,0.0
2022-07-31,32.78,23.89,28.34,0.0,9300.0,0.0
2022-08-01,34.44,23.89,29.16,0.0,11900.0,1.0
2022-08-02,36.67,26.67,31.67,0.0,12300.0,1.0
2022-08-03,36.67,25.0,30.84,0.0,12500.0,1.0
2022-08-04,37.22,25.56,31.39,1.02,12500.0,0.0
2022-08-05,33.89,23.89,28.89,0.0,12500.0,0.0
2022-08-06,35.56,23.89,29.72,0.0,10000.0,0.0
2022-08-07,37.78,23.89,30.84,0.0,9440.0,0.0
2022-08-08,37.22,23.89,30.56,0.0,12000.0,1.0
2022-08-09,36.11,25.56,30.84,0.51,12500.0,1.0
2022-08-10,35.56,22.22,28.89,1.27,12600.0,1.0
2022-08-11,34.44,22.22,28.33,0.0,12600.0,0.0
2022-08-12,33.33,22.78,28.06,0.0,12600.0,0.0
2022-08-13,32.22,21.11,26.66,0.0,9970.0,0.0
2022-08-14,32.78,24.44,28.61,0.0,9500.0,0.0
2022-08-15,31.11,20.56,25.84,0.0,12100.0,1.0
2022-08-16,32.22,21.11,26.66,0.0,12500.0,1.0
2022-08-17,33.89,21.67,27.78,0.0,12300.0,0.0
2022-08-18,29.44,23.33,26.38,0.51,12400.0,1.0
2022-08-19,29.44,20.56,25.0,1.52,12400.0,0.0
2022-08-20,32.22,20.0,26.11,0.0,10100.0,0.0
2022-08-21,32.22,20.0,26.11,0.0,9530.0,0.0
2022-08-22,35.0,22.22,28.61,0.0,11900.0,1.0
2022-08-23,36.11,22.22,29.16,0.0,12500.0,1.0
2022-08-24,36.11,23.33,29.72,0.0,12600.0,1.0
2022-08-25,30.56,24.44,27.5,0.0,12500.0,0.0
2022-08-26,30.0,22.22,26.11,0.0,12800.0,1.0
2022-08-27,32.78,19.44,26.11,0.51,10200.0,0.0
2022-08-28,35.0,19.44,27.22,0.0,9700.0,0.0
2022-08-29,36.67,21.67,29.17,0.0,12400.0,1.0
2022-08-30,37.22,21.11,29.16,0.0,12800.0,1.0
2022-08-31,37.78,21.67,29.72,0.0,12600.0,0.0
2022-09-01,38.33,21.11,29.72,0.0,10100.0,0.0
2022-09-02,39.44,22.22,30.83,0.0,9580.0,0.0
2022-09-03,38.33,23.89,31.11,0.0,8800.0,0.0
2022-09-04,36.67,23.33,30.0,0.0,9210.0,1.0
2022-09-05,39.44,22.22,30.83,0.0,9710.0,1.0
2022-09-06,39.44,23.33,31.38,0.0,10100.0,1.0
2022-09-07,38.33,26.11,32.22,0.0,9460.0,0.0
2022-09-08,36.67,23.33,30.0,0.0,9680.0,1.0
2022-09-09,35.56,22.22,28.89,0.0,9710.0,1.0
2022-09-10,30.56,24.44,27.5,0.0,9500.0,0.0
2022-09-11,33.33,21.67,27.5,0.0,8740.0,0.0
2022-09-12,31.67,22.78,27.22,0.0,9450.0,1.0
2022-09-13,22.22,17.0,19.61,6.1,9640.0,1.0
2022-09-14,20.56,15.56,18.06,6.35,9770.0,1.0
2022-09-15,28.33,16.11,22.22,0.25,9620.0,0.0
2022-09-16,28.33,17.78,23.06,0.0,8390.0,0.0
2022-09-17,30.0,16.67,23.34,0.0,9540.0,1.0
2022-09-18,32.22,16.67,24.44,0.0,9620.0,1.0
2022-09-19,33.33,17.22,25.28,0.0,9870.0,1.0
2022-09-20,27.78,21.67,24.72,0.0,9300.0,0.0
2022-09-21,23.89,18.33,21.11,4.83,9450.0,1.0
2022-09-22,28.89,17.78,23.34,0.0,9350.0,0.0
2022-09-23,28.89,16.67,22.78,0.0,9440.0,1.0
2022-09-24,28.89,15.56,22.22,0.0,9380.0,0.0
2022-09-25,30.0,16.11,23.06,0.0,8680.0,0.0
2022-09-26,30.56,16.11,23.34,0.0,9140.0,1.0
2022-09-27,30.56,17.78,24.17,0.0,9430.0,1.0
2022-09-28,28.89,18.33,23.61,0.0,9470.0,1.0
2022-09-29,29.44,18.33,23.88,2.29,9550.0,1.0
2022-09-30,29.44,17.22,23.33,0.0,9470.0,0.0
2022-10-01,27.22,17.22,22.22,0.25,8560.0,0.0
2022-10-02,23.33,15.0,19.16,16.76,8020.0,0.0
2022-10-03,18.33,14.44,16.38,1.27,8140.0,1.0
2022-10-04,24.44,11.67,18.06,0.0,8030.0,0.0
2022-10-05,25.56,13.89,19.73,0.0,8230.0,1.0
2022-10-06,25.0,13.89,19.44,0.0,8170.0,0.0
2022-10-07,25.56,14.44,20.0,0.0,8070.0,0.0
2022-10-08,26.11,13.89,20.0,0.0,7990.0,0.0
2022-10-09,24.44,13.33,18.89,0.0,8030.0,1.0
2022-10-10,26.11,13.89,20.0,0.0,8060.0,1.0
2022-10-11,27.78,13.33,20.56,0.0,8060.0,0.0
2022-10-12,26.67,13.89,20.28,0.0,8100.0,1.0
2022-10-13,27.22,11.67,19.44,0.0,8050.0,0.0
2022-10-14,26.67,12.22,19.44,0.0,7940.0,0.0
2022-10-15,26.11,11.67,18.89,0.0,7750.0,0.0
2022-10-16,21.11,15.0,18.06,0.0,7760.0,1.0
2022-10-17,22.78,12.22,17.5,0.0,7930.0,1.0
2022-10-18,23.89,10.56,17.23,0.0,8040.0,1.0
2022-10-19,23.89,10.0,16.94,0.0,8220.0,1.0
2022-10-20,24.44,10.0,17.22,0.0,8080.0,0.0
2022-10-21,25.0,11.67,18.34,0.0,8060.0,0.0
2022-10-22,24.44,13.33,18.89,0.0,8000.0,0.0
2022-10-23,16.11,6.11,11.11,3.56,7950.0,0.0
2022-10-24,12.22,3.89,8.06,0.0,8090.0,1.0
2022-10-25,15.0,3.89,9.44,0.0,8050.0,0.0
2022-10-26,18.89,7.78,13.34,0.0,8030.0,0.0
2022-10-27,13.89,5.0,9.44,0.0,7930.0,0.0
2022-10-28,13.89,2.78,8.34,0.0,8080.0,1.0
2022-10-29,16.11,4.44,10.28,0.0,7920.0,0.0
2022-10-30,17.22,3.89,10.56,0.0,7810.0,0.0
2022-10-31,17.78,5.56,11.67,0.0,7810.0,0.0
2022-11-01,17.22,6.0,11.61,0.0,8540.0,1.0
2022-11-02,20.0,9.44,14.72,0.76,8890.0,1.0
2022-11-03,7.22,2.0,4.61,3.3,8840.0,0.0
2022-11-04,10.56,2.78,6.67,0.0,8770.0,0.0
2022-11-05,12.78,2.78,7.78,0.0,8420.0,0.0
2022-11-06,17.0,6.11,11.56,0.0,8100.0,0.0
2022-11-07,22.78,7.0,14.89,0.0,8450.0,1.0
2022-11-08,20.56,11.11,15.84,0.0,8680.0,1.0
2022-11-09,13.89,2.22,8.06,4.32,8800.0,1.0
2022-11-10,8.33,0.0,4.16,0.0,8950.0,1.0
2022-11-11,7.22,-1.72,2.75,0.0,8740.0,0.0
2022-11-12,8.33,-1.11,3.61,0.0,8450.0,0.0
2022-11-13,8.89,-0.61,4.14,0.0,8090.0,0.0
2022-11-14,8.89,1.67,5.28,0.0,8470.0,1.0
2022-11-15,7.78,-1.11,3.34,0.0,8660.0,1.0
2022-11-16,7.78,-2.78,2.5,0.0,8680.0,1.0
2022-11-17,8.33,-2.78,2.78,0.0,8670.0,0.0
2022-11-18,9.44,-1.11,4.16,0.0,8680.0,1.0
2022-11-19,7.22,-2.22,2.5,0.0,8360.0,0.0
2022-11-20,7.78,-3.28,2.25,0.0,8090.0,0.0
2022-11-21,7.78,-3.28,2.25,0.0,8380.0,1.0
2022-11-22,8.33,-2.78,2.78,0.0,8540.0,1.0
2022-11-23,8.89,-3.28,2.81,0.0,8620.0,1.0
2022-11-24,11.67,2.78,7.22,0.0,8250.0,0.0
2022-11-25,10.56,-0.61,4.98,0.0,8300.0,1.0
2022-11-26,10.0,-1.72,4.14,0.0,8260.0,0.0
2022-11-27,10.0,2.22,6.11,0.0,7960.0,0.0
2022-11-28,12.22,0.56,6.39,0.0,8240.0,1.0
2022-11-29,7.78,-0.61,3.58,0.0,8760.0,1.0
2022-11-30,7.22,-2.78,2.22,0.0,8850.0,1.0
2022-12-01,7.22,-2.78,2.22,0.0,9130.0,1.0
2022-12-02,13.89,3.89,8.89,0.0,9290.0,1.0
2022-12-03,8.89,3.33,6.11,0.0,8920.0,0.0
2022-12-04,10.0,2.22,6.11,0.0,8840.0,0.0
2022-12-05,12.22,2.78,7.5,0.0,9350.0,1.0
2022-12-06,10.56,3.89,7.22,0.0,9320.0,0.0
2022-12-07,6.67,2.22,4.44,12.7,9350.0,1.0
2022-12-08,6.67,-0.61,3.03,0.0,9340.0,0.0
2022-12-09,7.22,-0.61,3.3,0.0,9350.0,1.0
2022-12-10,6.11,-1.72,2.2,0.0,8930.0,0.0
2022-12-11,10.0,0.56,5.28,0.51,8470.0,0.0
2022-12-12,5.56,0.0,2.78,3.81,8710.0,1.0
2022-12-13,4.44,-2.0,1.22,0.76,9120.0,1.0
2022-12-14,5.0,-2.78,1.11,0.0,9170.0,1.0
2022-12-15,5.0,-2.78,1.11,0.0,9230.0,1.0
2022-12-16,2.78,-3.89,-0.56,0.0,9130.0,0.0
2022-12-17,2.22,-5.61,-1.7,0.0,8800.0,0.0
2022-12-18,1.11,-6.11,-2.5,0.0,8450.0,0.0
2022-12-19,2.78,-6.11,-1.67,0.0,8830.0,1.0
2022-12-20,3.33,-3.89,-0.28,0.0,9300.0,1.0
2022-12-21,5.0,-4.39,0.31,0.0,9390.0,1.0
2022-12-22,10.0,-1.72,4.14,0.0,9420.0,1.0
2022-12-23,10.0,2.22,6.11,0.0,9611.0,1.0
2022-12-24,8.89,-1.11,3.89,0.0,9050.0,0.0
2022-12-25,9.44,0.0,4.72,0.0,8680.0,0.0
2022-12-26,8.89,0.0,4.44,0.0,9180.0,1.0
2022-12-27,7.78,1.67,4.72,2.29,9390.0,1.0
2022-12-28,8.33,2.78,5.56,2.54,9430.0,1.0
2022-12-29,3.33,-1.11,1.11,3.81,9270.0,0.0
2022-12-30,5.0,0.56,2.78,0.25,9280.0,1.0
2022-12-31,10.56,2.22,6.39,0.0,8830.0,0.0
2023-01-01,11.67,3.89,7.78,5.33,8090.0,0.0
2023-01-02,5.56,2.78,4.17,0.0,8090.0,0.0
2023-01-03,6.11,0.56,3.34,1.02,8500.0,1.0
2023-01-04,6.11,1.67,3.89,0.0,8440.0,0.0
2023-01-05,7.22,0.0,3.61,1.02,8410.0,0.0
2023-01-06,10.0,2.22,6.11,0.0,8430.0,1.0
2023-01-07,7.22,-0.61,3.3,0.0,8230.0,0.0
2023-01-08,8.33,0.56,4.44,0.0,8000.0,0.0
2023-01-09,6.11,0.56,3.34,0.0,8530.0,1.0
2023-01-10,14.44,2.22,8.33,2.03,8160.0,0.0
2023-01-11,8.89,1.67,5.28,0.0,8300.0,1.0
2023-01-12,7.78,-0.61,3.58,0.0,8400.0,1.0
2023-01-13,7.22,-0.61,3.3,0.0,8290.0,0.0
2023-01-14,6.67,0.56,3.62,0.0,8110.0,0.0
2023-01-15,9.44,4.44,6.94,0.0,7960.0,0.0
2023-01-16,10.0,2.78,6.39,6.1,8050.0,1.0
2023-01-17,4.44,0.56,2.5,9.14,8410.0,1.0
2023-01-18,6.11,-1.72,2.2,0.0,8290.0,0.0
2023-01-19,2.78,-3.28,-0.25,0.0,8290.0,0.0
2023-01-20,2.22,-1.11,0.56,6.35,8400.0,1.0
2023-01-21,2.78,-3.28,-0.25,0.0,8170.0,0.0
2023-01-22,1.11,-4.39,-1.64,0.0,7890.0,0.0
2023-01-23,2.78,-3.0,-0.11,1.27,8430.0,1.0
2023-01-24,5.56,-3.89,0.83,0.0,8460.0,1.0
2023-01-25,6.11,-0.61,2.75,0.0,8370.0,0.0
2023-01-26,4.44,-4.39,0.03,0.0,8480.0,1.0
2023-01-27,5.0,-3.89,0.55,0.0,8510.0,1.0
2023-01-28,8.33,-1.72,3.3,0.0,8300.0,0.0
2023-01-29,8.33,-1.72,3.3,0.0,8170.0,0.0
2023-01-30,7.22,1.67,4.44,0.0,8530.0,1.0
2023-01-31,3.89,-3.28,0.31,1.52,8530.0,0.0
2023-02-01,4.44,-5.61,-0.58,0.0,8790.0,1.0
2023-02-02,7.22,-3.89,1.66,0.0,9020.0,1.0
2023-02-03,7.22,-2.22,2.5,0.0,9060.0,1.0
2023-02-04,10.0,-0.61,4.7,0.0,8700.0,0.0
2023-02-05,13.89,0.0,6.94,0.0,8500.0,0.0
2023-02-06,9.44,0.56,5.0,0.0,8920.0,1.0
2023-02-07,9.44,-0.61,4.42,0.0,8940.0,1.0
2023-02-08,11.11,-0.61,5.25,0.0,8940.0,0.0
2023-02-09,7.22,-0.61,3.3,0.0,9010.0,1.0
2023-02-10,7.78,-3.28,2.25,0.0,8920.0,0.0
2023-02-11,6.67,-1.72,2.48,0.0,8830.0,0.0
2023-02-12,10.0,-3.28,3.36,0.0,8470.0,0.0
2023-02-13,12.22,2.22,7.22,0.0,9060.0,1.0
2023-02-14,9.44,-3.28,3.08,5.08,8940.0,0.0
2023-02-15,2.22,-3.89,-0.84,0.76,8960.0,1.0
2023-02-16,1.67,-6.11,-2.22,0.0,8960.0,0.0
2023-02-17,1.67,-6.11,-2.22,0.0,9020.0,1.0
2023-02-18,5.0,-3.28,0.86,0.0,8860.0,0.0
2023-02-19,12.22,-2.22,5.0,0.0,8360.0,0.0
2023-02-20,15.56,1.11,8.34,0.0,8500.0,1.0
2023-02-21,16.11,1.67,8.89,0.0,8900.0,1.0
2023-02-22,11.11,-2.22,4.44,3.05,9060.0,1.0
2023-02-23,6.11,-2.22,1.94,0.51,9270.0,1.0
2023-02-24,6.67,-1.72,2.48,0.25,9150.0,0.0
2023-02-25,10.0,0.0,5.0,0.0,8970.0,0.0
2023-02-26,8.89,0.56,4.73,0.0,8640.0,0.0
2023-02-27,8.89,-1.11,3.89,0.0,8850.0,1.0
2023-02-28,8.89,3.89,6.39,0.0,9020.0,1.0
2023-03-01,9.44,1.0,5.22,1.52,8430.0,0.0
2023-03-02,10.0,2.22,6.11,0.0,8410.0,0.0
2023-03-03,11.11,-0.61,5.25,0.0,8300.0,0.0
2023-03-04,10.56,1.11,5.84,0.0,8180.0,0.0
2023-03-05,14.44,2.78,8.61,0.0,7640.0,0.0
2023-03-06,15.0,1.11,8.06,0.0,8050.0,1.0
2023-03-07,13.89,2.22,8.06,0.0,8340.0,1.0
2023-03-08,14.44,2.22,8.33,0.0,8280.0,0.0
2023-03-09,14.44,2.78,8.61,0.0,8350.0,1.0
2023-03-10,12.78,6.11,9.44,0.25,8300.0,0.0
2023-03-11,10.56,7.78,9.17,15.24,8060.0,0.0
2023-03-12,15.0,6.67,10.84,0.51,7690.0,0.0
2023-03-13,12.78,6.11,9.44,0.51,7980.0,1.0
2023-03-14,16.11,4.44,10.28,0.0,8260.0,1.0
2023-03-15,12.78,8.89,10.84,6.6,8280.0,1.0
2023-03-16,12.22,5.56,8.89,3.3,8180.0,0.0
2023-03-17,10.0,3.89,6.94,0.0,8190.0,1.0
2023-03-18,10.56,0.56,5.56,0.0,8010.0,0.0
2023-03-19,12.22,2.78,7.5,0.0,7540.0,0.0
2023-03-20,14.44,6.11,10.28,0.51,8040.0,1.0
2023-03-21,8.33,3.33,5.83,8.64,8390.0,1.0
2023-03-22,12.22,4.44,8.33,3.56,8360.0,0.0
2023-03-23,9.44,3.89,6.66,0.25,8350.0,0.0
2023-03-24,11.11,2.78,6.94,1.78,8200.0,0.0
2023-03-25,8.33,0.0,4.16,0.0,8000.0,0.0
2023-03-26,8.33,0.0,4.16,0.0,7470.0,0.0
2023-03-27,8.33,-0.61,3.86,0.0,7960.0,1.0
2023-03-28,12.22,-0.61,5.81,0.0,8200.0,1.0
2023-03-29,20.56,3.33,11.94,0.0,8240.0,1.0
2023-03-30,12.78,4.44,8.61,4.06,8310.0,1.0
2023-03-31,13.33,2.78,8.06,0.0,8330.0,1.0
2023-04-01,17.78,2.78,10.28,0.0,9270.0,1.0
2023-04-02,22.22,6.67,14.44,0.0,9630.0,1.0
2023-04-03,20.56,3.89,12.22,0.0,10400.0,1.0
2023-04-04,6.67,0.56,3.62,0.0,11600.0,1.0
2023-04-05,9.44,-1.11,4.16,0.0,15900.0,1.0
2023-04-06,12.78,0.0,6.39,0.0,16800.0,1.0
2023-04-07,18.33,2.78,10.56,0.0,17100.0,1.0
2023-04-08,21.67,8.33,15.0,0.0,14700.0,0.0
2023-04-09,23.89,10.0,16.94,0.0,13400.0,0.0
2023-04-10,26.11,10.0,18.06,0.0,15300.0,1.0
2023-04-11,30.56,11.67,21.12,0.0,11800.0,0.0
2023-04-12,26.67,12.78,19.73,0.0,13000.0,1.0
2023-04-13,20.56,15.0,17.78,0.0,13300.0,1.0
2023-04-14,18.89,10.0,14.44,0.0,13300.0,0.0
2023-04-15,19.44,6.67,13.06,0.0,12100.0,0.0
2023-04-16,23.89,6.67,15.28,0.0,9860.0,0.0
2023-04-17,26.67,11.11,18.89,0.0,12400.0,1.0
2023-04-18,24.44,16.67,20.56,0.0,12700.0,1.0
2023-04-19,16.67,8.89,12.78,0.0,12700.0,0.0
2023-04-20,18.33,3.89,11.11,0.0,12700.0,0.0
2023-04-21,23.89,5.56,14.72,0.0,12900.0,1.0
2023-04-22,21.67,13.33,17.5,0.0,11700.0,0.0
2023-04-23,22.78,8.33,15.56,0.0,10400.0,0.0
2023-04-24,25.0,10.0,17.5,1.02,29800.0,1.0
2023-04-25,19.44,12.78,16.11,0.0,39600.0,1.0
2023-04-26,22.78,7.78,15.28,0.0,39500.0,0.0
2023-04-27,27.78,12.22,20.0,0.0,33200.0,0.0
2023-04-28,23.33,14.44,18.88,0.0,12600.0,0.0
2023-04-29,28.89,10.56,19.73,0.0,11500.0,0.0
2023-04-30,32.78,13.89,23.34,0.0,9440.0,0.0
2023-05-01,30.56,15.56,23.06,0.0,16600.0,1.0
2023-05-02,26.67,16.11,21.39,0.0,17600.0,1.0
2023-05-03,28.33,13.89,21.11,0.0,18000.0,1.0
2023-05-04,24.44,13.89,19.16,0.0,17800.0,0.0
2023-05-05,20.56,9.44,15.0,0.0,17900.0,1.0
2023-05-06,23.89,8.89,16.39,0.0,17800.0,0.0
2023-05-07,25.0,13.33,19.16,0.0,17700.0,0.0
2023-05-08,27.78,12.22,20.0,0.0,17800.0,1.0
2023-05-09,27.78,12.22,20.0,0.0,17800.0,0.0
2023-05-10,22.78,16.67,19.73,0.0,17900.0,1.0
2023-05-11,25.56,13.89,19.73,0.0,17800.0,0.0
2023-05-12,26.67,13.33,20.0,0.0,18000.0,1.0
2023-05-13,27.22,17.78,22.5,0.0,18000.0,0.0
2023-05-14,28.33,15.56,21.94,0.25,17900.0,0.0
2023-05-15,29.44,15.56,22.5,0.0,18000.0,1.0
2023-05-16,30.0,19.44,24.72,0.0,18200.0,1.0
2023-05-17,28.33,20.0,24.16,0.0,18200.0,0.0
2023-05-18,28.89,15.56,22.22,0.0,18300.0,1.0
2023-05-19,29.44,17.78,23.61,0.0,18200.0,0.0
2023-05-20,27.78,16.11,21.94,2.79,18100.0,0.0
2023-05-21,29.44,13.89,21.66,0.0,18100.0,0.0
2023-05-22,29.44,16.11,22.78,0.0,18100.0,0.0
2023-05-23,31.11,16.67,23.89,0.0,18400.0,1.0
2023-05-24,31.11,17.22,24.16,0.0,18300.0,0.0
2023-05-25,30.56,17.78,24.17,0.0,18300.0,0.0
2023-05-26,28.89,16.67,22.78,0.0,18200.0,0.0
2023-05-27,29.44,15.56,22.5,0.0,18300.0,1.0
2023-05-28,31.11,15.56,23.34,0.0,18200.0,0.0
2023-05-29,31.67,18.33,25.0,0.0,18300.0,1.0
2023-05-30,30.56,17.22,23.89,0.0,18200.0,0.0
2023-05-31,30.0,17.78,23.89,0.0,18200.0,0.0
2023-06-01,27.22,16.11,21.66,0.0,18000.0,0.0
2023-06-02,28.33,18.89,23.61,0.25,18300.0,1.0
2023-06-03,29.44,16.11,22.78,0.0,18300.0,0.0
2023-06-04,30.0,16.67,23.34,0.0,18000.0,0.0
2023-06-05,32.78,17.22,25.0,0.0,18200.0,1.0
2023-06-06,30.56,20.56,25.56,0.0,18200.0,0.0
2023-06-07,30.0,17.78,23.89,0.0,18300.0,1.0
2023-06-08,29.44,15.56,22.5,0.0,18200.0,0.0
2023-06-09,29.44,17.78,23.61,0.0,18300.0,1.0
2023-06-10,30.0,17.78,23.89,0.0,18100.0,0.0
2023-06-11,30.0,18.33,24.16,0.0,17900.0,0.0
2023-06-12,25.0,16.11,20.56,1.78,18100.0,1.0
2023-06-13,27.78,13.33,20.56,0.0,18200.0,1.0
2023-06-14,31.11,16.11,23.61,0.0,18200.0,0.0
2023-06-15,30.0,16.11,23.06,2.54,18100.0,0.0
2023-06-16,25.56,14.44,20.0,2.54,18100.0,0.0
2023-06-17,30.56,14.44,22.5,0.0,18000.0,0.0
2023-06-18,34.44,19.44,26.94,0.0,17700.0,0.0
2023-06-19,33.33,21.67,27.5,0.0,17900.0,1.0
2023-06-20,32.78,20.56,26.67,0.0,18000.0,1.0
2023-06-21,33.89,19.44,26.66,0.0,18300.0,1.0
2023-06-22,34.44,19.44,26.94,0.0,18300.0,0.0
2023-06-23,31.11,20.56,25.84,0.0,18400.0,1.0
2023-06-24,33.33,15.56,24.44,0.0,18200.0,0.0
2023-06-25,35.56,17.78,26.67,0.0,18200.0,0.0
2023-06-26,37.22,18.33,27.78,0.0,18300.0,1.0
2023-06-27,35.0,20.56,27.78,0.0,18400.0,1.0
2023-06-28,33.89,20.0,26.94,0.0,18500.0,1.0
2023-06-29,33.89,19.44,26.66,0.0,18500.0,0.0
2023-06-30,33.89,20.0,26.94,0.0,18500.0,0.0
2023-07-01,36.67,21.67,29.17,0.0,18900.0,1.0
2023-07-02,38.89,23.33,31.11,0.0,18800.0,0.0
2023-07-03,40.56,25.56,33.06,0.0,18800.0,0.0
2023-07-04,39.44,25.56,32.5,0.0,18800.0,0.0
2023-07-05,37.78,22.22,30.0,0.0,18900.0,1.0
2023-07-06,38.33,21.11,29.72,0.0,18900.0,0.0
2023-07-07,37.78,23.89,30.84,0.0,19000.0,1.0
2023-07-08,37.78,22.22,30.0,0.0,18900.0,0.0
2023-07-09,38.89,21.67,30.28,0.0,18800.0,0.0
2023-07-10,38.33,26.11,32.22,0.0,18900.0,1.0
2023-07-11,36.67,25.56,31.12,0.0,19000.0,1.0
2023-07-12,38.89,26.11,32.5,0.0,19000.0,0.0
2023-07-13,39.44,28.33,33.88,0.0,18900.0,0.0
2023-07-14,41.11,25.56,33.34,0.0,19000.0,1.0
2023-07-15,40.0,24.44,32.22,0.0,19000.0,0.0
2023-07-16,42.22,24.44,33.33,0.0,18800.0,0.0
2023-07-17,42.78,26.67,34.72,0.0,18900.0,1.0
2023-07-18,38.89,25.56,32.22,0.0,19000.0,1.0
2023-07-19,40.0,26.67,33.34,0.0,19000.0,0.0
2023-07-20,40.56,28.89,34.72,0.0,19200.0,1.0
2023-07-21,39.44,26.67,33.06,0.0,19000.0,0.0
2023-07-22,41.11,25.0,33.06,0.0,19000.0,0.0
2023-07-23,41.67,25.56,33.62,0.0,18900.0,0.0
2023-07-24,37.78,25.0,31.39,0.25,19000.0,1.0
2023-07-25,38.33,23.89,31.11,0.0,19000.0,0.0
2023-07-26,39.44,25.0,32.22,0.0,18900.0,0.0
2023-07-27,39.44,27.78,33.61,0.0,18900.0,0.0
2023-07-28,39.44,24.44,31.94,0.0,18900.0,0.0
2023-07-29,40.0,24.44,32.22,0.0,18800.0,0.0
2023-07-30,38.89,24.44,31.66,0.0,18800.0,0.0
2023-07-31,36.11,23.89,30.0,0.76,18900.0,1.0
2023-08-01,31.67,20.56,26.12,0.76,16900.0,0.0
2023-08-02,33.89,20.56,27.22,0.0,16100.0,0.0
2023-08-03,35.0,20.0,27.5,0.0,17200.0,1.0
2023-08-04,36.11,21.11,28.61,0.0,17000.0,0.0
2023-08-05,39.44,22.78,31.11,0.0,17000.0,0.0
2023-08-06,38.89,22.22,30.56,0.0,16600.0,0.0
2023-08-07,38.33,24.44,31.38,0.0,16200.0,0.0
2023-08-08,37.22,25.56,31.39,0.0,16300.0,1.0
2023-08-09,35.0,21.11,28.06,0.0,16300.0,0.0
2023-08-10,28.33,20.56,24.44,4.83,16400.0,1.0
2023-08-11,33.33,18.33,25.83,0.0,16300.0,0.0
2023-08-12,33.33,21.11,27.22,2.29,16600.0,1.0
2023-08-13,34.44,21.11,27.78,0.0,16600.0,0.0
2023-08-14,34.44,22.22,28.33,0.0,16900.0,1.0
2023-08-15,34.44,24.44,29.44,0.0,15100.0,0.0
2023-08-16,36.11,23.89,30.0,0.0,13900.0,0.0
2023-08-17,36.67,25.56,31.12,0.0,13900.0,0.0
2023-08-18,30.56,23.33,26.94,0.51,13900.0,0.0
2023-08-19,33.33,18.89,26.11,0.0,14000.0,1.0
2023-08-20,36.67,22.78,29.72,0.25,12100.0,0.0
2023-08-21,28.33,20.0,24.16,2.54,13600.0,1.0
2023-08-22,31.11,18.33,24.72,0.51,13900.0,1.0
2023-08-23,32.22,21.11,26.66,0.0,13900.0,0.0
2023-08-24,27.22,18.89,23.06,6.35,13900.0,0.0
2023-08-25,32.22,19.44,25.83,0.0,12000.0,0.0
2023-08-26,35.0,21.67,28.34,0.0,10500.0,0.0
2023-08-27,36.67,22.78,29.72,0.0,10500.0,0.0
2023-08-28,37.22,23.33,30.28,0.0,12600.0,1.0
2023-08-29,38.33,22.78,30.56,0.0,13900.0,1.0
2023-08-30,38.33,22.78,30.56,0.0,13800.0,0.0
2023-08-31,38.33,25.0,31.66,0.0,13800.0,0.0
2023-09-01,25.56,19.0,22.28,7.11,11600.0,0.0
2023-09-02,27.22,18.89,23.06,12.45,10800.0,0.0
2023-09-03,30.56,18.89,24.72,0.0,10500.0,0.0
2023-09-04,30.56,20.56,25.56,0.0,9970.0,0.0
2023-09-05,32.0,17.78,24.89,0.0,10900.0,1.0
2023-09-06,32.78,17.0,24.89,0.0,11100.0,1.0
2023-09-07,33.89,18.89,26.39,0.0,11100.0,0.0
2023-09-08,34.44,18.89,26.66,0.0,9400.0,0.0
2023-09-09,36.11,20.56,28.34,0.0,8260.0,0.0
2023-09-10,30.56,20.0,25.28,7.87,7870.0,0.0
2023-09-11,28.89,17.78,23.34,0.0,8530.0,1.0
2023-09-12,26.11,18.33,22.22,3.56,7420.0,0.0
2023-09-13,27.78,15.56,21.67,0.0,6600.0,0.0
2023-09-14,26.0,17.78,21.89,0.51,6930.0,1.0
2023-09-15,27.78,15.56,21.67,0.0,7070.0,1.0
2023-09-16,29.44,15.0,22.22,0.0,7070.0,0.0
2023-09-17,32.22,16.67,24.44,0.0,7070.0,0.0
2023-09-18,32.22,21.11,26.66,0.0,7080.0,1.0
2023-09-19,31.67,18.33,25.0,0.0,7070.0,0.0
2023-09-20,30.0,16.67,23.34,0.0,7060.0,0.0
2023-09-21,30.0,18.33,24.16,0.0,6740.0,0.0
2023-09-22,29.44,16.67,23.06,0.0,6600.0,0.0
2023-09-23,22.22,15.0,18.61,5.33,6610.0,1.0
2023-09-24,25.56,11.67,18.61,0.0,6650.0,1.0
2023-09-25,28.89,13.89,21.39,0.0,6640.0,0.0
2023-09-26,30.0,15.56,22.78,0.0,6600.0,0.0
2023-09-27,31.67,15.0,23.34,0.0,6600.0,0.0
2023-09-28,31.11,16.11,23.61,0.0,6600.0,0.0
2023-09-29,31.67,15.56,23.62,0.0,6580.0,0.0
2023-09-30,30.56,18.33,24.44,0.0,6570.0,0.0
2023-10-01,22.78,15.0,18.89,0.0,7330.0,1.0
2023-10-02,20.56,11.11,15.84,0.0,7860.0,1.0
2023-10-03,21.67,10.0,15.84,0.0,7790.0,0.0
2023-10-04,24.44,11.67,18.06,0.0,7780.0,0.0
2023-10-05,25.56,12.22,18.89,0.0,7800.0,1.0
2023-10-06,27.22,12.78,20.0,0.0,7790.0,0.0
2023-10-07,27.78,14.44,21.11,0.0,7670.0,0.0
2023-10-08,29.44,14.44,21.94,0.0,7780.0,1.0
2023-10-09,28.89,15.0,21.94,0.0,7890.0,1.0
2023-10-10,29.44,13.89,21.66,0.0,7830.0,0.0
2023-10-11,25.56,15.0,20.28,0.0,7800.0,0.0
2023-10-12,19.44,10.56,15.0,0.0,7850.0,1.0
2023-10-13,20.0,8.33,14.16,0.0,7850.0,0.0
2023-10-14,22.22,8.89,15.56,0.0,7610.0,0.0
2023-10-15,23.89,8.89,16.39,0.0,7690.0,1.0
2023-10-16,25.56,10.0,17.78,0.0,7930.0,1.0
2023-10-17,28.33,11.11,19.72,0.0,7860.0,0.0
2023-10-18,28.89,12.78,20.84,0.0,7860.0,0.0
2023-10-19,28.33,13.89,21.11,0.0,7820.0,0.0
2023-10-20,28.33,12.78,20.56,0.0,7880.0,1.0
2023-10-21,29.44,12.78,21.11,0.0,7760.0,0.0
2023-10-22,28.33,13.33,20.83,0.0,7710.0,0.0
2023-10-23,25.56,15.0,20.28,0.0,7930.0,1.0
2023-10-24,23.89,10.56,17.23,0.0,7880.0,0.0
2023-10-25,23.89,10.56,17.23,0.0,7900.0,1.0
2023-10-26,21.11,13.89,17.5,0.0,7900.0,0.0
2023-10-27,21.11,8.89,15.0,0.0,7910.0,1.0
2023-10-28,20.56,10.0,15.28,0.25,7830.0,0.0
2023-10-29,13.33,3.89,8.61,0.0,7830.0,0.0
2023-10-30,11.67,1.11,6.39,0.0,7960.0,1.0
2023-10-31,13.89,0.56,7.22,0.0,7830.0,0.0
2023-11-01,16.11,2.78,9.44,0.0,8450.0,1.0
2023-11-02,17.78,3.89,10.84,0.0,8600.0,1.0
2023-11-03,20.56,5.0,12.78,0.0,8500.0,0.0
2023-11-04,21.67,7.22,14.44,0.0,8170.0,0.0
2023-11-05,19.44,7.78,13.61,0.0,8110.0,0.0
2023-11-06,25.0,7.78,16.39,0.0,8570.0,1.0
2023-11-07,25.56,12.22,18.89,0.0,8620.0,1.0
2023-11-08,16.11,8.33,12.22,0.0,8660.0,1.0
2023-11-09,13.89,3.89,8.89,0.0,8640.0,0.0
2023-11-10,13.89,1.67,7.78,0.0,8670.0,1.0
2023-11-11,15.56,2.22,8.89,0.0,8290.0,0.0
2023-11-12,15.56,1.67,8.62,0.0,8200.0,0.0
2023-11-13,14.44,1.67,8.06,0.0,8760.0,1.0
2023-11-14,17.22,4.44,10.83,0.0,8700.0,0.0
2023-11-15,17.78,7.22,12.5,0.0,8710.0,1.0
2023-11-16,20.56,10.56,15.56,0.0,8660.0,0.0
2023-11-17,17.78,7.78,12.78,0.0,8630.0,0.0
2023-11-18,16.11,6.11,11.11,0.25,8360.0,0.0
2023-11-19,10.56,6.67,8.62,5.33,8360.0,0.0
2023-11-20,14.44,6.11,10.28,0.0,8740.0,1.0
2023-11-21,12.78,3.33,8.06,0.0,8710.0,0.0
2023-11-22,11.67,1.67,6.67,0.0,8740.0,1.0
2023-11-23,8.89,2.22,5.56,0.0,8450.0,0.0
2023-11-24,8.33,2.22,5.28,3.81,8780.0,1.0
2023-11-25,7.78,1.11,4.44,0.0,8380.0,0.0
2023-11-26,7.22,0.0,3.61,0.0,8320.0,0.0
2023-11-27,7.22,-2.22,2.5,0.0,8750.0,1.0
2023-11-28,7.22,-2.78,2.22,0.0,8680.0,0.0
2023-11-29,7.22,1.11,4.16,0.0,8710.0,1.0
2023-11-30,11.11,1.67,6.39,0.0,8700.0,0.0
2023-12-01,10.0,3.33,6.66,0.0,10100.0,1.0
2023-12-02,11.11,0.56,5.84,0.0,9560.0,0.0
2023-12-03,13.89,2.78,8.34,0.0,8910.0,0.0
2023-12-04,13.89,3.89,8.89,0.0,10200.0,1.0
2023-12-05,13.33,3.33,8.33,0.0,10400.0,1.0
2023-12-06,12.78,1.67,7.22,0.0,10400.0,0.0
2023-12-07,15.0,2.78,8.89,0.0,10400.0,0.0
2023-12-08,11.11,1.67,6.39,0.0,10400.0,0.0
2023-12-09,6.11,-1.67,2.22,0.0,9560.0,0.0
2023-12-10,6.11,-2.78,1.67,0.0,8840.0,0.0
2023-12-11,7.22,-1.67,2.78,0.0,10300.0,1.0
2023-12-12,6.67,0.56,3.62,0.0,10500.0,1.0
2023-12-13,10.0,-1.11,4.44,0.0,10500.0,0.0
2023-12-14,11.67,2.22,6.94,0.0,10500.0,0.0
2023-12-15,10.56,0.0,5.28,0.0,10500.0,0.0
2023-12-16,10.0,0.56,5.28,0.0,9520.0,0.0
2023-12-17,8.89,-0.56,4.16,0.0,8810.0,0.0
2023-12-18,6.67,0.0,3.34,0.0,10300.0,1.0
2023-12-19,8.33,0.56,4.44,0.0,10400.0,1.0
2023-12-20,7.78,3.89,5.84,0.0,10400.0,0.0
2023-12-21,11.67,3.89,7.78,0.0,10500.0,1.0
2023-12-22,7.22,3.33,5.28,2.79,10400.0,0.0
2023-12-23,13.33,5.56,9.44,0.25,9560.0,0.0
2023-12-24,7.22,0.0,3.61,0.0,8780.0,0.0
2023-12-25,5.56,-2.22,1.67,0.0,8970.0,1.0
2023-12-26,5.0,-4.44,0.28,0.0,10300.0,1.0
2023-12-27,7.22,-3.33,1.94,0.0,10500.0,1.0
2023-12-28,8.33,0.0,4.16,0.0,10400.0,0.0
2023-12-29,8.89,-2.22,3.34,0.0,10400.0,0.0
2023-12-30,7.22,-1.11,3.06,0.0,9210.0,0.0
2023-12-31,8.33,-2.22,3.06,0.0,8650.0,0.0
2024-01-01,8.33,-1.11,3.61,0.0,11300.0,1.0
2024-01-02,8.33,-2.22,3.06,0.0,11900.0,1.0
2024-01-03,4.44,-1.67,1.39,3.56,11900.0,0.0
2024-01-04,8.33,0.56,4.44,3.3,12000.0,1.0
2024-01-05,6.67,0.0,3.34,0.0,12000.0,0.0
2024-01-06,5.0,-1.11,1.94,0.0,11900.0,0.0
2024-01-07,3.89,0.0,1.94,2.54,11900.0,0.0
2024-01-08,5.0,-1.11,1.94,0.0,11900.0,0.0
2024-01-09,3.33,-3.89,-0.28,0.0,11900.0,0.0
2024-01-10,7.22,-2.78,2.22,0.0,11900.0,0.0
2024-01-11,4.44,-3.33,0.56,0.25,11900.0,0.0
2024-01-12,6.11,-5.56,0.28,0.0,11900.0,0.0
2024-01-13,8.33,-1.67,3.33,0.0,11900.0,0.0
2024-01-14,11.67,3.33,7.5,0.0,12000.0,1.0
2024-01-15,12.78,1.67,7.22,0.0,11900.0,0.0
2024-01-16,9.44,0.0,4.72,0.0,12000.0,1.0
2024-01-17,11.11,0.0,5.56,0.0,12000.0,0.0
2024-01-18,12.22,2.78,7.5,0.0,11700.0,0.0
2024-01-19,9.44,1.67,5.56,0.0,12100.0,1.0
2024-01-20,8.33,1.67,5.0,0.25,12000.0,0.0
2024-01-21,7.78,4.44,6.11,2.29,12000.0,0.0
2024-01-22,9.0,6.0,7.5,3.3,11900.0,0.0
2024-01-23,8.33,5.56,6.94,1.02,12000.0,1.0
2024-01-24,12.22,3.33,7.78,0.0,11800.0,0.0
2024-01-25,7.78,3.33,5.56,8.38,11900.0,1.0
2024-01-26,12.22,1.67,6.94,0.0,12000.0,1.0
2024-01-27,10.56,1.11,5.84,0.0,11900.0,0.0
2024-01-28,11.67,1.11,6.39,0.0,12000.0,1.0
2024-01-29,12.78,2.78,7.78,0.0,11900.0,0.0
2024-01-30,13.89,2.22,8.06,0.0,11900.0,0.0
2024-01-31,13.89,2.78,8.34,0.0,12000.0,1.0
2024-02-01,12.78,6.11,9.44,1.02,11600.0,0.0
2024-02-02,10.0,6.11,8.06,0.51,11800.0,1.0
2024-02-03,10.56,4.44,7.5,0.0,10300.0,0.0
2024-02-04,9.44,1.67,5.56,0.0,9960.0,0.0
2024-02-05,10.0,3.33,6.66,0.0,11400.0,1.0
2024-02-06,15.0,5.56,10.28,0.0,11800.0,1.0
2024-02-07,10.56,5.0,7.78,0.0,11900.0,1.0
2024-02-08,6.67,1.0,3.84,7.11,11400.0,0.0
2024-02-09,6.11,-0.56,2.78,0.51,11700.0,1.0
2024-02-10,7.78,1.11,4.44,0.0,10400.0,0.0
2024-02-11,7.22,-1.67,2.78,0.0,9890.0,0.0
2024-02-12,8.89,-2.22,3.34,0.0,11400.0,1.0
2024-02-13,11.11,-1.11,5.0,0.0,11800.0,1.0
2024-02-14,13.33,1.67,7.5,0.0,11800.0,0.0
2024-02-15,13.89,2.22,8.06,0.0,11800.0,0.0
2024-02-16,15.56,2.78,9.17,0.0,11600.0,0.0
2024-02-17,11.67,3.89,7.78,0.0,10400.0,0.0
2024-02-18,15.0,5.0,10.0,0.0,10000.0,0.0
2024-02-19,16.67,3.33,10.0,0.0,11300.0,1.0
2024-02-20,16.11,8.33,12.22,0.0,11700.0,1.0
2024-02-21,14.44,5.56,10.0,0.0,11700.0,0.0
2024-02-22,13.89,2.78,8.34,0.0,11900.0,1.0
2024-02-23,13.89,2.78,8.34,0.0,11700.0,0.0
2024-02-24,13.89,2.22,8.06,0.0,10300.0,0.0
2024-02-25,17.22,3.33,10.27,0.0,10000.0,0.0
2024-02-26,20.0,8.89,14.44,0.0,11300.0,1.0
2024-02-27,16.11,6.67,11.39,0.0,11900.0,1.0
2024-02-28,11.67,0.56,6.12,0.0,11800.0,0.0
2024-02-29,15.56,0.0,7.78,0.0,12000.0,1.0
2024-03-01,20.0,9.44,14.72,0.0,11500.0,0.0
2024-03-02,18.89,10.56,14.73,0.0,11000.0,0.0
2024-03-03,17.22,6.67,11.94,0.0,10200.0,0.0
2024-03-04,17.22,4.44,10.83,0.0,11100.0,1.0
2024-03-05,15.56,6.11,10.84,0.0,11400.0,1.0
2024-03-06,16.67,5.0,10.84,0.0,11400.0,0.0
2024-03-07,11.67,8.33,10.0,0.0,11400.0,0.0
2024-03-08,16.11,6.67,11.39,0.0,11300.0,0.0
2024-03-09,13.89,2.78,8.34,0.0,10500.0,0.0
2024-03-10,17.22,2.78,10.0,0.0,10200.0,0.0
2024-03-11,18.89,7.22,13.06,0.0,10800.0,1.0
2024-03-12,15.56,7.22,11.39,0.0,11300.0,1.0
2024-03-13,15.0,7.78,11.39,0.0,11300.0,0.0
2024-03-14,12.22,5.0,8.61,0.0,11400.0,1.0
2024-03-15,9.44,5.56,7.5,13.21,11400.0,0.0
2024-03-16,10.56,4.44,7.5,1.52,10700.0,0.0
2024-03-17,12.78,3.89,8.33,0.0,10700.0,0.0
2024-03-18,16.11,5.56,10.84,0.0,11400.0,1.0
2024-03-19,17.22,5.56,11.39,0.0,11500.0,1.0
2024-03-20,20.0,6.67,13.34,0.0,11500.0,0.0
2024-03-21,22.78,9.44,16.11,0.0,10500.0,0.0
2024-03-22,22.0,8.89,15.44,0.0,11500.0,1.0
2024-03-23,19.44,9.44,14.44,0.0,11400.0,0.0
2024-03-24,14.0,5.0,9.5,1.78,10500.0,0.0
2024-03-25,13.33,5.0,9.16,0.0,11200.0,1.0
2024-03-26,13.89,5.0,9.44,0.0,11400.0,1.0
2024-03-27,15.56,4.44,10.0,0.0,11300.0,0.0
2024-03-28,21.67,6.11,13.89,0.0,11300.0,0.0
2024-03-29,20.56,11.11,15.84,0.0,11500.0,1.0
2024-03-30,21.67,11.67,16.67,0.0,11000.0,0.0
2024-03-31,14.44,6.0,10.22,0.25,10100.0,0.0
2024-04-01,13.89,4.44,9.17,0.0,10300.0,1.0
2024-04-02,19.44,6.67,13.06,0.0,10400.0,1.0
2024-04-03,22.78,8.89,15.84,0.0,10400.0,0.0
2024-04-04,25.56,10.0,17.78,0.0,10500.0,1.0
2024-04-05,17.22,5.56,11.39,0.0,10500.0,0.0
2024-04-06,12.78,4.44,8.61,0.0,9940.0,0.0
2024-04-07,16.11,3.89,10.0,0.0,9300.0,0.0
2024-04-08,15.56,7.78,11.67,0.0,10400.0,1.0
2024-04-09,19.44,7.22,13.33,0.0,10600.0,1.0
2024-04-10,22.22,8.33,15.27,0.0,10500.0,0.0
2024-04-11,25.0,8.89,16.94,0.0,10600.0,1.0
2024-04-12,27.78,10.56,19.17,0.0,10500.0,0.0
2024-04-13,25.0,14.44,19.72,0.0,9840.0,0.0
2024-04-14,24.44,12.78,18.61,0.0,9100.0,0.0
2024-04-15,17.22,8.33,12.77,0.0,10500.0,1.0
2024-04-16,23.33,7.78,15.56,0.0,10600.0,1.0
2024-04-17,27.78,11.67,19.73,0.0,10400.0,0.0
2024-04-18,28.33,14.44,21.38,0.0,10300.0,0.0
2024-04-19,27.22,15.0,21.11,0.0,10300.0,0.0
2024-04-20,27.22,13.33,20.27,0.0,9720.0,0.0
2024-04-21,27.78,13.33,20.56,0.0,9140.0,0.0
2024-04-22,30.0,13.89,21.94,0.0,10100.0,1.0
2024-04-23,29.44,16.11,22.78,0.0,10400.0,1.0
2024-04-24,27.78,15.0,21.39,0.0,10400.0,0.0
2024-04-25,20.56,13.89,17.23,0.0,10400.0,0.0
2024-04-26,20.0,8.0,14.0,13.97,10300.0,0.0
2024-04-27,17.22,9.44,13.33,1.02,9810.0,0.0
2024-04-28,22.78,8.33,15.56,0.0,9350.0,0.0
2024-04-29,25.56,12.22,18.89,0.0,10000.0,1.0
2024-04-30,28.33,14.44,21.38,0.0,10200.0,1.0
2024-05-01,26.67,17.22,21.94,0.0,10300.0,1.0
2024-05-02,25.56,11.11,18.34,0.0,10100.0,0.0
2024-05-03,27.78,12.22,20.0,0.0,10100.0,0.0
2024-05-04,27.78,12.78,20.28,0.0,9070.0,0.0
2024-05-05,23.33,8.89,16.11,0.0,8810.0,0.0
2024-05-06,21.11,7.22,14.16,0.0,9920.0,1.0
2024-05-07,25.0,10.0,17.5,0.0,10100.0,1.0
2024-05-08,17.78,7.22,12.5,0.0,10100.0,0.0
2024-05-09,21.11,11.11,16.11,0.0,10200.0,1.0
2024-05-10,22.78,10.0,16.39,0.0,10300.0,1.0
2024-05-11,19.44,12.22,15.83,1.27,9240.0,0.0
2024-05-12,27.22,10.0,18.61,0.0,8830.0,0.0
2024-05-13,31.11,16.11,23.61,0.0,10000.0,1.0
2024-05-14,30.56,18.89,24.72,0.0,10400.0,1.0
2024-05-15,28.33,16.67,22.5,1.78,10300.0,0.0
2024-05-16,29.44,13.89,21.66,0.0,10300.0,0.0
2024-05-17,33.33,16.11,24.72,0.0,10100.0,0.0
2024-05-18,31.67,19.44,25.56,0.0,9290.0,0.0
2024-05-19,31.11,17.22,24.16,0.0,8700.0,0.0
2024-05-20,28.33,19.44,23.88,0.0,10200.0,1.0
2024-05-21,23.33,14.44,18.88,0.0,10300.0,1.0
2024-05-22,29.44,12.22,20.83,0.0,10400.0,1.0
2024-05-23,29.44,18.89,24.16,0.0,10400.0,0.0
2024-05-24,29.44,13.89,21.66,0.0,10600.0,1.0
2024-05-25,27.22,19.44,23.33,0.0,9700.0,0.0
2024-05-26,30.0,15.0,22.5,0.0,9120.0,0.0
2024-05-27,32.22,17.22,24.72,0.0,9040.0,0.0
2024-05-28,33.89,19.44,26.66,0.0,10300.0,1.0
2024-05-29,33.33,18.89,26.11,0.0,10300.0,0.0
2024-05-30,33.33,18.89,26.11,0.0,10600.0,1.0
2024-05-31,34.44,20.0,27.22,0.0,10800.0,1.0
2024-06-01,35.0,21.67,28.34,0.0,9910.0,0.0
2024-06-02,34.44,21.67,28.06,0.0,9390.0,0.0
2024-06-03,33.89,20.56,27.22,0.0,11000.0,1.0
2024-06-04,35.0,23.89,29.44,0.0,11100.0,1.0
2024-06-05,36.67,21.67,29.17,0.0,11100.0,0.0
2024-06-06,40.56,22.78,31.67,0.0,11100.0,0.0
2024-06-07,40.0,27.78,33.89,0.0,11100.0,0.0
2024-06-08,38.33,23.33,30.83,0.0,10500.0,0.0
2024-06-09,36.11,25.0,30.56,0.0,10100.0,0.0
2024-06-10,35.56,26.67,31.12,0.0,11000.0,1.0
2024-06-11,37.78,22.22,30.0,0.0,11000.0,0.0
2024-06-12,40.56,25.0,32.78,0.0,11100.0,1.0
2024-06-13,38.89,25.0,31.94,0.0,11100.0,0.0
2024-06-14,36.11,22.78,29.44,0.0,11100.0,0.0
2024-06-15,38.89,22.22,30.56,0.0,10700.0,0.0
2024-06-16,37.78,23.33,30.56,0.0,10300.0,0.0
2024-06-17,36.11,23.89,30.0,0.0,11100.0,1.0
2024-06-18,29.44,16.67,23.06,0.0,11100.0,0.0
2024-06-19,35.56,19.44,27.5,0.0,11200.0,1.0
2024-06-20,38.33,20.56,29.44,0.0,11100.0,0.0
2024-06-21,32.22,23.33,27.78,1.52,11000.0,0.0
2024-06-22,37.22,22.78,30.0,0.0,10300.0,0.0
2024-06-23,39.44,23.89,31.66,2.03,10200.0,0.0
2024-06-24,37.78,23.33,30.56,0.0,11100.0,1.0
2024-06-25,37.22,27.78,32.5,0.0,11100.0,0.0
2024-06-26,36.67,25.56,31.12,0.0,11200.0,1.0
2024-06-27,34.44,22.78,28.61,3.56,11100.0,0.0
2024-06-28,37.22,21.67,29.44,0.0,11300.0,1.0
2024-06-29,38.89,24.44,31.66,0.0,10700.0,0.0
2024-06-30,38.33,25.56,31.94,0.0,10100.0,0.0
2024-07-01,36.67,26.11,31.39,0.0,11300.0,1.0
2024-07-02,38.33,24.44,31.38,0.0,11900.0,1.0
2024-07-03,39.44,24.44,31.94,0.0,11900.0,0.0
2024-07-04,40.0,22.78,31.39,0.0,11300.0,0.0
2024-07-05,37.22,22.22,29.72,0.0,11800.0,1.0
2024-07-06,40.56,23.33,31.94,0.0,11300.0,0.0
2024-07-07,41.67,23.33,32.5,0.0,11200.0,0.0
2024-07-08,37.78,25.56,31.67,0.0,11600.0,1.0
2024-07-09,40.56,23.33,31.94,0.0,12200.0,1.0
2024-07-10,41.67,26.11,33.89,0.0,11900.0,0.0
2024-07-11,42.22,27.78,35.0,0.0,12000.0,1.0
2024-07-12,42.22,27.22,34.72,0.0,11900.0,0.0
2024-07-13,41.11,26.67,33.89,0.0,11900.0,0.0
2024-07-14,41.11,27.22,34.16,0.0,11900.0,0.0
2024-07-15,38.33,27.78,33.06,0.0,11600.0,0.0
2024-07-16,38.89,26.67,32.78,0.0,11600.0,0.0
2024-07-17,39.44,25.0,32.22,0.0,11700.0,1.0
2024-07-18,39.44,28.89,34.16,0.0,11600.0,0.0
2024-07-19,38.33,25.0,31.66,0.0,11600.0,0.0
2024-07-20,38.89,26.11,32.5,0.0,11200.0,0.0
2024-07-21,35.56,27.22,31.39,0.0,11000.0,0.0
2024-07-22,37.22,23.89,30.56,0.0,11600.0,1.0
2024-07-23,39.44,25.56,32.5,0.0,11800.0,1.0
2024-07-24,40.0,26.11,33.06,0.0,11900.0,1.0
2024-07-25,40.56,28.89,34.72,0.0,11800.0,0.0
2024-07-26,38.33,25.0,31.66,0.0,11800.0,0.0
2024-07-27,38.33,27.78,33.06,0.0,11100.0,0.0
2024-07-28,38.33,23.89,31.11,0.0,11000.0,0.0
2024-07-29,37.78,23.33,30.56,0.0,11700.0,1.0
2024-07-30,37.78,22.78,30.28,0.0,11800.0,1.0
2024-07-31,39.44,23.89,31.66,0.0,11800.0,0.0
2024-08-01,41.11,25.56,33.34,0.0,12600.0,1.0
2024-08-02,38.89,28.33,33.61,0.0,12700.0,1.0
2024-08-03,37.22,27.22,32.22,0.0,12000.0,0.0
2024-08-04,38.89,27.22,33.06,0.0,11900.0,0.0
2024-08-05,40.0,27.22,33.61,0.0,12500.0,1.0
2024-08-06,40.0,27.78,33.89,0.0,12700.0,1.0
2024-08-07,40.0,26.67,33.34,0.0,12700.0,0.0
2024-08-08,37.22,27.22,32.22,0.0,12700.0,0.0
2024-08-09,35.56,25.56,30.56,0.0,12600.0,0.0
2024-08-10,36.11,25.0,30.56,1.02,12100.0,0.0
2024-08-11,34.44,22.78,28.61,0.25,11900.0,0.0
2024-08-12,35.56,20.0,27.78,9.14,12500.0,1.0
2024-08-13,32.22,22.78,27.5,0.0,12600.0,1.0
2024-08-14,35.56,21.11,28.34,0.0,12600.0,0.0
2024-08-15,36.11,22.78,29.44,0.0,12600.0,0.0
2024-08-16,37.78,23.89,30.84,0.0,12400.0,0.0
2024-08-17,33.33,21.11,27.22,4.32,11900.0,0.0
2024-08-18,25.56,20.56,23.06,2.03,11500.0,0.0
2024-08-19,34.44,19.44,26.94,0.0,12200.0,1.0
2024-08-20,37.78,23.89,30.84,0.51,12400.0,1.0
2024-08-21,32.78,23.33,28.06,2.03,12500.0,1.0
2024-08-22,28.33,19.44,23.88,12.95,12500.0,0.0
2024-08-23,32.22,18.33,25.28,1.27,12200.0,0.0
2024-08-24,32.78,21.67,27.22,0.0,11700.0,0.0
2024-08-25,33.33,22.78,28.06,0.0,11300.0,0.0
2024-08-26,32.78,17.78,25.28,0.0,11900.0,1.0
2024-08-27,35.56,19.44,27.5,0.0,12200.0,1.0
2024-08-28,36.11,21.67,28.89,0.0,12300.0,1.0
2024-08-29,35.56,23.89,29.72,0.0,12200.0,0.0
2024-08-30,35.56,22.78,29.17,0.0,12100.0,0.0
2024-08-31,35.56,21.67,28.62,0.0,11400.0,0.0
2024-09-01,34.44,21.67,28.06,0.0,9440.0,0.0
2024-09-02,35.0,22.78,28.89,0.0,9130.0,0.0
2024-09-03,36.11,22.22,29.16,0.0,9570.0,1.0
2024-09-04,36.67,22.78,29.72,0.0,9770.0,1.0
2024-09-05,33.33,21.67,27.5,0.0,9800.0,1.0
2024-09-06,33.89,20.56,27.22,0.0,9770.0,0.0
2024-09-07,34.44,21.11,27.78,0.0,9650.0,0.0
2024-09-08,35.0,21.67,28.34,0.0,9190.0,0.0
2024-09-09,33.89,21.11,27.5,0.0,9600.0,1.0
2024-09-10,35.56,20.56,28.06,0.0,9760.0,1.0
2024-09-11,33.89,21.11,27.5,0.0,9760.0,0.0
2024-09-12,33.89,22.78,28.34,0.0,9750.0,0.0
2024-09-13,32.22,17.78,25.0,0.0,9710.0,0.0
2024-09-14,33.33,18.33,25.83,0.0,9250.0,0.0
2024-09-15,33.33,19.44,26.38,0.0,9050.0,0.0
2024-09-16,31.11,21.11,26.11,0.0,9670.0,1.0
2024-09-17,27.22,19.44,23.33,0.0,9600.0,0.0
2024-09-18,27.22,12.78,20.0,0.0,9630.0,1.0
2024-09-19,29.44,15.0,22.22,0.0,9600.0,0.0
2024-09-20,29.44,16.67,23.06,0.0,9600.0,0.0
2024-09-21,22.22,15.56,18.89,0.76,9120.0,0.0
2024-09-22,28.33,13.89,21.11,0.0,9000.0,0.0
2024-09-23,30.56,16.11,23.34,0.0,9440.0,1.0
2024-09-24,31.67,16.67,24.17,0.0,9660.0,1.0
2024-09-25,33.89,16.67,25.28,0.0,9560.0,0.0
2024-09-26,35.0,18.33,26.66,0.0,9700.0,1.0
2024-09-27,36.11,20.0,28.06,0.0,9640.0,0.0
2024-09-28,35.56,17.78,26.67,0.0,8900.0,0.0
2024-09-29,36.11,21.67,28.89,0.0,8410.0,0.0
2024-09-30,36.11,21.11,28.61,0.0,8970.0,1.0
2024-10-01,35.0,20.0,27.5,0.0,8050.0,0.0
2024-10-02,35.56,17.78,26.67,0.0,7950.0,0.0
2024-10-03,34.44,18.33,26.38,0.0,7880.0,0.0
2024-10-04,33.33,26.11,29.72,0.0,7890.0,1.0
2024-10-05,34.44,19.44,26.94,0.0,7520.0,0.0
2024-10-06,32.22,17.78,25.0,0.0,7360.0,0.0
2024-10-07,31.67,16.67,24.17,0.0,7830.0,1.0
2024-10-08,31.67,18.89,25.28,0.0,7850.0,1.0
2024-10-09,31.67,17.22,24.44,0.0,7860.0,1.0
2024-10-10,31.67,16.11,23.89,0.0,7860.0,0.0
2024-10-11,31.67,17.22,24.44,0.0,7840.0,0.0
2024-10-12,31.67,17.22,24.44,0.0,7440.0,0.0
2024-10-13,30.56,16.11,23.34,0.0,7380.0,0.0
2024-10-14,27.78,18.33,23.06,0.0,7750.0,1.0
2024-10-15,27.22,15.0,21.11,0.0,7760.0,1.0
2024-10-16,27.78,16.11,21.94,0.0,7850.0,1.0
2024-10-17,25.56,17.78,21.67,0.0,7830.0,0.0
2024-10-18,20.0,9.44,14.72,9.91,7850.0,1.0
2024-10-19,16.11,7.22,11.66,6.86,7450.0,0.0
2024-10-20,16.67,8.33,12.5,0.0,7150.0,0.0
2024-10-21,20.0,10.0,15.0,0.0,6880.0,0.0
2024-10-22,21.67,10.0,15.84,0.0,7950.0,1.0
2024-10-23,22.78,10.56,16.67,0.0,7860.0,0.0
2024-10-24,25.56,10.0,17.78,0.0,7800.0,0.0
2024-10-25,24.44,11.67,18.06,0.0,7800.0,0.0
2024-10-26,23.33,10.56,16.94,0.0,7520.0,0.0
2024-10-27,22.78,11.11,16.94,0.0,7330.0,0.0
2024-10-28,25.0,12.78,18.89,0.0,7770.0,1.0
2024-10-29,17.78,8.33,13.06,0.0,7770.0,0.0
2024-10-30,13.89,6.11,10.0,0.0,7820.0,1.0
2024-10-31,13.33,2.78,8.06,0.0,7820.0,0.0
2024-11-01,17.22,3.89,10.56,0.0,8150.0,1.0
2024-11-02,12.78,5.56,9.17,0.0,8260.0,1.0
2024-11-03,12.22,6.67,9.44,0.0,8460.0,1.0
2024-11-04,13.89,5.0,9.44,0.0,8330.0,0.0
2024-11-05,13.89,3.89,8.89,0.0,8310.0,0.0
2024-11-06,10.0,2.22,6.11,0.0,8310.0,0.0
2024-11-07,11.11,3.33,7.22,0.0,8360.0,1.0
2024-11-08,13.33,2.22,7.78,0.0,8340.0,0.0
2024-11-09,15.0,3.89,9.44,0.0,8350.0,1.0
2024-11-10,15.0,3.33,9.16,0.0,8350.0,0.0
2024-11-11,18.33,2.78,10.56,0.0,8390.0,1.0
2024-11-12,12.78,5.56,9.17,0.0,8430.0,1.0
2024-11-13,12.22,1.11,6.66,0.0,8480.0,1.0
2024-11-14,13.89,0.56,7.22,0.0,8450.0,0.0
2024-11-15,16.67,2.22,9.44,0.0,8460.0,1.0
2024-11-16,8.33,2.78,5.56,0.0,8300.0,0.0
2024-11-17,11.67,0.56,6.12,0.0,8420.0,1.0
2024-11-18,14.44,0.56,7.5,0.0,8450.0,1.0
2024-11-19,8.89,1.11,5.0,0.0,8480.0,1.0
2024-11-20,10.56,-0.56,5.0,0.0,8380.0,0.0
2024-11-21,10.56,-1.67,4.44,0.0,8420.0,1.0
2024-11-22,10.56,-1.67,4.44,0.0,8430.0,1.0
2024-11-23,12.78,0.0,6.39,0.0,8470.0,1.0
2024-11-24,16.67,5.56,11.12,0.0,8050.0,0.0
2024-11-25,11.11,1.67,6.39,0.0,8310.0,1.0
2024-11-26,15.56,6.67,11.12,0.0,8230.0,0.0
2024-11-27,15.0,2.78,8.89,0.76,8300.0,1.0
2024-11-28,8.33,0.56,4.44,0.0,8170.0,0.0
2024-11-29,7.22,-1.67,2.78,0.0,8220.0,1.0
2024-11-30,7.78,-1.67,3.06,0.0,8280.0,1.0
2024-12-01,7.22,-1.67,2.78,0.0,8590.0,1.0
2024-12-02,8.89,-1.67,3.61,0.0,9810.0,1.0
2024-12-03,9.44,0.0,4.72,0.0,9990.0,1.0
2024-12-04,11.11,0.56,5.84,0.0,9950.0,0.0
2024-12-05,11.11,1.11,6.11,0.0,10100.0,1.0
2024-12-06,11.11,0.56,5.84,0.0,9860.0,0.0
2024-12-07,10.56,0.0,5.28,0.0,9710.0,0.0
2024-12-08,11.11,-0.56,5.28,0.0,8860.0,0.0
2024-12-09,10.0,1.67,5.84,0.0,9730.0,1.0
2024-12-10,6.67,-1.11,2.78,0.0,10000.0,1.0
2024-12-11,5.0,-3.33,0.84,0.0,9980.0,0.0
2024-12-12,3.89,-2.22,0.84,0.0,9960.0,0.0
2024-12-13,8.89,-3.33,2.78,0.0,10100.0,1.0
2024-12-14,8.33,-1.67,3.33,0.0,9530.0,0.0
2024-12-15,12.78,0.56,6.67,0.0,8930.0,0.0
2024-12-16,8.89,-0.56,4.16,0.0,9600.0,1.0
2024-12-17,7.78,0.0,3.89,0.0,9960.0,1.0
2024-12-18,10.56,0.0,5.28,0.0,10000.0,1.0
2024-12-19,10.0,0.0,5.0,0.0,9920.0,0.0
2024-12-20,9.44,-1.67,3.88,0.0,10100.0,1.0
2024-12-21,8.89,-1.11,3.89,0.0,9570.0,0.0
2024-12-22,7.78,-1.67,3.06,0.0,8890.0,0.0
2024-12-23,11.67,1.67,6.67,0.0,9700.0,1.0
2024-12-24,9.44,0.56,5.0,0.0,9930.0,1.0
2024-12-25,12.22,2.78,7.5,0.0,8920.0,0.0
2024-12-26,7.78,0.56,4.17,0.0,9720.0,1.0
2024-12-27,14.44,1.67,8.06,0.0,10000.0,1.0
2024-12-28,12.22,3.33,7.78,0.0,9650.0,0.0
2024-12-29,13.33,2.78,8.06,0.0,8870.0,0.0
2024-12-30,14.44,3.89,9.16,0.0,9630.0,1.0
2024-12-31,8.89,0.56,4.73,0.0,10000.0,1.0
2025-01-01,7.22,-1.11,3.06,0.0,10800.0,1.0
2025-01-02,10.0,-0.56,4.72,0.0,12000.0,1.0
2025-01-03,8.33,-0.56,3.88,0.0,12000.0,0.0
2025-01-04,11.67,-0.56,5.56,0.0,11300.0,0.0
2025-01-05,8.33,-1.11,3.61,0.0,10800.0,0.0
2025-01-06,7.78,-1.67,3.06,0.0,11900.0,1.0
2025-01-07,8.33,2.78,5.56,0.0,12100.0,1.0
2025-01-08,6.67,-0.56,3.06,0.0,12000.0,0.0
2025-01-09,8.33,-2.78,2.78,0.0,12200.0,1.0
2025-01-10,6.67,-2.78,1.94,0.0,12000.0,0.0
2025-01-11,9.44,-2.22,3.61,0.0,11300.0,0.0
2025-01-12,5.56,-3.33,1.11,0.0,10600.0,0.0
2025-01-13,5.0,-4.44,0.28,0.0,12000.0,1.0
2025-01-14,5.0,-5.0,0.0,0.0,12200.0,1.0
2025-01-15,5.56,-6.11,-0.28,0.0,12100.0,0.0
2025-01-16,5.0,-5.56,-0.28,0.0,12200.0,1.0
2025-01-17,9.44,-5.0,2.22,0.0,11700.0,0.0
2025-01-18,6.11,-1.67,2.22,0.0,11000.0,0.0
2025-01-19,2.78,-6.67,-1.94,0.0,10800.0,0.0
2025-01-20,2.78,-6.67,-1.94,0.0,11900.0,1.0
2025-01-21,2.22,-8.89,-3.34,0.0,12300.0,1.0
2025-01-22,5.0,-7.78,-1.39,0.0,12200.0,0.0
2025-01-23,3.89,-5.56,-0.83,0.0,12100.0,0.0
2025-01-24,4.44,-6.67,-1.11,0.0,12200.0,1.0
2025-01-25,3.89,-4.44,-0.28,0.0,10900.0,0.0
2025-01-26,8.33,-2.22,3.06,0.0,10700.0,0.0
2025-01-27,8.33,-3.33,2.5,0.0,11800.0,1.0
2025-01-28,4.44,0.0,2.22,0.51,12100.0,1.0
2025-01-29,3.89,-0.56,1.66,5.84,11900.0,0.0
2025-01-30,6.67,-3.89,1.39,0.0,11900.0,0.0
2025-01-31,8.33,-2.78,2.78,0.0,12100.0,1.0
2025-02-01,11.11,0.0,5.56,0.0,10900.0,0.0
2025-02-02,15.0,2.78,8.89,0.0,10700.0,0.0
2025-02-03,15.56,3.89,9.72,0.0,11700.0,1.0
2025-02-04,18.89,6.11,12.5,0.0,12000.0,1.0
2025-02-05,20.0,10.56,15.28,0.0,11900.0,0.0
2025-02-06,16.11,4.44,10.28,0.0,11800.0,0.0
2025-02-07,20.0,8.33,14.16,0.0,11400.0,0.0
2025-02-08,16.11,7.78,11.94,0.0,10700.0,0.0
2025-02-09,10.0,1.67,5.84,0.0,10400.0,0.0
2025-02-10,13.89,0.0,6.94,0.0,11700.0,1.0
2025-02-11,12.78,1.11,6.94,0.0,12000.0,1.0
2025-02-12,7.78,-2.78,2.5,0.0,11900.0,0.0
2025-02-13,3.89,-3.33,0.28,0.0,11900.0,0.0
2025-02-14,8.89,1.67,5.28,3.05,11700.0,0.0
2025-02-15,11.11,1.67,6.39,0.0,10900.0,0.0
2025-02-16,11.11,0.0,5.56,0.0,10800.0,0.0
2025-02-17,16.11,2.78,9.44,0.0,11300.0,1.0
2025-02-18,13.33,7.22,10.28,0.0,12100.0,1.0
2025-02-19,11.11,2.22,6.66,0.0,12300.0,1.0
2025-02-20,15.0,2.78,8.89,0.0,12000.0,0.0
2025-02-21,11.67,1.67,6.67,0.0,11900.0,0.0
2025-02-22,13.89,1.11,7.5,0.0,11000.0,0.0
2025-02-23,16.67,2.22,9.44,0.0,10700.0,0.0
2025-02-24,20.56,6.11,13.34,0.0,11600.0,1.0
2025-02-25,22.78,6.11,14.44,0.0,11500.0,0.0
2025-02-26,16.11,8.33,12.22,0.0,11900.0,1.0
2025-02-27,14.44,3.89,9.16,0.0,12800.0,1.0
2025-02-28,17.22,2.78,10.0,0.0,12300.0,0.0
2025-03-01,18.33,2.78,10.56,0.0,12100.0,0.0
2025-03-02,20.0,5.56,12.78,0.0,9440.0,0.0
2025-03-03,7.78,1.67,4.72,0.51,10200.0,1.0
2025-03-04,14.44,1.67,8.06,0.0,10400.0,1.0
2025-03-05,15.0,2.78,8.89,0.0,10200.0,0.0
2025-03-06,10.56,3.89,7.22,0.51,10500.0,1.0
2025-03-07,8.89,0.0,4.44,0.0,12300.0,1.0
2025-03-08,13.33,3.33,8.33,0.0,9610.0,0.0
2025-03-09,16.11,1.67,8.89,0.0,9900.0,1.0
2025-03-10,17.78,1.67,9.73,0.0,10500.0,1.0
2025-03-11,17.78,5.0,11.39,0.0,10300.0,0.0
2025-03-12,16.11,6.67,11.39,0.0,12300.0,1.0
2025-03-13,16.67,5.0,10.84,0.76,9790.0,0.0
2025-03-14,8.33,1.11,4.72,0.0,10200.0,1.0
2025-03-15,11.11,2.22,6.66,0.0,9930.0,0.0
2025-03-16,16.67,2.22,9.44,0.0,9900.0,0.0
2025-03-17,20.0,6.67,13.34,0.0,10200.0,1.0
2025-03-18,12.78,3.33,8.06,0.51,10300.0,1.0
2025-03-19,10.0,0.56,5.28,0.0,10200.0,0.0
2025-03-20,15.56,1.11,8.34,0.0,10400.0,1.0
2025-03-21,17.22,4.44,10.83,0.0,10000.0,0.0
2025-03-22,20.0,7.22,13.61,0.0,9870.0,0.0
2025-03-23,20.0,8.33,14.16,0.0,9670.0,0.0
2025-03-24,22.78,8.89,15.84,0.0,10200.0,1.0
2025-03-25,24.44,10.0,17.22,0.0,10400.0,1.0
2025-03-26,26.67,11.11,18.89,0.0,10200.0,0.0
2025-03-27,26.67,11.67,19.17,0.0,10100.0,0.0
2025-03-28,20.56,13.33,16.94,0.0,10100.0,0.0
2025-03-29,20.0,8.89,14.44,0.0,9850.0,0.0
2025-03-30,18.33,7.22,12.77,0.0,9840.0,0.0
2025-03-31,22.22,10.56,16.39,0.0,10200.0,1.0
2025-04-01,15.0,4.44,9.72,0.0,10500.0,1.0
2025-04-02,10.56,1.67,6.12,0.0,10200.0,0.0
2025-04-03,10.0,2.78,6.39,0.76,10500.0,1.0
2025-04-04,11.11,2.22,6.66,0.0,10600.0,1.0
2025-04-05,15.0,5.0,10.0,0.0,9730.0,0.0
2025-04-06,18.89,4.44,11.66,0.0,9570.0,0.0
2025-04-07,23.33,6.11,14.72,0.0,10300.0,1.0
2025-04-08,25.56,10.0,17.78,0.0,10400.0,1.0
2025-04-09,28.33,12.22,20.27,0.0,10600.0,1.0
2025-04-10,28.89,13.33,21.11,0.0,10500.0,0.0
2025-04-11,30.56,12.78,21.67,0.0,10200.0,0.0
2025-04-12,29.44,15.0,22.22,0.0,9920.0,0.0
2025-04-13,28.33,11.11,19.72,0.0,9380.0,0.0
2025-04-14,24.44,12.22,18.33,0.0,10200.0,1.0
2025-04-15,25.56,13.89,19.73,0.0,10200.0,0.0
2025-04-16,27.22,12.78,20.0,0.0,10300.0,1.0
2025-04-17,21.11,5.0,13.06,0.0,10200.0,0.0
2025-04-18,11.11,5.56,8.33,0.25,10400.0,1.0
2025-04-19,15.0,3.33,9.16,2.29,10100.0,0.0
2025-04-20,21.67,7.78,14.73,0.0,9550.0,0.0
2025-04-21,24.44,8.33,16.39,0.0,10400.0,1.0
2025-04-22,26.11,11.67,18.89,0.0,10600.0,1.0
2025-04-23,25.56,11.67,18.61,0.0,10400.0,0.0
2025-04-24,25.0,12.78,18.89,0.0,10500.0,1.0
2025-04-25,26.11,13.89,20.0,0.0,10500.0,0.0
2025-04-26,26.11,12.78,19.44,0.0,9870.0,0.0
2025-04-27,18.33,10.0,14.16,0.0,9730.0,0.0
2025-04-28,17.22,6.11,11.66,0.0,10100.0,1.0
2025-04-29,20.0,7.78,13.89,0.0,10600.0,1.0
2025-04-30,24.44,9.44,16.94,0.0,10400.0,0.0
2025-05-01,22.78,13.89,18.34,0.0,9860.0,0.0
2025-05-02,26.11,12.78,19.44,0.0,9860.0,0.0
2025-05-03,25.56,12.22,18.89,0.0,9840.0,0.0
2025-05-04,23.33,15.0,19.16,0.0,9930.0,1.0
2025-05-05,15.56,9.44,12.5,3.56,10100.0,1.0
2025-05-06,20.0,10.0,15.0,0.0,9940.0,0.0
2025-05-07,21.67,11.11,16.39,0.51,10100.0,1.0
2025-05-08,26.67,11.67,19.17,0.0,9980.0,0.0
2025-05-09,30.0,14.44,22.22,0.0,9390.0,0.0
2025-05-10,30.56,18.33,24.44,0.0,9670.0,1.0
2025-05-11,31.11,19.44,25.28,0.0,9650.0,0.0
2025-05-12,32.22,20.0,26.11,0.0,9760.0,1.0
2025-05-13,25.0,15.56,20.28,0.0,9760.0,0.0
2025-05-14,20.0,10.56,15.28,0.0,9960.0,1.0
2025-05-15,23.89,10.0,16.94,0.0,9840.0,0.0
2025-05-16,27.22,12.78,20.0,0.0,9720.0,0.0
2025-05-17,25.56,15.56,20.56,0.0,9730.0,1.0
2025-05-18,20.0,11.11,15.56,0.51,9780.0,1.0
2025-05-19,21.11,11.67,16.39,0.0,9790.0,1.0
2025-05-20,27.22,8.89,18.06,0.0,9850.0,1.0
2025-05-21,31.11,13.89,22.5,0.0,9860.0,1.0
2025-05-22,33.33,17.22,25.28,0.0,9910.0,1.0
2025-05-23,33.33,19.44,26.38,0.0,9870.0,0.0
2025-05-24,31.11,20.0,25.56,0.0,9870.0,0.0
2025-05-25,29.44,16.67,23.06,0.0,9800.0,0.0
2025-05-26,31.11,16.67,23.89,0.0,9650.0,0.0
2025-05-27,32.78,17.78,25.28,0.0,9730.0,1.0
2025-05-28,33.33,18.89,26.11,0.0,10100.0,1.0
2025-05-29,33.89,18.89,26.39,0.0,9850.0,0.0
2025-05-30,35.0,20.0,27.5,0.0,9770.0,0.0
2025-05-31,36.67,22.22,29.44,0.0,11900.0,1.0
2025-06-01,35.0,22.22,28.61,0.0,11700.0,0.0
2025-06-02,26.11,18.33,22.22,4.06,11300.0,0.0
2025-06-03,30.0,17.22,23.61,0.0,11400.0,1.0
2025-06-04,26.11,16.11,21.11,5.33,11700.0,1.0
2025-06-05,25.0,16.11,20.56,0.51,11900.0,1.0
2025-06-06,29.44,16.11,22.78,0.0,11300.0,0.0
2025-06-07,32.78,17.78,25.28,0.0,11400.0,1.0
2025-06-08,33.89,21.11,27.5,0.0,11300.0,0.0
2025-06-09,35.56,20.56,28.06,0.0,11400.0,1.0
2025-06-10,35.56,21.67,28.62,0.0,11600.0,1.0
2025-06-11,36.67,22.22,29.44,0.0,11600.0,0.0
2025-06-12,36.67,22.22,29.44,0.0,11600.0,0.0
2025-06-13,36.11,21.67,28.89,0.0,11600.0,0.0
2025-06-14,36.67,20.56,28.62,0.0,11400.0,0.0
2025-06-15,38.33,22.78,30.56,0.0,11100.0,0.0
2025-06-16,38.89,21.67,30.28,0.0,11800.0,1.0
2025-06-17,36.67,25.0,30.84,0.0,11100.0,0.0
2025-06-18,36.67,21.67,29.17,0.0,11700.0,1.0
2025-06-19,39.44,22.22,30.83,0.0,11200.0,0.0
2025-06-20,36.67,24.44,30.56,0.0,11300.0,1.0
2025-06-21,33.89,23.33,28.61,0.0,11300.0,0.0
2025-06-22,30.56,21.67,26.12,0.0,10500.0,0.0
2025-06-23,32.78,17.22,25.0,0.0,11500.0,1.0
2025-06-24,32.78,18.89,25.84,0.0,11500.0,0.0
2025-06-25,32.78,20.56,26.67,0.0,11600.0,1.0
2025-06-26,34.44,20.56,27.5,0.0,11600.0,0.0
2025-06-27,35.0,22.22,28.61,0.0,11600.0,0.0
2025-06-28,36.67,22.22,29.44,0.0,11400.0,0.0
2025-06-29,37.22,23.33,30.28,0.0,11200.0,0.0
2025-06-30,38.89,23.89,31.39,0.0,11500.0,1.0
2025-07-01,37.22,25.0,31.11,0.0,11800.0,1.0
2025-07-02,33.33,22.22,27.78,0.25,11700.0,0.0
2025-07-03,27.78,18.33,23.06,1.52,11900.0,1.0
2025-07-04,33.33,17.78,25.56,0.0,11400.0,0.0
2025-07-05,35.0,22.22,28.61,0.0,11400.0,0.0
2025-07-06,37.22,21.11,29.16,0.0,11500.0,1.0
2025-07-07,37.22,23.89,30.56,0.0,11600.0,1.0
2025-07-08,37.78,25.0,31.39,0.0,11700.0,1.0
2025-07-09,38.89,26.67,32.78,0.0,11600.0,0.0
2025-07-10,40.0,28.89,34.44,0.0,11600.0,0.0
2025-07-11,38.89,24.44,31.66,0.0,11800.0,1.0
2025-07-12,38.89,25.0,31.94,0.0,11400.0,0.0
2025-07-13,39.44,25.0,32.22,0.0,11300.0,0.0
2025-07-14,39.44,25.56,32.5,0.0,11800.0,1.0
2025-07-15,38.89,26.67,32.78,0.51,11700.0,0.0
2025-07-16,35.0,25.56,30.28,0.25,11700.0,0.0
2025-07-17,32.22,22.78,27.5,0.0,11800.0,1.0
2025-07-18,34.44,20.0,27.22,0.0,11600.0,0.0
2025-07-19,35.0,22.78,28.89,0.0,11200.0,0.0
2025-07-20,36.11,22.22,29.16,0.0,11000.0,0.0
2025-07-21,32.22,25.56,28.89,0.0,11800.0,1.0
2025-07-22,33.33,23.33,28.33,0.0,11700.0,0.0
2025-07-23,33.89,22.78,28.34,0.0,11600.0,0.0
2025-07-24,33.33,20.0,26.66,0.0,11300.0,0.0
2025-07-25,35.0,21.11,28.06,0.0,10900.0,0.0
2025-07-26,33.33,22.22,27.78,0.0,10800.0,0.0
2025-07-27,34.44,20.0,27.22,0.0,10700.0,0.0
2025-07-28,36.67,21.11,28.89,0.0,11200.0,1.0
2025-07-29,36.11,23.33,29.72,0.0,11600.0,1.0
2025-07-30,37.78,22.78,30.28,0.0,11600.0,0.0
2025-07-31,35.56,23.33,29.44,0.0,11800.0,1.0
2025-08-01,34.44,22.78,28.61,0.0,12600.0,1.0
2025-08-02,37.22,23.33,30.28,0.0,12300.0,0.0
2025-08-03,36.11,21.67,28.89,0.0,12000.0,0.0
2025-08-04,37.78,20.56,29.17,0.0,12600.0,1.0
2025-08-05,37.22,23.89,30.56,0.0,12500.0,0.0
2025-08-06,37.78,25.56,31.67,0.0,12500.0,0.0
2025-08-07,39.44,26.11,32.78,0.0,12500.0,0.0
2025-08-08,38.33,24.44,31.38,0.0,12400.0,0.0
2025-08-09,38.33,25.0,31.66,0.0,12100.0,0.0
2025-08-10,37.22,24.44,30.83,0.0,12300.0,1.0
2025-08-11,36.11,22.22,29.16,0.0,12600.0,1.0
2025-08-12,37.78,23.33,30.56,0.0,12400.0,0.0
2025-08-13,38.89,23.89,31.39,0.0,12400.0,0.0
2025-08-14,35.56,25.56,30.56,0.0,12400.0,0.0
2025-08-15,29.44,18.89,24.16,8.38,12400.0,0.0
2025-08-16,32.22,17.22,24.72,0.0,12200.0,0.0
2025-08-17,33.33,20.56,26.94,0.0,12500.0,1.0
2025-08-18,35.56,21.67,28.62,0.0,12300.0,0.0
2025-08-19,38.33,21.11,29.72,0.0,12500.0,1.0
2025-08-20,38.33,25.56,31.94,0.0,12500.0,0.0
2025-08-21,39.44,25.56,32.5,0.0,12500.0,0.0
2025-08-22,38.33,27.78,33.06,0.0,12500.0,0.0
2025-08-23,36.11,27.22,31.66,0.51,12200.0,0.0
2025-08-24,33.33,25.0,29.16,0.0,12400.0,1.0
2025-08-25,33.89,23.33,28.61,0.0,12400.0,0.0
2025-08-26,27.22,19.44,23.33,0.76,12500.0,1.0
2025-08-27,29.44,19.44,24.44,0.0,12600.0,1.0
2025-08-28,31.11,20.0,25.56,0.0,12400.0,0.0
2025-08-29,27.22,17.22,22.22,2.03,12400.0,0.0
2025-08-30,31.11,18.89,25.0,0.0,12200.0,0.0
2025-08-31,32.78,19.44,26.11,0.0,12200.0,0.0
2025-09-01,34.44,18.89,26.66,0.0,10400.0,0.0
2025-09-02,35.0,20.56,27.78,0.0,9490.0,0.0
2025-09-03,31.11,22.22,26.66,0.0,9500.0,1.0
2025-09-04,29.44,22.22,25.83,1.27,9400.0,0.0
2025-09-05,30.0,18.89,24.44,0.0,9450.0,1.0
2025-09-06,30.56,19.44,25.0,1.52,9490.0,1.0
2025-09-07,31.67,18.33,25.0,0.0,9470.0,0.0
2025-09-08,32.78,21.11,26.94,0.0,10000.0,1.0
2025-09-09,33.33,21.11,27.22,0.0,9860.0,0.0
2025-09-10,33.89,21.11,27.5,0.0,9870.0,1.0
2025-09-11,32.78,21.67,27.22,0.0,9990.0,1.0
2025-09-12,31.11,22.22,26.66,0.0,9880.0,0.0
2025-09-13,28.89,16.67,22.78,0.0,9490.0,0.0
2025-09-14,28.89,14.44,21.66,0.0,9510.0,1.0
2025-09-15,31.67,17.78,24.72,0.0,9940.0,1.0
2025-09-16,32.22,17.22,24.72,0.0,9890.0,0.0
2025-09-17,31.67,18.33,25.0,0.0,9860.0,0.0
2025-09-18,30.56,18.33,24.44,0.0,9810.0,0.0
2025-09-19,28.89,21.11,25.0,1.27,9810.0,0.0
2025-09-20,30.0,16.67,23.34,0.0,9550.0,0.0
2025-09-21,29.44,17.22,23.33,0.0,9830.0,1.0
2025-09-22,30.56,20.0,25.28,0.0,9550.0,0.0
2025-09-23,26.11,16.67,21.39,0.0,9740.0,1.0
2025-09-24,26.67,15.0,20.84,0.0,9740.0,0.0
2025-09-25,29.44,15.0,22.22,1.52,9750.0,1.0
2025-09-26,27.22,16.67,21.94,0.25,9750.0,0.0
2025-09-27,25.0,16.11,20.56,4.32,9710.0,0.0
2025-09-28,23.33,14.44,18.88,2.03,9400.0,0.0
2025-09-29,25.0,13.33,19.16,0.0,9460.0,1.0
2025-09-30,27.22,16.67,21.94,0.0,9410.0,0.0
2025-10-01,27.22,15.56,21.39,0.0,8820.0,0.0
2025-10-02,29.44,15.56,22.5,0.0,8340.0,0.0
2025-10-03,31.11,18.89,25.0,0.0,8290.0,0.0
2025-10-04,22.78,15.56,19.17,0.0,8020.0,0.0
2025-10-05,22.22,11.67,16.94,0.0,7860.0,0.0
2025-10-06,24.44,12.78,18.61,0.0,7970.0,1.0
2025-10-07,25.56,12.78,19.17,0.0,8020.0,1.0
2025-10-08,28.33,12.22,20.27,0.0,7700.0,0.0
2025-10-09,26.11,17.22,21.66,18.29,8010.0,1.0
2025-10-10,20.56,16.67,18.62,1.02,8020.0,1.0
2025-10-11,23.89,15.0,19.44,7.37,8070.0,1.0
2025-10-12,19.44,12.22,15.83,5.33,7900.0,0.0
2025-10-13,21.11,12.22,16.66,1.02,8070.0,1.0
2025-10-14,23.89,15.0,19.44,0.0,8030.0,0.0
2025-10-15,20.0,11.11,15.56,0.0,7770.0,0.0
2025-10-16,16.11,6.67,11.39,0.0,8000.0,1.0
2025-10-17,17.78,7.22,12.5,0.0,8000.0,0.0
2025-10-18,20.56,8.33,14.44,0.0,8120.0,1.0
2025-10-19,21.67,8.89,15.28,0.0,7810.0,0.0
2025-10-20,24.44,11.67,18.06,0.0,7940.0,1.0
2025-10-21,21.11,10.56,15.84,0.0,7730.0,0.0
2025-10-22,21.11,10.56,15.84,0.51,7810.0,1.0
2025-10-23,16.67,10.0,13.34,1.27,7840.0,1.0
2025-10-24,20.0,9.44,14.72,0.0,7780.0,0.0
2025-10-25,18.89,8.89,13.89,0.0,7560.0,0.0
2025-10-26,22.78,10.0,16.39,0.0,7410.0,0.0
2025-10-27,23.89,12.22,18.06,0.0,7720.0,1.0
2025-10-28,16.67,8.33,12.5,0.0,7790.0,1.0
2025-10-29,16.67,5.0,10.84,0.0,7840.0,1.0
2025-10-30,18.89,5.56,12.22,0.0,7700.0,0.0
2025-10-31,20.0,7.78,13.89,0.0,7680.0,0.0
2025-11-01,20.56,7.78,14.17,0.0,7390.0,0.0
2025-11-02,21.11,7.78,14.44,0.0,7060.0,0.0
2025-11-03,20.56,9.44,15.0,0.0,7120.0,1.0
2025-11-04,22.22,9.44,15.83,0.0,7910.0,1.0
2025-11-05,20.0,8.89,14.44,0.0,8380.0,1.0
2025-11-06,21.11,10.0,15.56,0.0,8420.0,1.0
2025-11-07,19.44,8.89,14.16,0.0,8390.0,0.0
2025-11-08,18.89,8.89,13.89,0.0,8380.0,0.0
2025-11-09,18.33,7.22,12.77,0.0,8380.0,0.0
2025-11-10,17.78,6.11,11.94,0.0,8380.0,0.0
2025-11-11,17.78,6.67,12.23,0.0,8440.0,1.0
2025-11-12,16.11,6.67,11.39,0.0,8450.0,1.0
2025-11-13,20.0,9.44,14.72,0.0,8320.0,0.0
2025-11-14,17.78,9.44,13.61,0.0,8400.0,1.0
2025-11-15,17.22,7.22,12.22,0.0,8410.0,1.0
2025-11-16,15.56,7.78,11.67,6.1,8400.0,0.0
2025-11-17,12.22,7.22,9.72,0.0,8330.0,0.0
2025-11-18,10.0,7.78,8.89,5.59,8330.0,0.0
2025-11-19,10.0,6.67,8.34,5.33,8380.0,1.0
2025-11-20,11.67,5.56,8.62,0.0,8390.0,1.0
2025-11-21,11.11,6.11,8.61,0.0,8700.0,1.0
2025-11-22,12.22,7.22,9.72,0.0,8770.0,1.0
2025-11-23,11.67,6.11,8.89,4.06,8620.0,0.0
2025-11-24,12.22,4.44,8.33,0.0,8790.0,1.0
2025-11-25,11.67,3.89,7.78,0.0,8750.0,0.0
2025-11-26,10.56,2.78,6.67,0.0,8700.0,0.0
2025-11-27,11.11,2.22,6.66,0.0,8570.0,0.0
2025-11-28,12.22,3.33,7.78,0.0,8850.0,1.0
2025-11-29,11.67,6.11,8.89,0.0,8690.0,0.0
2025-11-30,10.0,2.78,6.39,0.0,8660.0,0.0
2025-12-01,7.78,0.0,3.89,0.0,8270.0,0.0
2025-12-02,5.0,-0.56,2.22,0.0,8200.0,0.0
2025-12-03,6.67,1.11,3.89,0.0,8250.0,1.0
2025-12-04,6.67,-0.56,3.06,0.0,8210.0,0.0
2025-12-05,7.78,-0.56,3.61,0.0,8210.0,0.0
2025-12-06,10.56,0.56,5.56,0.0,7930.0,0.0
2025-12-07,11.67,1.67,6.67,0.0,7890.0,0.0
2025-12-08,10.56,1.11,5.84,0.0,8070.0,1.0
2025-12-09,10.0,0.56,5.28,0.0,8200.0,1.0
2025-12-10,12.22,2.22,7.22,0.0,8170.0,0.0
2025-12-11,12.22,2.78,7.5,0.0,8220.0,1.0
2025-12-12,12.78,1.67,7.22,0.0,8190.0,0.0
2025-12-13,11.11,1.11,6.11,0.0,7950.0,0.0
2025-12-14,10.0,0.0,5.0,0.0,7840.0,0.0
2025-12-15,10.56,1.67,6.12,0.0,8050.0,1.0
2025-12-16,10.0,0.56,5.28,0.0,8190.0,1.0
2025-12-17,13.89,1.67,7.78,0.0,8170.0,0.0
2025-12-18,13.89,6.11,10.0,0.0,8190.0,1.0
2025-12-19,12.78,3.89,8.33,0.0,8200.0,1.0
2025-12-20,12.78,4.44,8.61,0.0,7870.0,0.0
2025-12-21,11.67,4.44,8.06,0.0,7750.0,0.0
2025-12-22,12.78,3.33,8.06,0.0,7910.0,1.0
2025-12-23,11.11,3.89,7.5,0.0,8090.0,1.0
2025-12-24,17.22,5.56,11.39,0.0,8090.0,0.0
2025-12-25,16.11,8.89,12.5,6.35,8110.0,1.0
2025-12-26,12.22,5.56,8.89,0.0,8070.0,0.0
2025-12-27,10.0,3.33,6.66,0.51,7750.0,0.0
2025-12-28,8.33,1.11,4.72,0.0,7800.0,1.0
2025-12-29,6.67,-1.11,2.78,0.0,7910.0,1.0
2025-12-30,6.11,-1.67,2.22,0.0,7840.0,0.0
2025-12-31,5.0,-2.0,1.5,0.0,7630.0,0.0
2026-01-01,6.11,1.67,3.89,3.3,9030.0,1.0
2026-01-02,12.78,3.33,8.06,0.0,10200.0,1.0
2026-01-03,8.33,1.67,5.0,0.0,9530.0,0.0
2026-01-04,10.56,2.22,6.39,0.0,9610.0,1.0
2026-01-05,13.33,5.0,9.16,0.0,10100.0,1.0
2026-01-06,10.56,2.22,6.39,0.0,10400.0,1.0
2026-01-07,7.78,1.67,4.72,0.0,10300.0,0.0
2026-01-08,7.78,1.11,4.44,0.25,10300.0,0.0
2026-01-09,6.11,-1.67,2.22,0.0,10200.0,0.0
2026-01-10,5.0,-3.89,0.55,0.0,9710.0,0.0
2026-01-11,6.67,-2.78,1.94,0.0,9380.0,0.0
2026-01-12,7.78,-2.78,2.5,0.0,9960.0,1.0
2026-01-13,8.33,-1.67,3.33,0.0,10200.0,1.0
2026-01-14,13.33,0.0,6.66,0.0,10200.0,0.0
2026-01-15,12.22,0.56,6.39,0.0,9990.0,0.0
2026-01-16,11.67,-1.11,5.28,0.0,10000.0,1.0
2026-01-17,11.67,0.56,6.12,0.0,9480.0,0.0
2026-01-18,9.44,-1.11,4.16,0.0,9230.0,0.0
2026-01-19,11.67,-1.11,5.28,0.0,9910.0,1.0
2026-01-20,8.89,-2.22,3.34,0.0,10100.0,1.0
2026-01-21,8.33,-2.22,3.06,0.0,10100.0,0.0
2026-01-22,8.33,-2.22,3.06,0.0,10100.0,0.0
2026-01-23,8.89,2.22,5.56,0.0,10000.0,0.0
2026-01-24,6.67,-0.56,3.06,0.76,9460.0,0.0
2026-01-25,10.0,-2.78,3.61,0.0,9260.0,0.0
2026-01-26,6.11,-3.89,1.11,0.0,10500.0,1.0
2026-01-27,6.67,-5.0,0.84,0.0,10200.0,0.0
2026-01-28,8.33,-2.78,2.78,0.0,10100.0,0.0
2026-01-29,9.44,-2.78,3.33,0.0,10100.0,0.0
2026-01-30,10.56,-2.22,4.17,0.0,10100.0,0.0
2026-01-31,11.67,-0.56,5.56,0.0,9970.0,0.0
2026-02-01,12.78,0.0,6.39,0.0,9060.0,0.0
2026-02-02,13.89,2.22,8.06,0.0,9280.0,1.0
2026-02-03,13.89,0.56,7.22,0.0,9360.0,1.0
2026-02-04,15.0,1.11,8.06,0.0,9340.0,0.0
2026-02-05,14.44,1.11,7.78,0.0,9310.0,0.0
2026-02-06,15.0,2.78,8.89,0.0,9290.0,0.0
2026-02-07,15.56,2.78,9.17,0.0,8950.0,0.0
2026-02-08,16.11,2.78,9.44,0.0,8750.0,0.0
2026-02-09,16.67,2.78,9.73,0.0,9200.0,1.0
2026-02-10,16.11,7.22,11.66,0.0,9380.0,1.0
2026-02-11,17.78,8.33,13.06,0.0,9410.0,1.0
2026-02-12,15.0,5.0,10.0,0.0,9370.0,0.0
2026-02-13,10.0,5.56,7.78,1.02,9320.0,0.0
2026-02-14,12.22,1.67,6.94,0.0,9000.0,0.0
2026-02-15,13.89,2.78,8.34,0.0,8820.0,0.0
2026-02-16,18.33,5.56,11.94,0.0,9200.0,1.0
2026-02-17,12.78,4.44,8.61,1.27,9360.0,1.0
2026-02-18,7.22,-1.11,3.06,3.05,9360.0,0.0
2026-02-19,7.22,-3.89,1.66,0.0,9430.0,1.0
2026-02-20,6.67,0.0,3.34,3.05,9340.0,0.0
2026-02-21,7.22,-3.89,1.66,0.0,8990.0,0.0
2026-02-22,9.44,-2.22,3.61,0.0,8810.0,0.0
2026-02-23,11.67,0.0,5.84,0.0,9230.0,1.0
2026-02-24,16.11,1.11,8.61,0.0,9490.0,1.0
2026-02-25,22.22,6.67,14.44,0.0,9570.0,1.0
2026-02-26,23.89,9.44,16.66,0.0,9510.0,0.0
2026-02-27,20.56,7.22,13.89,0.0,9620.0,1.0
2026-02-28,20.0,7.22,13.61,0.0,9010.0,0.0
2026-03-01,22.78,7.22,15.0,0.0,8130.0,0.0
2026-03-02,23.33,9.44,16.38,0.0,7790.0,0.0
2026-03-03,16.67,6.11,11.39,0.0,7870.0,1.0
2026-03-04,20.56,4.44,12.5,0.0,7930.0,1.0
2026-03-05,14.44,6.11,10.28,0.0,7830.0,0.0
2026-03-06,12.22,3.89,8.06,0.0,7900.0,1.0
2026-03-07,13.33,1.11,7.22,0.0,7910.0,1.0
2026-03-08,16.67,1.11,8.89,0.0,7850.0,0.0
2026-03-09,20.56,3.33,11.94,0.0,7920.0,1.0
2026-03-10,21.67,7.78,14.73,0.0,7970.0,1.0
2026-03-11,21.11,10.56,15.84,0.0,8070.0,1.0
2026-03-12,22.78,5.56,14.17,0.0,7920.0,0.0
2026-03-13,23.89,8.33,16.11,0.0,7980.0,1.0
2026-03-14,26.11,10.56,18.34,0.0,7960.0,0.0
2026-03-15,21.11,12.22,16.66,0.0,7870.0,0.0
2026-03-16,20.0,7.78,13.89,0.0,7890.0,1.0
2026-03-17,26.67,8.89,17.78,0.0,7940.0,1.0
2026-03-18,27.78,10.0,18.89,0.0,8010.0,1.0
2026-03-19,29.44,10.56,20.0,0.0,8080.0,1.0
2026-03-20,30.0,11.67,20.84,0.0,8040.0,0.0
2026-03-21,31.67,11.67,21.67,0.0,8020.0,0.0
2026-03-22,28.33,15.0,21.66,0.0,7920.0,0.0
2026-03-23,30.56,12.22,21.39,0.0,8000.0,1.0
2026-03-24,31.67,15.0,23.34,0.0,8070.0,1.0
2026-03-25,31.67,15.0,23.34,0.0,8040.0,0.0
2026-03-26,30.56,16.67,23.62,0.0,8040.0,0.0
2026-03-27,27.78,13.33,20.56,0.0,7870.0,0.0
2026-03-28,26.11,14.44,20.27,0.0,7870.0,0.0
2026-03-29,26.67,12.22,19.44,0.0,7840.0,0.0
2026-03-30,27.78,13.33,20.56,0.0,8000.0,1.0
2026-03-31,22.78,16.11,19.44,0.0,8010.0,1.0
2026-04-01,18.33,10.56,14.44,0.51,8150.0,1.0
2026-04-02,22.78,8.33,15.56,0.0,8110.0,0.0
2026-04-03,15.0,5.56,10.28,0.0,8130.0,1.0
2026-04-04,18.89,4.44,11.66,0.0,8090.0,0.0
2026-04-05,23.33,7.22,15.27,0.0,8090.0,0.0
2026-04-06,21.67,11.11,16.39,0.0,8110.0,1.0
2026-04-07,27.22,11.67,19.44,0.0,8110.0,0.0
2026-04-08,28.33,11.67,20.0,0.0,8140.0,1.0
2026-04-09,27.78,12.78,20.28,0.0,8160.0,1.0
2026-04-10,25.56,15.0,20.28,0.0,8160.0,0.0
2026-04-11,25.0,15.56,20.28,0.0,8120.0,0.0
2026-04-12,23.33,11.11,17.22,0.0,8080.0,0.0
2026-04-13,20.0,7.78,13.89,1.78,8130.0,1.0
2026-04-14,16.67,6.11,11.39,0.25,8140.0,1.0
2026-04-15,22.22,6.11,14.16,0.0,8150.0,1.0
2026-04-16,23.89,10.0,16.94,0.0,8150.0,0.0
2026-04-17,16.67,5.0,10.84,0.0,8100.0,0.0
2026-04-18,17.22,2.78,10.0,0.0,8130.0,1.0
2026-04-19,22.78,5.56,14.17,0.0,8120.0,0.0
2026-04-20,29.44,11.67,20.56,0.0,8230.0,1.0
2026-04-21,28.33,13.89,21.11,0.0,8150.0,0.0
2026-04-22,25.56,13.33,19.44,0.0,8120.0,0.0
2026-04-23,21.67,10.56,16.12,0.0,7330.0,0.0
2026-04-24,23.89,8.89,16.39,0.0,6990.0,0.0
2026-04-25,24.44,10.56,17.5,0.0,7000.0,1.0
2026-04-26,16.67,8.33,12.5,1.52,6990.0,0.0
2026-04-27,21.11,9.44,15.27,0.0,6990.0,0.0
2026-04-28,21.11,7.78,14.44,0.0,7010.0,1.0
2026-04-29,22.78,10.56,16.67,0.0,7010.0,0.0
2026-04-30,22.78,10.56,16.67,0.0,6990.0,0.0
2026-05-01,22.22,12.78,17.5,0.0,7360.0,1.0
2026-05-02,24.44,9.44,16.94,0.0,7270.0,0.0
2026-05-03,27.78,12.78,20.28,0.0,7080.0,0.0
2026-05-04,23.33,13.33,18.33,0.0,7370.0,1.0
2026-05-05,22.22,9.44,15.83,0.0,7530.0,1.0
2026-05-06,24.44,13.33,18.89,0.0,7510.0,0.0
2026-05-07,27.22,10.0,18.61,0.0,7610.0,1.0
2026-05-08,32.22,15.0,23.61,0.0,7580.0,0.0
2026-05-09,32.22,17.22,24.72,0.0,7260.0,0.0
2026-05-10,28.89,13.89,21.39,0.0,7120.0,0.0
2026-05-11,33.33,14.44,23.88,0.0,7390.0,1.0
2026-05-12,36.11,17.78,26.94,0.0,7590.0,1.0
2026-05-13,33.89,22.78,28.34,0.0,7540.0,0.0
2026-05-14,31.67,16.11,23.89,0.0,7540.0,0.0
2026-05-15,32.22,18.89,25.56,0.0,7540.0,0.0
2026-05-16,31.67,18.89,25.28,0.0,7230.0,0.0
2026-05-17,28.89,15.56,22.22,0.0,7030.0,0.0
2026-05-18,20.0,8.33,14.16,0.76,7320.0,1.0
2026-05-19,21.67,8.89,15.28,0.0,7770.0,1.0
2026-05-20,25.0,11.67,18.34,0.0,7580.0,0.0
2026-05-21,29.44,13.89,21.66,0.0,7550.0,0.0
2026-05-22,28.89,15.56,22.22,0.0,7530.0,0.0
2026-05-23,31.11,15.0,23.06,0.0,7250.0,0.0
2026-05-24,32.78,17.78,25.28,0.0,7070.0,0.0
2026-05-25,26.11,17.78,21.94,0.0,7050.0,0.0
2026-05-26,29.44,16.67,23.06,0.0,7370.0,1.0
2026-05-27,30.0,16.67,23.34,0.0,7500.0,1.0
2026-05-28,31.11,14.44,22.78,0.0,7510.0,1.0
2026-05-29,25.0,13.33,19.16,0.0,7530.0,1.0
2026-05-30,26.67,10.56,18.62,0.0,7250.0,0.0
2026-05-31,30.56,15.0,22.78,0.0,7070.0,0.0
2026-06-01,32.78,16.67,24.72,0.0,7900.0,1.0
2026-06-02,35.0,18.89,26.94,0.0,8460.0,1.0
2026-06-03,35.0,20.56,27.78,0.0,8450.0,0.0
2026-06-04,37.22,21.11,29.16,0.0,8430.0,0.0
2026-06-05,37.22,20.56,28.89,0.0,8440.0,1.0
2026-06-06,35.56,21.11,28.34,0.0,8390.0,0.0
2026-06-07,34.44,22.22,28.33,0.0,8390.0,0.0
2026-06-08,34.44,20.0,27.22,0.0,8390.0,0.0
2026-06-09,35.0,21.67,28.34,0.0,8430.0,1.0
2026-06-10,36.11,21.11,28.61,0.0,8500.0,1.0
2026-06-11,35.56,22.78,29.17,0.0,8420.0,0.0
2026-06-12,36.67,22.22,29.44,0.0,8430.0,1.0
2026-06-13,36.11,23.89,30.0,0.0,8380.0,0.0
2026-06-14,34.44,21.11,27.78,0.25,8380.0,0.0
2026-06-15,37.22,17.22,27.22,0.0,8460.0,1.0
2026-06-16,38.33,23.33,30.83,0.0,8440.0,0.0
2026-06-17,38.89,23.89,31.39,0.0,8450.0,1.0
2026-06-18,38.89,26.11,32.5,0.0,8440.0,0.0
2026-06-19,37.22,24.44,30.83,0.0,8440.0,0.0
2026-06-20,36.11,20.56,28.34,0.0,8380.0,0.0
2026-06-21,35.56,19.44,27.5,0.0,8370.0,0.0
2026-06-22,37.22,20.56,28.89,0.0,8450.0,1.0
2026-06-23,38.33,21.11,29.72,0.0,8440.0,0.0
2026-06-24,34.44,22.22,28.33,2.54,8480.0,1.0
2026-06-25,34.44,20.0,27.22,2.03,8470.0,0.0
2026-06-26,36.11,21.11,28.61,0.0,8440.0,0.0
2026-06-27,35.0,22.78,28.89,0.0,8380.0,0.0
2026-06-28,33.89,21.11,27.5,0.0,8370.0,0.0
2026-06-29,30.56,17.78,24.17,0.0,8410.0,1.0
2026-06-30,32.22,20.56,26.39,0.0,,
2026-07-01,32.78,18.33,25.56,0.0,8040.0,
2026-07-02,34.44,18.89,26.66,0.0,7760.0,0.0
2026-07-03,35.56,21.67,28.62,0.0,7760.0,0.0
2026-07-04,36.67,20.0,28.34,0.0,7600.0,0.0
2026-07-05,37.22,21.67,29.44,0.0,7590.0,0.0
2026-07-06,38.89,23.89,31.39,0.0,7720.0,1.0
2026-07-07,38.89,24.44,31.66,1.27,7770.0,1.0
2026-07-08,38.89,24.44,31.66,0.0,7750.0,0.0
2026-07-09,39.44,25.0,32.22,0.0,7780.0,1.0
2026-07-10,40.0,25.0,32.5,0.0,7780.0,0.0
2026-07-11,40.0,23.89,31.94,0.0,7610.0,0.0
2026-07-12,40.0,25.56,32.78,0.0,7600.0,0.0
2026-07-13,38.89,26.67,32.78,0.0,7780.0,1.0
2026-07-14,38.89,26.67,32.78,0.0,7790.0,1.0
2026-07-15,37.22,26.67,31.94,0.0,7750.0,0.0
2026-07-16,35.56,22.22,28.89,1.02,7790.0,1.0
2026-07-17,34.44,22.22,28.33,0.51,7750.0,0.0
2026-07-18,36.67,23.89,30.28,0.0,7560.0,0.0
2026-07-19,36.67,22.22,29.44,0.51,7690.0,1.0
2026-07-20,37.78,23.89,30.84,0.0,7720.0,1.0
2026-07-21,33.89,19.44,26.66,9.91,7760.0,1.0
2026-07-22,33.33,23.89,28.61,0.0,7720.0,0.0
2026-07-23,37.22,24.44,30.83,0.0,7700.0,0.0
2026-07-24,39.44,26.11,32.78,0.0,7690.0,0.0
2026-07-25,40.56,26.67,33.62,0.0,7510.0,0.0
2026-07-26,38.33,27.78,33.06,0.0,7510.0,0.0
2026-07-27,39.44,26.11,32.78,0.0,7710.0,1.0
2026-07-28,38.33,25.56,31.94,0.0,7710.0,0.0
2026-07-29,35.0,22.78,28.89,1.78,7700.0,0.0
2026-07-30,37.78,21.67,29.72,0.0,7730.0,1.0
2026-07-31,40.0,26.67,33.34,0.0,7730.0,0.0
2026-08-01,41.67,25.0,33.34,0.0,7560.0,0.0
2026-08-02,41.67,26.11,33.89,0.0,7560.0,0.0
2026-08-03,41.11,27.22,34.16,0.0,7710.0,1.0
2026-08-04,40.56,26.67,33.62,0.0,7730.0,1.0
2026-08-05,40.0,26.67,33.34,0.0,7750.0,1.0
2026-08-06,40.56,26.67,33.62,0.0,7740.0,0.0
2026-08-07,40.0,24.44,32.22,0.0,7760.0,1.0
2026-08-08,39.44,24.44,31.94,0.0,7610.0,0.0
2026-08-09,38.89,26.67,32.78,0.0,7610.0,0.0
2026-08-10,37.78,25.56,31.67,0.0,7790.0,1.0
2026-08-11,37.22,24.44,30.83,0.0,7770.0,0.0
2026-08-12,33.33,23.33,28.33,2.03,7760.0,0.0
2026-08-13,29.44,18.89,24.16,1.02,7760.0,0.0
2026-08-14,26.67,19.44,23.06,0.0,7760.0,0.0
2026-08-15,31.67,16.67,24.17,0.0,7640.0,0.0
2026-08-16,35.0,20.56,27.78,0.0,7640.0,0.0
2026-08-17,37.22,22.22,29.72,0.0,7790.0,1.0
2026-08-18,38.89,23.89,31.39,0.0,7830.0,1.0
2026-08-19,39.44,23.89,31.66,0.0,7800.0,0.0
2026-08-20,39.44,25.56,32.5,0.25,7800.0,0.0
2026-08-21,36.11,25.0,30.56,0.0,7790.0,0.0
2026-08-22,37.78,24.44,31.11,1.27,7610.0,0.0
2026-08-23,35.0,22.78,28.89,0.51,7600.0,0.0
2026-08-24,31.11,23.33,27.22,0.0,7770.0,1.0
2026-08-25,36.11,20.0,28.06,0.0,7770.0,0.0
2026-08-26,38.89,22.22,30.56,0.0,7740.0,0.0
2026-08-27,37.78,23.89,30.84,0.0,7750.0,1.0
2026-08-28,36.67,22.78,29.72,0.76,7830.0,1.0
2026-08-29,32.78,20.56,26.67,0.76,7660.0,0.0
2026-08-30,27.78,19.44,23.61,14.99,7710.0,1.0
2026-08-31,25.56,18.33,21.94,5.33,7810.0,1.0
2026-09-01,28.33,16.11,22.22,4.83,7790.0,0.0
2026-09-02,32.22,19.44,25.83,0.0,7740.0,0.0
2026-09-03,32.22,18.89,25.56,0.0,7730.0,0.0
2026-09-04,32.78,22.22,27.5,0.0,7740.0,1.0
2026-09-05,33.33,20.56,26.94,0.0,7600.0,0.0
2026-09-06,26.67,19.44,23.06,0.0,7540.0,0.0
2026-09-07,30.56,17.78,24.17,0.0,7740.0,1.0
2026-09-08,33.33,20.0,26.66,0.0,7770.0,1.0
2026-09-09,33.89,19.44,26.66,0.0,7840.0,1.0
2026-09-10,35.56,19.44,27.5,0.0,7840.0,0.0
2026-09-11,32.22,20.56,26.39,4.32,7820.0,0.0
2026-09-12,33.33,20.0,26.66,0.0,7660.0,0.0
2026-09-13,32.22,22.22,27.22,0.51,7690.0,1.0
2026-09-14,33.33,21.67,27.5,0.0,7870.0,1.0
2026-09-15,31.11,21.67,26.39,0.0,8030.0,1.0
2026-09-16,29.44,20.56,25.0,0.25,7830.0,0.0
2026-09-17,27.78,18.33,23.06,0.0,7840.0,1.0
2026-09-18,31.67,20.0,25.84,0.0,7840.0,0.0
2026-09-19,30.56,17.22,23.89,0.0,7650.0,0.0
2026-09-20,29.44,16.67,23.06,0.0,7670.0,1.0
2026-09-21,30.0,17.22,23.61,0.0,7660.0,0.0
2026-09-22,31.11,18.89,25.0,0.0,7680.0,1.0
2026-09-23,28.89,17.22,23.06,0.0,8070.0,1.0
2026-09-24,28.33,17.22,22.78,0.0,8220.0,1.0
2026-09-25,28.89,17.78,23.34,0.0,8200.0,0.0
2026-09-26,30.56,17.22,23.89,0.0,8190.0,0.0
2026-09-27,28.89,17.78,23.34,0.0,8220.0,1.0
2026-09-28,22.78,14.44,18.61,3.56,8170.0,0.0
2026-09-29,20.56,13.33,16.94,0.25,8240.0,1.0
2026-09-30,22.22,15.0,18.61,2.54,7940.0,0.0
2026-10-01,29.00,15.60,22.30,0.00,7100.0,0.0
2026-10-02,28.70,16.90,22.80,0.00,6610.0,0.0
2026-10-03,30.20,16.70,23.45,0.00,6580.0,0.0
2026-10-04,32.10,17.60,24.85,0.00,6580.0,0.0
2026-10-05,31.40,17.80,24.60,0.00,6620.0,1.0
2026-10-06,31.70,19.40,25.55,0.00,6630.0,1.0
2026-10-07,31.80,18.30,25.05,0.00,6640.0,1.0
2026-10-08,31.80,18.20,25.00,0.00,6600.0,0.0
