date,tmax_c,tmin_c,tmean_c,precip_mm,flow_cfs,rising
2016-10-01,25.0,7.22,16.11,0.0,13300.0,
2016-10-02,22.22,8.89,15.56,0.0,13300.0,0.0
2016-10-03,17.78,7.78,12.78,0.51,13400.0,1.0
2016-10-04,23.33,8.89,16.11,0.0,13100.0,0.0
2016-10-05,25.0,7.78,16.39,0.0,13000.0,0.0
2016-10-06,27.22,10.0,18.61,0.0,12700.0,0.0
2016-10-07,28.89,8.33,18.61,0.0,12300.0,0.0
2016-10-08,31.11,10.0,20.56,0.0,11900.0,0.0
2016-10-09,31.67,10.0,20.84,0.0,11600.0,0.0
2016-10-10,28.89,11.67,20.28,0.0,11500.0,0.0
2016-10-11,24.44,11.67,18.06,0.0,11500.0,0.0
2016-10-12,25.0,10.56,17.78,0.0,11500.0,0.0
2016-10-13,22.78,12.78,17.78,0.0,11100.0,0.0
2016-10-14,18.89,14.44,16.66,16.51,10800.0,0.0
2016-10-15,23.33,13.89,18.61,4.32,10700.0,0.0
2016-10-16,17.78,14.44,16.11,29.72,11500.0,1.0
2016-10-17,21.11,10.56,15.84,0.0,12300.0,1.0
2016-10-18,22.78,7.78,15.28,0.0,11900.0,0.0
2016-10-19,25.0,7.78,16.39,0.0,11200.0,0.0
2016-10-20,27.22,8.33,17.77,0.0,10500.0,0.0
2016-10-21,27.22,8.89,18.06,0.0,9670.0,0.0
2016-10-22,24.44,11.11,17.77,0.0,9260.0,0.0
2016-10-23,23.33,9.44,16.38,0.0,8980.0,0.0
2016-10-24,20.0,14.44,17.22,0.0,8840.0,0.0
2016-10-25,21.11,14.44,17.77,3.05,8980.0,1.0
2016-10-26,25.0,11.11,18.06,0.0,9220.0,1.0
2016-10-27,18.89,13.89,16.39,15.49,10600.0,1.0
2016-10-28,18.89,15.0,16.94,29.97,12800.0,1.0
2016-10-29,22.22,13.89,18.06,3.3,13600.0,1.0
2016-10-30,18.33,10.56,14.44,14.99,14300.0,1.0
2016-10-31,17.78,8.33,13.06,2.03,15300.0,1.0
2016-11-01,18.89,11.11,15.0,3.56,15700.0,1.0
2016-11-02,19.44,6.67,13.06,0.0,16600.0,1.0
2016-11-03,22.78,6.67,14.73,0.0,17800.0,1.0
2016-11-04,22.78,7.78,15.28,0.0,17900.0,1.0
2016-11-05,20.56,6.67,13.61,0.0,16700.0,0.0
2016-11-06,20.56,12.78,16.67,0.0,15100.0,0.0
2016-11-07,22.22,11.11,16.66,0.0,13700.0,0.0
2016-11-08,23.89,10.0,16.94,0.0,12500.0,0.0
2016-11-09,24.44,9.44,16.94,0.0,12200.0,0.0
2016-11-10,23.89,10.0,16.94,0.0,12000.0,0.0
2016-11-11,22.78,9.44,16.11,0.0,11500.0,0.0
2016-11-12,24.44,10.56,17.5,0.0,11100.0,0.0
2016-11-13,23.33,9.44,16.38,0.0,11100.0,0.0
2016-11-14,23.33,7.22,15.27,0.0,11000.0,0.0
2016-11-15,18.89,10.0,14.44,0.0,10800.0,0.0
2016-11-16,16.11,5.56,10.84,0.0,11000.0,1.0
2016-11-17,16.67,2.22,9.44,0.0,11100.0,1.0
2016-11-18,17.78,1.67,9.73,0.0,10900.0,0.0
2016-11-19,13.33,8.33,10.83,6.86,11000.0,1.0
2016-11-20,15.0,11.11,13.06,3.3,12200.0,1.0
2016-11-21,16.67,6.11,11.39,0.0,14600.0,1.0
2016-11-22,12.78,4.44,8.61,0.51,18800.0,1.0
2016-11-23,16.11,5.0,10.56,3.05,21800.0,1.0
2016-11-24,14.44,2.78,8.61,0.0,21200.0,0.0
2016-11-25,11.67,3.89,7.78,0.0,19400.0,0.0
2016-11-26,10.56,5.0,7.78,6.6,18100.0,0.0
2016-11-27,15.0,3.89,9.44,3.05,17700.0,0.0
2016-11-28,12.22,7.22,9.72,1.52,18300.0,1.0
2016-11-29,13.89,2.22,8.06,0.0,19800.0,1.0
2016-11-30,12.78,2.78,7.78,0.0,20100.0,1.0
2016-12-01,14.44,2.22,8.33,0.0,18900.0,0.0
2016-12-02,14.44,5.0,9.72,0.0,17700.0,0.0
2016-12-03,15.56,1.67,8.62,0.0,16400.0,0.0
2016-12-04,13.89,1.67,7.78,0.0,15400.0,0.0
2016-12-05,11.67,2.78,7.22,0.0,14700.0,0.0
2016-12-06,12.78,1.67,7.22,0.0,14100.0,0.0
2016-12-07,7.78,1.11,4.44,3.81,13800.0,0.0
2016-12-08,11.67,3.89,7.78,16.0,13700.0,0.0
2016-12-09,16.11,7.22,11.66,1.52,14100.0,1.0
2016-12-10,16.11,7.78,11.94,9.4,16600.0,1.0
2016-12-11,10.56,5.0,7.78,0.0,27200.0,1.0
2016-12-12,12.22,5.56,8.89,0.0,39500.0,1.0
2016-12-13,13.89,7.22,10.56,0.25,42100.0,1.0
2016-12-14,16.67,8.89,12.78,0.0,43100.0,1.0
2016-12-15,15.0,10.56,12.78,53.85,51400.0,1.0
2016-12-16,12.78,2.78,7.78,0.0,67300.0,1.0
2016-12-17,9.44,-0.56,4.44,0.0,77400.0,1.0
2016-12-18,10.56,-2.22,4.17,0.0,81700.0,1.0
2016-12-19,10.56,-2.22,4.17,0.0,80800.0,0.0
2016-12-20,12.22,-1.11,5.56,0.0,76800.0,0.0
2016-12-21,15.0,2.78,8.89,0.0,70900.0,0.0
2016-12-22,15.56,-0.56,7.5,0.0,63600.0,0.0
2016-12-23,10.0,3.89,6.94,6.6,55700.0,0.0
2016-12-24,9.44,-1.11,4.16,0.0,48800.0,0.0
2016-12-25,8.33,-2.78,2.78,0.0,45100.0,0.0
2016-12-26,10.0,-1.11,4.44,0.0,43500.0,0.0
2016-12-27,11.67,-1.67,5.0,0.0,40700.0,0.0
2016-12-28,13.33,-1.11,6.11,0.0,36700.0,0.0
2016-12-29,14.44,0.0,7.22,0.0,33200.0,0.0
2016-12-30,12.78,-0.56,6.11,0.0,29900.0,0.0
2016-12-31,11.67,5.0,8.34,0.25,26900.0,0.0
2017-01-01,10.0,5.0,7.5,0.0,24800.0,0.0
2017-01-02,10.0,5.0,7.5,4.57,22500.0,0.0
2017-01-03,11.11,7.22,9.16,12.7,21000.0,0.0
2017-01-04,11.67,8.33,10.0,19.3,23500.0,1.0
2017-01-05,9.44,1.67,5.56,0.0,33600.0,1.0
2017-01-06,8.89,-1.67,3.61,0.0,49100.0,1.0
2017-01-07,14.44,3.89,9.16,31.5,60400.0,1.0
2017-01-08,17.22,13.89,15.56,49.53,70500.0,1.0
2017-01-09,14.44,10.0,12.22,5.08,82000.0,1.0
2017-01-10,12.78,11.11,11.94,52.07,90200.0,1.0
2017-01-11,12.78,6.11,9.44,3.3,91900.0,1.0
2017-01-12,10.0,3.89,6.94,5.08,89500.0,0.0
2017-01-13,13.89,2.22,8.06,0.0,86000.0,0.0
2017-01-14,8.33,2.22,5.28,0.0,82500.0,0.0
2017-01-15,10.0,2.22,6.11,0.0,80200.0,0.0
2017-01-16,10.56,2.22,6.39,0.0,80200.0,0.0
2017-01-17,7.78,-0.56,3.61,0.0,78500.0,0.0
2017-01-18,9.44,5.56,7.5,23.11,78500.0,0.0
2017-01-19,12.78,7.78,10.28,8.13,79700.0,1.0
2017-01-20,11.67,7.78,9.72,17.53,79700.0,0.0
2017-01-21,12.22,7.22,9.72,7.37,78400.0,0.0
2017-01-22,13.89,6.67,10.28,11.94,76000.0,0.0
2017-01-23,11.67,5.0,8.34,0.76,74900.0,0.0
2017-01-24,11.67,2.22,6.94,0.0,73400.0,0.0
2017-01-25,12.22,0.0,6.11,0.0,72600.0,0.0
2017-01-26,12.78,3.89,8.33,0.0,71100.0,0.0
2017-01-27,14.44,0.56,7.5,0.0,70500.0,0.0
2017-01-28,15.0,1.11,8.06,0.0,69300.0,0.0
2017-01-29,15.56,0.56,8.06,0.0,68400.0,0.0
2017-01-30,16.11,0.56,8.33,0.0,67500.0,0.0
2017-01-31,15.0,1.11,8.06,0.0,66100.0,0.0
2017-02-01,12.78,4.44,8.61,0.0,65900.0,0.0
2017-02-02,17.22,7.78,12.5,4.83,67600.0,1.0
2017-02-03,16.67,12.22,14.44,26.42,69400.0,1.0
2017-02-04,16.67,9.44,13.06,0.25,72300.0,1.0
2017-02-05,16.11,7.78,11.94,6.86,76900.0,1.0
2017-02-06,13.89,11.67,12.78,29.21,81600.0,1.0
2017-02-07,17.22,11.67,14.44,20.32,89800.0,1.0
2017-02-08,17.22,13.33,15.27,9.65,95200.0,1.0
2017-02-09,16.11,13.33,14.72,31.24,96200.0,1.0
2017-02-10,16.67,10.0,13.34,1.27,94000.0,0.0
2017-02-11,17.22,8.33,12.77,0.0,91600.0,0.0
2017-02-12,17.78,4.44,11.11,0.0,91500.0,0.0
2017-02-13,16.67,4.44,10.56,0.0,88400.0,0.0
2017-02-14,19.44,4.44,11.94,0.0,83400.0,0.0
2017-02-15,17.22,7.22,12.22,0.0,81800.0,0.0
2017-02-16,17.78,9.44,13.61,2.54,82100.0,1.0
2017-02-17,15.0,11.11,13.06,23.88,82200.0,1.0
2017-02-18,15.56,8.89,12.23,1.78,82300.0,1.0
2017-02-19,12.22,7.78,10.0,5.33,82000.0,0.0
2017-02-20,14.44,11.11,12.77,44.2,82100.0,1.0
2017-02-21,15.0,9.44,12.22,1.78,82500.0,1.0
2017-02-22,13.33,2.78,8.06,0.0,81600.0,0.0
2017-02-23,12.22,0.0,6.11,0.0,80900.0,0.0
2017-02-24,11.11,-0.56,5.28,0.0,80900.0,0.0
2017-02-25,12.78,3.33,8.06,0.0,79900.0,0.0
2017-02-26,13.89,0.56,7.22,0.0,79700.0,0.0
2017-02-27,13.33,2.78,8.06,0.0,79400.0,0.0
2017-02-28,14.44,1.11,7.78,0.0,77800.0,0.0
2017-03-01,17.78,1.11,9.44,0.0,75500.0,0.0
2017-03-02,18.89,1.67,10.28,0.0,74200.0,0.0
2017-03-03,18.89,3.33,11.11,0.0,74100.0,0.0
2017-03-04,16.67,8.33,12.5,3.05,73900.0,0.0
2017-03-05,10.56,5.0,7.78,1.02,72400.0,0.0
2017-03-06,12.22,5.0,8.61,0.76,71400.0,0.0
2017-03-07,15.0,1.67,8.34,0.0,69600.0,0.0
2017-03-08,20.0,3.33,11.66,0.0,67500.0,0.0
2017-03-09,22.78,5.56,14.17,0.0,66100.0,0.0
2017-03-10,22.22,10.0,16.11,0.0,64800.0,0.0
2017-03-11,23.89,6.67,15.28,0.0,64200.0,0.0
2017-03-12,24.44,9.44,16.94,0.0,63000.0,0.0
2017-03-13,25.0,6.67,15.84,0.0,61900.0,0.0
2017-03-14,26.11,8.89,17.5,0.0,60400.0,0.0
2017-03-15,21.11,12.22,16.66,0.0,58900.0,0.0
2017-03-16,22.78,10.0,16.39,0.0,56000.0,0.0
2017-03-17,25.0,7.22,16.11,0.0,53200.0,0.0
2017-03-18,20.56,11.11,15.84,0.0,54200.0,1.0
2017-03-19,22.22,11.11,16.66,0.0,59800.0,1.0
2017-03-20,18.33,11.67,15.0,9.4,65600.0,1.0
2017-03-21,18.33,10.56,14.44,23.62,68100.0,1.0
2017-03-22,16.67,7.22,11.94,15.75,68900.0,1.0
2017-03-23,16.67,4.44,10.56,0.0,69300.0,1.0
2017-03-24,12.78,10.56,11.67,6.1,69200.0,0.0
2017-03-25,17.78,9.44,13.61,0.0,68300.0,0.0
2017-03-26,16.67,8.89,12.78,0.76,68900.0,1.0
2017-03-27,18.33,6.11,12.22,0.0,69000.0,1.0
2017-03-28,22.78,10.56,16.67,0.0,71500.0,1.0
2017-03-29,24.44,7.78,16.11,0.0,73600.0,1.0
2017-03-30,19.44,12.22,15.83,0.0,70100.0,0.0
2017-03-31,22.22,10.0,16.11,0.0,66300.0,0.0
2017-04-01,25.56,7.22,16.39,0.0,64000.0,0.0
2017-04-02,26.67,9.44,18.06,0.0,60100.0,0.0
2017-04-03,23.89,9.44,16.66,0.0,56100.0,0.0
2017-04-04,23.89,10.56,17.23,0.0,53400.0,0.0
2017-04-05,23.89,10.0,16.94,0.0,50600.0,0.0
2017-04-06,16.67,10.0,13.34,28.19,48900.0,0.0
2017-04-07,16.11,8.89,12.5,18.8,50400.0,1.0
2017-04-08,14.44,5.56,10.0,4.32,56600.0,1.0
2017-04-09,16.67,2.78,9.73,0.0,64700.0,1.0
2017-04-10,20.0,4.44,12.22,0.0,67900.0,1.0
2017-04-11,19.44,11.67,15.56,0.0,68200.0,1.0
2017-04-12,18.89,9.44,14.16,1.78,68300.0,1.0
2017-04-13,16.67,6.11,11.39,6.6,67900.0,0.0
2017-04-14,17.78,4.44,11.11,0.0,67000.0,0.0
2017-04-15,20.56,5.0,12.78,0.0,68100.0,1.0
2017-04-16,15.0,7.78,11.39,9.4,70100.0,1.0
2017-04-17,16.67,11.67,14.17,2.29,71100.0,1.0
2017-04-18,20.56,10.0,15.28,0.51,71900.0,1.0
2017-04-19,20.56,7.78,14.17,2.54,73100.0,1.0
2017-04-20,21.11,10.0,15.56,0.0,73800.0,1.0
2017-04-21,25.56,10.0,17.78,0.0,74600.0,1.0
2017-04-22,21.11,9.44,15.27,0.0,75700.0,1.0
2017-04-23,21.67,9.44,15.56,0.0,75900.0,1.0
2017-04-24,19.44,11.67,15.56,0.0,76100.0,1.0
2017-04-25,21.67,9.44,15.56,0.0,75800.0,0.0
2017-04-26,20.56,12.22,16.39,0.0,75700.0,0.0
2017-04-27,24.44,10.0,17.22,0.0,74000.0,0.0
2017-04-28,23.33,11.67,17.5,0.0,72700.0,0.0
2017-04-29,27.22,10.0,18.61,0.0,73500.0,1.0
2017-04-30,28.89,9.44,19.16,0.0,73900.0,1.0
2017-05-01,31.67,13.33,22.5,0.0,72200.0,0.0
2017-05-02,32.78,18.33,25.56,0.0,71100.0,0.0
2017-05-03,35.0,17.78,26.39,0.0,69300.0,0.0
2017-05-04,30.56,12.78,21.67,0.0,65800.0,0.0
2017-05-05,25.56,11.67,18.61,0.0,61100.0,0.0
2017-05-06,21.67,8.89,15.28,0.0,55600.0,0.0
2017-05-07,23.33,13.89,18.61,0.0,50700.0,0.0
2017-05-08,30.56,11.67,21.12,0.0,45900.0,0.0
2017-05-09,31.67,11.11,21.39,0.0,42000.0,0.0
2017-05-10,21.11,10.56,15.84,0.0,41000.0,0.0
2017-05-11,22.22,10.56,16.39,0.0,44800.0,1.0
2017-05-12,22.22,8.33,15.27,0.0,50300.0,1.0
2017-05-13,22.22,6.11,14.16,0.0,54100.0,1.0
2017-05-14,23.33,7.22,15.27,0.0,56100.0,1.0
2017-05-15,25.56,7.78,16.67,0.0,56400.0,1.0
2017-05-16,20.56,10.56,15.56,0.0,55300.0,0.0
2017-05-17,25.56,7.78,16.67,0.0,52700.0,0.0
2017-05-18,30.56,9.44,20.0,0.0,50400.0,0.0
2017-05-19,32.78,10.56,21.67,0.0,48800.0,0.0
2017-05-20,34.44,12.78,23.61,0.0,46100.0,0.0
2017-05-21,35.56,14.44,25.0,0.0,42600.0,0.0
2017-05-22,36.67,15.56,26.12,0.0,40700.0,0.0
2017-05-23,37.22,15.56,26.39,0.0,39500.0,0.0
2017-05-24,25.0,12.78,18.89,0.0,38500.0,0.0
2017-05-25,22.22,12.22,17.22,0.0,37700.0,0.0
2017-05-26,20.0,11.67,15.84,0.0,36900.0,0.0
2017-05-27,25.0,12.22,18.61,0.0,35500.0,0.0
2017-05-28,29.44,11.67,20.56,0.0,34300.0,0.0
2017-05-29,28.33,12.78,20.56,0.0,34100.0,0.0
2017-05-30,25.56,11.67,18.61,0.0,34400.0,1.0
2017-05-31,27.22,13.33,20.27,1.27,34800.0,1.0
2017-06-01,29.44,13.89,21.66,0.0,35200.0,1.0
2017-06-02,33.33,13.89,23.61,0.0,35400.0,1.0
2017-06-03,31.67,15.56,23.62,0.0,36900.0,1.0
2017-06-04,30.0,13.89,21.94,0.0,39400.0,1.0
2017-06-05,33.89,10.0,21.94,0.0,40000.0,1.0
2017-06-06,32.22,13.89,23.06,0.0,40100.0,1.0
2017-06-07,26.67,13.33,20.0,0.0,39400.0,0.0
2017-06-08,22.22,12.78,17.5,2.54,37600.0,0.0
2017-06-09,25.0,12.78,18.89,0.0,35500.0,0.0
2017-06-10,25.0,10.0,17.5,0.0,33400.0,0.0
2017-06-11,20.0,8.33,14.16,0.0,31300.0,0.0
2017-06-12,25.0,10.0,17.5,0.0,29700.0,0.0
2017-06-13,28.89,10.56,19.73,0.0,28000.0,0.0
2017-06-14,32.78,13.89,23.34,0.0,26500.0,0.0
2017-06-15,35.0,14.44,24.72,0.0,25000.0,0.0
2017-06-16,37.78,17.78,27.78,0.0,23300.0,0.0
2017-06-17,38.33,20.0,29.16,0.0,21700.0,0.0
2017-06-18,41.11,22.22,31.66,0.0,20700.0,0.0
2017-06-19,40.56,23.89,32.22,0.0,20200.0,0.0
2017-06-20,40.0,21.11,30.56,0.0,19700.0,0.0
2017-06-21,41.11,17.22,29.16,0.0,19100.0,0.0
2017-06-22,41.67,21.67,31.67,0.0,18500.0,0.0
2017-06-23,36.67,18.33,27.5,0.0,17900.0,0.0
2017-06-24,34.44,15.56,25.0,0.0,17000.0,0.0
2017-06-25,30.56,15.0,22.78,0.0,16200.0,0.0
2017-06-26,28.33,13.89,21.11,0.0,15800.0,0.0
2017-06-27,29.44,13.89,21.66,0.0,15800.0,0.0
2017-06-28,31.67,13.33,22.5,0.0,15700.0,0.0
2017-06-29,33.33,13.89,23.61,0.0,15300.0,0.0
2017-06-30,32.22,13.33,22.78,0.0,14700.0,0.0
2017-07-01,31.11,13.89,22.5,0.0,14400.0,0.0
2017-07-02,33.33,13.89,23.61,0.0,13800.0,0.0
2017-07-03,32.78,14.44,23.61,0.0,13300.0,0.0
2017-07-04,33.89,15.56,24.72,0.0,13000.0,0.0
2017-07-05,32.78,13.33,23.06,0.0,13000.0,0.0
2017-07-06,37.78,16.11,26.94,0.0,13000.0,0.0
2017-07-07,42.78,18.33,30.56,0.0,12900.0,0.0
2017-07-08,39.44,17.78,28.61,0.0,12700.0,0.0
2017-07-09,37.78,17.22,27.5,0.0,12700.0,0.0
2017-07-10,35.0,17.22,26.11,0.0,12800.0,1.0
2017-07-11,33.33,15.56,24.44,0.0,12800.0,0.0
2017-07-12,33.33,15.56,24.44,0.0,12700.0,0.0
2017-07-13,33.89,16.67,25.28,0.0,12900.0,1.0
2017-07-14,35.0,15.0,25.0,0.0,13800.0,1.0
2017-07-15,38.33,17.22,27.78,0.0,14800.0,1.0
2017-07-16,40.56,18.89,29.72,0.0,15200.0,1.0
2017-07-17,37.22,18.33,27.78,0.0,15200.0,0.0
2017-07-18,31.11,16.11,23.61,0.0,15200.0,0.0
2017-07-19,34.44,13.89,24.16,0.0,15200.0,0.0
2017-07-20,33.33,15.56,24.44,0.0,15200.0,0.0
2017-07-21,35.0,15.56,25.28,0.0,15500.0,1.0
2017-07-22,37.78,15.56,26.67,0.0,15900.0,1.0
2017-07-23,38.33,20.0,29.16,0.0,16000.0,1.0
2017-07-24,31.67,16.67,24.17,0.0,16500.0,1.0
2017-07-25,33.33,14.44,23.88,0.0,17200.0,1.0
2017-07-26,35.0,15.0,25.0,0.0,17500.0,1.0
2017-07-27,37.78,16.11,26.94,0.0,17600.0,1.0
2017-07-28,36.67,19.44,28.06,0.0,18100.0,1.0
2017-07-29,34.44,15.0,24.72,0.0,18600.0,1.0
2017-07-30,35.56,13.89,24.72,0.0,18800.0,1.0
2017-07-31,36.67,15.0,25.84,0.0,18700.0,0.0
2017-08-01,38.33,16.11,27.22,0.0,18800.0,1.0
2017-08-02,37.78,21.11,29.44,0.0,18900.0,1.0
2017-08-03,36.67,21.67,29.17,0.0,18900.0,0.0
2017-08-04,31.67,21.11,26.39,0.0,18900.0,0.0
2017-08-05,32.78,18.33,25.56,0.0,18600.0,0.0
2017-08-06,30.56,15.0,22.78,0.0,18600.0,0.0
2017-08-07,32.22,15.56,23.89,0.0,18900.0,1.0
2017-08-08,33.33,15.0,24.16,0.0,19000.0,1.0
2017-08-09,31.11,14.44,22.78,0.0,19100.0,1.0
2017-08-10,33.33,15.0,24.16,0.0,19400.0,1.0
2017-08-11,35.0,15.56,25.28,0.0,19600.0,1.0
2017-08-12,33.33,17.22,25.28,0.0,19500.0,0.0
2017-08-13,31.11,15.56,23.34,0.0,19300.0,0.0
2017-08-14,26.11,15.0,20.56,0.0,19300.0,0.0
2017-08-15,27.78,13.33,20.56,0.0,19600.0,1.0
2017-08-16,31.11,13.89,22.5,0.0,19700.0,1.0
2017-08-17,32.78,15.56,24.17,0.0,19900.0,1.0
2017-08-18,33.89,15.0,24.44,0.0,20000.0,1.0
2017-08-19,31.67,15.0,23.34,0.0,20100.0,1.0
2017-08-20,30.56,15.0,22.78,0.0,20300.0,1.0
2017-08-21,27.78,16.67,22.22,0.0,20600.0,1.0
2017-08-22,33.89,15.56,24.72,0.0,20800.0,1.0
2017-08-23,34.44,15.56,25.0,0.0,20900.0,1.0
2017-08-24,31.11,15.56,23.34,0.0,21200.0,1.0
2017-08-25,35.0,13.89,24.44,0.0,21500.0,1.0
2017-08-26,40.56,15.56,28.06,0.0,21600.0,1.0
2017-08-27,42.22,18.89,30.56,0.0,21600.0,0.0
2017-08-28,43.33,18.33,30.83,0.0,21400.0,0.0
2017-08-29,35.56,17.78,26.67,0.0,21200.0,0.0
2017-08-30,35.0,15.0,25.0,0.0,21200.0,0.0
2017-08-31,38.33,13.33,25.83,0.0,21000.0,0.0
2017-09-01,42.78,18.89,30.84,0.0,20600.0,0.0
2017-09-02,41.67,20.0,30.84,0.0,20400.0,0.0
2017-09-03,39.44,21.11,30.28,0.0,20600.0,1.0
2017-09-04,33.89,20.56,27.22,0.0,20900.0,1.0
2017-09-05,32.78,21.11,26.94,0.0,21300.0,1.0
2017-09-06,33.33,19.44,26.38,0.0,21500.0,1.0
2017-09-07,25.56,17.22,21.39,0.0,21700.0,1.0
2017-09-08,30.56,14.44,22.5,0.0,21800.0,1.0
2017-09-09,33.89,16.11,25.0,0.0,22100.0,1.0
2017-09-10,37.22,17.78,27.5,0.0,22400.0,1.0
2017-09-11,36.67,19.44,28.06,0.0,22500.0,1.0
2017-09-12,33.89,18.89,26.39,0.0,22100.0,0.0
2017-09-13,26.11,17.22,21.66,0.0,21700.0,0.0
2017-09-14,25.56,16.67,21.12,0.0,22200.0,1.0
2017-09-15,29.44,12.22,20.83,0.0,22300.0,1.0
2017-09-16,30.56,13.89,22.22,0.0,22000.0,0.0
2017-09-17,29.44,13.89,21.66,0.0,21900.0,0.0
2017-09-18,27.22,14.44,20.83,0.0,21600.0,0.0
2017-09-19,26.67,10.56,18.62,0.0,21500.0,0.0
2017-09-20,26.11,13.33,19.72,0.0,21200.0,0.0
2017-09-21,22.78,10.0,16.39,0.0,20700.0,0.0
2017-09-22,24.44,11.11,17.77,0.0,20900.0,1.0
2017-09-23,26.67,11.67,19.17,0.0,20900.0,0.0
2017-09-24,28.89,8.33,18.61,0.0,20600.0,0.0
2017-09-25,30.56,9.44,20.0,0.0,20500.0,0.0
2017-09-26,33.89,10.56,22.22,0.0,20400.0,0.0
2017-09-27,32.78,11.67,22.22,0.0,20400.0,0.0
2017-09-28,32.22,12.22,22.22,0.0,20400.0,0.0
2017-09-29,28.89,13.89,21.39,0.0,20500.0,1.0
2017-09-30,29.44,13.89,21.66,0.0,20400.0,0.0
2017-10-01,28.33,13.89,21.11,0.0,20100.0,0.0
2017-10-02,26.11,8.89,17.5,0.0,19800.0,0.0
2017-10-03,27.22,5.56,16.39,0.0,19400.0,0.0
2017-10-04,27.22,7.78,17.5,0.0,18700.0,0.0
2017-10-05,28.89,7.22,18.06,0.0,17500.0,0.0
2017-10-06,30.56,7.78,19.17,0.0,16300.0,0.0
2017-10-07,30.0,9.44,19.72,0.0,14900.0,0.0
2017-10-08,27.22,11.67,19.44,0.0,14200.0,0.0
2017-10-09,27.22,13.89,20.56,0.0,13500.0,0.0
2017-10-10,27.78,9.44,18.61,0.0,13300.0,0.0
2017-10-11,25.0,10.56,17.78,0.0,13400.0,1.0
2017-10-12,23.89,7.78,15.84,0.0,13300.0,0.0
2017-10-13,26.11,5.0,15.56,0.0,13100.0,0.0
2017-10-14,25.56,8.89,17.23,0.0,12700.0,0.0
2017-10-15,27.22,6.11,16.66,0.0,12300.0,0.0
2017-10-16,28.89,6.67,17.78,0.0,11900.0,0.0
2017-10-17,27.22,8.33,17.77,0.0,11700.0,0.0
2017-10-18,26.67,6.67,16.67,0.0,11600.0,0.0
2017-10-19,21.11,10.56,15.84,2.54,11600.0,0.0
2017-10-20,17.78,7.78,12.78,1.27,12000.0,1.0
2017-10-21,21.67,6.11,13.89,0.0,11900.0,0.0
2017-10-22,24.44,7.22,15.83,0.0,11700.0,0.0
2017-10-23,28.89,8.89,18.89,0.0,11400.0,0.0
2017-10-24,31.11,10.56,20.84,0.0,11300.0,0.0
2017-10-25,31.11,11.67,21.39,0.0,11200.0,0.0
2017-10-26,31.11,10.56,20.84,0.0,11200.0,0.0
2017-10-27,30.0,10.56,20.28,0.0,11100.0,0.0
2017-10-28,30.0,10.0,20.0,0.0,10800.0,0.0
2017-10-29,27.22,9.44,18.33,0.0,10400.0,0.0
2017-10-30,19.44,10.0,14.72,0.0,10200.0,0.0
2017-10-31,20.0,6.67,13.34,0.0,10300.0,1.0
2017-11-01,20.56,7.22,13.89,0.0,10400.0,1.0
2017-11-02,17.78,10.0,13.89,0.0,10700.0,1.0
2017-11-03,18.89,12.78,15.84,0.0,10700.0,0.0
2017-11-04,17.78,8.89,13.34,3.05,10800.0,1.0
2017-11-05,15.56,6.11,10.84,0.0,11200.0,1.0
2017-11-06,17.78,5.0,11.39,0.0,11700.0,1.0
2017-11-07,18.89,2.78,10.84,0.0,11900.0,1.0
2017-11-08,16.67,6.67,11.67,3.81,11400.0,0.0
2017-11-09,18.33,11.67,15.0,5.33,11300.0,0.0
2017-11-10,18.33,10.0,14.16,0.25,11400.0,1.0
2017-11-11,17.78,6.67,12.23,0.0,11800.0,1.0
2017-11-12,18.33,7.22,12.77,0.0,12200.0,1.0
2017-11-13,19.44,10.56,15.0,0.0,12300.0,1.0
2017-11-14,18.33,8.33,13.33,0.0,12200.0,0.0
2017-11-15,15.0,10.0,12.5,12.95,12100.0,0.0
2017-11-16,14.44,12.78,13.61,21.84,13300.0,1.0
2017-11-17,16.67,6.67,11.67,2.03,15800.0,1.0
2017-11-18,16.11,2.78,9.44,0.0,18700.0,1.0
2017-11-19,16.67,3.33,10.0,0.0,19500.0,1.0
2017-11-20,15.56,11.11,13.34,0.0,17500.0,0.0
2017-11-21,18.33,10.0,14.16,0.0,15500.0,0.0
2017-11-22,20.0,8.33,14.16,0.0,14500.0,0.0
2017-11-23,17.22,10.0,13.61,0.0,15100.0,1.0
2017-11-24,20.56,9.44,15.0,0.0,15600.0,1.0
2017-11-25,17.78,10.0,13.89,0.0,15100.0,0.0
2017-11-26,16.67,12.78,14.73,2.54,14600.0,0.0
2017-11-27,15.56,5.56,10.56,2.29,14700.0,1.0
2017-11-28,17.22,2.78,10.0,0.0,15200.0,1.0
2017-11-29,15.56,3.33,9.44,0.0,16200.0,1.0
2017-11-30,17.22,3.33,10.27,0.0,16600.0,1.0
2017-12-01,16.67,2.22,9.44,0.0,16400.0,0.0
2017-12-02,15.0,2.78,8.89,0.0,16300.0,0.0
2017-12-03,15.0,5.0,10.0,0.76,16000.0,0.0
2017-12-04,15.56,5.56,10.56,0.0,15900.0,0.0
2017-12-05,16.67,3.33,10.0,0.0,15400.0,0.0
2017-12-06,16.67,0.0,8.34,0.0,15200.0,0.0
2017-12-07,18.33,-0.56,8.88,0.0,15100.0,0.0
2017-12-08,16.11,1.11,8.61,0.0,14700.0,0.0
2017-12-09,16.11,0.0,8.06,0.0,14500.0,0.0
2017-12-10,17.22,-0.56,8.33,0.0,14400.0,0.0
2017-12-11,17.22,-0.56,8.33,0.0,14300.0,0.0
2017-12-12,16.67,-0.56,8.06,0.0,14300.0,0.0
2017-12-13,15.56,-1.11,7.22,0.0,14200.0,0.0
2017-12-14,16.67,-1.11,7.78,0.0,14200.0,0.0
2017-12-15,15.56,0.56,8.06,0.0,14200.0,0.0
2017-12-16,16.67,3.33,10.0,0.0,14500.0,1.0
2017-12-17,15.56,3.89,9.72,0.0,14300.0,0.0
2017-12-18,16.11,1.67,8.89,0.0,14100.0,0.0
2017-12-19,14.44,0.56,7.5,0.0,14000.0,0.0
2017-12-20,13.33,3.33,8.33,2.79,14100.0,1.0
2017-12-21,13.33,1.11,7.22,0.0,14300.0,1.0
2017-12-22,10.56,-1.11,4.73,0.0,14300.0,0.0
2017-12-23,12.78,3.33,8.06,0.0,14100.0,0.0
2017-12-24,11.67,3.89,7.78,0.0,13800.0,0.0
2017-12-25,15.0,2.78,8.89,0.0,13700.0,0.0
2017-12-26,16.67,0.0,8.34,0.0,13700.0,0.0
2017-12-27,15.56,-0.56,7.5,0.0,13800.0,1.0
2017-12-28,16.67,0.0,8.34,0.0,13700.0,0.0
2017-12-29,16.67,0.0,8.34,0.0,13400.0,0.0
2017-12-30,16.11,0.0,8.06,0.0,13200.0,0.0
2017-12-31,14.44,1.67,8.06,0.0,13100.0,0.0
2018-01-01,18.33,3.33,10.83,0.0,13100.0,0.0
2018-01-02,15.0,3.89,9.44,0.0,12900.0,0.0
2018-01-03,13.89,4.44,9.17,4.06,12600.0,0.0
2018-01-04,18.33,9.44,13.88,10.92,12500.0,0.0
2018-01-05,15.56,10.0,12.78,8.64,12700.0,1.0
2018-01-06,15.0,5.56,10.28,0.25,12900.0,1.0
2018-01-07,11.11,3.89,7.5,0.0,13000.0,1.0
2018-01-08,13.89,8.89,11.39,64.77,14700.0,1.0
2018-01-09,13.89,10.56,12.23,29.72,19800.0,1.0
2018-01-10,13.89,6.67,10.28,0.0,25200.0,1.0
2018-01-11,15.56,5.56,10.56,0.0,27400.0,1.0
2018-01-12,15.56,5.56,10.56,0.0,26300.0,0.0
2018-01-13,12.22,6.11,9.17,0.0,23700.0,0.0
2018-01-14,12.78,8.89,10.84,0.0,21100.0,0.0
2018-01-15,10.56,7.78,9.17,0.0,19400.0,0.0
2018-01-16,15.0,8.33,11.66,0.76,18200.0,0.0
2018-01-17,12.22,8.33,10.28,0.0,17400.0,0.0
2018-01-18,13.33,9.44,11.38,2.03,16600.0,0.0
2018-01-19,14.44,6.11,10.28,0.0,16200.0,0.0
2018-01-20,13.89,2.22,8.06,0.0,16700.0,1.0
2018-01-21,11.67,0.0,5.84,0.0,18100.0,1.0
2018-01-22,11.11,7.78,9.44,4.06,18600.0,1.0
2018-01-23,14.44,5.0,9.72,0.0,18100.0,0.0
2018-01-24,11.67,3.89,7.78,4.57,18400.0,1.0
2018-01-25,12.78,5.56,9.17,2.29,19300.0,1.0
2018-01-26,10.56,1.11,5.84,0.0,19900.0,1.0
2018-01-27,15.56,5.56,10.56,0.0,21100.0,1.0
2018-01-28,17.22,2.78,10.0,0.0,21300.0,1.0
2018-01-29,15.0,3.89,9.44,0.0,20000.0,0.0
2018-01-30,18.33,4.44,11.38,0.0,18600.0,0.0
2018-01-31,18.33,2.22,10.27,0.0,17800.0,0.0
2018-02-01,20.0,5.56,12.78,0.0,17500.0,0.0
2018-02-02,21.11,4.44,12.78,0.0,17000.0,0.0
2018-02-03,23.33,4.44,13.88,0.0,16400.0,0.0
2018-02-04,22.22,6.11,14.16,0.0,16000.0,0.0
2018-02-05,23.33,5.0,14.16,0.0,15700.0,0.0
2018-02-06,22.78,5.56,14.17,0.0,15600.0,0.0
2018-02-07,21.67,6.67,14.17,0.0,15600.0,0.0
2018-02-08,22.78,5.0,13.89,0.0,15400.0,0.0
2018-02-09,23.33,5.0,14.16,0.0,14800.0,0.0
2018-02-10,18.89,5.56,12.22,0.0,14500.0,0.0
2018-02-11,15.56,0.0,7.78,0.0,13900.0,0.0
2018-02-12,15.56,1.67,8.62,0.0,13700.0,0.0
2018-02-13,17.78,4.44,11.11,0.0,13400.0,0.0
2018-02-14,18.33,0.0,9.16,0.0,13200.0,0.0
2018-02-15,17.22,2.22,9.72,0.0,13300.0,1.0
2018-02-16,17.78,0.0,8.89,0.0,12900.0,0.0
2018-02-17,20.0,1.67,10.84,0.0,12100.0,0.0
2018-02-18,16.11,3.89,10.0,0.0,11400.0,0.0
2018-02-19,11.67,-1.67,5.0,0.0,11600.0,1.0
2018-02-20,11.11,-1.11,5.0,0.0,11500.0,0.0
2018-02-21,13.33,-0.56,6.38,0.0,11400.0,0.0
2018-02-22,13.33,1.11,7.22,0.25,11500.0,1.0
2018-02-23,12.22,-1.67,5.28,0.0,11700.0,1.0
2018-02-24,15.0,-1.67,6.66,0.0,11300.0,0.0
2018-02-25,16.67,1.67,9.17,0.0,11200.0,0.0
2018-02-26,11.11,4.44,7.78,13.97,11700.0,1.0
2018-02-27,15.0,3.89,9.44,0.0,12400.0,1.0
2018-02-28,14.44,1.11,7.78,1.02,12200.0,0.0
2018-03-01,12.78,7.22,10.0,35.05,13300.0,1.0
2018-03-02,10.0,2.22,6.11,8.64,16000.0,1.0
2018-03-03,12.22,1.67,6.94,2.79,17600.0,1.0
2018-03-04,12.22,0.0,6.11,0.0,17400.0,0.0
2018-03-05,16.11,0.56,8.33,0.0,16000.0,0.0
2018-03-06,19.44,1.67,10.56,0.0,14500.0,0.0
2018-03-07,20.56,6.11,13.34,0.0,13300.0,0.0
2018-03-08,20.0,10.56,15.28,1.78,12500.0,0.0
2018-03-09,19.44,8.33,13.89,0.0,12200.0,0.0
2018-03-10,16.67,7.22,11.94,0.0,12200.0,0.0
2018-03-11,22.22,4.44,13.33,0.0,12100.0,0.0
2018-03-12,23.33,8.89,16.11,0.0,11800.0,0.0
2018-03-13,17.22,9.44,13.33,14.73,12300.0,1.0
2018-03-14,13.89,6.11,10.0,4.06,16000.0,1.0
2018-03-15,11.11,2.78,6.94,14.22,22300.0,1.0
2018-03-16,13.33,6.11,9.72,6.6,27100.0,1.0
2018-03-17,13.33,3.33,8.33,0.0,29200.0,1.0
2018-03-18,14.44,1.11,7.78,0.0,28200.0,0.0
2018-03-19,18.89,2.78,10.84,0.0,25400.0,0.0
2018-03-20,13.89,10.0,11.94,12.95,22800.0,0.0
2018-03-21,20.0,11.11,15.56,22.1,25900.0,1.0
2018-03-22,17.78,5.56,11.67,7.62,39600.0,1.0
2018-03-23,15.56,2.78,9.17,0.0,52900.0,1.0
2018-03-24,13.89,6.11,10.0,0.0,58700.0,1.0
2018-03-25,15.56,3.33,9.44,0.0,57800.0,0.0
2018-03-26,18.89,4.44,11.66,0.0,50800.0,0.0
2018-03-27,23.89,6.67,15.28,0.0,44300.0,0.0
2018-03-28,26.67,6.67,16.67,0.0,40000.0,0.0
2018-03-29,28.89,8.89,18.89,0.0,36400.0,0.0
2018-03-30,26.67,9.44,18.06,0.0,33600.0,0.0
2018-03-31,25.56,10.0,17.78,0.0,31100.0,0.0
2018-04-01,25.56,7.22,16.39,0.0,29300.0,0.0
2018-04-02,24.44,10.0,17.22,0.0,28300.0,0.0
2018-04-03,24.44,5.56,15.0,0.0,28400.0,1.0
2018-04-04,22.78,10.0,16.39,0.0,32400.0,1.0
2018-04-05,17.22,11.67,14.44,2.29,41400.0,1.0
2018-04-06,16.67,12.22,14.44,29.97,53100.0,1.0
2018-04-07,20.0,10.0,15.0,9.91,63900.0,1.0
2018-04-08,20.0,6.11,13.06,0.0,72900.0,1.0
2018-04-09,23.33,7.22,15.27,0.0,77500.0,1.0
2018-04-10,20.0,10.56,15.28,0.0,75500.0,0.0
2018-04-11,16.67,6.67,11.67,1.27,68700.0,0.0
2018-04-12,17.78,2.78,10.28,0.0,58900.0,0.0
2018-04-13,21.67,6.11,13.89,0.0,49600.0,0.0
2018-04-14,23.89,7.78,15.84,0.0,42900.0,0.0
2018-04-15,18.33,8.89,13.61,0.0,37900.0,0.0
2018-04-16,12.22,5.56,8.89,7.37,34200.0,0.0
2018-04-17,17.78,2.22,10.0,0.0,31100.0,0.0
2018-04-18,16.11,6.11,11.11,0.0,28000.0,0.0
2018-04-19,22.22,1.67,11.94,0.0,25100.0,0.0
2018-04-20,26.67,5.56,16.12,0.0,23000.0,0.0
2018-04-21,27.78,8.89,18.34,0.0,21500.0,0.0
2018-04-22,29.44,10.0,19.72,0.0,19800.0,0.0
2018-04-23,30.0,11.67,20.84,0.0,18700.0,0.0
2018-04-24,27.78,11.67,19.73,0.0,17400.0,0.0
2018-04-25,27.22,9.44,18.33,0.0,15700.0,0.0
2018-04-26,22.22,10.0,16.11,0.0,14600.0,0.0
2018-04-27,20.56,10.0,15.28,0.0,14500.0,0.0
2018-04-28,18.89,8.33,13.61,0.0,14300.0,0.0
2018-04-29,20.56,6.67,13.61,0.0,13700.0,0.0
2018-04-30,21.11,7.78,14.44,0.0,13300.0,0.0
2018-05-01,26.11,9.44,17.77,0.0,12400.0,0.0
2018-05-02,25.56,8.89,17.23,0.0,11800.0,0.0
2018-05-03,23.33,10.0,16.66,0.0,11700.0,0.0
2018-05-04,29.44,10.0,19.72,0.0,11400.0,0.0
2018-05-05,26.11,11.11,18.61,0.0,10600.0,0.0
2018-05-06,24.44,10.0,17.22,0.0,10300.0,0.0
2018-05-07,30.0,10.0,20.0,0.0,10300.0,0.0
2018-05-08,28.89,13.33,21.11,0.0,9820.0,0.0
2018-05-09,26.11,13.33,19.72,0.0,9590.0,0.0
2018-05-10,28.33,11.11,19.72,0.0,10300.0,1.0
2018-05-11,28.33,11.67,20.0,0.0,11500.0,1.0
2018-05-12,29.44,12.22,20.83,0.0,10700.0,0.0
2018-05-13,23.33,11.67,17.5,0.0,9750.0,0.0
2018-05-14,22.22,10.56,16.39,0.0,8880.0,0.0
2018-05-15,22.78,11.11,16.94,0.0,8230.0,0.0
2018-05-16,21.11,11.11,16.11,10.67,8170.0,0.0
2018-05-17,26.11,10.0,18.06,0.0,8030.0,0.0
2018-05-18,26.67,11.67,19.17,0.0,8050.0,1.0
2018-05-19,25.0,11.67,18.34,0.0,8350.0,1.0
2018-05-20,22.78,11.67,17.23,0.0,8790.0,1.0
2018-05-21,27.22,10.0,18.61,0.0,8830.0,1.0
2018-05-22,23.89,12.22,18.06,0.0,9190.0,1.0
2018-05-23,21.11,12.78,16.94,0.0,10500.0,1.0
2018-05-24,22.78,11.11,16.94,0.0,11500.0,1.0
2018-05-25,18.89,11.67,15.28,4.57,12400.0,1.0
2018-05-26,24.44,12.22,18.33,0.0,13100.0,1.0
2018-05-27,31.67,11.11,21.39,0.0,13900.0,1.0
2018-05-28,35.0,13.33,24.16,0.0,14600.0,1.0
2018-05-29,35.56,16.11,25.84,0.0,14700.0,1.0
2018-05-30,22.78,11.67,17.23,0.0,14300.0,0.0
2018-05-31,22.22,10.56,16.39,0.0,14300.0,0.0
2018-06-01,30.0,9.44,19.72,0.0,13800.0,0.0
2018-06-02,35.56,12.78,24.17,0.0,13000.0,0.0
2018-06-03,36.67,14.44,25.56,0.0,12200.0,0.0
2018-06-04,31.67,14.44,23.06,0.0,11900.0,0.0
2018-06-05,28.89,11.67,20.28,0.0,12000.0,1.0
2018-06-06,26.11,12.22,19.16,0.0,12000.0,0.0
2018-06-07,27.22,12.22,19.72,0.0,12100.0,1.0
2018-06-08,30.56,12.22,21.39,0.0,12000.0,0.0
2018-06-09,26.67,13.89,20.28,0.0,12000.0,0.0
2018-06-10,28.33,12.78,20.56,0.0,11900.0,0.0
2018-06-11,32.22,11.11,21.66,0.0,11500.0,0.0
2018-06-12,36.11,14.44,25.28,0.0,11100.0,0.0
2018-06-13,36.11,16.11,26.11,0.0,10800.0,0.0
2018-06-14,32.22,14.44,23.33,0.0,10700.0,0.0
2018-06-15,27.78,13.33,20.56,0.0,10600.0,0.0
2018-06-16,26.67,11.67,19.17,0.0,10500.0,0.0
2018-06-17,25.56,11.67,18.61,0.0,10900.0,1.0
2018-06-18,31.67,13.33,22.5,0.0,11300.0,1.0
2018-06-19,33.33,13.33,23.33,0.0,11400.0,1.0
2018-06-20,31.11,12.78,21.94,0.0,11700.0,1.0
2018-06-21,35.0,12.22,23.61,0.0,12100.0,1.0
2018-06-22,38.33,14.44,26.38,0.0,12400.0,1.0
2018-06-23,38.33,17.78,28.06,0.0,13100.0,1.0
2018-06-24,32.78,15.0,23.89,0.0,13300.0,1.0
2018-06-25,28.33,13.89,21.11,0.0,13700.0,1.0
2018-06-26,33.33,12.78,23.06,0.0,13600.0,0.0
2018-06-27,29.44,13.33,21.38,0.0,13100.0,0.0
2018-06-28,31.11,13.33,22.22,0.0,12700.0,0.0
2018-06-29,36.11,13.89,25.0,0.0,12500.0,0.0
2018-06-30,38.89,16.67,27.78,0.0,12000.0,0.0
2018-07-01,34.44,15.0,24.72,0.0,11700.0,0.0
2018-07-02,31.11,13.89,22.5,0.0,12000.0,1.0
2018-07-03,29.44,13.33,21.38,0.0,12100.0,1.0
2018-07-04,25.0,13.33,19.16,0.0,12200.0,1.0
2018-07-05,32.22,12.78,22.5,0.0,12400.0,1.0
2018-07-06,35.0,17.78,26.39,0.0,12800.0,1.0
2018-07-07,36.67,16.11,26.39,0.0,13100.0,1.0
2018-07-08,35.0,16.11,25.56,0.0,13300.0,1.0
2018-07-09,36.67,15.56,26.12,0.0,13700.0,1.0
2018-07-10,36.11,15.56,25.84,0.0,14000.0,1.0
2018-07-11,36.11,16.11,26.11,0.0,14700.0,1.0
2018-07-12,35.56,16.11,25.84,0.0,15700.0,1.0
2018-07-13,35.56,20.0,27.78,0.0,16300.0,1.0
2018-07-14,35.56,17.22,26.39,0.0,16300.0,0.0
2018-07-15,33.33,15.56,24.44,0.0,16400.0,1.0
2018-07-16,36.67,14.44,25.56,0.0,16800.0,1.0
2018-07-17,37.22,15.56,26.39,0.0,16900.0,1.0
2018-07-18,38.89,16.67,27.78,0.0,17000.0,1.0
2018-07-19,37.22,16.67,26.94,0.0,16800.0,0.0
2018-07-20,34.44,17.78,26.11,0.0,16700.0,0.0
2018-07-21,34.44,18.33,26.38,0.0,16700.0,0.0
2018-07-22,34.44,16.67,25.56,0.0,16600.0,0.0
2018-07-23,37.22,17.22,27.22,0.0,16500.0,0.0
2018-07-24,37.78,16.11,26.94,0.0,16500.0,0.0
2018-07-25,40.0,16.67,28.34,0.0,16500.0,0.0
2018-07-26,36.67,16.67,26.67,0.0,16500.0,0.0
2018-07-27,34.44,14.44,24.44,0.0,16700.0,1.0
2018-07-28,36.11,14.44,25.28,0.0,16800.0,1.0
2018-07-29,32.22,15.0,23.61,0.0,16900.0,1.0
2018-07-30,35.0,14.44,24.72,0.0,17200.0,1.0
2018-07-31,35.0,15.0,25.0,0.0,17600.0,1.0
2018-08-01,32.78,15.0,23.89,0.0,18000.0,1.0
2018-08-02,32.78,13.89,23.34,0.0,18400.0,1.0
2018-08-03,34.44,13.33,23.88,0.0,18400.0,0.0
2018-08-04,36.67,14.44,25.56,0.0,18300.0,0.0
2018-08-05,32.78,15.56,24.17,0.0,19100.0,1.0
2018-08-06,33.89,13.89,23.89,0.0,19700.0,1.0
2018-08-07,31.67,16.11,23.89,0.0,20000.0,1.0
2018-08-08,33.33,13.89,23.61,0.0,20100.0,1.0
2018-08-09,37.78,13.89,25.84,0.0,20200.0,1.0
2018-08-10,37.78,16.11,26.94,0.0,20000.0,0.0
2018-08-11,36.11,19.44,27.78,0.0,19800.0,0.0
2018-08-12,35.0,17.78,26.39,0.0,19700.0,0.0
2018-08-13,32.22,14.44,23.33,0.0,19500.0,0.0
2018-08-14,29.44,14.44,21.94,0.0,19200.0,0.0
2018-08-15,30.0,14.44,22.22,0.0,18900.0,0.0
2018-08-16,33.89,15.0,24.44,0.0,18600.0,0.0
2018-08-17,36.67,15.0,25.84,0.0,18200.0,0.0
2018-08-18,37.78,16.11,26.94,0.0,17700.0,0.0
2018-08-19,36.11,15.56,25.84,0.0,17300.0,0.0
2018-08-20,31.67,14.44,23.06,0.0,17200.0,0.0
2018-08-21,24.44,12.78,18.61,0.0,17300.0,1.0
2018-08-22,28.89,13.89,21.39,0.0,17500.0,1.0
2018-08-23,27.22,13.89,20.56,0.0,17500.0,0.0
2018-08-24,26.67,13.33,20.0,0.0,17800.0,1.0
2018-08-25,30.56,12.22,21.39,0.0,18000.0,1.0
2018-08-26,29.44,12.78,21.11,0.0,17800.0,0.0
2018-08-27,26.11,13.33,19.72,0.0,17600.0,0.0
2018-08-28,24.44,13.89,19.16,0.0,17400.0,0.0
2018-08-29,26.67,14.44,20.56,0.0,17600.0,1.0
2018-08-30,25.56,13.89,19.73,0.0,17900.0,1.0
2018-08-31,31.11,13.89,22.5,0.0,18100.0,1.0
2018-09-01,32.22,14.44,23.33,0.0,18000.0,0.0
2018-09-02,35.0,14.44,24.72,0.0,17800.0,0.0
2018-09-03,32.22,13.89,23.06,0.0,17600.0,0.0
2018-09-04,32.22,13.89,23.06,0.0,17500.0,0.0
2018-09-05,30.0,13.89,21.94,0.0,17600.0,1.0
2018-09-06,31.67,11.67,21.67,0.0,18000.0,1.0
2018-09-07,35.56,12.22,23.89,0.0,17900.0,0.0
2018-09-08,33.89,15.0,24.44,0.0,17800.0,0.0
2018-09-09,34.44,12.22,23.33,0.0,17800.0,0.0
2018-09-10,34.44,13.89,24.16,0.0,17800.0,0.0
2018-09-11,31.11,14.44,22.78,0.0,17700.0,0.0
2018-09-12,25.0,11.67,18.34,0.0,17800.0,1.0
2018-09-13,26.11,13.89,20.0,0.0,17900.0,1.0
2018-09-14,26.67,11.67,19.17,0.0,17600.0,0.0
2018-09-15,25.56,12.22,18.89,0.0,17300.0,0.0
2018-09-16,27.22,10.56,18.89,0.0,17300.0,0.0
2018-09-17,27.22,12.22,19.72,0.0,17000.0,0.0
2018-09-18,27.78,11.67,19.73,0.0,16800.0,0.0
2018-09-19,31.11,11.67,21.39,0.0,16700.0,0.0
2018-09-20,32.78,12.22,22.5,0.0,16500.0,0.0
2018-09-21,33.89,11.11,22.5,0.0,16200.0,0.0
2018-09-22,32.78,14.44,23.61,0.0,16100.0,0.0
2018-09-23,31.67,13.89,22.78,0.0,15800.0,0.0
2018-09-24,32.78,10.56,21.67,0.0,15500.0,0.0
2018-09-25,34.44,10.56,22.5,0.0,15400.0,0.0
2018-09-26,35.56,11.67,23.62,0.0,15500.0,1.0
2018-09-27,35.56,11.67,23.62,0.0,15300.0,0.0
2018-09-28,25.56,12.78,19.17,0.0,15300.0,0.0
2018-09-29,24.44,13.33,18.89,0.0,15400.0,1.0
2018-09-30,26.11,12.78,19.44,0.0,15400.0,0.0
2018-10-01,27.22,13.89,20.56,0.0,15200.0,0.0
2018-10-02,28.89,17.78,23.34,0.0,14900.0,0.0
2018-10-03,27.22,16.11,21.66,1.02,14600.0,0.0
2018-10-04,23.33,13.33,18.33,0.0,14200.0,0.0
2018-10-05,26.11,10.0,18.06,0.0,13800.0,0.0
2018-10-06,27.22,12.78,20.0,0.0,13600.0,0.0
2018-10-07,27.78,14.44,21.11,0.0,13300.0,0.0
2018-10-08,28.33,13.33,20.83,0.0,12300.0,0.0
2018-10-09,28.33,11.11,19.72,0.0,11500.0,0.0
2018-10-10,25.56,9.44,17.5,0.0,11400.0,0.0
2018-10-11,25.0,11.11,18.06,0.0,11600.0,1.0
2018-10-12,29.44,9.44,19.44,0.0,11400.0,0.0
2018-10-13,29.44,8.89,19.16,0.0,11100.0,0.0
2018-10-14,27.78,7.22,17.5,0.0,11100.0,0.0
2018-10-15,28.33,8.89,18.61,0.0,10900.0,0.0
2018-10-16,27.78,5.0,16.39,0.0,10600.0,0.0
2018-10-17,27.22,6.11,16.66,0.0,10500.0,0.0
2018-10-18,27.78,8.33,18.06,0.0,10500.0,0.0
2018-10-19,28.89,7.78,18.34,0.0,10500.0,0.0
2018-10-20,28.33,8.33,18.33,0.0,10400.0,0.0
2018-10-21,28.33,8.89,18.61,0.0,10300.0,0.0
2018-10-22,26.11,8.89,17.5,0.0,10300.0,0.0
2018-10-23,22.22,8.89,15.56,0.0,10200.0,0.0
2018-10-24,25.56,7.22,16.39,0.0,9910.0,0.0
2018-10-25,27.78,7.78,17.78,0.0,9580.0,0.0
2018-10-26,26.67,10.0,18.34,0.0,9060.0,0.0
2018-10-27,26.67,10.56,18.62,0.0,8510.0,0.0
2018-10-28,26.11,11.11,18.61,0.0,8370.0,0.0
2018-10-29,22.78,8.89,15.84,0.0,8760.0,1.0
2018-10-30,25.0,11.67,18.34,0.0,8910.0,1.0
2018-10-31,24.44,6.11,15.28,0.0,8890.0,0.0
2018-11-01,28.33,7.78,18.06,0.0,8980.0,1.0
2018-11-02,27.22,8.33,17.77,0.0,9110.0,1.0
2018-11-03,28.33,10.0,19.16,0.0,9190.0,1.0
2018-11-04,26.67,8.89,17.78,0.0,8910.0,0.0
2018-11-05,26.11,7.78,16.94,0.0,8770.0,0.0
2018-11-06,23.89,5.0,14.44,0.0,8560.0,0.0
2018-11-07,22.78,4.44,13.61,0.0,8330.0,0.0
2018-11-08,22.78,6.67,14.73,0.0,8280.0,0.0
2018-11-09,17.78,1.67,9.73,0.0,7850.0,0.0
2018-11-10,17.22,2.22,9.72,0.0,7460.0,0.0
2018-11-11,20.0,-0.56,9.72,0.0,7440.0,0.0
2018-11-12,20.0,0.56,10.28,0.0,7540.0,1.0
2018-11-13,16.67,2.22,9.44,0.0,7670.0,1.0
2018-11-14,16.67,0.0,8.34,0.0,7810.0,1.0
2018-11-15,15.56,0.56,8.06,0.0,7890.0,1.0
2018-11-16,17.78,0.0,8.89,0.0,7990.0,1.0
2018-11-17,18.33,1.11,9.72,0.0,8130.0,1.0
2018-11-18,18.89,0.0,9.44,0.0,8240.0,1.0
2018-11-19,18.33,1.11,9.72,0.0,8450.0,1.0
2018-11-20,18.33,0.56,9.44,0.0,9000.0,1.0
2018-11-21,14.44,5.56,10.0,18.29,9750.0,1.0
2018-11-22,17.22,11.11,14.16,5.33,10400.0,1.0
2018-11-23,13.89,11.11,12.5,6.35,11300.0,1.0
2018-11-24,17.78,10.56,14.17,0.0,12200.0,1.0
2018-11-25,18.33,5.56,11.94,0.0,12600.0,1.0
2018-11-26,18.89,5.56,12.22,0.0,12700.0,1.0
2018-11-27,14.44,8.33,11.38,1.78,12600.0,0.0
2018-11-28,17.22,12.78,15.0,5.33,12500.0,0.0
2018-11-29,13.33,7.78,10.56,25.65,13300.0,1.0
2018-11-30,15.56,5.0,10.28,0.0,15400.0,1.0
2018-12-01,15.0,3.89,9.44,7.87,17100.0,1.0
2018-12-02,13.33,1.11,7.22,0.0,18500.0,1.0
2018-12-03,12.22,1.11,6.66,0.0,17600.0,0.0
2018-12-04,11.11,7.22,9.16,0.0,15700.0,0.0
2018-12-05,13.89,8.33,11.11,3.3,14200.0,0.0
2018-12-06,16.11,5.0,10.56,0.0,13200.0,0.0
2018-12-07,15.56,2.22,8.89,0.0,12700.0,0.0
2018-12-08,15.56,2.78,9.17,0.0,12300.0,0.0
2018-12-09,11.67,3.89,7.78,0.0,11600.0,0.0
2018-12-10,15.56,5.56,10.56,0.0,11100.0,0.0
2018-12-11,13.89,2.22,8.06,0.0,11200.0,1.0
2018-12-12,16.11,4.44,10.28,0.0,11200.0,0.0
2018-12-13,15.56,2.22,8.89,0.0,10600.0,0.0
2018-12-14,16.11,4.44,10.28,0.0,10000.0,0.0
2018-12-15,15.0,5.0,10.0,0.0,10100.0,1.0
2018-12-16,13.89,5.56,9.72,24.13,10600.0,1.0
2018-12-17,15.56,7.78,11.67,10.67,12700.0,1.0
2018-12-18,16.67,4.44,10.56,0.0,16200.0,1.0
2018-12-19,17.22,7.78,12.5,0.0,21600.0,1.0
2018-12-20,12.22,8.33,10.28,0.51,21900.0,1.0
2018-12-21,13.89,7.78,10.84,1.27,18800.0,0.0
2018-12-22,12.22,2.22,7.22,0.0,16600.0,0.0
2018-12-23,13.89,6.67,10.28,0.0,15800.0,0.0
2018-12-24,12.78,8.89,10.84,9.65,15600.0,0.0
2018-12-25,16.11,5.56,10.84,2.79,15800.0,1.0
2018-12-26,13.89,1.11,7.5,0.0,17500.0,1.0
2018-12-27,14.44,2.78,8.61,0.0,20300.0,1.0
2018-12-28,13.33,3.33,8.33,0.0,19900.0,0.0
2018-12-29,13.33,0.56,6.94,0.0,17500.0,0.0
2018-12-30,13.33,0.56,6.94,0.0,15600.0,0.0
2018-12-31,12.78,2.78,7.78,0.0,14400.0,0.0
2019-01-01,12.78,2.78,7.78,0.0,13200.0,0.0
2019-01-02,11.67,-1.67,5.0,0.0,12500.0,0.0
2019-01-03,11.67,-0.56,5.56,0.0,12300.0,0.0
2019-01-04,13.33,0.0,6.66,0.0,11900.0,0.0
2019-01-05,11.11,1.11,6.11,5.84,11800.0,0.0
2019-01-06,10.0,6.67,8.34,26.42,13200.0,1.0
2019-01-07,14.44,8.89,11.66,0.76,17100.0,1.0
2019-01-08,14.44,6.11,10.28,0.51,23300.0,1.0
2019-01-09,17.22,10.56,13.89,8.13,27700.0,1.0
2019-01-10,11.11,6.67,8.89,0.0,29700.0,1.0
2019-01-11,15.0,8.33,11.66,0.0,32900.0,1.0
2019-01-12,16.67,5.56,11.12,0.0,33400.0,1.0
2019-01-13,16.67,3.33,10.0,0.0,30700.0,0.0
2019-01-14,12.78,3.89,8.33,0.76,27400.0,0.0
2019-01-15,12.22,5.56,8.89,21.84,25000.0,0.0
2019-01-16,14.44,11.11,12.77,35.81,25400.0,1.0
2019-01-17,15.56,10.56,13.06,1.78,33100.0,1.0
2019-01-18,15.56,9.44,12.5,0.76,43900.0,1.0
2019-01-19,18.33,10.56,14.44,0.0,50500.0,1.0
2019-01-20,15.56,8.33,11.94,4.57,55100.0,1.0
2019-01-21,13.89,2.22,8.06,0.0,56000.0,1.0
2019-01-22,14.44,4.44,9.44,0.0,55100.0,0.0
2019-01-23,13.89,2.22,8.06,0.0,54400.0,0.0
2019-01-24,16.11,1.11,8.61,0.0,51600.0,0.0
2019-01-25,17.22,1.67,9.44,0.0,45800.0,0.0
2019-01-26,15.56,2.78,9.17,0.0,39800.0,0.0
2019-01-27,18.33,5.0,11.66,0.0,35000.0,0.0
2019-01-28,17.22,6.67,11.94,0.0,31700.0,0.0
2019-01-29,17.78,8.33,13.06,0.0,28800.0,0.0
2019-01-30,18.33,7.22,12.77,0.0,26300.0,0.0
2019-01-31,17.78,6.67,12.23,0.0,24300.0,0.0
2019-02-01,15.56,9.44,12.5,0.0,23000.0,0.0
2019-02-02,15.56,10.56,13.06,12.95,22900.0,0.0
2019-02-03,13.33,9.44,11.38,5.84,26800.0,1.0
2019-02-04,10.56,4.44,7.5,7.62,36200.0,1.0
2019-02-05,9.44,1.67,5.56,0.0,45100.0,1.0
2019-02-06,11.67,0.56,6.12,0.0,51900.0,1.0
2019-02-07,11.67,-0.56,5.56,0.0,55200.0,1.0
2019-02-08,11.67,3.33,7.5,4.32,53500.0,0.0
2019-02-09,10.0,5.0,7.5,4.32,49300.0,0.0
2019-02-10,11.11,3.33,7.22,0.0,45700.0,0.0
2019-02-11,12.22,0.0,6.11,0.0,44000.0,0.0
2019-02-12,10.56,2.22,6.39,1.27,44600.0,1.0
2019-02-13,15.56,8.33,11.94,53.59,50000.0,1.0
2019-02-14,17.22,8.89,13.06,10.41,61600.0,1.0
2019-02-15,10.56,5.56,8.06,6.1,75200.0,1.0
2019-02-16,12.78,3.89,8.33,0.0,81000.0,1.0
2019-02-17,10.56,2.22,6.39,1.78,79800.0,0.0
2019-02-18,12.78,2.22,7.5,0.0,75500.0,0.0
2019-02-19,12.78,-0.56,6.11,0.0,72000.0,0.0
2019-02-20,13.89,2.78,8.34,0.0,68700.0,0.0
2019-02-21,13.33,2.22,7.78,0.76,63400.0,0.0
2019-02-22,12.78,1.67,7.22,0.0,58700.0,0.0
2019-02-23,13.33,0.0,6.66,0.0,54300.0,0.0
2019-02-24,13.89,5.56,9.72,0.0,49600.0,0.0
2019-02-25,12.22,8.33,10.28,17.78,47000.0,0.0
2019-02-26,12.78,10.0,11.39,46.99,55000.0,1.0
2019-02-27,17.22,10.0,13.61,16.51,74700.0,1.0
2019-02-28,13.89,8.33,11.11,0.0,83400.0,1.0
2019-03-01,13.89,7.22,10.56,0.0,82900.0,0.0
2019-03-02,11.67,8.89,10.28,19.05,80700.0,0.0
2019-03-03,16.67,10.0,13.34,0.25,80900.0,1.0
2019-03-04,18.89,9.44,14.16,0.0,80700.0,0.0
2019-03-05,13.89,9.44,11.66,2.54,79700.0,0.0
2019-03-06,17.22,11.11,14.16,18.29,79500.0,0.0
2019-03-07,13.33,7.22,10.28,0.0,80200.0,1.0
2019-03-08,13.89,5.56,9.72,0.0,80500.0,1.0
2019-03-09,12.78,5.56,9.17,0.76,79800.0,0.0
2019-03-10,15.0,7.22,11.11,0.25,78300.0,0.0
2019-03-11,18.33,3.33,10.83,0.0,77000.0,0.0
2019-03-12,18.89,3.33,11.11,0.0,74900.0,0.0
2019-03-13,16.11,6.11,11.11,0.0,71800.0,0.0
2019-03-14,18.33,5.0,11.66,0.0,70700.0,0.0
2019-03-15,19.44,3.89,11.66,0.0,69500.0,0.0
2019-03-16,21.67,3.89,12.78,0.0,68200.0,0.0
2019-03-17,22.22,5.0,13.61,0.0,67300.0,0.0
2019-03-18,23.89,6.11,15.0,0.0,66000.0,0.0
2019-03-19,22.78,8.33,15.56,2.79,64800.0,0.0
2019-03-20,16.67,7.22,11.94,5.59,63400.0,0.0
2019-03-21,17.78,4.44,11.11,0.0,61700.0,0.0
2019-03-22,13.89,7.22,10.56,6.6,60300.0,0.0
2019-03-23,17.22,7.78,12.5,21.59,59000.0,0.0
2019-03-24,18.89,5.0,11.94,0.0,57600.0,0.0
2019-03-25,17.22,6.67,11.94,4.32,56300.0,0.0
2019-03-26,18.33,10.56,14.44,2.29,56400.0,1.0
2019-03-27,17.22,6.67,11.94,11.43,59000.0,1.0
2019-03-28,16.67,6.67,11.67,0.51,62800.0,1.0
2019-03-29,17.78,4.44,11.11,0.0,65300.0,1.0
2019-03-30,21.11,5.56,13.34,0.0,66000.0,1.0
2019-03-31,22.78,5.56,14.17,0.0,66200.0,1.0
2019-04-01,20.0,11.11,15.56,2.03,66100.0,0.0
2019-04-02,17.22,11.11,14.16,8.38,65800.0,0.0
2019-04-03,17.78,11.11,14.44,0.0,65700.0,0.0
2019-04-04,17.78,10.56,14.17,0.0,67800.0,1.0
2019-04-05,16.11,9.44,12.77,3.56,70500.0,1.0
2019-04-06,19.44,10.0,14.72,0.0,71500.0,1.0
2019-04-07,22.22,12.22,17.22,0.0,72200.0,1.0
2019-04-08,22.78,12.78,17.78,0.0,72000.0,0.0
2019-04-09,20.56,10.0,15.28,0.0,70600.0,0.0
2019-04-10,21.67,8.33,15.0,0.0,69700.0,0.0
2019-04-11,20.56,11.67,16.11,0.0,69200.0,0.0
2019-04-12,23.33,8.33,15.83,0.0,69700.0,1.0
2019-04-13,23.89,6.67,15.28,0.0,71300.0,1.0
2019-04-14,21.11,10.56,15.84,0.0,71500.0,1.0
2019-04-15,14.44,9.44,11.94,5.59,71000.0,0.0
2019-04-16,19.44,10.0,14.72,0.0,69800.0,0.0
2019-04-17,25.0,7.22,16.11,0.0,69100.0,0.0
2019-04-18,28.33,9.44,18.88,0.0,68000.0,0.0
2019-04-19,27.78,11.67,19.73,0.0,67300.0,0.0
2019-04-20,20.56,11.11,15.84,0.0,65600.0,0.0
2019-04-21,25.56,7.78,16.67,0.0,62700.0,0.0
2019-04-22,29.44,10.0,19.72,0.0,60300.0,0.0
2019-04-23,32.22,11.67,21.94,0.0,58100.0,0.0
2019-04-24,32.22,14.44,23.33,0.0,55700.0,0.0
2019-04-25,30.56,13.89,22.22,0.0,53500.0,0.0
2019-04-26,30.56,11.67,21.12,0.0,51000.0,0.0
2019-04-27,25.0,11.67,18.34,0.0,49000.0,0.0
2019-04-28,26.11,10.56,18.34,0.0,47000.0,0.0
2019-04-29,23.33,10.0,16.66,0.0,45200.0,0.0
2019-04-30,22.78,10.56,16.67,0.0,43200.0,0.0
2019-05-01,26.11,6.67,16.39,0.0,41400.0,0.0
2019-05-02,28.33,8.33,18.33,0.0,39700.0,0.0
2019-05-03,28.33,10.0,19.16,0.0,37900.0,0.0
2019-05-04,27.22,8.89,18.06,0.0,36100.0,0.0
2019-05-05,22.22,8.89,15.56,0.0,34200.0,0.0
2019-05-06,20.0,10.56,15.28,0.0,33700.0,0.0
2019-05-07,23.89,10.56,17.23,0.0,34100.0,1.0
2019-05-08,27.22,11.11,19.16,0.0,33700.0,0.0
2019-05-09,23.33,11.67,17.5,0.0,33100.0,0.0
2019-05-10,28.33,9.44,18.88,0.0,32800.0,0.0
2019-05-11,27.22,11.67,19.44,0.0,31800.0,0.0
2019-05-12,27.22,11.11,19.16,0.0,30800.0,0.0
2019-05-13,27.22,11.67,19.44,0.0,30600.0,0.0
2019-05-14,21.67,11.67,16.67,0.0,30600.0,0.0
2019-05-15,20.0,12.22,16.11,30.48,31000.0,1.0
2019-05-16,15.56,10.56,13.06,8.38,32300.0,1.0
2019-05-17,20.56,10.0,15.28,0.0,34900.0,1.0
2019-05-18,15.56,10.0,12.78,17.53,38000.0,1.0
2019-05-19,15.0,8.33,11.66,21.34,40800.0,1.0
2019-05-20,20.56,6.11,13.34,0.0,42400.0,1.0
2019-05-21,20.56,10.56,15.56,0.25,43200.0,1.0
2019-05-22,25.0,9.44,17.22,0.0,42800.0,0.0
2019-05-23,25.56,13.33,19.44,0.0,42400.0,0.0
2019-05-24,23.89,12.78,18.34,0.0,41000.0,0.0
2019-05-25,22.22,12.22,17.22,0.0,38800.0,0.0
2019-05-26,16.11,10.0,13.06,2.54,37000.0,0.0
2019-05-27,22.22,11.11,16.66,0.0,37000.0,0.0
2019-05-28,28.33,11.11,19.72,0.0,38200.0,1.0
2019-05-29,30.0,13.89,21.94,0.0,38500.0,1.0
2019-05-30,26.67,12.22,19.44,0.0,36900.0,0.0
2019-05-31,31.11,12.22,21.66,0.0,35900.0,0.0
2019-06-01,32.78,13.89,23.34,0.0,37500.0,1.0
2019-06-02,27.78,12.78,20.28,0.0,40300.0,1.0
2019-06-03,31.11,13.33,22.22,0.0,42300.0,1.0
2019-06-04,35.56,15.56,25.56,0.0,44500.0,1.0
2019-06-05,35.0,17.78,26.39,0.0,46400.0,1.0
2019-06-06,27.78,13.33,20.56,0.0,47100.0,1.0
2019-06-07,26.11,10.0,18.06,0.0,46400.0,0.0
2019-06-08,30.0,16.11,23.06,0.0,46200.0,0.0
2019-06-09,33.33,16.11,24.72,0.0,45300.0,0.0
2019-06-10,37.78,17.78,27.78,0.0,43700.0,0.0
2019-06-11,39.44,18.89,29.16,0.0,40700.0,0.0
2019-06-12,38.89,18.33,28.61,0.0,36500.0,0.0
2019-06-13,30.0,15.0,22.5,0.0,32400.0,0.0
2019-06-14,29.44,13.33,21.38,0.0,28600.0,0.0
2019-06-15,25.56,12.22,18.89,0.0,26200.0,0.0
2019-06-16,30.0,11.67,20.84,0.0,25100.0,0.0
2019-06-17,33.89,13.33,23.61,0.0,24500.0,0.0
2019-06-18,37.78,16.11,26.94,0.0,23500.0,0.0
2019-06-19,33.33,15.0,24.16,0.0,22300.0,0.0
2019-06-20,31.67,13.89,22.78,0.0,21400.0,0.0
2019-06-21,31.11,11.67,21.39,0.0,20700.0,0.0
2019-06-22,33.33,13.33,23.33,0.0,19800.0,0.0
2019-06-23,35.56,16.67,26.12,0.0,19000.0,0.0
2019-06-24,33.33,16.67,25.0,0.0,18300.0,0.0
2019-06-25,31.67,15.56,23.62,0.0,17600.0,0.0
2019-06-26,25.56,13.33,19.44,0.0,16600.0,0.0
2019-06-27,26.67,11.67,19.17,0.0,16000.0,0.0
2019-06-28,28.89,15.56,22.22,0.0,15500.0,0.0
2019-06-29,30.56,13.89,22.22,0.0,15500.0,0.0
2019-06-30,31.11,15.0,23.06,0.0,16500.0,1.0
2019-07-01,30.56,13.33,21.94,0.0,18200.0,1.0
2019-07-02,30.56,15.0,22.78,0.0,19300.0,1.0
2019-07-03,31.11,14.44,22.78,0.0,19300.0,0.0
2019-07-04,33.33,13.89,23.61,0.0,19000.0,0.0
2019-07-05,33.89,16.11,25.0,0.0,19100.0,1.0
2019-07-06,33.89,15.56,24.72,0.0,19200.0,1.0
2019-07-07,28.89,15.0,21.94,0.0,19000.0,0.0
2019-07-08,26.11,13.33,19.72,0.0,19000.0,0.0
2019-07-09,28.89,13.33,21.11,0.0,18800.0,0.0
2019-07-10,31.67,16.11,23.89,0.0,18300.0,0.0
2019-07-11,33.89,16.67,25.28,0.0,18000.0,0.0
2019-07-12,35.56,15.56,25.56,0.0,17700.0,0.0
2019-07-13,35.0,16.11,25.56,0.0,17500.0,0.0
2019-07-14,32.22,16.67,24.44,0.0,17400.0,0.0
2019-07-15,35.0,17.22,26.11,0.0,17300.0,0.0
2019-07-16,33.33,17.22,25.28,0.0,17300.0,0.0
2019-07-17,34.44,15.56,25.0,0.0,17100.0,0.0
2019-07-18,31.11,16.67,23.89,0.0,16700.0,0.0
2019-07-19,31.11,14.44,22.78,0.0,16600.0,0.0
2019-07-20,30.0,14.44,22.22,0.0,16900.0,1.0
2019-07-21,33.89,14.44,24.16,0.0,17300.0,1.0
2019-07-22,36.67,17.78,27.22,0.0,17600.0,1.0
2019-07-23,35.0,18.33,26.66,0.0,17600.0,0.0
2019-07-24,37.22,17.78,27.5,0.0,17700.0,1.0
2019-07-25,37.22,19.44,28.33,0.0,17600.0,0.0
2019-07-26,34.44,17.22,25.83,0.0,17500.0,0.0
2019-07-27,38.89,15.0,26.94,0.0,17600.0,1.0
2019-07-28,40.0,20.0,30.0,0.0,18000.0,1.0
2019-07-29,31.67,16.67,24.17,0.0,18400.0,1.0
2019-07-30,30.56,14.44,22.5,0.0,18800.0,1.0
2019-07-31,33.89,13.33,23.61,0.0,18900.0,1.0
2019-08-01,30.56,15.56,23.06,0.0,19200.0,1.0
2019-08-02,34.44,16.11,25.28,0.0,19300.0,1.0
2019-08-03,36.67,17.22,26.94,0.0,19400.0,1.0
2019-08-04,35.0,16.67,25.84,0.0,19500.0,1.0
2019-08-05,35.0,15.56,25.28,0.0,19700.0,1.0
2019-08-06,36.11,17.78,26.94,0.0,19900.0,1.0
2019-08-07,33.33,15.56,24.44,0.0,20200.0,1.0
2019-08-08,28.33,15.0,21.66,0.0,20300.0,1.0
2019-08-09,30.56,15.56,23.06,0.0,20300.0,0.0
2019-08-10,28.89,16.67,22.78,0.0,20100.0,0.0
2019-08-11,32.78,13.33,23.06,0.0,20100.0,0.0
2019-08-12,35.56,15.0,25.28,0.0,20400.0,1.0
2019-08-13,37.22,16.67,26.94,0.0,20500.0,1.0
2019-08-14,39.44,17.22,28.33,0.0,20500.0,0.0
2019-08-15,40.56,20.56,30.56,0.0,20500.0,0.0
2019-08-16,38.89,20.56,29.72,0.0,20400.0,0.0
2019-08-17,30.56,16.11,23.34,0.0,20400.0,0.0
2019-08-18,29.44,15.0,22.22,0.0,20700.0,1.0
2019-08-19,28.89,13.89,21.39,0.0,21000.0,1.0
2019-08-20,31.11,15.0,23.06,0.0,21200.0,1.0
2019-08-21,35.56,14.44,25.0,0.0,21500.0,1.0
2019-08-22,37.22,19.44,28.33,0.0,21600.0,1.0
2019-08-23,36.11,18.89,27.5,0.0,21800.0,1.0
2019-08-24,36.11,17.22,26.66,0.0,22000.0,1.0
2019-08-25,37.78,19.44,28.61,0.0,22100.0,1.0
2019-08-26,38.33,16.67,27.5,0.0,21800.0,0.0
2019-08-27,37.22,20.0,28.61,0.0,21300.0,0.0
2019-08-28,31.11,17.22,24.16,0.0,21000.0,0.0
2019-08-29,30.56,17.78,24.17,0.0,21100.0,1.0
2019-08-30,33.89,16.11,25.0,0.0,21100.0,0.0
2019-08-31,36.11,15.56,25.84,0.0,21300.0,1.0
2019-09-01,36.67,17.22,26.94,0.0,21900.0,1.0
2019-09-02,36.11,18.33,27.22,0.0,22000.0,1.0
2019-09-03,34.44,16.11,25.28,0.0,22000.0,0.0
2019-09-04,36.67,16.11,26.39,0.0,22100.0,1.0
2019-09-05,31.11,17.22,24.16,0.0,22500.0,1.0
2019-09-06,32.78,15.56,24.17,0.0,22800.0,1.0
2019-09-07,25.0,15.0,20.0,0.0,22300.0,0.0
2019-09-08,28.89,14.44,21.66,0.0,22100.0,0.0
2019-09-09,29.44,14.44,21.94,0.0,21500.0,0.0
2019-09-10,28.33,13.89,21.11,0.0,21300.0,0.0
2019-09-11,32.78,13.28,23.03,0.0,21400.0,1.0
2019-09-12,34.44,13.33,23.88,0.0,21400.0,0.0
2019-09-13,36.67,14.44,25.56,0.0,21200.0,0.0
2019-09-14,36.11,15.56,25.84,0.0,21400.0,1.0
2019-09-15,29.44,15.0,22.22,0.0,21400.0,0.0
2019-09-16,26.11,15.0,20.56,2.03,21400.0,0.0
2019-09-17,27.78,11.11,19.44,0.0,21300.0,0.0
2019-09-18,26.67,15.0,20.84,1.02,21100.0,0.0
2019-09-19,26.67,11.11,18.89,0.0,20900.0,0.0
2019-09-20,30.0,12.78,21.39,0.0,20900.0,0.0
2019-09-21,31.11,11.67,21.39,0.0,20700.0,0.0
2019-09-22,31.11,12.78,21.94,0.0,20200.0,0.0
2019-09-23,33.33,13.89,23.61,0.0,19800.0,0.0
2019-09-24,37.22,16.67,26.94,0.0,19500.0,0.0
2019-09-25,37.78,16.67,27.22,0.0,19100.0,0.0
2019-09-26,31.11,17.22,24.16,0.0,18600.0,0.0
2019-09-27,23.33,13.89,18.61,0.0,18600.0,0.0
2019-09-28,22.22,9.44,15.83,0.0,18800.0,1.0
2019-09-29,21.67,7.22,14.44,0.0,18900.0,1.0
2019-09-30,20.56,8.33,14.44,0.0,19000.0,1.0
2019-10-01,23.33,7.22,15.27,0.0,19100.0,1.0
2019-10-02,26.11,5.56,15.84,0.0,19200.0,1.0
2019-10-03,25.56,8.33,16.94,0.0,19400.0,1.0
2019-10-04,25.0,6.11,15.56,0.0,19300.0,0.0
2019-10-05,27.78,7.22,17.5,0.0,18600.0,0.0
2019-10-06,30.0,8.89,19.44,0.0,17900.0,0.0
2019-10-07,31.67,12.22,21.94,0.0,17500.0,0.0
2019-10-08,30.56,10.0,20.28,0.0,17000.0,0.0
2019-10-09,24.44,12.22,18.33,0.0,16300.0,0.0
2019-10-10,26.11,9.44,17.77,0.0,15300.0,0.0
2019-10-11,26.11,7.78,16.94,0.0,14200.0,0.0
2019-10-12,26.67,6.67,16.67,0.0,13400.0,0.0
2019-10-13,26.67,7.78,17.23,0.0,12900.0,0.0
2019-10-14,27.22,6.11,16.66,0.0,12600.0,0.0
2019-10-15,27.22,6.11,16.66,0.0,12400.0,0.0
2019-10-16,24.44,8.33,16.39,0.0,12000.0,0.0
2019-10-17,23.89,11.11,17.5,0.0,12500.0,1.0
2019-10-18,23.33,7.22,15.27,0.0,12900.0,1.0
2019-10-19,22.78,10.56,16.67,0.0,12700.0,0.0
2019-10-20,26.11,10.56,18.34,0.0,12500.0,0.0
2019-10-21,30.56,10.56,20.56,0.0,13000.0,1.0
2019-10-22,30.0,8.89,19.44,0.0,13100.0,1.0
2019-10-23,31.67,10.56,21.12,0.0,12700.0,0.0
2019-10-24,32.22,12.78,22.5,0.0,12200.0,0.0
2019-10-25,30.56,8.89,19.73,0.0,12000.0,0.0
2019-10-26,28.33,8.33,18.33,0.0,12300.0,1.0
2019-10-27,23.33,10.0,16.66,0.0,12100.0,0.0
2019-10-28,20.56,2.78,11.67,0.0,11500.0,0.0
2019-10-29,21.67,3.89,12.78,0.0,12200.0,1.0
2019-10-30,21.11,6.11,13.61,0.0,12300.0,1.0
2019-10-31,22.22,2.78,12.5,0.0,11600.0,0.0
2019-11-01,22.78,2.22,12.5,0.0,11100.0,0.0
2019-11-02,24.44,3.33,13.89,0.0,11300.0,1.0
2019-11-03,25.0,3.89,14.44,0.0,11000.0,0.0
2019-11-04,25.0,5.56,15.28,0.0,10500.0,0.0
2019-11-05,26.67,5.56,16.12,0.0,10000.0,0.0
2019-11-06,25.56,6.67,16.11,0.0,9700.0,0.0
2019-11-07,25.56,6.11,15.84,0.0,9620.0,0.0
2019-11-08,26.67,5.56,16.12,0.0,9620.0,0.0
2019-11-09,25.56,5.0,15.28,0.0,9650.0,1.0
2019-11-10,24.44,7.22,15.83,0.0,9710.0,1.0
2019-11-11,24.44,6.67,15.56,0.0,9760.0,1.0
2019-11-12,23.89,7.22,15.56,0.0,9970.0,1.0
2019-11-13,22.78,7.22,15.0,0.0,10100.0,1.0
2019-11-14,20.0,10.56,15.28,0.0,10200.0,1.0
2019-11-15,20.56,8.89,14.72,0.0,10500.0,1.0
2019-11-16,20.56,7.22,13.89,0.0,10600.0,1.0
2019-11-17,23.33,6.11,14.72,0.0,10600.0,0.0
2019-11-18,23.89,6.67,15.28,0.0,10500.0,0.0
2019-11-19,20.56,8.33,14.44,0.0,10800.0,1.0
2019-11-20,22.22,7.78,15.0,0.0,11200.0,1.0
2019-11-21,18.33,5.56,11.94,0.0,11000.0,0.0
2019-11-22,20.0,4.44,12.22,0.0,11000.0,0.0
2019-11-23,19.44,3.89,11.66,0.0,10800.0,0.0
2019-11-24,20.0,2.78,11.39,0.0,10800.0,0.0
2019-11-25,18.33,3.33,10.83,0.0,11000.0,1.0
2019-11-26,10.0,4.44,7.22,9.91,10700.0,0.0
2019-11-27,11.11,6.11,8.61,0.0,10900.0,1.0
2019-11-28,10.56,1.67,6.12,1.27,11600.0,1.0
2019-11-29,12.22,-0.56,5.83,0.0,12000.0,1.0
2019-11-30,11.11,3.33,7.22,5.84,12400.0,1.0
2019-12-01,13.33,8.33,10.83,23.88,13300.0,1.0
2019-12-02,13.33,10.0,11.66,18.29,16700.0,1.0
2019-12-03,16.11,9.44,12.77,0.0,19200.0,1.0
2019-12-04,12.78,10.56,11.67,14.22,20600.0,1.0
2019-12-05,16.67,10.0,13.34,0.0,21000.0,1.0
2019-12-06,20.0,7.78,13.89,2.79,20100.0,0.0
2019-12-07,19.44,12.78,16.11,11.43,19500.0,0.0
2019-12-08,16.67,8.33,12.5,5.33,20100.0,1.0
2019-12-09,15.56,5.56,10.56,0.0,21600.0,1.0
2019-12-10,13.33,5.56,9.44,2.79,23700.0,1.0
2019-12-11,13.89,9.44,11.66,2.03,23400.0,0.0
2019-12-12,18.33,12.22,15.27,0.0,21500.0,0.0
2019-12-13,14.44,12.22,13.33,1.02,20000.0,0.0
2019-12-14,15.0,5.56,10.28,0.0,20000.0,0.0
2019-12-15,13.89,1.67,7.78,0.0,20800.0,1.0
2019-12-16,13.33,1.11,7.22,0.0,21000.0,1.0
2019-12-17,13.33,2.22,7.78,0.0,20300.0,0.0
2019-12-18,13.33,6.11,9.72,4.32,19300.0,0.0
2019-12-19,13.33,6.67,10.0,0.76,18400.0,0.0
2019-12-20,15.56,5.0,10.28,0.0,17600.0,0.0
2019-12-21,12.78,5.56,9.17,0.0,17000.0,0.0
2019-12-22,13.33,2.22,7.78,15.49,17200.0,1.0
2019-12-23,13.33,2.78,8.06,0.0,18100.0,1.0
2019-12-24,10.56,1.67,6.12,0.0,19300.0,1.0
2019-12-25,11.67,6.67,9.17,1.52,20500.0,1.0
2019-12-26,13.89,2.78,8.34,0.0,20400.0,0.0
2019-12-27,14.44,-0.56,6.94,0.0,19500.0,0.0
2019-12-28,13.89,-0.56,6.66,0.0,18700.0,0.0
2019-12-29,12.78,5.0,8.89,6.35,18100.0,0.0
2019-12-30,15.0,2.22,8.61,0.0,17600.0,0.0
2019-12-31,13.33,0.56,6.94,0.0,17200.0,0.0
2020-01-01,14.44,5.0,9.72,0.0,16600.0,0.0
2020-01-02,17.22,3.89,10.56,0.0,16000.0,0.0
2020-01-03,15.0,3.89,9.44,0.0,15600.0,0.0
2020-01-04,13.89,5.0,9.44,2.29,15000.0,0.0
2020-01-05,15.56,2.78,9.17,0.0,14700.0,0.0
2020-01-06,13.33,2.78,8.06,0.0,14500.0,0.0
2020-01-07,7.22,1.67,4.44,0.0,14300.0,0.0
2020-01-08,8.89,5.56,7.22,0.0,14500.0,1.0
2020-01-09,11.67,3.33,7.5,10.41,15000.0,1.0
2020-01-10,12.22,1.67,6.94,0.0,15200.0,1.0
2020-01-11,15.0,3.89,9.44,0.0,15100.0,0.0
2020-01-12,11.67,1.11,6.39,0.0,15100.0,0.0
2020-01-13,13.89,5.56,9.72,0.0,14900.0,0.0
2020-01-14,13.89,3.89,8.89,0.76,14800.0,0.0
2020-01-15,10.56,0.56,5.56,0.0,14700.0,0.0
2020-01-16,9.44,5.0,7.22,8.13,14400.0,0.0
2020-01-17,8.33,4.44,6.38,0.0,14900.0,1.0
2020-01-18,12.22,3.33,7.78,0.0,15200.0,1.0
2020-01-19,8.33,4.44,6.38,0.0,16300.0,1.0
2020-01-20,10.56,5.0,7.78,0.0,16500.0,1.0
2020-01-21,13.89,5.0,9.44,0.76,16000.0,0.0
2020-01-22,15.56,7.78,11.67,0.0,15500.0,0.0
2020-01-23,13.89,5.0,9.44,0.0,15100.0,0.0
2020-01-24,17.22,6.67,11.94,0.0,15800.0,1.0
2020-01-25,14.44,6.67,10.56,1.78,16900.0,1.0
2020-01-26,18.89,8.89,13.89,4.83,17300.0,1.0
2020-01-27,17.78,7.22,12.5,0.0,18700.0,1.0
2020-01-28,15.56,5.56,10.56,0.0,22300.0,1.0
2020-01-29,18.33,6.11,12.22,0.0,24500.0,1.0
2020-01-30,17.78,8.89,13.34,0.0,23400.0,0.0
2020-01-31,18.33,6.11,12.22,0.0,21400.0,0.0
2020-02-01,18.33,6.11,12.22,0.0,19500.0,0.0
2020-02-02,15.0,4.44,9.72,0.0,18200.0,0.0
2020-02-03,12.22,2.22,7.22,0.0,17600.0,0.0
2020-02-04,12.78,1.11,6.94,0.0,16900.0,0.0
2020-02-05,16.67,0.56,8.62,0.0,16400.0,0.0
2020-02-06,17.22,2.22,9.72,0.0,16000.0,0.0
2020-02-07,17.78,2.22,10.0,0.0,15400.0,0.0
2020-02-08,17.78,3.89,10.84,0.0,15000.0,0.0
2020-02-09,17.22,8.33,12.77,0.0,14600.0,0.0
2020-02-10,22.22,5.0,13.61,0.0,13700.0,0.0
2020-02-11,23.33,2.78,13.06,0.0,13200.0,0.0
2020-02-12,18.89,3.89,11.39,0.0,13000.0,0.0
2020-02-13,16.67,3.33,10.0,0.0,12700.0,0.0
2020-02-14,17.78,3.89,10.84,0.0,12800.0,1.0
2020-02-15,18.33,3.89,11.11,0.0,13000.0,1.0
2020-02-16,19.44,8.33,13.89,0.0,13000.0,0.0
2020-02-17,21.67,7.22,14.44,0.0,12700.0,0.0
2020-02-18,18.89,6.67,12.78,0.0,12000.0,0.0
2020-02-19,18.89,3.89,11.39,0.0,11700.0,0.0
2020-02-20,19.44,5.0,12.22,0.0,11500.0,0.0
2020-02-21,22.78,5.56,14.17,0.0,11200.0,0.0
2020-02-22,21.11,6.11,13.61,0.0,11100.0,0.0
2020-02-23,17.22,6.67,11.94,0.0,11500.0,1.0
2020-02-24,23.33,6.67,15.0,0.0,11900.0,1.0
2020-02-25,23.89,7.22,15.56,0.0,11900.0,0.0
2020-02-26,23.89,5.56,14.72,0.0,12000.0,1.0
2020-02-27,24.44,6.11,15.28,0.0,12000.0,0.0
2020-02-28,22.78,7.22,15.0,0.0,11800.0,0.0
2020-02-29,18.33,8.33,13.33,0.0,11700.0,0.0
2020-03-01,16.11,7.22,11.66,0.0,12100.0,1.0
2020-03-02,22.22,9.44,15.83,0.0,12000.0,0.0
2020-03-03,24.44,5.0,14.72,0.0,11800.0,0.0
2020-03-04,25.0,6.11,15.56,0.0,11900.0,1.0
2020-03-05,20.56,9.44,15.0,0.0,11900.0,0.0
2020-03-06,16.11,8.89,12.5,0.0,12100.0,1.0
2020-03-07,13.33,8.33,10.83,3.3,12300.0,1.0
2020-03-08,14.44,7.22,10.83,0.0,12200.0,0.0
2020-03-09,18.89,8.33,13.61,0.0,11900.0,0.0
2020-03-10,24.44,7.78,16.11,0.0,11500.0,0.0
2020-03-11,22.78,8.89,15.84,0.0,11000.0,0.0
2020-03-12,27.78,8.89,18.34,0.0,10700.0,0.0
2020-03-13,19.44,6.67,13.06,0.0,10600.0,0.0
2020-03-14,11.11,8.89,10.0,5.08,11000.0,1.0
2020-03-15,11.67,7.22,9.44,8.89,11300.0,1.0
2020-03-16,8.33,4.44,6.38,17.27,12000.0,1.0
2020-03-17,12.78,2.78,7.78,0.0,12700.0,1.0
2020-03-18,11.67,7.22,9.44,1.27,12800.0,1.0
2020-03-19,15.56,1.67,8.62,0.0,13100.0,1.0
2020-03-20,18.33,4.44,11.38,0.0,14000.0,1.0
2020-03-21,18.33,5.0,11.66,0.0,14200.0,1.0
2020-03-22,20.56,5.56,13.06,0.0,13300.0,0.0
2020-03-23,15.56,9.44,12.5,0.0,12500.0,0.0
2020-03-24,14.44,6.67,10.56,0.25,12200.0,0.0
2020-03-25,15.0,5.0,10.0,0.0,11900.0,0.0
2020-03-26,16.11,2.22,9.16,0.0,11900.0,0.0
2020-03-27,16.11,3.33,9.72,0.0,11900.0,0.0
2020-03-28,13.89,8.33,11.11,3.56,11900.0,0.0
2020-03-29,17.22,8.89,13.06,0.25,11700.0,0.0
2020-03-30,18.89,10.0,14.44,0.0,11700.0,0.0
2020-03-31,21.67,9.44,15.56,0.0,12000.0,1.0
2020-04-01,18.89,5.56,12.22,0.0,12600.0,1.0
2020-04-02,20.0,7.22,13.61,0.0,12700.0,1.0
2020-04-03,20.0,4.44,12.22,0.0,12300.0,0.0
2020-04-04,13.33,7.78,10.56,23.11,12300.0,0.0
2020-04-05,13.33,8.33,10.83,16.0,13600.0,1.0
2020-04-06,13.89,3.89,8.89,3.3,16700.0,1.0
2020-04-07,18.89,6.11,12.5,0.0,19500.0,1.0
2020-04-08,16.67,7.78,12.23,0.0,19000.0,0.0
2020-04-09,17.22,10.56,13.89,0.25,17100.0,0.0
2020-04-10,21.11,7.78,14.44,0.0,15200.0,0.0
2020-04-11,19.44,9.44,14.44,0.0,14100.0,0.0
2020-04-12,22.78,10.56,16.67,0.0,13500.0,0.0
2020-04-13,25.0,9.44,17.22,0.0,13100.0,0.0
2020-04-14,26.67,10.56,18.62,0.0,12800.0,0.0
2020-04-15,26.67,7.78,17.23,0.0,12000.0,0.0
2020-04-16,27.22,11.11,19.16,0.0,11000.0,0.0
2020-04-17,20.0,10.56,15.28,0.0,10300.0,0.0
2020-04-18,19.44,11.11,15.28,0.0,10300.0,0.0
2020-04-19,20.0,10.0,15.0,0.0,10000.0,0.0
2020-04-20,20.0,10.56,15.28,0.0,9600.0,0.0
2020-04-21,25.56,8.33,16.94,0.0,9200.0,0.0
2020-04-22,27.78,11.11,19.44,0.0,8910.0,0.0
2020-04-23,30.56,12.78,21.67,0.0,8800.0,0.0
2020-04-24,33.89,13.89,23.89,0.0,8610.0,0.0
2020-04-25,32.22,13.89,23.06,0.0,8370.0,0.0
2020-04-26,29.44,12.78,21.11,0.0,8530.0,1.0
2020-04-27,31.11,11.11,21.11,0.0,8850.0,1.0
2020-04-28,32.78,13.33,23.06,0.0,8530.0,0.0
2020-04-29,26.11,15.0,20.56,0.0,8260.0,0.0
2020-04-30,29.44,12.22,20.83,0.0,8440.0,1.0
2020-05-01,28.33,10.56,19.44,0.0,8430.0,0.0
2020-05-02,23.89,12.22,18.06,0.0,8440.0,1.0
2020-05-03,25.56,10.0,17.78,0.0,8400.0,0.0
2020-05-04,29.44,8.33,18.89,0.0,8230.0,0.0
2020-05-05,29.44,10.56,20.0,0.0,8110.0,0.0
2020-05-06,30.0,9.44,19.72,0.0,8600.0,1.0
2020-05-07,33.89,11.67,22.78,0.0,8250.0,0.0
2020-05-08,35.56,11.67,23.62,0.0,7880.0,0.0
2020-05-09,32.78,14.44,23.61,0.0,7770.0,0.0
2020-05-10,24.44,11.67,18.06,0.0,7890.0,1.0
2020-05-11,25.0,12.22,18.61,1.27,8550.0,1.0
2020-05-12,21.67,12.22,16.94,0.76,9350.0,1.0
2020-05-13,20.56,10.56,15.56,0.0,10500.0,1.0
2020-05-14,21.67,12.22,16.94,0.0,11300.0,1.0
2020-05-15,26.11,10.56,18.34,0.0,11600.0,1.0
2020-05-16,26.67,14.44,20.56,0.25,11700.0,1.0
2020-05-17,23.89,15.56,19.73,2.54,12100.0,1.0
2020-05-18,22.22,12.22,17.22,3.3,12900.0,1.0
2020-05-19,22.78,9.44,16.11,0.0,13800.0,1.0
2020-05-20,25.0,11.67,18.34,0.0,15000.0,1.0
2020-05-21,28.89,10.56,19.73,0.0,15700.0,1.0
2020-05-22,26.67,11.67,19.17,0.0,15100.0,0.0
2020-05-23,30.0,12.78,21.39,0.0,13700.0,0.0
2020-05-24,34.44,11.11,22.78,0.0,12400.0,0.0
2020-05-25,37.22,14.44,25.83,0.0,11200.0,0.0
2020-05-26,38.89,18.33,28.61,0.0,10300.0,0.0
2020-05-27,38.89,20.0,29.44,0.0,9550.0,0.0
2020-05-28,37.78,17.78,27.78,0.0,9220.0,0.0
2020-05-29,29.44,15.0,22.22,0.0,9560.0,1.0
2020-05-30,26.11,16.11,21.11,0.0,10500.0,1.0
2020-05-31,26.11,13.89,20.0,0.0,11100.0,1.0
2020-06-01,30.0,15.56,22.78,0.0,11800.0,1.0
2020-06-02,36.11,15.0,25.56,0.0,12400.0,1.0
2020-06-03,38.33,17.22,27.78,0.0,12600.0,1.0
2020-06-04,37.78,17.22,27.5,0.0,12200.0,0.0
2020-06-05,25.0,13.89,19.44,0.0,11600.0,0.0
2020-06-06,25.0,12.22,18.61,0.0,11800.0,1.0
2020-06-07,23.89,10.56,17.23,0.0,12000.0,1.0
2020-06-08,28.33,12.78,20.56,0.0,11900.0,0.0
2020-06-09,32.78,11.11,21.94,0.0,11600.0,0.0
2020-06-10,35.56,15.0,25.28,0.0,11500.0,0.0
2020-06-11,35.0,16.67,25.84,0.0,11500.0,0.0
2020-06-12,23.33,13.33,18.33,0.0,11400.0,0.0
2020-06-13,25.56,13.33,19.44,0.0,11800.0,1.0
2020-06-14,30.0,12.22,21.11,0.0,12100.0,1.0
2020-06-15,30.0,16.67,23.34,0.0,12400.0,1.0
2020-06-16,27.78,11.67,19.73,0.0,13100.0,1.0
2020-06-17,31.67,14.44,23.06,0.0,13300.0,1.0
2020-06-18,35.56,13.89,24.72,0.0,13100.0,0.0
2020-06-19,35.56,17.78,26.67,0.0,12800.0,0.0
2020-06-20,32.22,14.44,23.33,0.0,12700.0,0.0
2020-06-21,35.56,16.11,25.84,0.0,12700.0,0.0
2020-06-22,37.22,15.56,26.39,0.0,12500.0,0.0
2020-06-23,35.56,16.11,25.84,0.0,12500.0,0.0
2020-06-24,36.11,15.0,25.56,0.0,12600.0,1.0
2020-06-25,37.22,16.67,26.94,0.0,12500.0,0.0
2020-06-26,37.22,16.67,26.94,0.0,12300.0,0.0
2020-06-27,30.56,15.56,23.06,0.0,12000.0,0.0
2020-06-28,27.22,14.44,20.83,0.0,12400.0,1.0
2020-06-29,31.67,14.44,23.06,0.0,12900.0,1.0
2020-06-30,34.44,15.0,24.72,0.0,12700.0,0.0
2020-07-01,34.44,15.56,25.0,0.0,12600.0,0.0
2020-07-02,30.56,13.33,21.94,0.0,13000.0,1.0
2020-07-03,30.0,12.78,21.39,0.0,13600.0,1.0
2020-07-04,36.11,15.0,25.56,0.0,13500.0,0.0
2020-07-05,36.67,16.11,26.39,0.0,13300.0,0.0
2020-07-06,31.67,16.11,23.89,0.0,13500.0,1.0
2020-07-07,33.33,13.33,23.33,0.0,14000.0,1.0
2020-07-08,35.56,16.0,25.78,0.0,14100.0,1.0
2020-07-09,36.67,15.0,25.84,0.0,14100.0,0.0
2020-07-10,37.22,17.78,27.5,0.0,14200.0,1.0
2020-07-11,39.44,18.33,28.88,0.0,14200.0,0.0
2020-07-12,39.44,17.78,28.61,0.0,14100.0,0.0
2020-07-13,33.89,16.67,25.28,0.0,14000.0,0.0
2020-07-14,32.78,13.89,23.34,0.0,14100.0,1.0
2020-07-15,33.89,14.44,24.16,0.0,14100.0,0.0
2020-07-16,31.67,15.0,23.34,0.0,14200.0,1.0
2020-07-17,32.22,14.44,23.33,0.0,14300.0,1.0
2020-07-18,36.67,16.11,26.39,0.0,14400.0,1.0
2020-07-19,32.78,15.56,24.17,0.0,14500.0,1.0
2020-07-20,29.44,13.89,21.66,0.0,14800.0,1.0
2020-07-21,30.0,13.89,21.94,0.0,14800.0,0.0
2020-07-22,30.0,13.89,21.94,0.0,14600.0,0.0
2020-07-23,32.78,13.89,23.34,0.0,14500.0,0.0
2020-07-24,32.22,15.56,23.89,0.0,14300.0,0.0
2020-07-25,34.44,13.89,24.16,0.0,13900.0,0.0
2020-07-26,35.56,15.56,25.56,0.0,13400.0,0.0
2020-07-27,35.0,16.11,25.56,0.0,12900.0,0.0
2020-07-28,36.67,14.44,25.56,0.0,12700.0,0.0
2020-07-29,35.56,15.0,25.28,0.0,12700.0,0.0
2020-07-30,35.0,14.44,24.72,0.0,12800.0,1.0
2020-07-31,34.44,13.89,24.16,0.0,12600.0,0.0
2020-08-01,35.0,15.0,25.0,0.0,12500.0,0.0
2020-08-02,35.0,15.56,25.28,0.0,12600.0,1.0
2020-08-03,36.11,17.22,26.66,0.0,12600.0,0.0
2020-08-04,32.78,16.11,24.44,0.0,12500.0,0.0
2020-08-05,25.0,15.56,20.28,0.0,12500.0,0.0
2020-08-06,30.56,14.44,22.5,0.0,12500.0,0.0
2020-08-07,32.78,15.0,23.89,0.0,12400.0,0.0
2020-08-08,34.44,16.67,25.56,0.0,12400.0,0.0
2020-08-09,36.67,17.78,27.22,0.0,12400.0,0.0
2020-08-10,35.56,17.78,26.67,0.0,12200.0,0.0
2020-08-11,29.44,16.11,22.78,0.0,12000.0,0.0
2020-08-12,36.11,14.44,25.28,0.0,12000.0,0.0
2020-08-13,37.78,18.89,28.34,0.0,12200.0,1.0
2020-08-14,40.56,22.22,31.39,0.0,12400.0,1.0
2020-08-15,42.22,22.78,32.5,0.0,12500.0,1.0
2020-08-16,43.33,25.56,34.44,0.51,12600.0,1.0
2020-08-17,40.56,22.22,31.39,0.0,13100.0,1.0
2020-08-18,40.56,22.78,31.67,0.0,13300.0,1.0
2020-08-19,37.78,21.11,29.44,0.0,13800.0,1.0
2020-08-20,31.11,17.78,24.44,0.0,14900.0,1.0
2020-08-21,33.33,17.22,25.28,0.0,16000.0,1.0
2020-08-22,36.11,18.89,27.5,0.0,16500.0,1.0
2020-08-23,36.11,18.89,27.5,0.0,16500.0,0.0
2020-08-24,33.89,21.67,27.78,0.0,16100.0,0.0
2020-08-25,32.78,17.78,25.28,0.0,15800.0,0.0
2020-08-26,31.67,16.67,24.17,0.0,15400.0,0.0
2020-08-27,33.33,13.33,23.33,0.0,15100.0,0.0
2020-08-28,33.33,15.56,24.44,0.0,14700.0,0.0
2020-08-29,32.22,15.56,23.89,0.0,14400.0,0.0
2020-08-30,33.89,14.44,24.16,0.0,14100.0,0.0
2020-08-31,34.44,14.44,24.44,0.0,13600.0,0.0
2020-09-01,30.56,15.0,22.78,0.0,13300.0,0.0
2020-09-02,28.89,15.0,21.94,0.0,13200.0,0.0
2020-09-03,32.22,14.44,23.33,0.0,13000.0,0.0
2020-09-04,34.44,14.44,24.44,0.0,12900.0,0.0
2020-09-05,37.78,16.11,26.94,0.0,12700.0,0.0
2020-09-06,42.78,22.22,32.5,0.0,12500.0,0.0
2020-09-07,40.56,21.67,31.12,0.0,12300.0,0.0
2020-09-08,33.89,22.78,28.34,0.0,12200.0,0.0
2020-09-09,27.22,17.22,22.22,0.0,12300.0,1.0
2020-09-10,27.22,14.44,20.83,0.0,12400.0,1.0
2020-09-11,29.44,13.33,21.38,0.0,12100.0,0.0
2020-09-12,32.22,13.33,22.78,0.0,12000.0,0.0
2020-09-13,31.11,15.0,23.06,0.0,12000.0,0.0
2020-09-14,30.56,13.89,22.22,0.0,12200.0,1.0
2020-09-15,31.67,14.44,23.06,0.0,12200.0,0.0
2020-09-16,32.22,15.56,23.89,0.0,11900.0,0.0
2020-09-17,31.67,16.67,24.17,0.0,11300.0,0.0
2020-09-18,27.78,16.11,21.94,0.0,11200.0,0.0
2020-09-19,30.56,14.44,22.5,0.0,11400.0,1.0
2020-09-20,31.67,13.33,22.5,0.0,11100.0,0.0
2020-09-21,32.22,14.44,23.33,0.0,10600.0,0.0
2020-09-22,31.67,16.67,24.17,0.0,10400.0,0.0
2020-09-23,31.67,13.89,22.78,0.0,10300.0,0.0
2020-09-24,31.67,15.56,23.62,0.0,10100.0,0.0
2020-09-25,30.0,14.44,22.22,0.0,10400.0,1.0
2020-09-26,31.67,14.44,23.06,0.0,10700.0,1.0
2020-09-27,35.56,20.56,28.06,0.0,10700.0,0.0
2020-09-28,37.78,19.44,28.61,0.0,10700.0,0.0
2020-09-29,35.0,15.56,25.28,0.0,10500.0,0.0
2020-09-30,38.33,15.0,26.66,0.0,10600.0,1.0
2020-10-01,35.0,15.56,25.28,0.0,10500.0,0.0
2020-10-02,33.89,16.11,25.0,0.0,10300.0,0.0
2020-10-03,33.89,15.0,24.44,0.0,10100.0,0.0
2020-10-04,33.33,13.33,23.33,0.0,9880.0,0.0
2020-10-05,35.0,11.67,23.34,0.0,9790.0,0.0
2020-10-06,33.33,12.22,22.78,0.0,9500.0,0.0
2020-10-07,29.44,13.33,21.38,0.0,9110.0,0.0
2020-10-08,23.33,13.89,18.61,0.0,9220.0,1.0
2020-10-09,23.33,12.78,18.06,0.0,9140.0,0.0
2020-10-10,26.11,14.44,20.27,0.0,8980.0,0.0
2020-10-11,28.33,12.78,20.56,0.0,9160.0,1.0
2020-10-12,31.11,10.56,20.84,0.0,8740.0,0.0
2020-10-13,32.78,11.11,21.94,0.0,8470.0,0.0
2020-10-14,34.44,16.11,25.28,0.0,8760.0,1.0
2020-10-15,33.89,16.11,25.0,0.0,8690.0,0.0
2020-10-16,35.0,13.33,24.16,0.0,8430.0,0.0
2020-10-17,33.33,11.67,22.5,0.0,8310.0,0.0
2020-10-18,33.33,12.78,23.06,0.0,8200.0,0.0
2020-10-19,31.67,12.22,21.94,0.0,8090.0,0.0
2020-10-20,31.11,11.67,21.39,0.0,7790.0,0.0
2020-10-21,31.11,11.67,21.39,0.0,7720.0,0.0
2020-10-22,26.67,13.33,20.0,0.0,7820.0,1.0
2020-10-23,26.11,9.44,17.77,0.0,7680.0,0.0
2020-10-24,21.67,10.0,15.84,0.0,7540.0,0.0
2020-10-25,21.11,10.56,15.84,0.0,8120.0,1.0
2020-10-26,23.33,9.44,16.38,0.0,8150.0,1.0
2020-10-27,23.33,7.78,15.56,0.0,7460.0,0.0
2020-10-28,24.44,5.0,14.72,0.0,7470.0,1.0
2020-10-29,25.0,6.11,15.56,0.0,7640.0,1.0
2020-10-30,26.11,5.56,15.84,0.0,7680.0,1.0
2020-10-31,26.67,6.11,16.39,0.0,7830.0,1.0
2020-11-01,26.67,6.67,16.67,0.0,7700.0,0.0
2020-11-02,28.33,6.67,17.5,0.0,7280.0,0.0
2020-11-03,25.56,7.78,16.67,0.0,7340.0,1.0
2020-11-04,26.11,6.67,16.39,0.0,7800.0,1.0
2020-11-05,26.67,7.78,17.23,0.0,7730.0,0.0
2020-11-06,18.89,8.33,13.61,0.0,7650.0,0.0
2020-11-07,16.11,8.33,12.22,0.0,8110.0,1.0
2020-11-08,15.0,6.11,10.56,0.0,8350.0,1.0
2020-11-09,14.44,1.11,7.78,0.0,8040.0,0.0
2020-11-10,16.67,0.0,8.34,0.0,7640.0,0.0
2020-11-11,15.0,3.33,9.16,0.0,7720.0,1.0
2020-11-12,17.22,0.0,8.61,0.0,7800.0,1.0
2020-11-13,15.0,8.33,11.66,1.02,7940.0,1.0
2020-11-14,16.11,5.56,10.84,0.0,8140.0,1.0
2020-11-15,21.11,2.78,11.94,0.0,8150.0,1.0
2020-11-16,20.0,5.0,12.5,0.0,8090.0,0.0
2020-11-17,17.78,8.33,13.06,7.37,8150.0,1.0
2020-11-18,17.78,9.44,13.61,5.33,9070.0,1.0
2020-11-19,17.22,5.56,11.39,0.0,9650.0,1.0
2020-11-20,17.78,3.33,10.56,0.0,9520.0,0.0
2020-11-21,16.67,1.11,8.89,0.0,9420.0,0.0
2020-11-22,16.67,1.11,8.89,0.0,9310.0,0.0
2020-11-23,18.33,3.33,10.83,0.0,9150.0,0.0
2020-11-24,17.22,2.78,10.0,0.0,9060.0,0.0
2020-11-25,16.67,5.56,11.12,0.0,9470.0,1.0
2020-11-26,17.78,6.67,12.23,0.0,9600.0,1.0
2020-11-27,15.56,0.0,7.78,0.0,9110.0,0.0
2020-11-28,17.22,0.56,8.89,0.0,9050.0,0.0
2020-11-29,17.22,0.0,8.61,0.0,8860.0,0.0
2020-11-30,17.78,0.56,9.17,0.0,8730.0,0.0
2020-12-01,17.22,1.11,9.16,0.0,8580.0,0.0
2020-12-02,18.33,1.11,9.72,0.0,8580.0,0.0
2020-12-03,18.33,2.78,10.56,0.0,8600.0,1.0
2020-12-04,18.89,2.78,10.84,0.0,8470.0,0.0
2020-12-05,17.78,2.78,10.28,0.0,8370.0,0.0
2020-12-06,17.22,4.44,10.83,0.0,8400.0,1.0
2020-12-07,22.78,10.0,16.39,0.0,8280.0,0.0
2020-12-08,18.33,1.67,10.0,0.0,7920.0,0.0
2020-12-09,18.33,2.78,10.56,0.0,7910.0,0.0
2020-12-10,18.89,1.11,10.0,0.0,7840.0,0.0
2020-12-11,12.78,2.22,7.5,5.59,8020.0,1.0
2020-12-12,12.22,5.56,8.89,0.76,8130.0,1.0
2020-12-13,11.67,5.0,8.34,19.81,8250.0,1.0
2020-12-14,13.33,2.78,8.06,0.0,8990.0,1.0
2020-12-15,12.78,1.11,6.94,0.0,9380.0,1.0
2020-12-16,12.22,2.22,7.22,0.0,9340.0,0.0
2020-12-17,14.44,7.78,11.11,7.87,9580.0,1.0
2020-12-18,13.89,2.78,8.34,0.0,10100.0,1.0
2020-12-19,13.89,0.56,7.22,0.0,10200.0,1.0
2020-12-20,12.78,0.56,6.67,0.0,9960.0,0.0
2020-12-21,9.44,2.22,5.83,0.0,9690.0,0.0
2020-12-22,15.0,3.89,9.44,0.0,9570.0,0.0
2020-12-23,10.0,0.0,5.0,0.0,9370.0,0.0
2020-12-24,12.22,2.78,7.5,0.0,8820.0,0.0
2020-12-25,13.33,5.0,9.16,2.54,8250.0,0.0
2020-12-26,15.0,6.11,10.56,0.0,8290.0,1.0
2020-12-27,13.89,4.44,9.17,0.0,8380.0,1.0
2020-12-28,12.78,3.89,8.33,1.27,8530.0,1.0
2020-12-29,15.0,2.22,8.61,0.0,8910.0,1.0
2020-12-30,13.33,1.11,7.22,1.27,8760.0,0.0
2020-12-31,15.56,6.67,11.12,0.0,8690.0,0.0
2021-01-01,12.78,2.78,7.78,0.25,8520.0,0.0
2021-01-02,10.56,8.33,9.44,1.02,8350.0,0.0
2021-01-03,13.33,8.33,10.83,0.0,8070.0,0.0
2021-01-04,14.44,7.78,11.11,5.33,8000.0,0.0
2021-01-05,14.44,2.78,8.61,0.0,8600.0,1.0
2021-01-06,12.78,1.67,7.22,0.0,8660.0,1.0
2021-01-07,11.67,2.78,7.22,0.0,8990.0,1.0
2021-01-08,12.78,5.0,8.89,0.25,9300.0,1.0
2021-01-09,13.33,0.56,6.94,0.0,9140.0,0.0
2021-01-10,12.22,1.11,6.66,0.0,8830.0,0.0
2021-01-11,15.0,2.22,8.61,0.0,8720.0,0.0
2021-01-12,13.89,5.56,9.72,0.0,8780.0,1.0
2021-01-13,18.33,7.78,13.06,0.0,8900.0,1.0
2021-01-14,14.44,5.0,9.72,0.0,8820.0,0.0
2021-01-15,16.67,3.89,10.28,0.0,8480.0,0.0
2021-01-16,21.11,4.44,12.78,0.0,8420.0,0.0
2021-01-17,21.11,5.0,13.06,0.0,8720.0,1.0
2021-01-18,22.78,7.78,15.28,0.0,9110.0,1.0
2021-01-19,19.44,9.44,14.44,0.0,8670.0,0.0
2021-01-20,19.44,3.89,11.66,0.0,7840.0,0.0
2021-01-21,16.67,0.56,8.62,0.0,7620.0,0.0
2021-01-22,11.67,6.67,9.17,4.57,7620.0,0.0
2021-01-23,14.44,3.33,8.88,0.0,7740.0,1.0
2021-01-24,11.0,1.11,6.06,4.32,7530.0,0.0
2021-01-25,12.22,1.11,6.66,0.51,7970.0,1.0
2021-01-26,10.0,-2.22,3.89,5.33,7710.0,0.0
2021-01-27,10.56,5.0,7.78,28.45,8770.0,1.0
2021-01-28,10.0,7.78,8.89,11.18,10700.0,1.0
2021-01-29,11.67,5.0,8.34,2.29,12600.0,1.0
2021-01-30,15.0,5.56,10.28,0.0,15200.0,1.0
2021-01-31,17.78,8.33,13.06,0.0,16400.0,1.0
2021-02-01,18.89,7.78,13.34,0.76,15300.0,0.0
2021-02-02,15.0,7.78,11.39,6.35,13700.0,0.0
2021-02-03,13.89,2.22,8.06,0.0,13000.0,0.0
2021-02-04,16.67,4.44,10.56,0.0,13700.0,1.0
2021-02-05,17.78,1.67,9.73,0.0,14900.0,1.0
2021-02-06,17.78,2.0,9.89,0.0,14400.0,0.0
2021-02-07,18.89,3.33,11.11,0.0,12600.0,0.0
2021-02-08,17.22,4.44,10.83,0.0,11300.0,0.0
2021-02-09,18.33,10.0,14.16,0.0,10900.0,0.0
2021-02-10,19.44,7.22,13.33,0.0,10800.0,0.0
2021-02-11,13.33,8.89,11.11,12.7,10900.0,1.0
2021-02-12,16.11,7.22,11.66,0.0,11200.0,1.0
2021-02-13,18.33,7.22,12.77,0.0,11300.0,1.0
2021-02-14,13.33,5.56,9.44,0.0,12000.0,1.0
2021-02-15,16.11,6.0,11.06,0.0,12800.0,1.0
2021-02-16,16.67,4.44,10.56,0.0,13400.0,1.0
2021-02-17,16.11,5.56,10.84,0.0,13400.0,0.0
2021-02-18,15.56,1.11,8.34,0.0,13100.0,0.0
2021-02-19,13.89,8.33,11.11,1.78,12400.0,0.0
2021-02-20,14.44,6.11,10.28,1.27,11600.0,0.0
2021-02-21,17.78,4.44,11.11,0.0,10900.0,0.0
2021-02-22,20.0,3.33,11.66,0.0,10200.0,0.0
2021-02-23,23.89,7.78,15.84,0.0,10100.0,0.0
2021-02-24,18.89,6.11,12.5,0.0,10100.0,0.0
2021-02-25,18.33,5.56,11.94,0.0,9390.0,0.0
2021-02-26,18.89,1.67,10.28,0.0,9110.0,0.0
2021-02-27,17.22,6.11,11.66,0.0,9130.0,1.0
2021-02-28,18.89,5.56,12.22,0.0,8570.0,0.0
2021-03-01,20.56,2.78,11.67,0.0,8110.0,0.0
2021-03-02,21.11,5.56,13.34,0.0,7920.0,0.0
2021-03-03,18.33,4.44,11.38,0.0,7760.0,0.0
2021-03-04,17.78,5.0,11.39,0.0,7940.0,1.0
2021-03-05,18.33,5.0,11.66,0.0,7600.0,0.0
2021-03-06,16.67,6.67,11.67,3.3,7690.0,1.0
2021-03-07,18.33,2.78,10.56,0.0,7890.0,1.0
2021-03-08,14.44,5.56,10.0,0.0,7810.0,0.0
2021-03-09,13.33,5.0,9.16,7.37,7920.0,1.0
2021-03-10,12.22,3.89,8.06,3.05,8230.0,1.0
2021-03-11,14.44,2.22,8.33,0.0,9630.0,1.0
2021-03-12,20.56,1.67,11.11,0.0,10700.0,1.0
2021-03-13,17.78,5.56,11.67,0.0,10900.0,1.0
2021-03-14,13.89,6.11,10.0,3.05,10500.0,0.0
2021-03-15,12.22,2.78,7.5,0.0,10000.0,0.0
2021-03-16,15.56,2.22,8.89,0.0,9720.0,0.0
2021-03-17,13.89,2.78,8.34,0.0,9990.0,1.0
2021-03-18,13.89,8.89,11.39,10.16,10900.0,1.0
2021-03-19,16.11,7.78,11.94,0.0,11000.0,1.0
2021-03-20,16.11,3.89,10.0,0.0,11000.0,0.0
2021-03-21,20.0,5.56,12.78,0.0,11900.0,1.0
2021-03-22,17.78,7.22,12.5,0.0,12400.0,1.0
2021-03-23,20.0,8.33,14.16,0.0,12000.0,0.0
2021-03-24,20.56,7.22,13.89,0.0,10500.0,0.0
2021-03-25,18.89,6.67,12.78,0.0,9810.0,0.0
2021-03-26,23.33,8.33,15.83,0.0,9610.0,0.0
2021-03-27,23.33,5.0,14.16,0.0,9130.0,0.0
2021-03-28,26.11,7.22,16.66,0.0,8790.0,0.0
2021-03-29,23.33,7.22,15.27,0.0,8730.0,0.0
2021-03-30,26.67,10.56,18.62,0.0,8670.0,0.0
2021-03-31,27.78,9.44,18.61,0.0,8320.0,0.0
2021-04-01,29.44,8.33,18.89,0.0,8190.0,0.0
2021-04-02,27.22,10.0,18.61,0.0,8150.0,0.0
2021-04-03,20.56,8.33,14.44,0.0,8350.0,1.0
2021-04-04,19.44,6.67,13.06,0.0,8620.0,1.0
2021-04-05,20.56,8.89,14.72,0.0,8680.0,1.0
2021-04-06,23.89,7.78,15.84,0.0,8980.0,1.0
2021-04-07,22.22,7.78,15.0,0.0,9040.0,1.0
2021-04-08,25.0,6.67,15.84,0.0,9280.0,1.0
2021-04-09,23.89,8.89,16.39,0.0,9120.0,0.0
2021-04-10,25.56,7.22,16.39,0.0,9140.0,1.0
2021-04-11,28.33,7.22,17.77,0.0,9110.0,0.0
2021-04-12,29.44,7.78,18.61,0.0,9000.0,0.0
2021-04-13,23.89,9.44,16.66,0.0,8930.0,0.0
2021-04-14,23.33,6.67,15.0,0.0,8880.0,0.0
2021-04-15,23.89,8.89,16.39,0.0,8600.0,0.0
2021-04-16,27.22,7.22,17.22,0.0,8340.0,0.0
2021-04-17,31.11,7.78,19.44,0.0,8350.0,1.0
2021-04-18,32.22,11.11,21.66,0.0,7920.0,0.0
2021-04-19,28.33,11.67,20.0,0.0,7320.0,0.0
2021-04-20,23.33,10.56,16.94,0.0,7170.0,0.0
2021-04-21,25.56,8.33,16.94,0.0,7100.0,0.0
2021-04-22,20.56,10.0,15.28,0.0,6850.0,0.0
2021-04-23,23.33,8.89,16.11,0.0,6830.0,0.0
2021-04-24,20.56,10.0,15.28,0.0,6580.0,0.0
2021-04-25,16.67,7.22,11.94,0.25,6220.0,0.0
2021-04-26,18.33,4.44,11.38,0.0,6300.0,1.0
2021-04-27,26.11,5.56,15.84,0.0,6550.0,1.0
2021-04-28,30.56,7.78,19.17,0.0,6540.0,0.0
2021-04-29,31.67,11.11,21.39,0.0,6100.0,0.0
2021-04-30,29.44,12.78,21.11,0.0,5620.0,0.0
2021-05-01,27.78,10.56,19.17,0.0,5520.0,0.0
2021-05-02,29.44,10.56,20.0,0.0,6040.0,1.0
2021-05-03,32.22,16.67,24.44,0.0,6090.0,1.0
2021-05-04,32.78,14.44,23.61,0.0,5750.0,0.0
2021-05-05,33.33,12.78,23.06,0.0,5460.0,0.0
2021-05-06,28.33,10.56,19.44,0.0,5280.0,0.0
2021-05-07,27.22,10.56,18.89,0.0,5940.0,1.0
2021-05-08,30.56,16.67,23.62,0.0,6390.0,1.0
2021-05-09,31.11,17.22,24.16,0.0,6740.0,1.0
2021-05-10,32.78,17.78,25.28,0.0,7650.0,1.0
2021-05-11,34.44,11.67,23.06,0.0,7620.0,0.0
2021-05-12,33.33,13.89,23.61,0.0,7320.0,0.0
2021-05-13,29.44,11.11,20.27,0.0,7260.0,0.0
2021-05-14,26.11,10.56,18.34,0.0,7270.0,1.0
2021-05-15,22.22,11.11,16.66,0.0,7420.0,1.0
2021-05-16,23.89,11.11,17.5,0.0,7400.0,0.0
2021-05-17,23.33,10.0,16.66,0.0,7800.0,1.0
2021-05-18,28.33,11.11,19.72,0.0,7770.0,0.0
2021-05-19,23.33,11.11,17.22,0.0,7890.0,1.0
2021-05-20,22.22,6.11,14.16,0.25,8540.0,1.0
2021-05-21,23.89,11.67,17.78,0.0,8270.0,0.0
2021-05-22,26.67,8.33,17.5,0.0,8040.0,0.0
2021-05-23,26.11,11.11,18.61,0.0,8220.0,1.0
2021-05-24,30.0,12.22,21.11,0.0,8270.0,1.0
2021-05-25,27.78,15.56,21.67,0.0,8190.0,0.0
2021-05-26,30.56,11.11,20.84,0.0,7910.0,0.0
2021-05-27,29.44,11.67,20.56,0.0,7650.0,0.0
2021-05-28,31.11,14.44,22.78,0.0,7330.0,0.0
2021-05-29,27.22,11.67,19.44,0.0,6930.0,0.0
2021-05-30,36.11,11.11,23.61,0.0,6640.0,0.0
2021-05-31,40.0,17.78,28.89,0.0,6260.0,0.0
2021-06-01,34.44,17.78,26.11,0.0,5980.0,0.0
2021-06-02,32.78,14.44,23.61,0.0,6050.0,1.0
2021-06-03,33.89,12.78,23.34,0.0,5750.0,0.0
2021-06-04,32.22,16.11,24.16,0.0,5690.0,0.0
2021-06-05,32.22,13.89,23.06,0.0,6100.0,1.0
2021-06-06,30.56,13.89,22.22,0.0,6210.0,1.0
2021-06-07,26.11,12.78,19.44,0.0,6180.0,0.0
2021-06-08,22.78,11.11,16.94,0.0,6530.0,1.0
2021-06-09,22.22,10.0,16.11,0.0,6810.0,1.0
2021-06-10,24.44,9.44,16.94,0.0,7040.0,1.0
2021-06-11,27.22,11.11,19.16,0.0,6880.0,0.0
2021-06-12,31.11,15.0,23.06,0.0,6670.0,0.0
2021-06-13,30.56,16.11,23.34,0.0,6720.0,1.0
2021-06-14,28.89,16.11,22.5,0.0,6860.0,1.0
2021-06-15,32.78,12.22,22.5,0.0,7020.0,1.0
2021-06-16,36.67,13.33,25.0,0.0,6950.0,0.0
2021-06-17,41.67,15.56,28.62,0.0,6260.0,0.0
2021-06-18,41.67,19.44,30.56,0.0,6020.0,0.0
2021-06-19,38.33,20.56,29.44,0.0,6220.0,1.0
2021-06-20,36.11,17.22,26.66,0.0,6490.0,1.0
2021-06-21,30.0,15.0,22.5,0.0,6680.0,1.0
2021-06-22,27.78,15.0,21.39,0.0,6940.0,1.0
2021-06-23,28.89,14.44,21.66,0.0,6910.0,0.0
2021-06-24,30.0,13.89,21.94,0.0,6920.0,1.0
2021-06-25,32.22,13.33,22.78,0.0,7060.0,1.0
2021-06-26,35.56,13.89,24.72,0.0,7070.0,1.0
2021-06-27,32.22,15.56,23.89,0.0,6890.0,0.0
2021-06-28,32.22,14.44,23.33,0.0,6950.0,1.0
2021-06-29,34.44,15.56,25.0,0.0,6960.0,1.0
2021-06-30,30.56,16.67,23.62,0.0,7140.0,1.0
2021-07-01,30.0,15.0,22.5,0.0,7400.0,1.0
2021-07-02,33.89,14.44,24.16,0.0,7120.0,0.0
2021-07-03,32.78,13.89,23.34,0.0,6630.0,0.0
2021-07-04,32.22,15.0,23.61,0.0,6790.0,1.0
2021-07-05,32.78,13.89,23.34,0.0,7270.0,1.0
2021-07-06,31.67,13.33,22.5,0.0,7450.0,1.0
2021-07-07,32.78,13.33,23.06,0.0,7630.0,1.0
2021-07-08,38.33,13.89,26.11,0.0,7840.0,1.0
2021-07-09,41.11,21.67,31.39,0.0,7640.0,0.0
2021-07-10,42.22,18.89,30.56,0.0,7420.0,0.0
2021-07-11,36.11,17.78,26.94,0.0,7450.0,1.0
2021-07-12,32.22,13.33,22.78,0.0,7420.0,0.0
2021-07-13,28.89,12.78,20.84,0.0,7330.0,0.0
2021-07-14,30.56,12.22,21.39,0.0,7360.0,1.0
2021-07-15,28.33,12.78,20.56,0.0,7470.0,1.0
2021-07-16,32.22,12.22,22.22,0.0,7510.0,1.0
2021-07-17,35.0,15.56,25.28,0.0,7440.0,0.0
2021-07-18,36.67,17.22,26.94,0.0,7520.0,1.0
2021-07-19,36.11,20.0,28.06,0.0,7580.0,1.0
2021-07-20,32.22,15.56,23.89,0.0,7540.0,0.0
2021-07-21,34.44,15.56,25.0,0.0,7540.0,0.0
2021-07-22,35.0,15.0,25.0,0.0,7740.0,1.0
2021-07-23,36.67,13.89,25.28,0.0,7750.0,1.0
2021-07-24,36.67,16.11,26.39,0.0,7510.0,0.0
2021-07-25,35.56,15.0,25.28,0.0,7500.0,0.0
2021-07-26,28.89,16.11,22.5,0.0,7790.0,1.0
2021-07-27,34.44,18.33,26.38,0.0,8130.0,1.0
2021-07-28,38.33,17.22,27.78,0.0,7510.0,0.0
2021-07-29,38.33,17.78,28.06,0.0,7380.0,0.0
2021-07-30,38.89,17.78,28.34,0.0,7300.0,0.0
2021-07-31,33.33,16.67,25.0,0.0,7140.0,0.0
2021-08-01,33.89,15.56,24.72,0.0,7070.0,0.0
2021-08-02,35.0,15.56,25.28,0.0,7170.0,1.0
2021-08-03,36.67,13.89,25.28,0.0,7190.0,1.0
2021-08-04,33.89,14.44,24.16,0.0,7080.0,0.0
2021-08-05,29.44,14.44,21.94,0.0,7300.0,1.0
2021-08-06,33.89,14.44,24.16,0.0,7430.0,1.0
2021-08-07,32.22,18.33,25.28,0.0,7280.0,0.0
2021-08-08,32.78,15.56,24.17,0.0,7230.0,0.0
2021-08-09,33.89,15.56,24.72,0.0,7250.0,1.0
2021-08-10,37.22,16.11,26.66,0.0,7290.0,1.0
2021-08-11,37.78,18.33,28.06,0.0,7290.0,0.0
2021-08-12,34.44,16.11,25.28,0.0,7290.0,0.0
2021-08-13,32.78,16.11,24.44,0.0,7370.0,1.0
2021-08-14,37.22,17.22,27.22,0.0,7220.0,0.0
2021-08-15,34.44,16.67,25.56,0.0,7130.0,0.0
2021-08-16,36.11,17.22,26.66,0.0,7380.0,1.0
2021-08-17,29.44,17.22,23.33,0.0,7700.0,1.0
2021-08-18,27.78,13.33,20.56,0.0,8040.0,1.0
2021-08-19,30.56,12.78,21.67,0.0,8230.0,1.0
2021-08-20,28.89,15.0,21.94,0.0,8090.0,0.0
2021-08-21,23.33,15.0,19.16,0.0,8120.0,1.0
2021-08-22,28.89,12.22,20.56,0.0,8150.0,1.0
2021-08-23,28.89,13.33,21.11,0.0,8080.0,0.0
2021-08-24,29.44,12.78,21.11,0.0,8180.0,1.0
2021-08-25,30.56,12.78,21.67,0.0,8100.0,0.0
2021-08-26,35.0,12.22,23.61,0.0,8190.0,1.0
2021-08-27,36.11,15.56,25.84,0.0,8070.0,0.0
2021-08-28,37.78,16.11,26.94,0.0,7670.0,0.0
2021-08-29,38.33,16.67,27.5,0.0,7470.0,0.0
2021-08-30,36.67,17.78,27.22,0.0,7330.0,0.0
2021-08-31,32.22,15.0,23.61,0.0,7250.0,0.0
2021-09-01,24.44,13.33,18.89,0.0,7350.0,1.0
2021-09-02,27.78,11.67,19.73,0.0,7750.0,1.0
2021-09-03,31.11,11.11,21.11,0.0,7880.0,1.0
2021-09-04,35.0,12.78,23.89,0.0,7990.0,1.0
2021-09-05,37.22,14.44,25.83,0.0,8020.0,1.0
2021-09-06,38.89,14.44,26.66,0.0,7900.0,0.0
2021-09-07,38.89,17.22,28.06,0.0,7630.0,0.0
2021-09-08,40.0,17.22,28.61,0.0,7510.0,0.0
2021-09-09,36.11,20.56,28.34,0.25,7570.0,1.0
2021-09-10,31.11,17.22,24.16,1.02,7830.0,1.0
2021-09-11,33.89,13.89,23.89,0.0,7780.0,0.0
2021-09-12,35.56,15.56,25.56,0.0,7640.0,0.0
2021-09-13,35.56,16.67,26.12,0.0,7580.0,0.0
2021-09-14,35.56,15.0,25.28,0.0,7540.0,0.0
2021-09-15,30.0,13.89,21.94,0.0,7490.0,0.0
2021-09-16,26.11,12.78,19.44,0.0,7590.0,1.0
2021-09-17,28.33,11.67,20.0,0.0,7670.0,1.0
2021-09-18,25.0,13.33,19.16,0.0,7730.0,1.0
2021-09-19,27.22,15.56,21.39,0.0,7910.0,1.0
2021-09-20,32.22,15.56,23.89,0.0,7750.0,0.0
2021-09-21,35.0,13.89,24.44,0.0,7520.0,0.0
2021-09-22,35.0,15.56,25.28,0.0,7340.0,0.0
2021-09-23,35.56,13.89,24.72,0.0,7490.0,1.0
2021-09-24,35.0,15.56,25.28,0.0,7390.0,0.0
2021-09-25,30.0,14.44,22.22,0.0,7280.0,0.0
2021-09-26,26.67,13.89,20.28,0.0,7220.0,0.0
2021-09-27,26.11,13.33,19.72,0.0,7240.0,1.0
2021-09-28,26.67,12.78,19.73,0.0,7630.0,1.0
2021-09-29,29.44,8.89,19.16,0.0,7520.0,0.0
2021-09-30,30.56,9.44,20.0,0.0,7500.0,0.0
2021-10-01,31.11,11.11,21.11,0.0,7300.0,0.0
2021-10-02,32.22,12.22,22.22,0.0,7200.0,0.0
2021-10-03,31.11,12.78,21.94,0.0,7220.0,1.0
2021-10-04,31.11,11.67,21.39,0.0,7010.0,0.0
2021-10-05,27.78,14.44,21.11,0.0,7040.0,1.0
2021-10-06,23.33,13.33,18.33,0.0,7280.0,1.0
2021-10-07,22.22,12.22,17.22,0.0,7280.0,0.0
2021-10-08,19.44,11.11,15.28,0.0,7470.0,1.0
2021-10-09,23.89,8.33,16.11,0.0,7630.0,1.0
2021-10-10,25.56,7.78,16.67,0.0,7500.0,0.0
2021-10-11,20.56,13.33,16.94,0.0,8070.0,1.0
2021-10-12,21.67,7.78,14.73,0.0,7790.0,0.0
2021-10-13,22.22,7.78,15.0,0.0,7380.0,0.0
2021-10-14,25.0,6.67,15.84,0.0,7620.0,1.0
2021-10-15,26.67,6.11,16.39,0.0,7560.0,0.0
2021-10-16,28.33,7.78,18.06,0.0,7200.0,0.0
2021-10-17,23.33,9.44,16.38,1.02,6970.0,0.0
2021-10-18,17.22,6.67,11.94,0.0,7360.0,1.0
2021-10-19,18.89,4.44,11.66,0.0,7350.0,0.0
2021-10-20,20.0,13.89,16.94,0.0,7440.0,1.0
2021-10-21,22.22,14.44,18.33,8.13,7710.0,1.0
2021-10-22,18.89,13.33,16.11,7.37,8240.0,1.0
2021-10-23,17.78,11.11,14.44,4.83,8860.0,1.0
2021-10-24,15.56,12.22,13.89,137.41,12900.0,1.0
2021-10-25,18.33,11.11,14.72,11.68,24300.0,1.0
2021-10-26,18.33,10.0,14.16,0.0,34500.0,1.0
2021-10-27,21.67,11.67,16.67,0.0,35100.0,1.0
2021-10-28,22.78,10.0,16.39,0.0,29200.0,0.0
2021-10-29,22.78,10.0,16.39,0.0,22400.0,0.0
2021-10-30,20.0,13.33,16.66,0.0,18300.0,0.0
2021-10-31,18.89,8.89,13.89,0.0,14800.0,0.0
2021-11-01,17.22,11.67,14.44,0.51,12300.0,0.0
2021-11-02,21.11,13.89,17.5,0.0,11000.0,0.0
2021-11-03,22.22,9.44,15.83,0.0,9900.0,0.0
2021-11-04,20.0,10.56,15.28,1.27,9910.0,1.0
2021-11-05,17.22,6.67,11.94,0.0,10100.0,1.0
2021-11-06,16.67,10.56,13.62,0.0,9670.0,0.0
2021-11-07,16.67,6.11,11.39,0.0,9300.0,0.0
2021-11-08,16.67,3.33,10.0,6.6,8810.0,0.0
2021-11-09,15.56,10.56,13.06,8.38,9050.0,1.0
2021-11-10,17.78,9.44,13.61,0.0,9530.0,1.0
2021-11-11,17.78,7.78,12.78,0.0,10700.0,1.0
2021-11-12,15.56,7.22,11.39,0.0,13000.0,1.0
2021-11-13,15.0,10.56,12.78,0.0,12400.0,0.0
2021-11-14,13.33,10.56,11.94,0.0,10700.0,0.0
2021-11-15,15.0,11.11,13.06,0.0,9180.0,0.0
2021-11-16,17.22,8.89,13.06,0.0,8320.0,0.0
2021-11-17,14.44,6.0,10.22,0.0,7540.0,0.0
2021-11-18,14.44,5.56,10.0,0.0,7120.0,0.0
2021-11-19,16.11,10.0,13.06,0.51,7100.0,0.0
2021-11-20,18.33,6.67,12.5,0.0,6990.0,0.0
2021-11-21,17.78,3.33,10.56,0.0,6890.0,0.0
2021-11-22,18.33,2.78,10.56,0.0,6560.0,0.0
2021-11-23,16.11,4.44,10.28,0.0,6670.0,1.0
2021-11-24,17.78,4.44,11.11,0.0,6880.0,1.0
2021-11-25,16.67,2.22,9.44,0.0,6580.0,0.0
2021-11-26,18.33,3.89,11.11,0.0,6330.0,0.0
2021-11-27,19.44,5.0,12.22,0.0,6390.0,1.0
2021-11-28,18.89,5.56,12.22,0.0,6400.0,1.0
2021-11-29,19.44,3.89,11.66,0.0,6450.0,1.0
2021-11-30,18.33,4.0,11.16,0.0,6410.0,0.0
2021-12-01,20.56,4.44,12.5,0.0,6300.0,0.0
2021-12-02,18.89,6.0,12.44,0.0,6100.0,0.0
2021-12-03,14.44,6.11,10.28,0.0,6040.0,0.0
2021-12-04,10.0,6.11,8.06,0.0,6340.0,1.0
2021-12-05,12.22,5.0,8.61,0.0,6580.0,1.0
2021-12-06,9.44,5.0,7.22,1.02,6540.0,0.0
2021-12-07,11.67,7.22,9.44,0.51,6460.0,0.0
2021-12-08,11.11,7.78,9.44,0.25,6600.0,1.0
2021-12-09,13.89,2.78,8.34,4.57,6880.0,1.0
2021-12-10,11.67,1.11,6.39,0.0,6930.0,1.0
2021-12-11,12.22,0.0,6.11,0.0,6500.0,0.0
2021-12-12,10.56,7.78,9.17,9.14,6440.0,0.0
2021-12-13,10.0,6.11,8.06,63.75,9120.0,1.0
2021-12-14,10.56,2.78,6.67,3.81,16200.0,1.0
2021-12-15,10.0,2.78,6.39,10.92,24600.0,1.0
2021-12-16,10.0,4.44,7.22,2.79,28500.0,1.0
2021-12-17,10.0,1.67,5.84,0.0,28100.0,0.0
2021-12-18,6.67,-1.0,2.84,0.0,27300.0,0.0
2021-12-19,7.78,1.67,4.72,0.0,24900.0,0.0
2021-12-20,7.78,0.56,4.17,0.0,21200.0,0.0
2021-12-21,7.22,1.11,4.16,5.33,18100.0,0.0
2021-12-22,10.56,5.56,8.06,11.43,16200.0,0.0
2021-12-23,13.33,9.44,11.38,25.15,17100.0,1.0
2021-12-24,12.22,8.89,10.56,1.78,22500.0,1.0
2021-12-25,10.0,6.11,8.06,8.89,29400.0,1.0
2021-12-26,8.33,3.89,6.11,2.29,33400.0,1.0
2021-12-27,10.0,3.33,6.66,10.67,34800.0,1.0
2021-12-28,7.78,2.22,5.0,0.0,34300.0,0.0
2021-12-29,6.11,5.0,5.56,14.99,31400.0,0.0
2021-12-30,11.11,3.89,7.5,0.0,29800.0,0.0
2021-12-31,11.11,2.0,6.56,0.0,30100.0,1.0
2022-01-01,,,,,28400.0,0.0
2022-01-02,,,,,25600.0,0.0
2022-01-03,,,,,23000.0,0.0
2022-01-04,,,,,21600.0,0.0
2022-01-05,,,,,20800.0,0.0
2022-01-06,,,,,20900.0,1.0
2022-01-07,,,,,21800.0,1.0
2022-01-08,,,,,22300.0,1.0
2022-01-09,,,,,22300.0,0.0
2022-01-10,,,,,22300.0,0.0
2022-01-11,,,,,21500.0,0.0
2022-01-12,,,,,19900.0,0.0
2022-01-13,,,,,17600.0,0.0
2022-01-14,,,,,16300.0,0.0
2022-01-15,,,,,16100.0,0.0
2022-01-16,,,,,15800.0,0.0
2022-01-17,,,,,15600.0,0.0
2022-01-18,,,,,15300.0,0.0
2022-01-19,,,,,15300.0,0.0
2022-01-20,,,,,15000.0,0.0
2022-01-21,,,,,14100.0,0.0
2022-01-22,,,,,13100.0,0.0
2022-01-23,,,,,12700.0,0.0
2022-01-24,,,,,12500.0,0.0
2022-01-25,,,,,12100.0,0.0
2022-01-26,,,,,11500.0,0.0
2022-01-27,,,,,10900.0,0.0
2022-01-28,,,,,10800.0,0.0
2022-01-29,,,,,10700.0,0.0
2022-01-30,,,,,11100.0,1.0
2022-01-31,,,,,11900.0,1.0
2022-02-01,,,,,12600.0,1.0
2022-02-02,,,,,12800.0,1.0
2022-02-03,,,,,12600.0,0.0
2022-02-04,,,,,12700.0,1.0
2022-02-05,,,,,12600.0,0.0
2022-02-06,,,,,12600.0,0.0
2022-02-07,,,,,12400.0,0.0
2022-02-08,,,,,12100.0,0.0
2022-02-09,,,,,12200.0,1.0
2022-02-10,,,,,12500.0,1.0
2022-02-11,,,,,12700.0,1.0
2022-02-12,,,,,12800.0,1.0
2022-02-13,,,,,12500.0,0.0
2022-02-14,,,,,12200.0,0.0
2022-02-15,,,,,12400.0,1.0
2022-02-16,,,,,12500.0,1.0
2022-02-17,,,,,12600.0,1.0
2022-02-18,,,,,12100.0,0.0
2022-02-19,,,,,11600.0,0.0
2022-02-20,,,,,11500.0,0.0
2022-02-21,,,,,11500.0,0.0
2022-02-22,,,,,11300.0,0.0
2022-02-23,,,,,11200.0,0.0
2022-02-24,,,,,11300.0,1.0
2022-02-25,,,,,11500.0,1.0
2022-02-26,,,,,11900.0,1.0
2022-02-27,,,,,12200.0,1.0
2022-02-28,,,,,12500.0,1.0
2022-03-01,,,,,12500.0,0.0
2022-03-02,,,,,12400.0,0.0
2022-03-03,,,,,12100.0,0.0
2022-03-04,,,,,11900.0,0.0
2022-03-05,,,,,12400.0,1.0
2022-03-06,,,,,12500.0,1.0
2022-03-07,,,,,12500.0,0.0
2022-03-08,,,,,12300.0,0.0
2022-03-09,,,,,12200.0,0.0
2022-03-10,,,,,12300.0,1.0
2022-03-11,,,,,12300.0,0.0
2022-03-12,,,,,12200.0,0.0
2022-03-13,,,,,12100.0,0.0
2022-03-14,,,,,11500.0,0.0
2022-03-15,,,,,10400.0,0.0
2022-03-16,,,,,9540.0,0.0
2022-03-17,,,,,9100.0,0.0
2022-03-18,,,,,9060.0,0.0
2022-03-19,,,,,8850.0,0.0
2022-03-20,,,,,8860.0,1.0
2022-03-21,,,,,8830.0,0.0
2022-03-22,,,,,8660.0,0.0
2022-03-23,,,,,8340.0,0.0
2022-03-24,,,,,8070.0,0.0
2022-03-25,,,,,8130.0,1.0
2022-03-26,,,,,8230.0,1.0
2022-03-27,,,,,8550.0,1.0
2022-03-28,,,,,9470.0,1.0
2022-03-29,,,,,10100.0,1.0
2022-03-30,,,,,10100.0,0.0
2022-03-31,,,,,9910.0,0.0
2022-04-01,,,,,9970.0,1.0
2022-04-02,,,,,10100.0,1.0
2022-04-03,,,,,9820.0,0.0
2022-04-04,,,,,9660.0,0.0
2022-04-05,,,,,9330.0,0.0
2022-04-06,,,,,8660.0,0.0
2022-04-07,,,,,8270.0,0.0
2022-04-08,,,,,7970.0,0.0
2022-04-09,,,,,7780.0,0.0
2022-04-10,,,,,7030.0,0.0
2022-04-11,,,,,6850.0,0.0
2022-04-12,,,,,7360.0,1.0
2022-04-13,,,,,6920.0,0.0
2022-04-14,,,,,6590.0,0.0
2022-04-15,,,,,6670.0,1.0
2022-04-16,,,,,7020.0,1.0
2022-04-17,,,,,7610.0,1.0
2022-04-18,,,,,7910.0,1.0
2022-04-19,,,,,8440.0,1.0
2022-04-20,,,,,8180.0,0.0
2022-04-21,,,,,8110.0,0.0
2022-04-22,,,,,9110.0,1.0
2022-04-23,,,,,9970.0,1.0
2022-04-24,,,,,10300.0,1.0
2022-04-25,,,,,9640.0,0.0
2022-04-26,,,,,8630.0,0.0
2022-04-27,,,,,7950.0,0.0
2022-04-28,,,,,7480.0,0.0
2022-04-29,,,,,7200.0,0.0
2022-04-30,,,,,6510.0,0.0
2022-05-01,,,,,6420.0,0.0
2022-05-02,,,,,6420.0,0.0
2022-05-03,,,,,6150.0,0.0
2022-05-04,,,,,5700.0,0.0
2022-05-05,,,,,5690.0,0.0
2022-05-06,,,,,5630.0,0.0
2022-05-07,,,,,5460.0,0.0
2022-05-08,,,,,5840.0,1.0
2022-05-09,,,,,6320.0,1.0
2022-05-10,,,,,6960.0,1.0
2022-05-11,,,,,7810.0,1.0
2022-05-12,,,,,8040.0,1.0
2022-05-13,,,,,8070.0,1.0
2022-05-14,,,,,7790.0,0.0
2022-05-15,,,,,7540.0,0.0
2022-05-16,,,,,7940.0,1.0
2022-05-17,,,,,8000.0,1.0
2022-05-18,,,,,7780.0,0.0
2022-05-19,,,,,7710.0,0.0
2022-05-20,,,,,7610.0,0.0
2022-05-21,,,,,7580.0,0.0
2022-05-22,,,,,7800.0,1.0
2022-05-23,,,,,7870.0,1.0
2022-05-24,,,,,7610.0,0.0
2022-05-25,,,,,6920.0,0.0
2022-05-26,,,,,6740.0,0.0
2022-05-27,,,,,7440.0,1.0
2022-05-28,,,,,7640.0,1.0
2022-05-29,,,,,8000.0,1.0
2022-05-30,,,,,8070.0,1.0
2022-05-31,,,,,7970.0,0.0
2022-06-01,,,,,7900.0,0.0
2022-06-02,,,,,7710.0,0.0
2022-06-03,,,,,7710.0,0.0
2022-06-04,,,,,7870.0,1.0
2022-06-05,,,,,8120.0,1.0
2022-06-06,,,,,8360.0,1.0
2022-06-07,,,,,8450.0,1.0
2022-06-08,,,,,8710.0,1.0
2022-06-09,,,,,8850.0,1.0
2022-06-10,,,,,8600.0,0.0
2022-06-11,,,,,8420.0,0.0
2022-06-12,,,,,8540.0,1.0
2022-06-13,,,,,8950.0,1.0
2022-06-14,,,,,8800.0,0.0
2022-06-15,,,,,8770.0,0.0
2022-06-16,,,,,8840.0,1.0
2022-06-17,,,,,9040.0,1.0
2022-06-18,,,,,9010.0,0.0
2022-06-19,,,,,8800.0,0.0
2022-06-20,,,,,8690.0,0.0
2022-06-21,,,,,8440.0,0.0
2022-06-22,,,,,8360.0,0.0
2022-06-23,,,,,8480.0,1.0
2022-06-24,,,,,8750.0,1.0
2022-06-25,,,,,9160.0,1.0
2022-06-26,,,,,9330.0,1.0
2022-06-27,,,,,9890.0,1.0
2022-06-28,,,,,10800.0,1.0
2022-06-29,,,,,11200.0,1.0
2022-06-30,,,,,11500.0,1.0
2022-07-01,,,,,12000.0,1.0
2022-07-02,,,,,12300.0,1.0
2022-07-03,,,,,12900.0,1.0
2022-07-04,,,,,13400.0,1.0
2022-07-05,,,,,13300.0,0.0
2022-07-06,,,,,13100.0,0.0
2022-07-07,,,,,13000.0,0.0
2022-07-08,,,,,12500.0,0.0
2022-07-09,,,,,12500.0,0.0
2022-07-10,,,,,12500.0,0.0
2022-07-11,,,,,12400.0,0.0
2022-07-12,,,,,12300.0,0.0
2022-07-13,,,,,12700.0,1.0
2022-07-14,,,,,12800.0,1.0
2022-07-15,,,,,12800.0,0.0
2022-07-16,,,,,12600.0,0.0
2022-07-17,,,,,12300.0,0.0
2022-07-18,,,,,12100.0,0.0
2022-07-19,,,,,12000.0,0.0
2022-07-20,,,,,12000.0,0.0
2022-07-21,,,,,11800.0,0.0
2022-07-22,,,,,11600.0,0.0
2022-07-23,,,,,11400.0,0.0
2022-07-24,,,,,11300.0,0.0
2022-07-25,,,,,11300.0,0.0
2022-07-26,,,,,11300.0,0.0
2022-07-27,,,,,11200.0,0.0
2022-07-28,,,,,11100.0,0.0
2022-07-29,,,,,10900.0,0.0
2022-07-30,,,,,11000.0,1.0
2022-07-31,,,,,11100.0,1.0
2022-08-01,,,,,11200.0,1.0
2022-08-02,,,,,11100.0,0.0
2022-08-03,,,,,10900.0,0.0
2022-08-04,,,,,10600.0,0.0
2022-08-05,,,,,10500.0,0.0
2022-08-06,,,,,10600.0,1.0
2022-08-07,,,,,10500.0,0.0
2022-08-08,,,,,10500.0,0.0
2022-08-09,,,,,10600.0,1.0
2022-08-10,,,,,10700.0,1.0
2022-08-11,,,,,10500.0,0.0
2022-08-12,,,,,10200.0,0.0
2022-08-13,,,,,10300.0,1.0
2022-08-14,,,,,10200.0,0.0
2022-08-15,,,,,9890.0,0.0
2022-08-16,,,,,9550.0,0.0
2022-08-17,,,,,9420.0,0.0
2022-08-18,,,,,9420.0,0.0
2022-08-19,,,,,9370.0,0.0
2022-08-20,,,,,9300.0,0.0
2022-08-21,,,,,9320.0,1.0
2022-08-22,,,,,9740.0,1.0
2022-08-23,,,,,9490.0,0.0
2022-08-24,,,,,9140.0,0.0
2022-08-25,,,,,9290.0,1.0
2022-08-26,,,,,9410.0,1.0
2022-08-27,,,,,9320.0,0.0
2022-08-28,,,,,9470.0,1.0
2022-08-29,,,,,9520.0,1.0
2022-08-30,,,,,9360.0,0.0
2022-08-31,,,,,9470.0,1.0
2022-09-01,,,,,9550.0,1.0
2022-09-02,,,,,9400.0,0.0
2022-09-03,,,,,9550.0,1.0
2022-09-04,,,,,9450.0,0.0
2022-09-05,,,,,9390.0,0.0
2022-09-06,,,,,9470.0,1.0
2022-09-07,,,,,9570.0,1.0
2022-09-08,,,,,9400.0,0.0
2022-09-09,,,,,9310.0,0.0
2022-09-10,,,,,9600.0,1.0
2022-09-11,,,,,9670.0,1.0
2022-09-12,,,,,9070.0,0.0
2022-09-13,,,,,8510.0,0.0
2022-09-14,,,,,8530.0,1.0
2022-09-15,,,,,8780.0,1.0
2022-09-16,,,,,8710.0,0.0
2022-09-17,,,,,8350.0,0.0
2022-09-18,,,,,8410.0,1.0
2022-09-19,,,,,8940.0,1.0
2022-09-20,,,,,9150.0,1.0
2022-09-21,,,,,8980.0,0.0
2022-09-22,,,,,8950.0,0.0
2022-09-23,,,,,8800.0,0.0
2022-09-24,,,,,8590.0,0.0
2022-09-25,,,,,8320.0,0.0
2022-09-26,,,,,8170.0,0.0
2022-09-27,,,,,8070.0,0.0
2022-09-28,,,,,7930.0,0.0
2022-09-29,,,,,7580.0,0.0
2022-09-30,,,,,7210.0,0.0
2022-10-01,,,,,7210.0,0.0
2022-10-02,,,,,7470.0,1.0
2022-10-03,,,,,7550.0,1.0
2022-10-04,,,,,7640.0,1.0
2022-10-05,,,,,7590.0,0.0
2022-10-06,,,,,7440.0,0.0
2022-10-07,,,,,7460.0,1.0
2022-10-08,,,,,7200.0,0.0
2022-10-09,,,,,7010.0,0.0
2022-10-10,,,,,6870.0,0.0
2022-10-11,,,,,6640.0,0.0
2022-10-12,,,,,6500.0,0.0
2022-10-13,,,,,6640.0,1.0
2022-10-14,,,,,6400.0,0.0
2022-10-15,,,,,6130.0,0.0
2022-10-16,,,,,6750.0,1.0
2022-10-17,,,,,7140.0,1.0
2022-10-18,,,,,7070.0,0.0
2022-10-19,,,,,6520.0,0.0
2022-10-20,,,,,5980.0,0.0
2022-10-21,,,,,6190.0,1.0
2022-10-22,,,,,6590.0,1.0
2022-10-23,,,,,6850.0,1.0
2022-10-24,,,,,6690.0,0.0
2022-10-25,,,,,6670.0,0.0
2022-10-26,,,,,6610.0,0.0
2022-10-27,,,,,6570.0,0.0
2022-10-28,,,,,6700.0,1.0
2022-10-29,,,,,6760.0,1.0
2022-10-30,,,,,6730.0,0.0
2022-10-31,,,,,6660.0,0.0
2022-11-01,,,,,6790.0,1.0
2022-11-02,,,,,7290.0,1.0
2022-11-03,,,,,7380.0,1.0
2022-11-04,,,,,7360.0,0.0
2022-11-05,,,,,7070.0,0.0
2022-11-06,,,,,6900.0,0.0
2022-11-07,,,,,7170.0,1.0
2022-11-08,,,,,7870.0,1.0
2022-11-09,,,,,8750.0,1.0
2022-11-10,,,,,8680.0,0.0
2022-11-11,,,,,8310.0,0.0
2022-11-12,,,,,7870.0,0.0
2022-11-13,,,,,7510.0,0.0
2022-11-14,,,,,7200.0,0.0
2022-11-15,,,,,7090.0,0.0
2022-11-16,,,,,7080.0,0.0
2022-11-17,,,,,6820.0,0.0
2022-11-18,,,,,6660.0,0.0
2022-11-19,,,,,6510.0,0.0
2022-11-20,,,,,6260.0,0.0
2022-11-21,,,,,6020.0,0.0
2022-11-22,,,,,5910.0,0.0
2022-11-23,,,,,5860.0,0.0
2022-11-24,,,,,5920.0,1.0
2022-11-25,,,,,5810.0,0.0
2022-11-26,,,,,5730.0,0.0
2022-11-27,,,,,5760.0,1.0
2022-11-28,,,,,5750.0,0.0
2022-11-29,,,,,6090.0,1.0
2022-11-30,,,,,5960.0,0.0
2022-12-01,,,,,6220.0,1.0
2022-12-02,,,,,6910.0,1.0
2022-12-03,,,,,7490.0,1.0
2022-12-04,,,,,9250.0,1.0
2022-12-05,,,,,10300.0,1.0
2022-12-06,,,,,10600.0,1.0
2022-12-07,,,,,11000.0,1.0
2022-12-08,,,,,11700.0,1.0
2022-12-09,,,,,11000.0,0.0
2022-12-10,,,,,10100.0,0.0
2022-12-11,,,,,12400.0,1.0
2022-12-12,,,,,16600.0,1.0
2022-12-13,,,,,19700.0,1.0
2022-12-14,,,,,17900.0,0.0
2022-12-15,,,,,14100.0,0.0
2022-12-16,,,,,11100.0,0.0
2022-12-17,,,,,9080.0,0.0
2022-12-18,,,,,8120.0,0.0
2022-12-19,,,,,7760.0,0.0
2022-12-20,,,,,7190.0,0.0
2022-12-21,,,,,6820.0,0.0
2022-12-22,,,,,6680.0,0.0
2022-12-23,,,,,6860.0,1.0
2022-12-24,,,,,7190.0,1.0
2022-12-25,,,,,7170.0,0.0
2022-12-26,,,,,6960.0,0.0
2022-12-27,,,,,8150.0,1.0
2022-12-28,,,,,11100.0,1.0
2022-12-29,,,,,16800.0,1.0
2022-12-30,,,,,26800.0,1.0
2022-12-31,,,,,39700.0,1.0
2023-01-01,15.0,6.67,10.84,0.0,56300.0,1.0
2023-01-02,8.89,3.89,6.39,18.8,67700.0,1.0
2023-01-03,8.33,5.56,6.94,0.25,70500.0,1.0
2023-01-04,16.67,6.67,11.67,9.14,67400.0,0.0
2023-01-05,13.33,9.44,11.38,25.15,65000.0,0.0
2023-01-06,15.0,9.44,12.22,0.25,67900.0,1.0
2023-01-07,14.44,10.0,12.22,2.79,73800.0,1.0
2023-01-08,15.0,10.0,12.5,8.64,78700.0,1.0
2023-01-09,15.0,12.78,13.89,0.0,79800.0,1.0
2023-01-10,12.78,9.44,11.11,0.25,79900.0,1.0
2023-01-11,12.78,10.0,11.39,2.54,78000.0,0.0
2023-01-12,18.33,11.11,14.72,0.0,75200.0,0.0
2023-01-13,15.56,11.11,13.34,11.68,73300.0,0.0
2023-01-14,15.0,8.33,11.66,19.56,73500.0,1.0
2023-01-15,11.67,8.33,10.0,11.43,74800.0,1.0
2023-01-16,12.78,6.67,9.72,7.62,74500.0,0.0
2023-01-17,12.22,3.33,7.78,0.0,72800.0,0.0
2023-01-18,11.67,1.11,6.39,9.4,71100.0,0.0
2023-01-19,11.67,4.44,8.06,0.0,69500.0,0.0
2023-01-20,12.78,2.22,7.5,0.0,67900.0,0.0
2023-01-21,12.22,0.0,6.11,0.0,65600.0,0.0
2023-01-22,13.33,1.67,7.5,0.0,61400.0,0.0
2023-01-23,16.11,5.56,10.84,0.0,55600.0,0.0
2023-01-24,14.44,0.56,7.5,0.0,48600.0,0.0
2023-01-25,19.44,1.0,10.22,0.0,43000.0,0.0
2023-01-26,16.11,2.22,9.16,0.0,39300.0,0.0
2023-01-27,15.56,1.67,8.62,0.0,36000.0,0.0
2023-01-28,15.0,1.67,8.34,0.0,32400.0,0.0
2023-01-29,9.44,5.0,7.22,2.79,29100.0,0.0
2023-01-30,11.67,1.67,6.67,0.0,26400.0,0.0
2023-01-31,12.78,-1.11,5.84,0.0,24500.0,0.0
2023-02-01,13.33,0.0,6.66,0.0,23000.0,0.0
2023-02-02,12.78,0.0,6.39,0.0,21600.0,0.0
2023-02-03,12.78,3.89,8.33,3.05,20900.0,0.0
2023-02-04,15.0,3.89,9.44,5.59,20600.0,0.0
2023-02-05,13.89,3.89,8.89,5.59,20500.0,0.0
2023-02-06,16.11,2.22,9.16,0.0,20900.0,1.0
2023-02-07,15.0,2.22,8.61,0.0,21300.0,1.0
2023-02-08,16.67,1.67,9.17,0.0,21800.0,1.0
2023-02-09,17.78,2.78,10.28,0.0,21700.0,0.0
2023-02-10,16.67,3.89,10.28,0.0,20900.0,0.0
2023-02-11,14.44,6.11,10.28,0.0,20400.0,0.0
2023-02-12,21.67,4.44,13.06,0.0,19800.0,0.0
2023-02-13,17.78,3.33,10.56,0.0,19400.0,0.0
2023-02-14,12.22,5.56,8.89,0.0,19100.0,0.0
2023-02-15,14.44,3.33,8.88,0.0,18500.0,0.0
2023-02-16,13.33,0.56,6.94,0.0,18000.0,0.0
2023-02-17,17.22,2.22,9.72,0.0,17600.0,0.0
2023-02-18,15.0,0.0,7.5,0.0,17200.0,0.0
2023-02-19,17.22,1.11,9.16,0.0,16800.0,0.0
2023-02-20,20.0,2.78,11.39,0.0,16400.0,0.0
2023-02-21,18.33,5.56,11.94,0.0,15700.0,0.0
2023-02-22,11.11,0.0,5.56,0.0,15600.0,0.0
2023-02-23,9.44,2.78,6.11,1.02,15400.0,0.0
2023-02-24,8.89,4.44,6.67,18.54,15900.0,1.0
2023-02-25,7.78,4.0,5.89,1.02,17000.0,1.0
2023-02-26,9.44,6.11,7.78,6.1,18000.0,1.0
2023-02-27,8.33,3.89,6.11,7.62,20000.0,1.0
2023-02-28,9.0,3.89,6.44,18.03,24700.0,1.0
2023-03-01,12.78,2.22,7.5,0.0,31400.0,1.0
2023-03-02,13.33,2.22,7.78,0.0,34400.0,1.0
2023-03-03,15.56,2.22,8.89,0.0,32400.0,0.0
2023-03-04,11.67,6.67,9.17,3.56,28900.0,0.0
2023-03-05,12.22,4.44,8.33,7.37,26600.0,0.0
2023-03-06,11.11,3.33,7.22,2.29,25200.0,0.0
2023-03-07,12.78,3.33,8.06,0.25,24400.0,0.0
2023-03-08,12.78,6.0,9.39,2.79,25000.0,1.0
2023-03-09,11.11,4.44,7.78,15.75,29700.0,1.0
2023-03-10,15.0,10.56,12.78,10.67,46000.0,1.0
2023-03-11,12.22,9.44,10.83,4.57,65200.0,1.0
2023-03-12,15.56,11.67,13.62,12.45,75200.0,1.0
2023-03-13,20.0,12.22,16.11,1.78,80900.0,1.0
2023-03-14,18.33,8.33,13.33,14.22,83900.0,1.0
2023-03-15,17.22,3.89,10.56,0.0,84200.0,1.0
2023-03-16,17.78,3.89,10.84,0.0,81100.0,0.0
2023-03-17,18.89,4.44,11.66,0.0,79400.0,0.0
2023-03-18,17.78,6.11,11.94,0.0,77800.0,0.0
2023-03-19,16.67,11.0,13.84,8.89,76900.0,0.0
2023-03-20,14.44,8.33,11.38,0.0,76200.0,0.0
2023-03-21,15.56,8.89,12.23,17.02,74400.0,0.0
2023-03-22,13.89,9.44,11.66,4.83,72800.0,0.0
2023-03-23,16.11,7.78,11.94,0.0,70500.0,0.0
2023-03-24,15.56,3.33,9.44,0.0,67800.0,0.0
2023-03-25,15.56,5.56,10.56,0.0,66000.0,0.0
2023-03-26,15.0,3.89,9.44,0.0,64900.0,0.0
2023-03-27,16.67,0.56,8.62,0.0,63300.0,0.0
2023-03-28,10.0,7.22,8.61,21.59,61300.0,0.0
2023-03-29,12.22,6.67,9.44,0.0,60400.0,0.0
2023-03-30,14.44,6.11,10.28,0.0,61400.0,1.0
2023-03-31,15.56,7.0,11.28,0.0,63300.0,1.0
2023-04-01,17.78,6.0,11.89,0.0,63400.0,1.0
2023-04-02,16.11,9.44,12.77,0.0,60900.0,0.0
2023-04-03,14.44,3.33,8.88,0.0,57300.0,0.0
2023-04-04,15.0,4.44,9.72,0.0,53300.0,0.0
2023-04-05,16.67,2.78,9.73,0.0,49800.0,0.0
2023-04-06,17.78,4.44,11.11,0.0,46500.0,0.0
2023-04-07,16.11,10.56,13.34,3.81,43600.0,0.0
2023-04-08,20.0,7.78,13.89,0.0,41400.0,0.0
2023-04-09,23.89,7.22,15.56,0.0,40700.0,0.0
2023-04-10,25.56,10.0,17.78,0.0,40900.0,1.0
2023-04-11,22.78,10.56,16.67,0.0,40600.0,0.0
2023-04-12,18.89,6.11,12.5,0.0,40700.0,1.0
2023-04-13,20.0,8.33,14.16,0.0,41800.0,1.0
2023-04-14,19.44,7.78,13.61,0.0,42500.0,1.0
2023-04-15,20.0,7.78,13.89,0.0,42400.0,0.0
2023-04-16,19.44,7.78,13.61,0.0,42600.0,1.0
2023-04-17,16.67,8.33,12.5,0.0,43500.0,1.0
2023-04-18,16.67,5.56,11.12,0.0,44100.0,1.0
2023-04-19,17.78,3.89,10.84,0.0,44100.0,0.0
2023-04-20,22.22,6.67,14.44,0.0,43600.0,0.0
2023-04-21,28.33,10.56,19.44,0.0,42700.0,0.0
2023-04-22,28.33,15.0,21.66,0.0,41800.0,0.0
2023-04-23,27.22,12.22,19.72,0.0,41400.0,0.0
2023-04-24,26.67,11.11,18.89,0.0,42000.0,1.0
2023-04-25,29.44,10.0,19.72,0.0,43000.0,1.0
2023-04-26,30.56,9.44,20.0,0.0,44000.0,1.0
2023-04-27,32.22,12.78,22.5,0.0,45200.0,1.0
2023-04-28,31.11,15.0,23.06,0.0,46800.0,1.0
2023-04-29,30.0,12.22,21.11,0.0,48500.0,1.0
2023-04-30,23.33,11.11,17.22,0.0,49900.0,1.0
2023-05-01,14.44,10.0,12.22,0.0,50900.0,1.0
2023-05-02,17.22,8.89,13.06,1.52,51600.0,1.0
2023-05-03,16.67,7.22,11.94,0.0,51100.0,0.0
2023-05-04,15.0,10.56,12.78,0.0,48100.0,0.0
2023-05-05,18.33,8.89,13.61,2.03,44600.0,0.0
2023-05-06,18.89,10.56,14.73,2.79,41900.0,0.0
2023-05-07,20.0,8.89,14.44,0.0,40500.0,0.0
2023-05-08,20.0,8.89,14.44,0.0,40300.0,0.0
2023-05-09,23.33,8.89,16.11,0.0,40200.0,0.0
2023-05-10,20.0,10.0,15.0,0.0,40000.0,0.0
2023-05-11,25.56,8.89,17.23,0.0,39300.0,0.0
2023-05-12,30.0,11.11,20.56,0.0,38300.0,0.0
2023-05-13,34.44,12.22,23.33,0.0,37700.0,0.0
2023-05-14,31.67,15.56,23.62,0.0,38900.0,1.0
2023-05-15,29.44,12.78,21.11,0.0,41700.0,1.0
2023-05-16,33.89,12.22,23.06,0.0,45000.0,1.0
2023-05-17,32.78,13.89,23.34,0.0,48000.0,1.0
2023-05-18,30.56,12.22,21.39,0.0,50300.0,1.0
2023-05-19,28.89,13.33,21.11,0.0,51400.0,1.0
2023-05-20,25.56,12.22,18.89,0.0,51600.0,1.0
2023-05-21,30.56,12.22,21.39,0.0,51400.0,0.0
2023-05-22,32.78,12.78,22.78,0.0,51600.0,1.0
2023-05-23,24.44,12.78,18.61,0.0,52900.0,1.0
2023-05-24,22.78,10.56,16.67,0.0,53800.0,1.0
2023-05-25,21.67,11.11,16.39,0.0,53100.0,0.0
2023-05-26,22.78,11.67,17.23,0.0,51500.0,0.0
2023-05-27,24.44,11.0,17.72,0.0,49700.0,0.0
2023-05-28,24.44,12.78,18.61,0.0,47900.0,0.0
2023-05-29,22.78,11.67,17.23,0.0,46400.0,0.0
2023-05-30,23.89,12.22,18.06,0.0,45300.0,0.0
2023-05-31,25.0,11.11,18.06,0.0,44100.0,0.0
2023-06-01,26.67,11.67,19.17,0.0,41400.0,0.0
2023-06-02,30.0,11.67,20.84,0.0,37500.0,0.0
2023-06-03,32.78,13.33,23.06,0.0,33800.0,0.0
2023-06-04,33.89,15.56,24.72,0.0,31900.0,0.0
2023-06-05,26.67,13.89,20.28,0.0,31500.0,0.0
2023-06-06,22.22,14.44,18.33,0.0,32300.0,1.0
2023-06-07,23.33,12.78,18.06,0.0,34500.0,1.0
2023-06-08,26.11,14.44,20.27,0.0,36100.0,1.0
2023-06-09,24.44,12.78,18.61,0.0,36100.0,0.0
2023-06-10,25.56,11.67,18.61,0.0,35100.0,0.0
2023-06-11,27.22,12.22,19.72,0.0,33700.0,0.0
2023-06-12,24.44,13.89,19.16,0.0,33000.0,0.0
2023-06-13,26.67,13.33,20.0,0.0,32200.0,0.0
2023-06-14,28.89,13.33,21.11,0.0,30400.0,0.0
2023-06-15,33.33,13.33,23.33,0.0,28100.0,0.0
2023-06-16,32.22,12.22,22.22,0.0,25800.0,0.0
2023-06-17,29.44,13.89,21.66,0.0,23000.0,0.0
2023-06-18,28.89,15.0,21.94,0.0,20500.0,0.0
2023-06-19,23.89,11.11,17.5,0.0,19200.0,0.0
2023-06-20,25.56,10.0,17.78,0.0,18400.0,0.0
2023-06-21,28.89,11.11,20.0,0.0,17500.0,0.0
2023-06-22,23.89,11.67,17.78,0.0,16800.0,0.0
2023-06-23,24.44,13.33,18.89,0.0,16500.0,0.0
2023-06-24,27.22,12.78,20.0,0.0,15800.0,0.0
2023-06-25,24.44,12.22,18.33,0.0,15500.0,0.0
2023-06-26,28.89,12.0,20.44,0.0,15300.0,0.0
2023-06-27,28.33,12.22,20.27,0.0,14700.0,0.0
2023-06-28,29.44,12.78,21.11,0.0,14000.0,0.0
2023-06-29,35.0,13.33,24.16,0.0,13500.0,0.0
2023-06-30,38.33,18.33,28.33,0.0,12900.0,0.0
2023-07-01,41.11,20.0,30.56,0.0,12500.0,0.0
2023-07-02,40.56,21.11,30.84,0.0,12200.0,0.0
2023-07-03,33.89,17.78,25.84,0.0,11900.0,0.0
2023-07-04,30.0,13.33,21.66,0.0,11800.0,0.0
2023-07-05,28.89,12.78,20.84,0.0,11800.0,0.0
2023-07-06,27.22,12.78,20.0,0.0,11800.0,0.0
2023-07-07,27.78,13.33,20.56,0.0,11700.0,0.0
2023-07-08,28.33,12.22,20.27,0.0,11700.0,0.0
2023-07-09,23.89,12.22,18.06,0.0,12200.0,1.0
2023-07-10,31.11,12.22,21.66,0.0,12500.0,1.0
2023-07-11,35.0,16.11,25.56,0.0,12400.0,0.0
2023-07-12,33.33,15.0,24.16,0.0,12800.0,1.0
2023-07-13,35.0,16.11,25.56,0.0,13500.0,1.0
2023-07-14,38.33,16.11,27.22,0.0,13800.0,1.0
2023-07-15,40.56,18.33,29.44,0.0,14000.0,1.0
2023-07-16,41.11,19.44,30.28,0.0,14500.0,1.0
2023-07-17,36.67,22.78,29.72,0.0,15000.0,1.0
2023-07-18,32.22,17.78,25.0,0.0,15100.0,1.0
2023-07-19,33.33,13.89,23.61,0.0,15000.0,0.0
2023-07-20,37.22,13.89,25.56,0.0,15000.0,0.0
2023-07-21,39.44,17.22,28.33,0.0,14900.0,0.0
2023-07-22,40.0,17.22,28.61,0.0,14800.0,0.0
2023-07-23,36.11,20.0,28.06,0.0,15100.0,1.0
2023-07-24,32.78,16.67,24.72,0.0,15400.0,1.0
2023-07-25,35.0,16.11,25.56,0.0,15600.0,1.0
2023-07-26,32.78,18.33,25.56,0.0,16100.0,1.0
2023-07-27,30.56,15.56,23.06,0.0,16500.0,1.0
2023-07-28,32.78,15.0,23.89,0.0,16700.0,1.0
2023-07-29,33.33,15.56,24.44,0.0,17000.0,1.0
2023-07-30,35.0,15.0,25.0,0.0,17700.0,1.0
2023-07-31,34.44,15.56,25.0,0.0,18200.0,1.0
2023-08-01,31.11,15.0,23.06,0.0,18300.0,1.0
2023-08-02,28.89,13.89,21.39,0.0,18300.0,0.0
2023-08-03,28.33,14.44,21.38,0.0,18300.0,0.0
2023-08-04,33.33,15.0,24.16,0.0,18000.0,0.0
2023-08-05,36.11,15.56,25.84,0.0,17600.0,0.0
2023-08-06,39.44,17.22,28.33,0.0,17500.0,0.0
2023-08-07,37.78,18.33,28.06,0.0,17500.0,0.0
2023-08-08,28.89,15.56,22.22,0.0,17300.0,0.0
2023-08-09,30.56,14.44,22.5,0.0,17300.0,0.0
2023-08-10,31.67,15.0,23.34,0.0,16900.0,0.0
2023-08-11,30.56,16.11,23.34,0.0,16500.0,0.0
2023-08-12,34.44,16.11,25.28,0.0,16400.0,0.0
2023-08-13,36.11,17.78,26.94,0.0,16600.0,1.0
2023-08-14,37.22,22.22,29.72,0.0,16800.0,1.0
2023-08-15,38.33,20.0,29.16,0.0,16800.0,0.0
2023-08-16,40.56,18.89,29.72,0.0,16700.0,0.0
2023-08-17,38.33,19.44,28.88,0.0,16400.0,0.0
2023-08-18,30.56,17.22,23.89,0.0,16300.0,0.0
2023-08-19,32.78,16.67,24.72,0.0,16100.0,0.0
2023-08-20,31.11,21.11,26.11,0.0,16100.0,0.0
2023-08-21,26.67,20.0,23.34,0.0,16100.0,0.0
2023-08-22,31.67,17.22,24.44,0.0,16400.0,1.0
2023-08-23,35.0,17.22,26.11,0.0,16600.0,1.0
2023-08-24,34.44,18.33,26.38,0.0,17100.0,1.0
2023-08-25,31.11,16.11,23.61,0.0,18100.0,1.0
2023-08-26,33.33,14.44,23.88,0.0,18600.0,1.0
2023-08-27,34.44,14.44,24.44,0.0,18700.0,1.0
2023-08-28,35.56,14.44,25.0,0.0,18800.0,1.0
2023-08-29,33.33,15.56,24.44,0.0,18600.0,0.0
2023-08-30,34.44,18.33,26.38,0.0,18500.0,0.0
2023-08-31,33.33,15.0,24.16,0.0,18300.0,0.0
2023-09-01,24.44,17.22,20.83,0.0,18300.0,0.0
2023-09-02,23.89,16.67,20.28,0.25,18400.0,1.0
2023-09-03,26.11,16.67,21.39,0.25,18400.0,0.0
2023-09-04,30.56,14.44,22.5,0.0,18500.0,1.0
2023-09-05,31.67,15.0,23.34,0.0,18400.0,0.0
2023-09-06,30.56,15.56,23.06,0.0,18400.0,0.0
2023-09-07,31.11,15.0,23.06,0.0,18600.0,1.0
2023-09-08,32.78,16.11,24.44,0.0,18400.0,0.0
2023-09-09,33.33,16.11,24.72,0.0,18300.0,0.0
2023-09-10,33.33,12.78,23.06,0.0,18300.0,0.0
2023-09-11,33.33,13.33,23.33,0.0,18200.0,0.0
2023-09-12,31.67,15.0,23.34,0.0,18200.0,0.0
2023-09-13,33.33,15.0,24.16,0.0,18300.0,1.0
2023-09-14,32.22,15.0,23.61,0.0,18300.0,0.0
2023-09-15,30.56,15.56,23.06,0.0,18500.0,1.0
2023-09-16,27.22,15.56,21.39,0.0,18900.0,1.0
2023-09-17,26.67,15.56,21.12,0.0,19100.0,1.0
2023-09-18,27.22,15.0,21.11,0.0,19100.0,0.0
2023-09-19,27.78,15.0,21.39,0.0,18800.0,0.0
2023-09-20,27.22,13.89,20.56,0.0,18400.0,0.0
2023-09-21,27.22,12.78,20.0,0.0,18400.0,0.0
2023-09-22,26.67,12.78,19.73,0.0,18500.0,1.0
2023-09-23,26.11,12.78,19.44,0.0,18300.0,0.0
2023-09-24,25.56,12.22,18.89,0.0,18300.0,0.0
2023-09-25,25.0,13.33,19.16,0.0,18200.0,0.0
2023-09-26,27.22,16.11,21.66,0.0,17800.0,0.0
2023-09-27,29.44,12.22,20.83,0.0,17400.0,0.0
2023-09-28,29.44,11.67,20.56,0.0,17200.0,0.0
2023-09-29,25.56,14.44,20.0,0.0,17000.0,0.0
2023-09-30,20.0,15.0,17.5,1.52,17000.0,0.0
2023-10-01,24.44,11.67,18.06,0.0,17000.0,0.0
2023-10-02,27.22,8.89,18.06,0.0,16800.0,0.0
2023-10-03,28.89,11.67,20.28,0.0,16500.0,0.0
2023-10-04,32.22,13.33,22.78,0.0,15800.0,0.0
2023-10-05,33.89,14.44,24.16,0.0,15100.0,0.0
2023-10-06,33.89,15.0,24.44,0.0,14400.0,0.0
2023-10-07,35.0,15.0,25.0,0.0,13500.0,0.0
2023-10-08,33.33,15.0,24.16,0.0,12700.0,0.0
2023-10-09,22.22,13.33,17.77,0.0,12400.0,0.0
2023-10-10,22.22,15.0,18.61,2.79,12400.0,0.0
2023-10-11,23.33,10.56,16.94,0.0,12400.0,0.0
2023-10-12,26.11,10.56,18.34,0.0,12200.0,0.0
2023-10-13,25.56,10.0,17.78,0.0,11900.0,0.0
2023-10-14,26.11,15.56,20.84,0.0,11400.0,0.0
2023-10-15,28.89,11.11,20.0,0.0,10900.0,0.0
2023-10-16,27.22,11.11,19.16,0.0,10600.0,0.0
2023-10-17,30.0,13.89,21.94,0.0,10600.0,0.0
2023-10-18,30.56,12.22,21.39,0.0,10400.0,0.0
2023-10-19,33.33,12.78,23.06,0.0,10100.0,0.0
2023-10-20,30.0,13.33,21.66,0.0,9740.0,0.0
2023-10-21,23.33,13.89,18.61,0.0,9830.0,1.0
2023-10-22,21.11,13.89,17.5,12.45,10100.0,1.0
2023-10-23,24.44,13.89,19.16,0.0,10600.0,1.0
2023-10-24,23.89,12.78,18.34,0.0,10700.0,1.0
2023-10-25,19.44,11.67,15.56,0.0,10600.0,0.0
2023-10-26,20.0,6.67,13.34,0.0,10800.0,1.0
2023-10-27,20.0,3.33,11.66,0.0,10700.0,0.0
2023-10-28,20.56,3.89,12.22,0.0,10600.0,0.0
2023-10-29,23.89,7.78,15.84,0.0,10500.0,0.0
2023-10-30,22.22,3.33,12.77,0.0,10400.0,0.0
2023-10-31,22.78,4.44,13.61,0.0,10200.0,0.0
2023-11-01,23.89,5.0,14.44,0.0,9810.0,0.0
2023-11-02,24.44,6.67,15.56,0.0,9690.0,0.0
2023-11-03,26.11,10.0,18.06,0.0,9410.0,0.0
2023-11-04,26.67,10.56,18.62,0.0,8890.0,0.0
2023-11-05,21.67,14.44,18.06,0.51,8520.0,0.0
2023-11-06,21.67,11.11,16.39,2.54,8400.0,0.0
2023-11-07,20.0,7.22,13.61,0.0,8380.0,0.0
2023-11-08,21.67,6.11,13.89,0.0,8060.0,0.0
2023-11-09,17.78,2.78,10.28,0.0,7780.0,0.0
2023-11-10,20.0,5.56,12.78,0.0,7650.0,0.0
2023-11-11,22.22,5.0,13.61,0.0,7420.0,0.0
2023-11-12,22.78,6.11,14.44,0.0,7280.0,0.0
2023-11-13,20.56,7.78,14.17,0.0,7380.0,1.0
2023-11-14,21.11,7.22,14.16,0.0,7470.0,1.0
2023-11-15,16.67,8.89,12.78,0.51,7380.0,0.0
2023-11-16,20.56,10.56,15.56,0.0,7370.0,0.0
2023-11-17,21.11,10.0,15.56,0.25,7420.0,1.0
2023-11-18,17.22,12.78,15.0,5.33,7630.0,1.0
2023-11-19,16.67,5.0,10.84,0.0,8610.0,1.0
2023-11-20,17.22,6.67,11.94,0.0,8770.0,1.0
2023-11-21,17.78,4.44,11.11,0.0,8960.0,1.0
2023-11-22,18.33,2.0,10.16,0.0,9020.0,1.0
2023-11-23,21.11,4.44,12.78,0.0,8750.0,0.0
2023-11-24,16.11,5.0,10.56,0.0,8670.0,0.0
2023-11-25,16.67,1.67,9.17,0.0,8620.0,0.0
2023-11-26,16.67,0.0,8.34,0.0,8460.0,0.0
2023-11-27,16.67,-0.56,8.06,0.0,8390.0,0.0
2023-11-28,16.67,0.0,8.34,0.0,8380.0,0.0
2023-11-29,17.22,2.78,10.0,0.0,8360.0,0.0
2023-11-30,17.22,2.78,10.0,0.0,8540.0,1.0
2023-12-01,16.11,2.78,9.44,0.51,9060.0,1.0
2023-12-02,15.56,11.0,13.28,2.54,9280.0,1.0
2023-12-03,17.78,8.89,13.34,0.0,9290.0,1.0
2023-12-04,18.33,6.67,12.5,0.0,9500.0,1.0
2023-12-05,18.33,5.56,11.94,0.0,9720.0,1.0
2023-12-06,15.0,5.56,10.28,12.19,9930.0,1.0
2023-12-07,14.44,4.44,9.44,1.27,10500.0,1.0
2023-12-08,13.89,3.89,8.89,0.0,10500.0,0.0
2023-12-09,13.89,0.56,7.22,0.0,10200.0,0.0
2023-12-10,13.89,0.56,7.22,0.0,10100.0,0.0
2023-12-11,16.11,0.0,8.06,0.0,9930.0,0.0
2023-12-12,16.67,1.11,8.89,0.0,9950.0,1.0
2023-12-13,16.11,0.56,8.33,0.0,10200.0,1.0
2023-12-14,15.0,1.11,8.06,0.0,10100.0,0.0
2023-12-15,16.67,3.33,10.0,0.0,10000.0,0.0
2023-12-16,18.89,2.22,10.56,0.0,10100.0,1.0
2023-12-17,13.33,4.44,8.88,4.57,10500.0,1.0
2023-12-18,16.0,8.89,12.44,21.08,11300.0,1.0
2023-12-19,18.33,13.33,15.83,40.64,12800.0,1.0
2023-12-20,15.0,10.0,12.5,4.57,14700.0,1.0
2023-12-21,16.11,8.89,12.5,0.0,17200.0,1.0
2023-12-22,18.33,7.78,13.06,0.0,19300.0,1.0
2023-12-23,14.44,4.44,9.44,0.0,19900.0,1.0
2023-12-24,14.44,2.78,8.61,0.0,18800.0,0.0
2023-12-25,14.44,3.0,8.72,0.0,17300.0,0.0
2023-12-26,14.44,5.56,10.0,0.0,15900.0,0.0
2023-12-27,13.89,5.56,9.72,7.87,15000.0,0.0
2023-12-28,17.78,8.89,13.34,0.0,14900.0,0.0
2023-12-29,18.33,8.89,13.61,18.29,15100.0,1.0
2023-12-30,15.56,10.0,12.78,5.59,16800.0,1.0
2023-12-31,13.89,10.56,12.23,0.0,19400.0,1.0
2024-01-01,15.56,7.22,11.39,0.0,22500.0,1.0
2024-01-02,11.11,5.56,8.33,11.43,23400.0,1.0
2024-01-03,12.22,5.56,8.89,0.76,22200.0,0.0
2024-01-04,14.44,3.33,8.88,0.0,21000.0,0.0
2024-01-05,15.0,4.44,9.72,0.0,20900.0,0.0
2024-01-06,9.44,2.0,5.72,2.79,20800.0,0.0
2024-01-07,11.11,1.11,6.11,0.0,19700.0,0.0
2024-01-08,12.22,2.78,7.5,0.0,18300.0,0.0
2024-01-09,11.11,6.67,8.89,0.0,17400.0,0.0
2024-01-10,12.22,3.33,7.78,0.0,16700.0,0.0
2024-01-11,11.67,1.67,6.67,0.0,16700.0,0.0
2024-01-12,11.11,2.22,6.66,0.0,16500.0,0.0
2024-01-13,8.89,6.67,7.78,7.11,16300.0,0.0
2024-01-14,13.89,8.0,10.94,0.0,16500.0,1.0
2024-01-15,13.89,5.0,9.44,0.0,18500.0,1.0
2024-01-16,11.67,7.78,9.72,7.62,23400.0,1.0
2024-01-17,16.11,6.67,11.39,0.25,25000.0,1.0
2024-01-18,14.44,5.0,9.72,0.0,23900.0,0.0
2024-01-19,14.44,7.0,10.72,0.25,24500.0,1.0
2024-01-20,16.67,11.67,14.17,19.56,25300.0,1.0
2024-01-21,15.56,11.67,13.62,11.94,25900.0,1.0
2024-01-22,15.0,10.56,12.78,10.16,30100.0,1.0
2024-01-23,16.67,11.67,14.17,0.0,37900.0,1.0
2024-01-24,13.33,11.11,12.22,7.11,42200.0,1.0
2024-01-25,15.0,6.67,10.84,0.0,44000.0,1.0
2024-01-26,15.56,10.0,12.78,0.0,44900.0,1.0
2024-01-27,16.11,9.44,12.77,0.0,44400.0,0.0
2024-01-28,21.67,8.33,15.0,0.0,42400.0,0.0
2024-01-29,20.56,7.22,13.89,0.0,38400.0,0.0
2024-01-30,20.56,9.44,15.0,0.0,34400.0,0.0
2024-01-31,15.56,11.67,13.62,10.67,32700.0,0.0
2024-02-01,15.0,9.44,12.22,13.97,35400.0,1.0
2024-02-02,13.89,7.22,10.56,0.25,41200.0,1.0
2024-02-03,12.22,5.56,8.89,0.25,46900.0,1.0
2024-02-04,16.67,8.33,12.5,24.64,52000.0,1.0
2024-02-05,15.0,9.44,12.22,2.79,57600.0,1.0
2024-02-06,13.89,7.22,10.56,0.0,61600.0,1.0
2024-02-07,9.44,5.56,7.5,12.7,62700.0,1.0
2024-02-08,10.0,3.89,6.94,0.0,63000.0,1.0
2024-02-09,12.22,1.67,6.94,0.0,62500.0,0.0
2024-02-10,15.56,5.0,10.28,0.0,61200.0,0.0
2024-02-11,15.0,2.78,8.89,0.0,59900.0,0.0
2024-02-12,16.11,2.78,9.44,0.0,57500.0,0.0
2024-02-13,15.0,4.44,9.72,0.0,53900.0,0.0
2024-02-14,15.0,8.33,11.66,3.81,51100.0,0.0
2024-02-15,16.67,9.44,13.06,0.76,49900.0,0.0
2024-02-16,14.44,8.89,11.66,0.0,49600.0,0.0
2024-02-17,14.44,8.89,11.66,13.72,50400.0,1.0
2024-02-18,18.89,10.0,14.44,28.96,52700.0,1.0
2024-02-19,16.67,11.11,13.89,6.1,57300.0,1.0
2024-02-20,17.22,9.44,13.33,6.1,63000.0,1.0
2024-02-21,15.56,8.0,11.78,0.25,66600.0,1.0
2024-02-22,16.67,5.0,10.84,0.0,67700.0,1.0
2024-02-23,18.33,6.11,12.22,0.0,67700.0,0.0
2024-02-24,21.11,6.11,13.61,0.0,67500.0,0.0
2024-02-25,19.44,5.56,12.5,0.0,67100.0,0.0
2024-02-26,17.78,8.33,13.06,0.0,66900.0,0.0
2024-02-27,16.11,6.11,11.11,0.0,66600.0,0.0
2024-02-28,18.33,2.78,10.56,0.0,66400.0,0.0
2024-02-29,15.0,9.44,12.22,3.3,66200.0,0.0
2024-03-01,15.0,10.0,12.5,13.72,66100.0,0.0
2024-03-02,11.67,6.67,9.17,4.83,66200.0,1.0
2024-03-03,12.22,5.56,8.89,2.79,66200.0,0.0
2024-03-04,12.78,5.0,8.89,0.0,65600.0,0.0
2024-03-05,16.11,7.22,11.66,0.0,64500.0,0.0
2024-03-06,16.11,7.78,11.94,0.0,63200.0,0.0
2024-03-07,17.22,5.56,11.39,0.0,61800.0,0.0
2024-03-08,18.33,5.56,11.94,0.0,60900.0,0.0
2024-03-09,16.11,7.78,11.94,0.0,60700.0,0.0
2024-03-10,16.11,8.33,12.22,0.0,59900.0,0.0
2024-03-11,16.11,9.44,12.77,0.76,58400.0,0.0
2024-03-12,16.67,8.89,12.78,3.56,56600.0,0.0
2024-03-13,17.78,6.11,11.94,0.0,55000.0,0.0
2024-03-14,19.44,8.89,14.16,0.0,53900.0,0.0
2024-03-15,22.78,11.11,16.94,0.0,53100.0,0.0
2024-03-16,22.22,6.11,14.16,0.0,52000.0,0.0
2024-03-17,22.78,8.89,15.84,0.0,50400.0,0.0
2024-03-18,22.78,8.33,15.56,0.0,48400.0,0.0
2024-03-19,22.78,10.56,16.67,0.0,46200.0,0.0
2024-03-20,22.22,8.33,15.27,0.0,44100.0,0.0
2024-03-21,19.44,8.33,13.89,0.0,42200.0,0.0
2024-03-22,19.44,10.56,15.0,2.54,40500.0,0.0
2024-03-23,15.56,9.44,12.5,3.81,39600.0,0.0
2024-03-24,18.33,8.89,13.61,1.02,39500.0,0.0
2024-03-25,16.67,7.22,11.94,0.0,39900.0,1.0
2024-03-26,18.33,7.22,12.77,0.0,40600.0,1.0
2024-03-27,15.0,8.33,11.66,4.06,40500.0,0.0
2024-03-28,16.11,8.33,12.22,0.0,39800.0,0.0
2024-03-29,12.78,7.78,10.28,2.54,39600.0,0.0
2024-03-30,16.11,8.33,12.22,1.52,41500.0,1.0
2024-03-31,18.89,8.89,13.89,0.0,43200.0,1.0
2024-04-01,22.78,7.22,15.0,0.0,43000.0,0.0
2024-04-02,23.33,8.89,16.11,0.0,42000.0,0.0
2024-04-03,19.44,8.33,13.89,0.0,40100.0,0.0
2024-04-04,10.56,5.0,7.78,15.49,38600.0,0.0
2024-04-05,12.22,4.44,8.33,4.06,38000.0,0.0
2024-04-06,15.56,4.44,10.0,0.0,37600.0,0.0
2024-04-07,18.89,3.33,11.11,0.0,37200.0,0.0
2024-04-08,22.78,6.67,14.73,0.0,36000.0,0.0
2024-04-09,25.0,6.67,15.84,0.0,33600.0,0.0
2024-04-10,26.11,9.44,17.77,0.0,31400.0,0.0
2024-04-11,27.22,10.56,18.89,0.0,30400.0,0.0
2024-04-12,18.89,12.22,15.56,0.0,30000.0,0.0
2024-04-13,14.44,7.22,10.83,18.54,30400.0,1.0
2024-04-14,14.44,6.67,10.56,0.0,31100.0,1.0
2024-04-15,20.0,9.44,14.72,0.0,31700.0,1.0
2024-04-16,23.89,8.33,16.11,0.0,32600.0,1.0
2024-04-17,25.0,10.56,17.78,0.0,33200.0,1.0
2024-04-18,27.22,11.11,19.16,0.0,32900.0,0.0
2024-04-19,25.0,11.11,18.06,0.0,32000.0,0.0
2024-04-20,26.11,10.56,18.34,0.0,30700.0,0.0
2024-04-21,29.44,10.0,19.72,0.0,29300.0,0.0
2024-04-22,29.44,11.67,20.56,0.0,28500.0,0.0
2024-04-23,19.44,12.22,15.83,0.0,28700.0,1.0
2024-04-24,20.0,11.67,15.84,0.0,30100.0,1.0
2024-04-25,20.0,10.0,15.0,0.0,32200.0,1.0
2024-04-26,21.11,10.0,15.56,2.54,33300.0,1.0
2024-04-27,22.78,7.22,15.0,0.0,32900.0,0.0
2024-04-28,25.0,9.44,17.22,0.0,31400.0,0.0
2024-04-29,25.0,8.33,16.66,0.0,29600.0,0.0
2024-04-30,25.0,7.22,16.11,0.0,27500.0,0.0
2024-05-01,26.11,11.11,18.61,0.0,25500.0,0.0
2024-05-02,27.22,9.44,18.33,0.0,23700.0,0.0
2024-05-03,27.22,10.56,18.89,0.0,22200.0,0.0
2024-05-04,13.89,8.33,11.11,14.48,21600.0,0.0
2024-05-05,17.78,5.0,11.39,0.0,23300.0,1.0
2024-05-06,21.11,6.67,13.89,0.0,25700.0,1.0
2024-05-07,23.89,8.33,16.11,0.0,28100.0,1.0
2024-05-08,26.67,13.33,20.0,0.0,29200.0,1.0
2024-05-09,30.0,13.89,21.94,0.0,29500.0,1.0
2024-05-10,32.78,12.22,22.5,0.0,30200.0,1.0
2024-05-11,33.89,13.33,23.61,0.0,29700.0,0.0
2024-05-12,30.0,12.78,21.39,0.0,28600.0,0.0
2024-05-13,28.89,11.67,20.28,0.0,27400.0,0.0
2024-05-14,30.0,10.56,20.28,0.0,25700.0,0.0
2024-05-15,30.56,11.67,21.12,0.0,23700.0,0.0
2024-05-16,25.0,12.78,18.89,0.0,22100.0,0.0
2024-05-17,27.78,11.11,19.44,0.0,21300.0,0.0
2024-05-18,24.44,12.0,18.22,0.0,21000.0,0.0
2024-05-19,27.22,11.11,19.16,0.0,21100.0,1.0
2024-05-20,27.78,10.56,19.17,0.0,21200.0,1.0
2024-05-21,31.11,12.78,21.94,0.0,21500.0,1.0
2024-05-22,30.0,13.33,21.66,0.0,21400.0,0.0
2024-05-23,29.44,10.0,19.72,0.0,20800.0,0.0
2024-05-24,22.22,11.67,16.94,0.0,20200.0,0.0
2024-05-25,21.67,11.67,16.67,0.0,19500.0,0.0
2024-05-26,28.89,9.44,19.16,0.0,18600.0,0.0
2024-05-27,28.89,12.78,20.84,0.0,17800.0,0.0
2024-05-28,28.89,11.67,20.28,0.0,17200.0,0.0
2024-05-29,30.56,12.78,21.67,0.0,16900.0,0.0
2024-05-30,32.78,14.44,23.61,0.0,16300.0,0.0
2024-05-31,35.0,14.44,24.72,0.0,15600.0,0.0
2024-06-01,29.44,13.89,21.66,0.0,15200.0,0.0
2024-06-02,31.11,14.44,22.78,0.0,15100.0,0.0
2024-06-03,27.78,16.11,21.94,0.0,15100.0,0.0
2024-06-04,37.22,14.44,25.83,0.0,15200.0,1.0
2024-06-05,38.89,18.89,28.89,0.0,15200.0,0.0
2024-06-06,35.0,19.44,27.22,0.0,15000.0,0.0
2024-06-07,31.11,14.44,22.78,0.0,14500.0,0.0
2024-06-08,27.78,13.89,20.84,0.0,14300.0,0.0
2024-06-09,30.0,13.89,21.94,0.0,14200.0,0.0
2024-06-10,33.33,12.22,22.78,0.0,14100.0,0.0
2024-06-11,37.78,16.67,27.22,0.0,14300.0,1.0
2024-06-12,33.33,16.11,24.72,0.0,14400.0,1.0
2024-06-13,27.78,13.33,20.56,0.0,14500.0,1.0
2024-06-14,31.11,12.22,21.66,0.0,14700.0,1.0
2024-06-15,31.11,12.78,21.94,0.0,14300.0,0.0
2024-06-16,30.56,12.78,21.67,0.0,14000.0,0.0
2024-06-17,28.33,13.33,20.83,0.0,14200.0,1.0
2024-06-18,31.67,15.56,23.62,0.0,14100.0,0.0
2024-06-19,30.56,13.33,21.94,0.0,13900.0,0.0
2024-06-20,30.0,11.67,20.84,0.0,13500.0,0.0
2024-06-21,32.78,11.67,22.22,0.0,13200.0,0.0
2024-06-22,37.22,15.56,26.39,0.0,13100.0,0.0
2024-06-23,36.11,19.44,27.78,0.0,13500.0,1.0
2024-06-24,35.56,17.78,26.67,0.0,13900.0,1.0
2024-06-25,35.56,20.0,27.78,0.0,13900.0,0.0
2024-06-26,31.67,15.0,23.34,0.0,13700.0,0.0
2024-06-27,32.22,14.44,23.33,0.0,13700.0,0.0
2024-06-28,35.0,15.0,25.0,0.0,14200.0,1.0
2024-06-29,35.0,16.67,25.84,0.0,15400.0,1.0
2024-06-30,36.11,17.78,26.94,0.0,17000.0,1.0
2024-07-01,38.89,16.11,27.5,0.0,18400.0,1.0
2024-07-02,40.56,22.78,31.67,0.0,19100.0,1.0
2024-07-03,40.56,21.67,31.12,0.0,18700.0,0.0
2024-07-04,40.56,20.56,30.56,0.0,17300.0,0.0
2024-07-05,41.67,18.33,30.0,0.0,17800.0,1.0
2024-07-06,42.78,20.0,31.39,0.0,19200.0,1.0
2024-07-07,38.33,21.11,29.72,0.0,19600.0,1.0
2024-07-08,36.67,16.67,26.67,0.0,20000.0,1.0
2024-07-09,33.89,15.56,24.72,0.0,20200.0,1.0
2024-07-10,40.0,15.56,27.78,0.0,20400.0,1.0
2024-07-11,43.33,21.11,32.22,0.0,20300.0,0.0
2024-07-12,42.22,21.11,31.66,0.0,20300.0,0.0
2024-07-13,35.0,18.89,26.94,0.0,20200.0,0.0
2024-07-14,35.56,17.22,26.39,0.0,20200.0,0.0
2024-07-15,31.11,15.56,23.34,0.0,20400.0,1.0
2024-07-16,30.0,15.56,22.78,0.0,20500.0,1.0
2024-07-17,32.78,13.33,23.06,0.0,20700.0,1.0
2024-07-18,37.22,15.56,26.39,0.0,20700.0,0.0
2024-07-19,41.11,17.78,29.44,0.0,20400.0,0.0
2024-07-20,37.78,18.89,28.34,0.0,20100.0,0.0
2024-07-21,32.78,17.22,25.0,0.0,20100.0,0.0
2024-07-22,39.44,16.67,28.06,0.0,20400.0,1.0
2024-07-23,41.67,23.89,32.78,0.0,20500.0,1.0
2024-07-24,37.78,24.44,31.11,0.0,20400.0,0.0
2024-07-25,37.22,21.11,29.16,0.0,20400.0,0.0
2024-07-26,35.56,14.44,25.0,0.0,20200.0,0.0
2024-07-27,23.33,13.89,18.61,0.0,20200.0,0.0
2024-07-28,29.44,12.78,21.11,0.0,20200.0,0.0
2024-07-29,30.56,13.89,22.22,0.0,20400.0,1.0
2024-07-30,32.22,15.56,23.89,0.0,20800.0,1.0
2024-07-31,35.0,15.56,25.28,0.0,20600.0,0.0
2024-08-01,37.22,17.78,27.5,0.0,20400.0,0.0
2024-08-02,35.0,17.78,26.39,0.0,20200.0,0.0
2024-08-03,37.78,21.67,29.72,0.0,20100.0,0.0
2024-08-04,36.11,17.22,26.66,0.0,20500.0,1.0
2024-08-05,33.33,15.0,24.16,0.0,20900.0,1.0
2024-08-06,37.22,15.0,26.11,0.0,20900.0,0.0
2024-08-07,37.78,17.78,27.78,0.0,20400.0,0.0
2024-08-08,32.78,16.11,24.44,0.0,20000.0,0.0
2024-08-09,35.0,15.0,25.0,0.0,20000.0,0.0
2024-08-10,35.56,14.44,25.0,0.0,20000.0,0.0
2024-08-11,30.56,15.56,23.06,0.0,19900.0,0.0
2024-08-12,28.89,13.89,21.39,0.0,19900.0,0.0
2024-08-13,31.11,15.0,23.06,0.0,19800.0,0.0
2024-08-14,33.33,16.67,25.0,0.0,19900.0,1.0
2024-08-15,32.78,16.11,24.44,0.0,20200.0,1.0
2024-08-16,33.33,16.67,25.0,0.0,20300.0,1.0
2024-08-17,27.78,16.67,22.22,0.0,20300.0,0.0
2024-08-18,29.44,15.0,22.22,0.0,20600.0,1.0
2024-08-19,31.11,15.0,23.06,0.0,20400.0,0.0
2024-08-20,33.33,15.56,24.44,0.0,20300.0,0.0
2024-08-21,30.56,16.67,23.62,0.0,20400.0,1.0
2024-08-22,26.11,15.56,20.84,0.0,20200.0,0.0
2024-08-23,23.33,13.89,18.61,0.0,20100.0,0.0
2024-08-24,25.0,16.11,20.56,0.76,20300.0,1.0
2024-08-25,30.56,13.33,21.94,0.0,20700.0,1.0
2024-08-26,33.89,13.89,23.89,0.0,21000.0,1.0
2024-08-27,36.11,15.56,25.84,0.0,21100.0,1.0
2024-08-28,36.67,15.56,26.12,0.0,21200.0,1.0
2024-08-29,33.89,14.44,24.16,0.0,21200.0,0.0
2024-08-30,33.33,15.0,24.16,0.0,20900.0,0.0
2024-08-31,34.44,15.0,24.72,0.0,20400.0,0.0
2024-09-01,31.67,15.0,23.34,0.0,20000.0,0.0
2024-09-02,30.56,14.44,22.5,0.0,19900.0,0.0
2024-09-03,36.67,12.78,24.72,0.0,19500.0,0.0
2024-09-04,38.33,15.56,26.94,0.0,19400.0,0.0
2024-09-05,37.78,17.78,27.78,0.0,19700.0,1.0
2024-09-06,38.33,17.78,28.06,0.0,20300.0,1.0
2024-09-07,36.11,19.44,27.78,0.0,20800.0,1.0
2024-09-08,36.67,16.11,26.39,0.0,20900.0,1.0
2024-09-09,36.67,16.67,26.67,0.0,20600.0,0.0
2024-09-10,26.67,13.89,20.28,0.0,20500.0,0.0
2024-09-11,30.0,13.89,21.94,0.0,20500.0,0.0
2024-09-12,30.56,12.22,21.39,0.0,20500.0,0.0
2024-09-13,33.33,13.89,23.61,0.0,20400.0,0.0
2024-09-14,32.22,14.44,23.33,0.0,20300.0,0.0
2024-09-15,23.89,15.0,19.44,0.0,20200.0,0.0
2024-09-16,21.67,12.78,17.23,0.0,20200.0,0.0
2024-09-17,23.89,13.89,18.89,0.0,19900.0,0.0
2024-09-18,24.44,15.0,19.72,0.0,19900.0,0.0
2024-09-19,30.0,12.78,21.39,0.0,19800.0,0.0
2024-09-20,30.0,12.22,21.11,0.0,19600.0,0.0
2024-09-21,31.11,13.89,22.5,0.0,19500.0,0.0
2024-09-22,33.89,14.44,24.16,0.0,19300.0,0.0
2024-09-23,36.11,13.33,24.72,0.0,19100.0,0.0
2024-09-24,37.78,16.11,26.94,0.0,18700.0,0.0
2024-09-25,25.56,14.44,20.0,0.0,18400.0,0.0
2024-09-26,30.56,12.22,21.39,0.0,18500.0,1.0
2024-09-27,35.0,12.22,23.61,0.0,18100.0,0.0
2024-09-28,32.78,13.33,23.06,0.0,17800.0,0.0
2024-09-29,30.56,12.78,21.67,0.0,17900.0,1.0
2024-09-30,32.22,12.22,22.22,0.0,18000.0,1.0
2024-10-01,37.78,14.44,26.11,0.0,17900.0,0.0
2024-10-02,38.33,17.22,27.78,0.0,17300.0,0.0
2024-10-03,37.22,15.0,26.11,0.0,15900.0,0.0
2024-10-04,36.11,15.56,25.84,0.0,14500.0,0.0
2024-10-05,37.22,16.67,26.94,0.0,13300.0,0.0
2024-10-06,37.78,17.22,27.5,0.0,12700.0,0.0
2024-10-07,37.22,17.22,27.22,0.0,12400.0,0.0
2024-10-08,36.67,16.11,26.39,0.0,12200.0,0.0
2024-10-09,28.89,13.89,21.39,0.0,12200.0,0.0
2024-10-10,28.33,14.44,21.38,0.0,12100.0,0.0
2024-10-11,27.22,12.78,20.0,0.0,11800.0,0.0
2024-10-12,26.67,13.89,20.28,0.0,11100.0,0.0
2024-10-13,28.33,15.0,21.66,0.0,10100.0,0.0
2024-10-14,28.33,14.44,21.38,0.0,9510.0,0.0
2024-10-15,28.33,14.44,21.38,0.0,9310.0,0.0
2024-10-16,24.44,15.56,20.0,0.0,9120.0,0.0
2024-10-17,24.44,13.33,18.89,0.0,9060.0,0.0
2024-10-18,25.0,11.67,18.34,0.0,8860.0,0.0
2024-10-19,25.56,8.89,17.23,0.0,8610.0,0.0
2024-10-20,26.11,7.78,16.94,0.0,8420.0,0.0
2024-10-21,25.56,9.44,17.5,0.0,8410.0,0.0
2024-10-22,25.0,10.56,17.78,0.0,8530.0,1.0
2024-10-23,26.11,7.78,16.94,0.0,8610.0,1.0
2024-10-24,24.44,10.56,17.5,0.0,8510.0,0.0
2024-10-25,24.44,7.78,16.11,0.0,8150.0,0.0
2024-10-26,25.56,7.78,16.67,0.0,7900.0,0.0
2024-10-27,24.44,12.78,18.61,0.0,7740.0,0.0
2024-10-28,20.56,7.78,14.17,0.0,7680.0,0.0
2024-10-29,21.11,5.56,13.34,0.0,7750.0,1.0
2024-10-30,18.89,6.11,12.5,0.0,7610.0,0.0
2024-10-31,18.33,8.33,13.33,6.35,7520.0,0.0
2024-11-01,18.33,6.11,12.22,8.89,7650.0,1.0
2024-11-02,16.67,10.0,13.34,0.25,8100.0,1.0
2024-11-03,20.56,7.22,13.89,0.0,8420.0,1.0
2024-11-04,21.11,10.0,15.56,0.0,8460.0,1.0
2024-11-05,21.11,7.22,14.16,0.0,8540.0,1.0
2024-11-06,21.67,7.22,14.44,0.0,8410.0,0.0
2024-11-07,21.67,4.44,13.06,0.0,8200.0,0.0
2024-11-08,21.11,5.0,13.06,0.0,8250.0,1.0
2024-11-09,20.56,4.44,12.5,0.0,8180.0,0.0
2024-11-10,20.56,3.89,12.22,0.0,8020.0,0.0
2024-11-11,15.0,6.11,10.56,3.56,7960.0,0.0
2024-11-12,16.67,3.33,10.0,0.0,8030.0,1.0
2024-11-13,16.11,3.89,10.0,0.0,7880.0,0.0
2024-11-14,16.67,5.0,10.84,3.81,7840.0,0.0
2024-11-15,14.44,4.44,9.44,0.0,8000.0,1.0
2024-11-16,15.56,3.33,9.44,0.0,8180.0,1.0
2024-11-17,15.56,2.22,8.89,0.25,8220.0,1.0
2024-11-18,15.0,3.33,9.16,0.0,8190.0,0.0
2024-11-19,13.89,1.11,7.5,0.0,8120.0,0.0
2024-11-20,15.56,10.0,12.78,7.37,8700.0,1.0
2024-11-21,17.22,10.0,13.61,4.57,11100.0,1.0
2024-11-22,14.44,10.56,12.5,49.78,16800.0,1.0
2024-11-23,15.0,5.0,10.0,4.06,28700.0,1.0
2024-11-24,16.11,2.78,9.44,0.0,39500.0,1.0
2024-11-25,13.33,7.78,10.56,3.3,46900.0,1.0
2024-11-26,16.0,6.67,11.34,3.81,52900.0,1.0
2024-11-27,15.0,2.78,8.89,0.0,53600.0,1.0
2024-11-28,15.0,0.56,7.78,0.0,49000.0,0.0
2024-11-29,15.56,1.0,8.28,0.0,42300.0,0.0
2024-11-30,14.44,0.0,7.22,0.0,35700.0,0.0
2024-12-01,14.44,5.0,9.72,0.0,30900.0,0.0
2024-12-02,20.56,4.44,12.5,0.0,27700.0,0.0
2024-12-03,17.78,3.89,10.84,0.0,25200.0,0.0
2024-12-04,18.89,3.33,11.11,0.0,22600.0,0.0
2024-12-05,17.78,5.0,11.39,0.0,20000.0,0.0
2024-12-06,18.33,3.33,10.83,0.0,18000.0,0.0
2024-12-07,16.11,3.89,10.0,0.0,16400.0,0.0
2024-12-08,18.89,3.89,11.39,0.0,15300.0,0.0
2024-12-09,17.22,3.33,10.27,0.0,14700.0,0.0
2024-12-10,12.78,0.56,6.67,0.0,14000.0,0.0
2024-12-11,13.33,1.11,7.22,0.0,13400.0,0.0
2024-12-12,12.78,7.78,10.28,19.05,13500.0,1.0
2024-12-13,13.33,10.0,11.66,1.27,14700.0,1.0
2024-12-14,15.0,7.22,11.11,27.94,18000.0,1.0
2024-12-15,9.44,1.67,5.56,0.0,27300.0,1.0
2024-12-16,11.11,5.0,8.06,9.4,36200.0,1.0
2024-12-17,13.33,5.0,9.16,0.0,42000.0,1.0
2024-12-18,12.22,4.0,8.11,0.0,46100.0,1.0
2024-12-19,9.44,3.89,6.66,0.0,46200.0,1.0
2024-12-20,8.33,7.78,8.06,0.0,42800.0,0.0
2024-12-21,12.22,7.22,9.72,3.05,38300.0,0.0
2024-12-22,15.0,10.0,12.5,2.54,35000.0,0.0
2024-12-23,15.56,11.67,13.62,2.03,32800.0,0.0
2024-12-24,15.0,5.0,10.0,10.67,32000.0,0.0
2024-12-25,12.22,3.89,8.06,0.0,33400.0,1.0
2024-12-26,13.33,10.0,11.66,6.86,36900.0,1.0
2024-12-27,15.0,10.56,12.78,2.79,41000.0,1.0
2024-12-28,17.78,12.78,15.28,0.25,45100.0,1.0
2024-12-29,16.67,8.33,12.5,3.81,47600.0,1.0
2024-12-30,13.89,5.0,9.44,0.0,50500.0,1.0
2024-12-31,12.78,2.22,7.5,0.0,53500.0,1.0
2025-01-01,11.11,3.89,7.5,0.0,55200.0,1.0
2025-01-02,15.56,7.22,11.39,0.0,54900.0,0.0
2025-01-03,13.89,7.22,10.56,5.08,52700.0,0.0
2025-01-04,13.89,2.78,8.34,0.0,50300.0,0.0
2025-01-05,14.44,2.78,8.61,0.0,49100.0,0.0
2025-01-06,14.44,3.89,9.16,0.0,48700.0,0.0
2025-01-07,18.89,10.0,14.44,0.0,48100.0,0.0
2025-01-08,17.22,4.44,10.83,0.0,46200.0,0.0
2025-01-09,20.56,2.78,11.67,0.0,43400.0,0.0
2025-01-10,17.22,3.33,10.27,0.0,40800.0,0.0
2025-01-11,17.22,8.33,12.77,0.0,38600.0,0.0
2025-01-12,16.11,5.56,10.84,0.0,37000.0,0.0
2025-01-13,15.0,3.89,9.44,0.0,35500.0,0.0
2025-01-14,15.0,0.56,7.78,0.0,33900.0,0.0
2025-01-15,16.67,0.56,8.62,0.0,32400.0,0.0
2025-01-16,17.22,1.67,9.44,0.0,30800.0,0.0
2025-01-17,13.89,1.11,7.5,0.0,28800.0,0.0
2025-01-18,15.0,0.0,7.5,0.0,26600.0,0.0
2025-01-19,13.89,0.0,6.94,0.0,24400.0,0.0
2025-01-20,16.11,-1.11,7.5,0.0,22600.0,0.0
2025-01-21,15.56,-0.56,7.5,0.0,21100.0,0.0
2025-01-22,16.67,-1.11,7.78,0.0,19600.0,0.0
2025-01-23,18.33,0.0,9.16,0.0,18400.0,0.0
2025-01-24,16.67,1.67,9.17,0.0,17900.0,0.0
2025-01-25,12.22,1.67,6.94,0.0,17800.0,0.0
2025-01-26,13.89,2.78,8.34,0.0,17700.0,0.0
2025-01-27,17.22,-0.56,8.33,0.0,17200.0,0.0
2025-01-28,14.44,-0.56,6.94,0.0,16800.0,0.0
2025-01-29,13.89,0.56,7.22,0.0,16500.0,0.0
2025-01-30,12.78,-0.56,6.11,0.0,16800.0,1.0
2025-01-31,10.56,6.11,8.34,6.35,18900.0,1.0
2025-02-01,13.89,10.0,11.94,8.13,23500.0,1.0
2025-02-02,15.0,13.33,14.16,4.57,32100.0,1.0
2025-02-03,16.11,11.67,13.89,6.1,44000.0,1.0
2025-02-04,16.11,6.67,11.39,37.85,55700.0,1.0
2025-02-05,13.33,2.22,7.78,0.0,66000.0,1.0
2025-02-06,14.0,1.67,7.84,17.53,71000.0,1.0
2025-02-07,14.44,6.67,10.56,0.0,73100.0,1.0
2025-02-08,12.78,3.89,8.33,0.0,74600.0,1.0
2025-02-09,12.78,0.56,6.67,0.0,74900.0,1.0
2025-02-10,12.78,1.11,6.94,0.0,73600.0,0.0
2025-02-11,10.0,-1.11,4.44,0.0,71700.0,0.0
2025-02-12,12.22,1.11,6.66,3.56,70900.0,0.0
2025-02-13,15.0,9.44,12.22,28.7,70900.0,0.0
2025-02-14,15.56,5.56,10.56,0.0,71200.0,1.0
2025-02-15,15.0,4.44,9.72,0.0,71300.0,1.0
2025-02-16,15.0,6.11,10.56,0.76,71200.0,0.0
2025-02-17,15.56,3.89,9.72,0.0,70600.0,0.0
2025-02-18,17.22,3.0,10.11,0.0,69600.0,0.0
2025-02-19,14.44,8.89,11.66,4.83,68900.0,0.0
2025-02-20,18.33,8.33,13.33,0.0,68700.0,0.0
2025-02-21,18.89,5.0,11.94,0.0,67900.0,0.0
2025-02-22,20.0,6.11,13.06,0.0,67100.0,0.0
2025-02-23,19.44,11.11,15.28,0.0,66300.0,0.0
2025-02-24,18.33,10.0,14.16,0.0,65100.0,0.0
2025-02-25,19.44,5.0,12.22,0.0,63600.0,0.0
2025-02-26,21.11,3.89,12.5,0.0,61600.0,0.0
2025-02-27,22.22,6.67,14.44,0.0,59100.0,0.0
2025-02-28,23.33,6.67,15.0,0.0,56100.0,0.0
2025-03-01,17.78,6.11,11.94,0.0,52900.0,0.0
2025-03-02,16.11,5.56,10.84,0.76,49600.0,0.0
2025-03-03,16.67,2.22,9.44,0.0,46800.0,0.0
2025-03-04,15.56,7.78,11.67,0.0,44800.0,0.0
2025-03-05,13.89,6.67,10.28,0.0,43400.0,0.0
2025-03-06,14.44,4.44,9.44,0.25,42000.0,0.0
2025-03-07,18.33,3.89,11.11,0.0,40500.0,0.0
2025-03-08,18.33,2.22,10.27,0.0,38900.0,0.0
2025-03-09,20.0,4.44,12.22,0.0,37400.0,0.0
2025-03-10,21.11,5.0,13.06,0.0,36000.0,0.0
2025-03-11,18.89,5.0,11.94,0.0,34700.0,0.0
2025-03-12,14.44,8.33,11.38,10.67,33400.0,0.0
2025-03-13,13.33,6.67,10.0,4.83,33200.0,0.0
2025-03-14,11.11,5.56,8.33,7.37,34000.0,1.0
2025-03-15,15.56,6.11,10.84,0.0,35800.0,1.0
2025-03-16,17.22,6.11,11.66,2.03,37500.0,1.0
2025-03-17,15.0,7.22,11.11,2.54,38900.0,1.0
2025-03-18,15.56,1.67,8.62,0.0,42700.0,1.0
2025-03-19,15.56,2.78,9.17,0.25,46800.0,1.0
2025-03-20,17.78,5.0,11.39,0.0,48600.0,1.0
2025-03-21,17.78,6.67,12.23,0.0,48900.0,1.0
2025-03-22,17.78,7.78,12.78,0.0,48900.0,0.0
2025-03-23,23.89,6.11,15.0,0.0,48400.0,0.0
2025-03-24,26.11,9.44,17.77,0.0,47600.0,0.0
2025-03-25,28.33,10.56,19.44,0.0,46600.0,0.0
2025-03-26,18.0,12.22,15.11,0.0,45500.0,0.0
2025-03-27,18.0,10.0,14.0,0.25,44400.0,0.0
2025-03-28,17.78,7.78,12.78,0.0,43200.0,0.0
2025-03-29,17.78,3.89,10.84,0.0,42200.0,0.0
2025-03-30,19.0,10.0,14.5,4.06,41300.0,0.0
2025-03-31,16.0,12.0,14.0,2.29,41000.0,0.0
2025-04-01,14.0,11.0,12.5,2.29,41400.0,1.0
2025-04-02,17.0,4.0,10.5,0.0,42600.0,1.0
2025-04-03,18.89,5.0,11.94,0.0,43700.0,1.0
2025-04-04,22.22,5.56,13.89,0.0,43800.0,1.0
2025-04-05,24.44,5.56,15.0,0.0,44000.0,1.0
2025-04-06,22.78,7.22,15.0,0.0,45200.0,1.0
2025-04-07,20.56,11.11,15.84,0.0,44600.0,0.0
2025-04-08,22.78,9.44,16.11,0.0,43600.0,0.0
2025-04-09,27.78,7.78,17.78,0.0,42900.0,0.0
2025-04-10,26.11,10.0,18.06,0.0,42700.0,0.0
2025-04-11,26.11,12.22,19.16,0.0,42400.0,0.0
2025-04-12,23.33,8.89,16.11,0.0,41800.0,0.0
2025-04-13,27.78,8.33,18.06,0.0,41300.0,0.0
2025-04-14,30.0,10.0,20.0,0.0,40400.0,0.0
2025-04-15,21.11,10.0,15.56,0.0,39100.0,0.0
2025-04-16,20.0,10.0,15.0,0.0,37400.0,0.0
2025-04-17,19.44,11.11,15.28,0.0,35000.0,0.0
2025-04-18,25.56,8.89,17.23,0.0,33100.0,0.0
2025-04-19,23.33,7.22,15.27,0.0,33100.0,0.0
2025-04-20,25.56,8.33,16.94,0.0,33200.0,1.0
2025-04-21,28.89,10.56,19.73,0.0,32800.0,0.0
2025-04-22,27.78,11.11,19.44,0.0,31800.0,0.0
2025-04-23,20.56,10.0,15.28,0.0,29500.0,0.0
2025-04-24,17.78,9.44,13.61,0.0,26400.0,0.0
2025-04-25,17.78,8.33,13.06,0.0,23400.0,0.0
2025-04-26,15.0,9.44,12.22,0.51,21400.0,0.0
2025-04-27,17.22,10.0,13.61,2.03,20200.0,0.0
2025-04-28,25.0,6.67,15.84,0.0,19300.0,0.0
2025-04-29,28.33,10.56,19.44,0.0,18700.0,0.0
2025-04-30,30.56,11.67,21.12,0.0,18000.0,0.0
2025-05-01,28.89,11.11,20.0,0.0,17800.0,0.0
2025-05-02,25.0,10.0,17.5,0.0,19100.0,1.0
2025-05-03,22.22,11.67,16.94,0.0,20300.0,1.0
2025-05-04,26.67,8.33,17.5,0.0,20500.0,1.0
2025-05-05,30.0,16.11,23.06,0.0,19900.0,0.0
2025-05-06,30.56,12.78,21.67,0.0,18400.0,0.0
2025-05-07,23.33,11.11,17.22,0.0,16700.0,0.0
2025-05-08,30.0,11.11,20.56,0.0,15200.0,0.0
2025-05-09,34.44,11.11,22.78,0.0,13900.0,0.0
2025-05-10,34.44,14.44,24.44,0.0,13000.0,0.0
2025-05-11,23.89,12.78,18.34,0.0,13500.0,1.0
2025-05-12,20.56,12.0,16.28,0.76,15900.0,1.0
2025-05-13,23.89,10.56,17.23,0.25,17900.0,1.0
2025-05-14,26.67,10.0,18.34,0.0,18700.0,1.0
2025-05-15,29.44,11.67,20.56,0.0,18700.0,0.0
2025-05-16,30.56,12.78,21.67,0.0,17700.0,0.0
2025-05-17,26.11,13.89,20.0,0.0,16500.0,0.0
2025-05-18,28.89,10.56,19.73,0.0,15700.0,0.0
2025-05-19,31.67,12.78,22.22,0.0,15200.0,0.0
2025-05-20,31.67,12.78,22.22,0.0,14900.0,0.0
2025-05-21,32.78,11.11,21.94,0.0,14300.0,0.0
2025-05-22,29.44,13.33,21.38,0.0,14600.0,1.0
2025-05-23,27.22,11.11,19.16,0.0,16100.0,1.0
2025-05-24,27.78,11.67,19.73,0.0,17100.0,1.0
2025-05-25,25.0,11.67,18.34,0.0,17600.0,1.0
2025-05-26,27.22,12.22,19.72,0.0,18300.0,1.0
2025-05-27,31.67,12.78,22.22,0.0,18300.0,0.0
2025-05-28,27.22,12.78,20.0,0.0,17600.0,0.0
2025-05-29,34.44,12.22,23.33,0.0,16700.0,0.0
2025-05-30,38.33,17.22,27.78,0.0,15900.0,0.0
2025-05-31,38.33,19.44,28.88,0.0,15300.0,0.0
2025-06-01,28.89,13.89,21.39,0.0,15100.0,0.0
2025-06-02,31.67,11.67,21.67,0.0,15300.0,1.0
2025-06-03,31.67,13.33,22.5,0.0,14900.0,0.0
2025-06-04,33.89,13.89,23.89,0.0,13700.0,0.0
2025-06-05,28.33,13.89,21.11,0.0,12700.0,0.0
2025-06-06,31.11,12.22,21.66,0.0,12300.0,0.0
2025-06-07,32.78,13.33,23.06,0.0,11700.0,0.0
2025-06-08,28.33,13.33,20.83,0.0,11700.0,0.0
2025-06-09,31.67,13.33,22.5,0.0,11700.0,0.0
2025-06-10,28.89,12.78,20.84,0.0,11600.0,0.0
2025-06-11,27.22,11.67,19.44,0.0,11800.0,1.0
2025-06-12,29.44,11.67,20.56,0.0,12100.0,1.0
2025-06-13,28.89,11.67,20.28,0.0,12700.0,1.0
2025-06-14,29.44,12.22,20.83,0.0,13600.0,1.0
2025-06-15,31.67,12.78,22.22,0.0,14100.0,1.0
2025-06-16,29.44,12.22,20.83,0.0,14400.0,1.0
2025-06-17,33.33,13.33,23.33,0.0,14800.0,1.0
2025-06-18,36.11,15.0,25.56,0.0,15000.0,1.0
2025-06-19,28.33,15.0,21.66,0.0,14800.0,0.0
2025-06-20,26.11,12.22,19.16,0.0,15000.0,1.0
2025-06-21,26.67,11.67,19.17,0.0,15100.0,1.0
2025-06-22,27.78,15.56,21.67,0.0,15100.0,0.0
2025-06-23,33.33,13.33,23.33,0.0,15300.0,1.0
2025-06-24,28.89,12.78,20.84,0.0,15300.0,0.0
2025-06-25,32.22,12.22,22.22,0.0,15200.0,0.0
2025-06-26,32.22,13.33,22.78,0.0,15000.0,0.0
2025-06-27,36.11,15.0,25.56,0.0,14800.0,0.0
2025-06-28,36.67,17.22,26.94,0.0,14500.0,0.0
2025-06-29,35.0,18.33,26.66,0.0,14400.0,0.0
2025-06-30,34.44,17.22,25.83,0.0,14600.0,1.0
2025-07-01,35.0,15.0,25.0,0.0,16200.0,1.0
2025-07-02,35.0,15.0,25.0,0.0,19500.0,1.0
2025-07-03,28.89,15.0,21.94,0.0,21300.0,1.0
2025-07-04,28.89,13.89,21.39,0.0,22000.0,1.0
2025-07-05,31.11,12.22,21.66,0.0,22500.0,1.0
2025-07-06,34.44,12.78,23.61,0.0,22700.0,1.0
2025-07-07,32.22,14.44,23.33,0.0,22800.0,1.0
2025-07-08,30.0,13.33,21.66,0.0,23000.0,1.0
2025-07-09,33.33,13.33,23.33,0.0,23000.0,0.0
2025-07-10,37.22,14.44,25.83,0.0,22500.0,0.0
2025-07-11,38.33,20.0,29.16,0.0,22100.0,0.0
2025-07-12,33.89,17.78,25.84,0.0,22000.0,0.0
2025-07-13,33.89,15.0,24.44,0.0,22500.0,1.0
2025-07-14,36.67,14.44,25.56,0.0,22700.0,1.0
2025-07-15,29.44,14.44,21.94,0.0,22600.0,0.0
2025-07-16,27.78,13.89,20.84,0.0,22500.0,0.0
2025-07-17,31.11,13.33,22.22,0.0,22200.0,0.0
2025-07-18,32.22,13.33,22.78,0.0,21800.0,0.0
2025-07-19,32.78,12.78,22.78,0.0,21500.0,0.0
2025-07-20,30.0,13.33,21.66,0.0,21500.0,0.0
2025-07-21,26.11,14.44,20.27,0.0,21700.0,1.0
2025-07-22,26.11,15.0,20.56,0.0,22000.0,1.0
2025-07-23,27.78,13.33,20.56,0.0,22100.0,1.0
2025-07-24,29.44,13.33,21.38,0.0,22100.0,0.0
2025-07-25,27.22,13.33,20.27,0.0,22100.0,0.0
2025-07-26,26.67,13.89,20.28,0.0,22200.0,1.0
2025-07-27,27.78,13.33,20.56,0.0,22200.0,0.0
2025-07-28,32.22,15.0,23.61,0.0,22300.0,1.0
2025-07-29,34.44,16.67,25.56,0.0,22300.0,0.0
2025-07-30,31.11,14.44,22.78,0.0,22200.0,0.0
2025-07-31,33.89,14.44,24.16,0.0,21800.0,0.0
2025-08-01,33.33,14.44,23.88,0.0,21400.0,0.0
2025-08-02,32.78,14.44,23.61,0.0,21100.0,0.0
2025-08-03,31.11,15.56,23.34,0.0,21000.0,0.0
2025-08-04,32.22,15.0,23.61,0.0,21200.0,1.0
2025-08-05,30.56,15.0,22.78,0.0,21300.0,1.0
2025-08-06,35.0,17.22,26.11,0.0,21200.0,0.0
2025-08-07,35.0,18.33,26.66,0.0,21000.0,0.0
2025-08-08,38.33,16.67,27.5,0.0,20700.0,0.0
2025-08-09,38.89,19.44,29.16,0.0,20400.0,0.0
2025-08-10,37.78,17.22,27.5,0.0,20600.0,1.0
2025-08-11,33.33,16.11,24.72,0.0,20700.0,1.0
2025-08-12,31.67,14.44,23.06,0.0,20200.0,0.0
2025-08-13,28.89,14.44,21.66,0.0,19400.0,0.0
2025-08-14,31.67,14.44,23.06,0.0,18600.0,0.0
2025-08-15,34.44,15.56,25.0,0.0,17700.0,0.0
2025-08-16,29.44,17.78,23.61,0.0,16400.0,0.0
2025-08-17,27.78,16.67,22.22,0.0,15500.0,0.0
2025-08-18,30.56,14.44,22.5,0.0,16400.0,1.0
2025-08-19,32.22,15.0,23.61,0.0,16900.0,1.0
2025-08-20,36.67,13.89,25.28,0.0,16900.0,0.0
2025-08-21,38.33,17.22,27.78,0.0,17000.0,1.0
2025-08-22,38.89,17.78,28.34,0.0,17000.0,0.0
2025-08-23,37.22,17.22,27.22,0.0,17100.0,1.0
2025-08-24,35.0,16.67,25.84,0.0,17200.0,1.0
2025-08-25,35.0,16.11,25.56,0.0,17000.0,0.0
2025-08-26,32.78,17.78,25.28,0.0,16900.0,0.0
2025-08-27,32.22,17.22,24.72,0.0,17200.0,1.0
2025-08-28,34.44,16.11,25.28,0.0,17300.0,1.0
2025-08-29,33.33,15.56,24.44,0.0,17400.0,1.0
2025-08-30,37.78,16.11,26.94,0.0,17400.0,0.0
2025-08-31,38.33,17.22,27.78,0.0,17500.0,1.0
2025-09-01,38.33,17.22,27.78,0.0,17500.0,0.0
2025-09-02,36.67,19.44,28.06,0.0,17300.0,0.0
2025-09-03,34.44,16.67,25.56,0.0,17400.0,1.0
2025-09-04,30.0,15.0,22.5,0.0,17200.0,0.0
2025-09-05,29.44,14.44,21.94,0.0,17100.0,0.0
2025-09-06,27.78,15.56,21.67,0.0,17100.0,0.0
2025-09-07,29.44,15.0,22.22,0.0,17300.0,1.0
2025-09-08,27.78,16.11,21.94,0.0,17200.0,0.0
2025-09-09,25.56,17.78,21.67,0.0,17000.0,0.0
2025-09-10,25.56,16.11,20.84,0.0,17000.0,0.0
2025-09-11,28.33,15.0,21.66,0.0,17000.0,0.0
2025-09-12,30.0,15.0,22.5,0.0,16800.0,0.0
2025-09-13,28.33,16.11,22.22,0.0,16900.0,1.0
2025-09-14,30.56,15.56,23.06,0.0,17000.0,1.0
2025-09-15,33.89,15.0,24.44,0.0,16800.0,0.0
2025-09-16,35.56,15.0,25.28,0.0,16400.0,0.0
2025-09-17,37.22,15.56,26.39,0.0,15800.0,0.0
2025-09-18,31.67,17.78,24.72,0.0,15300.0,0.0
2025-09-19,27.22,17.22,22.22,0.0,15300.0,0.0
2025-09-20,30.56,16.11,23.34,0.0,15500.0,1.0
2025-09-21,32.78,16.67,24.72,0.0,15500.0,0.0
2025-09-22,34.44,20.0,27.22,0.0,15800.0,1.0
2025-09-23,37.22,17.22,27.22,0.0,16100.0,1.0
2025-09-24,27.78,18.89,23.34,0.0,16300.0,1.0
2025-09-25,30.56,16.11,23.34,0.51,16700.0,1.0
2025-09-26,32.78,12.78,22.78,0.0,16800.0,1.0
2025-09-27,27.78,16.67,22.22,0.0,17000.0,1.0
2025-09-28,22.22,16.11,19.16,0.0,17600.0,1.0
2025-09-29,23.33,18.33,20.83,0.0,17700.0,1.0
2025-09-30,24.44,16.11,20.27,0.0,17700.0,0.0
2025-10-01,25.56,16.11,20.84,0.0,17500.0,0.0
2025-10-02,22.22,16.11,19.16,7.37,17200.0,0.0
2025-10-03,22.22,13.33,17.77,0.0,17400.0,1.0
2025-10-04,25.56,11.67,18.61,0.0,17700.0,1.0
2025-10-05,26.67,11.67,19.17,0.0,17700.0,0.0
2025-10-06,30.56,13.33,21.94,0.0,17500.0,0.0
2025-10-07,32.22,13.89,23.06,0.0,16900.0,0.0
2025-10-08,24.44,14.44,19.44,0.0,16400.0,0.0
2025-10-09,23.89,12.22,18.06,0.0,16400.0,0.0
2025-10-10,23.89,12.78,18.34,0.0,15800.0,0.0
2025-10-11,22.78,9.44,16.11,0.0,14600.0,0.0
2025-10-12,24.44,8.89,16.66,0.0,13200.0,0.0
2025-10-13,19.44,10.56,15.0,31.24,12200.0,0.0
2025-10-14,13.33,11.11,12.22,6.6,12200.0,0.0
2025-10-15,17.22,11.11,14.16,2.03,11800.0,0.0
2025-10-16,20.56,7.78,14.17,0.0,11400.0,0.0
2025-10-17,23.33,8.33,15.83,0.0,11200.0,0.0
2025-10-18,25.56,10.56,18.06,0.0,11200.0,0.0
2025-10-19,27.22,11.11,19.16,0.0,11200.0,0.0
2025-10-20,26.11,12.78,19.44,0.0,11200.0,0.0
2025-10-21,27.22,10.56,18.89,0.0,11000.0,0.0
2025-10-22,20.0,12.78,16.39,0.0,10700.0,0.0
2025-10-23,22.78,9.44,16.11,0.0,10900.0,1.0
2025-10-24,22.22,9.44,15.83,0.0,10700.0,0.0
2025-10-25,18.33,13.33,15.83,0.0,10400.0,0.0
2025-10-26,20.0,13.89,16.94,0.51,10500.0,1.0
2025-10-27,21.11,12.22,16.66,0.0,10900.0,1.0
2025-10-28,22.78,6.67,14.73,0.0,11000.0,1.0
2025-10-29,26.67,9.44,18.06,0.0,11000.0,0.0
2025-10-30,25.56,9.44,17.5,0.0,10300.0,0.0
2025-10-31,26.67,8.89,17.78,0.0,9880.0,0.0
2025-11-01,25.0,9.44,17.22,0.0,9710.0,0.0
2025-11-02,26.11,9.44,17.77,0.0,9850.0,1.0
2025-11-03,22.78,11.11,16.94,0.0,9990.0,1.0
2025-11-04,21.11,8.89,15.0,0.0,10100.0,1.0
2025-11-05,17.22,12.78,15.0,11.94,10100.0,0.0
2025-11-06,20.56,8.89,14.72,0.0,10900.0,1.0
2025-11-07,21.11,12.78,16.94,0.0,10900.0,0.0
2025-11-08,21.67,8.0,14.84,0.0,10700.0,0.0
2025-11-09,25.0,10.0,17.5,0.0,10200.0,0.0
2025-11-10,25.0,9.44,17.22,0.0,9400.0,0.0
2025-11-11,22.22,8.89,15.56,0.0,8740.0,0.0
2025-11-12,20.56,11.67,16.11,0.25,8400.0,0.0
2025-11-13,17.22,13.33,15.27,36.32,9200.0,1.0
2025-11-14,17.78,12.22,15.0,0.0,10900.0,1.0
2025-11-15,18.89,10.56,14.73,0.0,11700.0,1.0
2025-11-16,15.56,13.33,14.44,5.59,12900.0,1.0
2025-11-17,14.44,8.89,11.66,23.88,13900.0,1.0
2025-11-18,15.0,7.22,11.11,0.0,14900.0,1.0
2025-11-19,14.44,11.11,12.77,0.0,17200.0,1.0
2025-11-20,13.33,7.78,10.56,2.79,18800.0,1.0
2025-11-21,16.11,6.67,11.39,0.0,17600.0,0.0
2025-11-22,15.0,4.44,9.72,0.0,15600.0,0.0
2025-11-23,13.89,5.0,9.44,0.0,14600.0,0.0
2025-11-24,11.67,8.89,10.28,0.0,13800.0,0.0
2025-11-25,12.22,6.11,9.17,0.0,12900.0,0.0
2025-11-26,10.56,4.44,7.5,0.0,12100.0,0.0
2025-11-27,8.89,7.22,8.06,0.0,11400.0,0.0
2025-11-28,8.33,7.22,7.78,0.0,11100.0,0.0
2025-11-29,9.0,7.22,8.11,0.0,11000.0,0.0
2025-11-30,7.78,6.67,7.22,0.0,10700.0,0.0
2025-12-01,10.0,4.0,7.0,0.0,10500.0,0.0
2025-12-02,10.56,2.78,6.67,0.0,10300.0,0.0
2025-12-03,16.67,5.56,11.12,0.0,10100.0,0.0
2025-12-04,9.44,2.78,6.11,0.0,10100.0,0.0
2025-12-05,7.22,3.89,5.56,0.0,9740.0,0.0
2025-12-06,7.78,5.56,6.67,0.0,9660.0,0.0
2025-12-07,7.78,6.11,6.94,0.0,9640.0,0.0
2025-12-08,7.78,5.56,6.67,0.0,9560.0,0.0
2025-12-09,6.67,5.56,6.12,0.0,9480.0,0.0
2025-12-10,7.78,6.11,6.94,0.0,9360.0,0.0
2025-12-11,7.78,5.56,6.67,0.0,9170.0,0.0
2025-12-12,6.67,5.0,5.84,0.0,8940.0,0.0
2025-12-13,7.22,4.0,5.61,0.0,8800.0,0.0
2025-12-14,7.22,3.89,5.56,0.0,8990.0,1.0
2025-12-15,7.22,4.44,5.83,0.0,9310.0,1.0
2025-12-16,10.56,5.56,8.06,0.0,9500.0,1.0
2025-12-17,17.78,7.22,12.5,0.51,9930.0,1.0
2025-12-18,13.89,10.56,12.23,0.0,11000.0,1.0
2025-12-19,13.33,11.11,12.22,3.81,13200.0,1.0
2025-12-20,14.44,11.67,13.06,0.51,17100.0,1.0
2025-12-21,17.22,13.89,15.56,1.52,21900.0,1.0
2025-12-22,15.56,12.0,13.78,6.1,33600.0,1.0
2025-12-23,16.11,11.11,13.61,1.52,46300.0,1.0
2025-12-24,17.78,13.33,15.56,19.81,51700.0,1.0
2025-12-25,16.0,12.22,14.11,14.73,56100.0,1.0
2025-12-26,15.56,8.33,11.94,2.03,62000.0,1.0
2025-12-27,11.67,3.89,7.78,0.0,66000.0,1.0
2025-12-28,10.0,1.11,5.56,0.0,66500.0,1.0
2025-12-29,7.22,1.67,4.44,0.0,65300.0,0.0
2025-12-30,6.67,5.0,5.84,0.0,63100.0,0.0
2025-12-31,9.44,5.0,7.22,5.59,59700.0,0.0
2026-01-01,16.11,8.33,12.22,15.49,55800.0,0.0
2026-01-02,16.11,11.67,13.89,1.27,53100.0,0.0
2026-01-03,17.22,12.22,14.72,1.52,55500.0,1.0
2026-01-04,12.78,9.44,11.11,34.04,63900.0,1.0
2026-01-05,14.44,9.44,11.94,6.1,70500.0,1.0
2026-01-06,16.67,7.22,11.94,0.0,72800.0,1.0
2026-01-07,15.56,7.78,11.67,0.0,72600.0,0.0
2026-01-08,12.78,3.33,8.06,0.0,71500.0,0.0
2026-01-09,12.78,1.11,6.94,0.0,70400.0,0.0
2026-01-10,13.33,0.56,6.94,0.0,68600.0,0.0
2026-01-11,13.89,1.11,7.5,0.0,66400.0,0.0
2026-01-12,14.44,1.11,7.78,0.0,63900.0,0.0
2026-01-13,16.67,1.11,8.89,0.0,60900.0,0.0
2026-01-14,15.56,1.11,8.34,0.0,57300.0,0.0
2026-01-15,18.33,2.22,10.27,0.0,53500.0,0.0
2026-01-16,16.67,2.78,9.73,0.0,50200.0,0.0
2026-01-17,15.0,3.89,9.44,0.0,47500.0,0.0
2026-01-18,15.56,3.89,9.72,0.0,45100.0,0.0
2026-01-19,8.33,3.89,6.11,0.0,42800.0,0.0
2026-01-20,10.0,6.11,8.06,0.0,40900.0,0.0
2026-01-21,11.11,6.11,8.61,0.0,39400.0,0.0
2026-01-22,14.44,3.89,9.16,0.0,38100.0,0.0
2026-01-23,8.33,3.89,6.11,0.0,36700.0,0.0
2026-01-24,18.33,3.89,11.11,0.0,35200.0,0.0
2026-01-25,10.56,0.56,5.56,0.0,33400.0,0.0
2026-01-26,14.44,3.89,9.16,0.0,31300.0,0.0
2026-01-27,13.89,1.67,7.78,2.54,29300.0,0.0
2026-01-28,15.56,7.22,11.39,0.0,27300.0,0.0
2026-01-29,17.22,3.33,10.27,0.0,25300.0,0.0
2026-01-30,16.11,2.22,9.16,0.0,23900.0,0.0
2026-01-31,17.22,3.89,10.56,0.0,25200.0,1.0
2026-02-01,17.78,3.33,10.56,0.0,30100.0,1.0
2026-02-02,18.33,2.22,10.27,0.0,32800.0,1.0
2026-02-03,18.89,3.89,11.39,0.0,33300.0,1.0
2026-02-04,20.56,4.44,12.5,0.0,33100.0,0.0
2026-02-05,20.56,5.0,12.78,0.0,32500.0,0.0
2026-02-06,21.11,5.56,13.34,0.0,32500.0,0.0
2026-02-07,20.0,3.89,11.94,0.0,32600.0,1.0
2026-02-08,21.11,5.0,13.06,0.0,32200.0,0.0
2026-02-09,18.33,6.11,12.22,0.0,31800.0,0.0
2026-02-10,13.33,5.0,9.16,1.78,31900.0,1.0
2026-02-11,17.22,10.0,13.61,3.81,32100.0,1.0
2026-02-12,17.78,6.11,11.94,0.0,32500.0,1.0
2026-02-13,18.89,3.33,11.11,0.0,33400.0,1.0
2026-02-14,16.67,5.56,11.12,0.0,34300.0,1.0
2026-02-15,17.78,9.44,13.61,11.43,34000.0,0.0
2026-02-16,11.67,7.78,9.72,32.26,34200.0,1.0
2026-02-17,8.89,5.0,6.94,20.32,37900.0,1.0
2026-02-18,9.44,1.11,5.28,0.25,45300.0,1.0
2026-02-19,,,,,49100.0,1.0
2026-02-20,11.11,0.0,5.56,0.0,49700.0,1.0
2026-02-21,15.0,1.11,8.06,0.0,50200.0,1.0
2026-02-22,18.89,2.22,10.56,0.0,51100.0,1.0
2026-02-23,20.0,6.11,13.06,0.0,50600.0,0.0
2026-02-24,18.89,12.78,15.84,3.3,49300.0,0.0
2026-02-25,19.44,12.78,16.11,0.0,48700.0,0.0
2026-02-26,22.22,11.67,16.94,0.0,52200.0,1.0
2026-02-27,23.33,10.0,16.66,0.0,58300.0,1.0
2026-02-28,23.89,12.22,18.06,0.0,63100.0,1.0
2026-03-01,20.56,11.11,15.84,0.0,64400.0,1.0
2026-03-02,19.44,7.78,13.61,0.0,62900.0,0.0
2026-03-03,21.11,6.11,13.61,0.0,60500.0,0.0
2026-03-04,20.56,10.0,15.28,0.0,57700.0,0.0
2026-03-05,19.44,7.78,13.61,0.0,54100.0,0.0
2026-03-06,21.11,8.33,14.72,0.0,50100.0,0.0
2026-03-07,23.89,9.44,16.66,0.0,46500.0,0.0
2026-03-08,23.89,7.22,15.56,0.0,43200.0,0.0
2026-03-09,24.44,8.89,16.66,0.0,40700.0,0.0
2026-03-10,22.22,7.78,15.0,0.0,39000.0,0.0
2026-03-11,23.33,7.78,15.56,0.0,36800.0,0.0
2026-03-12,26.11,7.22,16.66,0.0,33900.0,0.0
2026-03-13,24.44,7.22,15.83,0.0,30900.0,0.0
2026-03-14,25.0,8.33,16.66,0.0,28700.0,0.0
2026-03-15,27.78,11.67,19.73,0.0,27500.0,0.0
2026-03-16,28.89,9.44,19.16,0.0,26500.0,0.0
2026-03-17,30.0,11.11,20.56,0.0,25500.0,0.0
2026-03-18,31.11,12.78,21.94,0.0,24000.0,0.0
2026-03-19,30.56,13.33,21.94,0.0,22500.0,0.0
2026-03-20,31.11,11.67,21.39,0.0,21500.0,0.0
2026-03-21,29.44,14.44,21.94,0.0,20500.0,0.0
2026-03-22,28.89,11.11,20.0,0.0,19700.0,0.0
2026-03-23,28.33,11.11,19.72,0.0,19000.0,0.0
2026-03-24,29.44,8.89,19.16,0.0,18200.0,0.0
2026-03-25,27.78,8.89,18.34,0.0,17000.0,0.0
2026-03-26,25.56,10.0,17.78,0.0,15500.0,0.0
2026-03-27,27.22,9.44,18.33,0.0,14100.0,0.0
2026-03-28,28.89,8.89,18.89,0.0,13300.0,0.0
2026-03-29,31.11,12.22,21.66,0.0,13000.0,0.0
2026-03-30,25.56,11.11,18.34,0.0,12600.0,0.0
2026-03-31,21.11,13.33,17.22,3.56,12400.0,0.0
2026-04-01,17.22,12.78,15.0,2.29,12400.0,0.0
2026-04-02,18.89,5.56,12.22,0.51,13100.0,1.0
2026-04-03,25.0,7.22,16.11,0.0,14400.0,1.0
2026-04-04,27.78,8.33,18.06,0.0,15200.0,1.0
2026-04-05,29.44,8.33,18.89,0.0,14800.0,0.0
2026-04-06,26.67,9.44,18.06,0.0,13400.0,0.0
2026-04-07,25.0,10.0,17.5,0.0,12600.0,0.0
2026-04-08,28.33,9.44,18.88,0.0,12200.0,0.0
2026-04-09,25.56,12.78,19.17,0.0,11900.0,0.0
2026-04-10,19.44,12.78,16.11,5.33,13200.0,1.0
2026-04-11,17.78,8.89,13.34,20.07,18700.0,1.0
2026-04-12,15.56,10.0,12.78,6.86,28800.0,1.0
2026-04-13,19.44,8.89,14.16,0.0,36100.0,1.0
2026-04-14,20.56,8.33,14.44,0.0,38000.0,1.0
2026-04-15,21.11,8.33,14.72,0.0,36300.0,0.0
2026-04-16,21.11,7.78,14.44,0.0,33300.0,0.0
2026-04-17,23.89,7.78,15.84,0.0,30600.0,0.0
2026-04-18,25.56,6.11,15.84,0.0,28200.0,0.0
2026-04-19,25.0,9.44,17.22,0.0,26400.0,0.0
2026-04-20,21.11,7.22,14.16,16.76,25600.0,0.0
2026-04-21,16.11,9.44,12.77,31.5,27100.0,1.0
2026-04-22,18.89,8.89,13.89,3.81,29900.0,1.0
2026-04-23,23.33,8.33,15.83,0.0,32700.0,1.0
2026-04-24,22.22,10.56,16.39,0.0,33700.0,1.0
2026-04-25,16.67,10.56,13.62,0.0,31700.0,0.0
2026-04-26,18.89,10.56,14.73,0.76,28900.0,0.0
2026-04-27,21.11,7.78,14.44,0.0,26600.0,0.0
2026-04-28,24.44,8.33,16.39,0.0,24400.0,0.0
2026-04-29,27.78,8.89,18.34,0.0,22100.0,0.0
2026-04-30,29.44,11.11,20.27,0.0,20300.0,0.0
2026-05-01,27.78,12.22,20.0,0.0,18600.0,0.0
2026-05-02,21.67,11.67,16.67,0.0,16900.0,0.0
2026-05-03,20.0,11.67,15.84,0.0,15400.0,0.0
2026-05-04,17.78,11.11,14.44,13.72,14600.0,0.0
2026-05-05,20.0,11.67,15.84,0.25,14300.0,0.0
2026-05-06,24.44,13.89,19.16,0.0,14300.0,0.0
2026-05-07,28.33,12.22,20.27,0.0,14200.0,0.0
2026-05-08,28.89,11.11,20.0,0.0,14700.0,1.0
2026-05-09,31.67,12.78,22.22,0.0,15100.0,1.0
2026-05-10,30.0,12.22,21.11,0.0,14800.0,0.0
2026-05-11,34.44,12.22,23.33,0.0,14200.0,0.0
2026-05-12,30.0,13.89,21.94,0.0,13300.0,0.0
2026-05-13,27.78,12.78,20.28,0.0,12500.0,0.0
2026-05-14,31.67,12.22,21.94,0.0,11500.0,0.0
2026-05-15,32.78,11.11,21.94,0.0,10900.0,0.0
2026-05-16,28.33,10.0,19.16,0.0,10700.0,0.0
2026-05-17,26.11,15.56,20.84,0.0,10900.0,1.0
2026-05-18,29.44,15.0,22.22,0.0,10600.0,0.0
2026-05-19,32.22,12.22,22.22,0.0,9940.0,0.0
2026-05-20,33.33,12.22,22.78,0.0,8890.0,0.0
2026-05-21,34.44,13.89,24.16,0.0,7720.0,0.0
2026-05-22,31.67,13.33,22.5,0.0,7160.0,0.0
2026-05-23,27.22,12.22,19.72,0.0,7190.0,1.0
2026-05-24,26.67,11.11,18.89,0.0,7240.0,1.0
2026-05-25,21.67,11.11,16.39,0.0,7710.0,1.0
2026-05-26,21.67,11.67,16.67,0.0,8850.0,1.0
2026-05-27,23.89,9.44,16.66,0.0,9720.0,1.0
2026-05-28,22.22,12.22,17.22,0.51,10600.0,1.0
2026-05-29,22.78,13.33,18.06,3.05,11800.0,1.0
2026-05-30,27.78,11.67,19.73,0.0,13200.0,1.0
2026-05-31,31.67,11.67,21.67,0.0,14200.0,1.0
2026-06-01,34.44,12.78,23.61,0.0,14800.0,1.0
2026-06-02,32.78,13.33,23.06,0.0,14700.0,0.0
2026-06-03,33.89,13.89,23.89,0.0,14200.0,0.0
2026-06-04,35.0,14.44,24.72,0.0,13600.0,0.0
2026-06-05,35.56,15.56,25.56,0.0,13200.0,0.0
2026-06-06,28.33,13.89,21.11,0.0,12900.0,0.0
2026-06-07,30.56,11.11,20.84,0.0,12700.0,0.0
2026-06-08,28.89,13.33,21.11,0.0,12400.0,0.0
2026-06-09,30.56,14.44,22.5,0.0,12400.0,0.0
2026-06-10,36.11,14.44,25.28,0.0,12200.0,0.0
2026-06-11,,23.33,,0.0,12200.0,0.0
2026-06-12,38.89,,,0.0,12300.0,1.0
2026-06-13,37.78,17.22,27.5,0.0,12400.0,1.0
2026-06-14,35.0,15.56,25.28,0.0,12100.0,0.0
2026-06-15,32.78,15.0,23.89,0.0,11900.0,0.0
2026-06-16,31.67,14.44,23.06,0.0,12000.0,1.0
2026-06-17,30.56,14.44,22.5,0.0,12100.0,1.0
2026-06-18,28.89,14.44,21.66,0.0,12500.0,1.0
2026-06-19,26.11,15.0,20.56,0.0,13700.0,1.0
2026-06-20,29.44,12.78,21.11,0.0,14900.0,1.0
2026-06-21,31.67,12.78,22.22,0.0,15300.0,1.0
2026-06-22,32.22,13.33,22.78,0.0,15500.0,1.0
2026-06-23,33.33,12.78,23.06,0.0,15600.0,1.0
2026-06-24,30.56,12.78,21.67,0.0,15600.0,0.0
2026-06-25,28.89,13.33,21.11,0.0,15500.0,0.0
2026-06-26,27.78,14.44,21.11,0.0,15200.0,0.0
2026-06-27,26.67,14.44,20.56,0.0,15100.0,0.0
2026-06-28,29.44,12.78,21.11,0.0,15000.0,0.0
2026-06-29,31.67,12.78,22.22,0.0,15000.0,0.0
2026-06-30,32.22,14.44,23.33,0.0,15400.0,1.0
2026-07-01,30.56,13.33,21.94,0.0,16200.0,1.0
2026-07-02,30.0,13.33,21.66,0.0,17000.0,1.0
2026-07-03,33.89,12.78,23.34,0.0,17600.0,1.0
2026-07-04,35.0,14.44,24.72,0.0,17700.0,1.0
2026-07-05,31.67,13.89,22.78,0.0,18000.0,1.0
2026-07-06,31.67,12.78,22.22,0.0,18500.0,1.0
2026-07-07,27.78,12.22,20.0,0.0,18600.0,1.0
2026-07-08,33.33,12.22,22.78,0.0,18600.0,0.0
2026-07-09,36.11,13.89,25.0,0.0,18600.0,0.0
2026-07-10,32.22,15.0,23.61,0.0,18800.0,1.0
2026-07-11,34.44,13.33,23.88,0.0,18900.0,1.0
2026-07-12,34.44,19.44,26.94,0.0,19000.0,1.0
2026-07-13,32.78,20.0,26.39,0.0,19200.0,1.0
2026-07-14,40.0,20.0,30.0,0.0,19400.0,1.0
2026-07-15,40.0,19.44,29.72,0.0,19500.0,1.0
2026-07-16,33.89,16.11,25.0,0.0,19600.0,1.0
2026-07-17,33.33,14.44,23.88,0.0,19500.0,0.0
2026-07-18,33.33,13.89,23.61,0.0,19600.0,1.0
2026-07-19,35.56,13.89,24.72,0.0,19700.0,1.0
2026-07-20,34.44,18.89,26.66,0.0,19900.0,1.0
2026-07-21,38.33,20.0,29.16,0.0,20000.0,1.0
2026-07-22,30.56,16.67,23.62,0.0,20100.0,1.0
2026-07-23,33.89,15.0,24.44,0.0,20400.0,1.0
2026-07-24,34.44,15.56,25.0,0.0,20500.0,1.0
2026-07-25,35.56,15.56,25.56,0.0,20700.0,1.0
2026-07-26,33.89,15.56,24.72,0.0,21100.0,1.0
2026-07-27,33.89,15.0,24.44,0.0,21600.0,1.0
2026-07-28,35.56,15.0,25.28,0.0,21700.0,1.0
2026-07-29,35.56,17.22,26.39,0.0,21600.0,0.0
2026-07-30,35.0,16.67,25.84,0.0,21500.0,0.0
2026-07-31,37.22,15.0,26.11,0.0,21500.0,0.0
2026-08-01,38.89,16.11,27.5,0.0,21600.0,1.0
2026-08-02,39.44,17.22,28.33,0.0,21900.0,1.0
2026-08-03,40.56,17.22,28.89,0.0,22100.0,1.0
2026-08-04,37.22,17.22,27.22,0.0,22100.0,0.0
2026-08-05,35.56,15.0,25.28,0.0,22100.0,0.0
2026-08-06,36.11,15.56,25.84,0.0,22100.0,0.0
2026-08-07,36.11,15.56,25.84,0.0,22000.0,0.0
2026-08-08,35.56,15.0,25.28,0.0,22100.0,1.0
2026-08-09,38.33,16.67,27.5,0.0,22400.0,1.0
2026-08-10,32.78,16.11,24.44,0.0,22800.0,1.0
2026-08-11,32.78,16.11,24.44,0.0,23000.0,1.0
2026-08-12,31.67,15.0,23.34,0.0,22900.0,0.0
2026-08-13,26.11,15.0,20.56,0.0,22800.0,0.0
2026-08-14,26.11,15.56,20.84,0.0,22700.0,0.0
2026-08-15,30.0,15.0,22.5,0.0,22600.0,0.0
2026-08-16,33.89,13.89,23.89,0.0,22500.0,0.0
2026-08-17,32.78,16.67,24.72,0.0,22400.0,0.0
2026-08-18,35.0,13.89,24.44,0.0,22100.0,0.0
2026-08-19,35.56,15.56,25.56,0.0,21600.0,0.0
2026-08-20,32.78,14.44,23.61,0.0,21300.0,0.0
2026-08-21,33.33,15.0,24.16,0.0,20900.0,0.0
2026-08-22,34.44,15.56,25.0,0.0,20500.0,0.0
2026-08-23,36.67,15.0,25.84,0.0,20200.0,0.0
2026-08-24,34.44,17.22,25.83,0.0,19900.0,0.0
2026-08-25,35.0,15.56,25.28,0.0,20000.0,1.0
2026-08-26,36.11,16.11,26.11,0.0,20100.0,1.0
2026-08-27,34.44,16.67,25.56,0.0,19900.0,0.0
2026-08-28,28.33,17.78,23.06,0.0,19400.0,0.0
2026-08-29,31.11,14.44,22.78,0.0,19100.0,0.0
2026-08-30,31.67,13.89,22.78,0.0,19000.0,0.0
2026-08-31,23.89,13.89,18.89,0.0,18900.0,0.0
2026-09-01,25.0,14.44,19.72,0.0,19100.0,1.0
2026-09-02,25.56,15.0,20.28,0.0,19200.0,1.0
2026-09-03,24.44,14.44,19.44,0.0,19400.0,1.0
2026-09-04,25.56,14.44,20.0,0.0,19800.0,1.0
2026-09-05,28.33,11.11,19.72,0.0,20000.0,1.0
2026-09-06,28.89,13.89,21.39,0.0,20000.0,0.0
2026-09-07,31.67,12.22,21.94,0.0,20000.0,0.0
2026-09-08,35.56,13.33,24.44,0.0,19700.0,0.0
2026-09-09,38.33,18.33,28.33,0.0,19400.0,0.0
2026-09-10,40.0,20.56,30.28,0.0,18900.0,0.0
2026-09-11,31.67,16.11,23.89,0.0,18400.0,0.0
2026-09-12,31.11,16.11,23.61,0.0,18100.0,0.0
2026-09-13,27.22,11.11,19.16,0.0,17900.0,0.0
2026-09-14,30.56,10.56,20.56,0.0,17400.0,0.0
2026-09-15,31.11,14.44,22.78,0.0,16800.0,0.0
2026-09-16,25.0,14.44,19.72,0.0,16500.0,0.0
2026-09-17,24.44,13.89,19.16,0.0,16600.0,1.0
2026-09-18,30.0,11.67,20.84,0.0,16400.0,0.0
2026-09-19,31.67,13.89,22.78,0.0,16100.0,0.0
2026-09-20,26.67,13.89,20.28,0.0,16300.0,1.0
2026-09-21,26.11,13.33,19.72,0.0,16500.0,1.0
2026-09-22,27.78,12.78,20.28,0.0,16600.0,1.0
2026-09-23,33.33,11.67,22.5,0.0,16600.0,0.0
2026-09-24,33.89,13.89,23.89,0.0,16400.0,0.0
2026-09-25,30.0,15.0,22.5,0.0,16200.0,0.0
2026-09-26,28.33,13.33,20.83,0.0,16100.0,0.0
2026-09-27,26.67,13.33,20.0,0.25,16000.0,0.0
2026-09-28,30.0,10.0,20.0,0.0,16100.0,1.0
2026-09-29,35.56,11.67,23.62,0.0,,
2026-09-30,33.89,13.89,23.89,0.0,,
