date,tmax_c,tmin_c,tmean_c,precip_mm,flow_cfs,rising
2016-10-01,21.67,6.67,14.17,0.0,79500.0,
2016-10-02,21.11,3.89,12.5,0.0,65000.0,0.0
2016-10-03,18.89,5.56,12.22,0.0,80000.0,1.0
2016-10-04,20.56,8.89,14.72,0.0,90000.0,1.0
2016-10-05,17.22,8.33,12.77,8.38,108000.0,1.0
2016-10-06,20.0,11.11,15.56,0.25,96200.0,0.0
2016-10-07,18.33,12.22,15.27,8.13,91300.0,0.0
2016-10-08,22.78,11.11,16.94,0.0,93000.0,1.0
2016-10-09,19.44,13.33,16.39,5.84,90900.0,0.0
2016-10-10,18.89,7.22,13.06,0.0,114000.0,1.0
2016-10-11,17.78,3.33,10.56,0.0,106000.0,0.0
2016-10-12,17.78,1.11,9.44,0.0,127000.0,1.0
2016-10-13,13.33,9.44,11.38,7.62,93200.0,0.0
2016-10-14,20.56,6.67,13.61,3.05,113000.0,1.0
2016-10-15,16.67,10.0,13.34,2.79,115000.0,1.0
2016-10-16,16.11,8.33,12.22,2.79,123000.0,1.0
2016-10-17,18.89,8.89,13.89,3.3,111000.0,0.0
2016-10-18,16.67,5.0,10.84,0.0,108000.0,0.0
2016-10-19,17.78,3.33,10.56,1.52,119000.0,1.0
2016-10-20,16.11,10.0,13.06,2.54,100000.0,0.0
2016-10-21,15.0,8.33,11.66,1.02,127000.0,1.0
2016-10-22,17.78,4.44,11.11,0.0,107000.0,0.0
2016-10-23,15.0,7.22,11.11,0.25,118000.0,1.0
2016-10-24,14.44,6.67,10.56,1.27,128000.0,1.0
2016-10-25,15.0,6.11,10.56,0.25,108000.0,0.0
2016-10-26,13.33,10.0,11.66,10.67,131000.0,1.0
2016-10-27,15.0,6.67,10.84,5.84,125000.0,0.0
2016-10-28,15.0,6.67,10.84,0.0,138000.0,1.0
2016-10-29,13.89,8.33,11.11,4.83,151000.0,1.0
2016-10-30,11.11,8.33,9.72,6.1,142000.0,0.0
2016-10-31,15.0,8.33,11.66,1.52,140000.0,0.0
2016-11-01,17.22,6.67,11.94,0.0,140000.0,0.0
2016-11-02,17.78,7.22,12.5,0.0,156000.0,1.0
2016-11-03,18.89,6.67,12.78,0.0,150000.0,0.0
2016-11-04,18.33,3.89,11.11,0.0,150000.0,0.0
2016-11-05,11.11,6.11,8.61,5.33,144000.0,0.0
2016-11-06,17.78,7.22,12.5,0.0,133000.0,0.0
2016-11-07,16.67,6.11,11.39,0.0,147000.0,1.0
2016-11-08,17.78,4.44,11.11,0.0,138000.0,0.0
2016-11-09,20.56,5.0,12.78,0.0,141000.0,1.0
2016-11-10,17.78,5.56,11.67,0.0,142000.0,1.0
2016-11-11,13.33,6.67,10.0,0.0,150000.0,1.0
2016-11-12,18.33,7.22,12.77,0.25,121000.0,0.0
2016-11-13,12.22,5.56,8.89,1.02,131000.0,1.0
2016-11-14,16.11,9.44,12.77,10.92,147000.0,1.0
2016-11-15,15.56,3.89,9.72,3.56,125000.0,0.0
2016-11-16,11.67,3.33,7.5,0.0,137000.0,1.0
2016-11-17,10.56,0.56,5.56,0.0,147000.0,1.0
2016-11-18,6.67,0.0,3.34,0.0,144000.0,0.0
2016-11-19,9.44,3.33,6.38,0.51,152000.0,1.0
2016-11-20,10.0,1.67,5.84,0.0,157000.0,1.0
2016-11-21,13.89,2.22,8.06,0.0,145000.0,0.0
2016-11-22,11.11,-0.56,5.28,1.52,144000.0,0.0
2016-11-23,11.67,2.22,6.94,0.0,157000.0,1.0
2016-11-24,15.56,5.0,10.28,0.0,139000.0,0.0
2016-11-25,11.11,6.67,8.89,1.02,124000.0,0.0
2016-11-26,8.33,3.33,5.83,1.02,134000.0,1.0
2016-11-27,10.56,5.0,7.78,5.59,142000.0,1.0
2016-11-28,12.22,5.0,8.61,0.0,138000.0,0.0
2016-11-29,12.22,1.67,6.94,0.0,143000.0,1.0
2016-11-30,12.22,1.11,6.66,0.0,140000.0,0.0
2016-12-01,10.0,2.78,6.39,0.0,143000.0,1.0
2016-12-02,10.56,0.0,5.28,0.0,149000.0,1.0
2016-12-03,12.22,7.22,9.72,0.0,125000.0,0.0
2016-12-04,10.0,2.22,6.11,2.79,122000.0,0.0
2016-12-05,5.56,-0.56,2.5,0.0,134000.0,1.0
2016-12-06,4.44,-2.22,1.11,1.78,158000.0,1.0
2016-12-07,1.67,-4.44,-1.39,0.0,170000.0,1.0
2016-12-08,-2.78,-5.56,-4.17,14.22,170000.0,0.0
2016-12-09,-1.67,-5.0,-3.34,3.81,166000.0,0.0
2016-12-10,-1.11,-7.22,-4.16,1.02,142000.0,0.0
2016-12-11,2.78,-8.33,-2.78,4.06,134000.0,0.0
2016-12-12,5.0,-1.11,1.94,0.76,134000.0,0.0
2016-12-13,1.67,-2.78,-0.55,0.0,143000.0,1.0
2016-12-14,-2.78,-6.11,-4.44,15.49,164000.0,1.0
2016-12-15,-3.33,-6.67,-5.0,0.0,158000.0,0.0
2016-12-16,-1.67,-7.22,-4.44,0.25,143000.0,0.0
2016-12-17,-4.44,-11.11,-7.78,0.0,161000.0,1.0
2016-12-18,-6.11,-9.44,-7.78,0.0,160000.0,0.0
2016-12-19,0.56,-7.22,-3.33,3.56,165000.0,1.0
2016-12-20,9.44,0.0,4.72,9.4,163000.0,0.0
2016-12-21,2.22,-6.67,-2.22,0.0,149000.0,0.0
2016-12-22,1.11,-7.22,-3.06,0.0,171000.0,1.0
2016-12-23,2.22,-2.78,-0.28,0.0,177000.0,1.0
2016-12-24,6.11,-3.89,1.11,0.0,153000.0,0.0
2016-12-25,3.33,-3.89,-0.28,0.0,163000.0,1.0
2016-12-26,0.0,-5.0,-2.5,0.0,175000.0,1.0
2016-12-27,7.22,-1.11,3.06,4.57,179000.0,1.0
2016-12-28,7.22,0.0,3.61,0.0,144000.0,0.0
2016-12-29,5.56,-3.33,1.11,0.0,150000.0,1.0
2016-12-30,8.89,-2.22,3.34,0.0,165000.0,1.0
2016-12-31,6.11,-4.44,0.84,0.0,146000.0,0.0
2017-01-01,2.78,-2.78,0.0,1.02,165000.0,1.0
2017-01-02,-0.56,-4.44,-2.5,0.76,168000.0,1.0
2017-01-03,-2.22,-4.44,-3.33,0.0,177000.0,1.0
2017-01-04,-1.67,-12.22,-6.94,0.0,174000.0,0.0
2017-01-05,-5.56,-15.0,-10.28,0.0,201000.0,1.0
2017-01-06,-6.67,-15.56,-11.12,0.0,195000.0,0.0
2017-01-07,-7.22,-12.22,-9.72,4.57,196000.0,1.0
2017-01-08,-5.0,-8.33,-6.66,0.0,184000.0,0.0
2017-01-09,-2.78,-9.44,-6.11,0.25,169000.0,0.0
2017-01-10,-0.56,-2.78,-1.67,2.54,175000.0,1.0
2017-01-11,-2.22,-9.44,-5.83,0.0,191000.0,1.0
2017-01-12,-5.0,-13.33,-9.16,0.0,194000.0,1.0
2017-01-13,-8.33,-11.67,-10.0,0.0,187000.0,0.0
2017-01-14,-8.89,-15.0,-11.94,0.0,179000.0,0.0
2017-01-15,-6.67,-13.33,-10.0,0.0,187000.0,1.0
2017-01-16,-6.67,-11.67,-9.17,0.0,181000.0,0.0
2017-01-17,-5.0,-11.67,-8.34,0.0,188000.0,1.0
2017-01-18,0.56,-5.0,-2.22,0.0,181000.0,0.0
2017-01-19,3.33,-4.44,-0.56,0.0,175000.0,0.0
2017-01-20,1.11,-4.44,-1.66,11.94,172000.0,0.0
2017-01-21,3.33,-0.56,1.38,1.27,161000.0,0.0
2017-01-22,5.0,-0.56,2.22,2.54,154000.0,0.0
2017-01-23,2.78,0.0,1.39,2.54,170000.0,1.0
2017-01-24,3.33,-2.22,0.55,0.0,181000.0,1.0
2017-01-25,2.22,-0.56,0.83,0.25,167000.0,0.0
2017-01-26,3.33,-1.11,1.11,0.0,156000.0,0.0
2017-01-27,2.22,0.56,1.39,0.0,165000.0,1.0
2017-01-28,2.22,0.56,1.39,0.0,144000.0,0.0
2017-01-29,2.22,-2.78,-0.28,0.0,141000.0,0.0
2017-01-30,2.22,-2.78,-0.28,0.0,147000.0,1.0
2017-01-31,1.67,-2.22,-0.28,1.52,154000.0,1.0
2017-02-01,-0.56,-5.56,-3.06,0.0,159000.0,1.0
2017-02-02,-2.22,-5.0,-3.61,0.0,160000.0,1.0
2017-02-03,-2.22,-4.44,-3.33,0.0,170000.0,1.0
2017-02-04,1.11,-4.44,-1.66,0.76,172000.0,1.0
2017-02-05,2.78,0.0,1.39,4.83,174000.0,1.0
2017-02-06,6.67,-1.11,2.78,2.03,164000.0,0.0
2017-02-07,1.11,-2.22,-0.56,5.33,169000.0,1.0
2017-02-08,0.56,-1.11,-0.28,6.86,174000.0,1.0
2017-02-09,2.22,-1.11,0.56,0.25,187000.0,1.0
2017-02-10,10.56,-3.33,3.62,0.25,203000.0,1.0
2017-02-11,8.33,-2.78,2.78,0.0,239000.0,1.0
2017-02-12,5.0,-5.56,-0.28,0.0,245000.0,1.0
2017-02-13,3.33,-6.11,-1.39,0.0,248000.0,1.0
2017-02-14,2.78,-7.22,-2.22,0.0,210000.0,0.0
2017-02-15,1.67,-1.11,0.28,5.59,203000.0,0.0
2017-02-16,6.67,0.56,3.62,6.6,203000.0,0.0
2017-02-17,10.0,0.56,5.28,0.0,208000.0,1.0
2017-02-18,6.67,1.11,3.89,2.79,239000.0,1.0
2017-02-19,8.33,1.11,4.72,1.02,262000.0,1.0
2017-02-20,11.11,2.22,6.66,4.83,255000.0,0.0
2017-02-21,8.89,3.89,6.39,10.16,257000.0,1.0
2017-02-22,10.0,1.67,5.84,0.0,256000.0,0.0
2017-02-23,9.44,0.56,5.0,0.0,275000.0,1.0
2017-02-24,7.78,-3.33,2.22,0.0,271000.0,0.0
2017-02-25,10.56,-4.44,3.06,0.0,265000.0,0.0
2017-02-26,8.33,-1.11,3.61,0.0,259000.0,0.0
2017-02-27,7.78,-2.78,2.5,0.0,228000.0,0.0
2017-02-28,10.56,1.11,5.84,0.25,226000.0,0.0
2017-03-01,12.22,2.78,7.5,0.0,228000.0,1.0
2017-03-02,12.22,0.56,6.39,0.0,226000.0,0.0
2017-03-03,12.22,1.11,6.66,0.51,250000.0,1.0
2017-03-04,9.44,3.33,6.38,2.29,267000.0,1.0
2017-03-05,10.0,-0.56,4.72,0.0,240000.0,0.0
2017-03-06,9.44,0.0,4.72,0.0,225000.0,0.0
2017-03-07,6.11,-1.11,2.5,4.57,248000.0,1.0
2017-03-08,10.56,6.11,8.34,3.3,246000.0,0.0
2017-03-09,10.0,5.56,7.78,10.92,266000.0,1.0
2017-03-10,17.22,5.0,11.11,0.0,281000.0,1.0
2017-03-11,13.33,2.22,7.78,1.78,303000.0,1.0
2017-03-12,17.22,7.22,12.22,0.0,314000.0,1.0
2017-03-13,13.33,5.56,9.44,0.76,303000.0,0.0
2017-03-14,15.56,8.89,12.23,1.27,343000.0,1.0
2017-03-15,12.78,7.22,10.0,0.51,356000.0,1.0
2017-03-16,13.89,3.33,8.61,0.0,342000.0,0.0
2017-03-17,8.89,1.11,5.0,0.76,386000.0,1.0
2017-03-18,13.33,5.56,9.44,0.51,405000.0,1.0
2017-03-19,13.89,0.0,6.94,0.0,384000.0,0.0
2017-03-20,11.11,2.22,6.66,1.27,416000.0,1.0
2017-03-21,10.56,5.56,8.06,9.91,449000.0,1.0
2017-03-22,14.44,5.56,10.0,0.51,450000.0,1.0
2017-03-23,16.11,1.11,8.61,0.76,465000.0,1.0
2017-03-24,14.44,7.22,10.83,8.38,452000.0,0.0
2017-03-25,13.89,5.56,9.72,0.0,450000.0,0.0
2017-03-26,10.0,4.44,7.22,5.59,448000.0,0.0
2017-03-27,15.0,3.33,9.16,0.0,437000.0,0.0
2017-03-28,15.56,5.56,10.56,0.76,444000.0,1.0
2017-03-29,17.78,7.78,12.78,5.59,446000.0,1.0
2017-03-30,14.44,7.22,10.83,0.0,422000.0,0.0
2017-03-31,17.78,3.33,10.56,0.0,441000.0,1.0
2017-04-01,16.67,6.67,11.67,0.0,438000.0,0.0
2017-04-02,15.56,7.22,11.39,0.0,461000.0,1.0
2017-04-03,15.56,2.78,9.17,0.0,445000.0,0.0
2017-04-04,15.56,3.89,9.72,0.0,444000.0,0.0
2017-04-05,16.11,7.78,11.94,3.56,441000.0,0.0
2017-04-06,19.44,8.89,14.16,5.84,416000.0,0.0
2017-04-07,18.89,7.22,13.06,0.0,377000.0,0.0
2017-04-08,13.33,2.22,7.78,0.0,392000.0,1.0
2017-04-09,16.11,0.0,8.06,0.0,419000.0,1.0
2017-04-10,15.56,3.89,9.72,1.02,391000.0,0.0
2017-04-11,13.89,1.11,7.5,3.56,388000.0,0.0
2017-04-12,13.33,7.22,10.28,5.84,393000.0,1.0
2017-04-13,15.0,5.0,10.0,0.0,401000.0,1.0
2017-04-14,14.44,1.67,8.06,0.0,395000.0,0.0
2017-04-15,17.22,1.11,9.16,0.0,397000.0,1.0
2017-04-16,16.67,1.11,8.89,1.78,381000.0,0.0
2017-04-17,17.78,6.67,12.23,4.32,365000.0,0.0
2017-04-18,18.33,6.67,12.5,0.25,375000.0,1.0
2017-04-19,17.22,3.89,10.56,10.41,347000.0,0.0
2017-04-20,16.67,7.78,12.23,0.0,333000.0,0.0
2017-04-21,20.0,2.78,11.39,0.0,394000.0,1.0
2017-04-22,18.33,5.56,11.94,0.0,378000.0,0.0
2017-04-23,16.67,8.33,12.5,0.25,370000.0,0.0
2017-04-24,11.67,7.78,9.72,4.06,351000.0,0.0
2017-04-25,15.0,6.11,10.56,0.76,355000.0,1.0
2017-04-26,16.11,7.78,11.94,0.25,376000.0,1.0
2017-04-27,16.11,6.67,11.39,0.0,375000.0,0.0
2017-04-28,17.78,6.11,11.94,0.0,375000.0,0.0
2017-04-29,18.89,3.33,11.11,0.0,381000.0,1.0
2017-04-30,17.78,8.89,13.34,0.0,349000.0,0.0
2017-05-01,15.56,4.44,10.0,0.0,343000.0,0.0
2017-05-02,21.67,10.0,15.84,0.0,356000.0,1.0
2017-05-03,30.0,12.78,21.39,0.0,340000.0,0.0
2017-05-04,31.11,12.22,21.66,1.02,335000.0,0.0
2017-05-05,20.56,10.56,15.56,1.02,341000.0,1.0
2017-05-06,18.33,8.89,13.61,0.0,397000.0,1.0
2017-05-07,21.67,8.33,15.0,0.0,454000.0,1.0
2017-05-08,25.56,5.56,15.56,0.0,464000.0,1.0
2017-05-09,27.22,7.78,17.5,0.0,458000.0,0.0
2017-05-10,28.33,9.44,18.88,0.0,449000.0,0.0
2017-05-11,18.89,8.33,13.61,0.51,439000.0,0.0
2017-05-12,17.22,3.33,10.27,0.51,451000.0,1.0
2017-05-13,15.56,6.67,11.12,0.25,447000.0,0.0
2017-05-14,18.33,4.44,11.38,0.0,444000.0,0.0
2017-05-15,20.0,5.56,12.78,0.0,439000.0,0.0
2017-05-16,15.0,8.33,11.66,2.03,429000.0,0.0
2017-05-17,19.44,10.56,15.0,0.0,426000.0,0.0
2017-05-18,25.56,6.11,15.84,0.0,449000.0,1.0
2017-05-19,27.78,11.11,19.44,0.0,428000.0,0.0
2017-05-20,26.67,13.89,20.28,0.0,414000.0,0.0
2017-05-21,31.11,11.67,21.39,0.0,398000.0,0.0
2017-05-22,34.44,11.11,22.78,0.0,395000.0,0.0
2017-05-23,33.89,12.78,23.34,0.0,395000.0,0.0
2017-05-24,20.0,10.56,15.28,0.0,411000.0,1.0
2017-05-25,26.11,7.22,16.66,0.0,445000.0,1.0
2017-05-26,30.0,7.78,18.89,0.0,453000.0,1.0
2017-05-27,33.89,10.56,22.22,0.0,444000.0,0.0
2017-05-28,36.11,10.56,23.34,0.0,420000.0,0.0
2017-05-29,37.22,16.67,26.94,0.0,430000.0,1.0
2017-05-30,23.33,15.56,19.44,0.0,434000.0,1.0
2017-05-31,27.22,13.89,20.56,0.0,457000.0,1.0
2017-06-01,25.0,16.11,20.56,0.0,459000.0,1.0
2017-06-02,28.33,13.33,20.83,0.0,468000.0,1.0
2017-06-03,24.44,16.11,20.27,0.0,465000.0,0.0
2017-06-04,22.22,12.78,17.5,0.0,449000.0,0.0
2017-06-05,28.89,7.78,18.34,0.0,462000.0,1.0
2017-06-06,33.33,10.0,21.66,0.0,439000.0,0.0
2017-06-07,30.56,17.78,24.17,0.0,430000.0,0.0
2017-06-08,22.22,12.22,17.22,7.11,436000.0,1.0
2017-06-09,20.56,7.78,14.17,0.51,442000.0,1.0
2017-06-10,19.44,7.22,13.33,0.76,453000.0,1.0
2017-06-11,25.0,7.22,16.11,0.0,412000.0,0.0
2017-06-12,21.67,13.89,17.78,0.0,392000.0,0.0
2017-06-13,20.0,12.22,16.11,0.0,369000.0,0.0
2017-06-14,22.22,11.11,16.66,0.0,401000.0,1.0
2017-06-15,19.44,13.89,16.66,1.27,406000.0,1.0
2017-06-16,20.56,14.44,17.5,0.0,354000.0,0.0
2017-06-17,26.67,12.78,19.73,0.0,329000.0,0.0
2017-06-18,31.11,17.78,24.44,0.0,334000.0,1.0
2017-06-19,35.56,16.11,25.84,0.0,346000.0,1.0
2017-06-20,29.44,18.33,23.88,0.0,313000.0,0.0
2017-06-21,28.89,13.33,21.11,0.0,321000.0,1.0
2017-06-22,31.11,11.11,21.11,0.0,324000.0,1.0
2017-06-23,33.89,10.56,22.22,0.0,316000.0,0.0
2017-06-24,37.22,10.56,23.89,0.0,302000.0,0.0
2017-06-25,39.44,12.78,26.11,0.0,303000.0,1.0
2017-06-26,29.44,20.56,25.0,0.0,266000.0,0.0
2017-06-27,26.11,17.22,21.66,0.0,268000.0,1.0
2017-06-28,25.56,16.11,20.84,0.0,257000.0,0.0
2017-06-29,33.33,12.78,23.06,0.0,271000.0,1.0
2017-06-30,35.56,13.33,24.44,0.0,259000.0,0.0
2017-07-01,27.22,18.33,22.78,0.0,235000.0,0.0
2017-07-02,32.78,15.0,23.89,0.0,231000.0,0.0
2017-07-03,29.44,17.22,23.33,0.0,219000.0,0.0
2017-07-04,34.44,13.89,24.16,0.0,220000.0,1.0
2017-07-05,36.67,14.44,25.56,0.0,219000.0,0.0
2017-07-06,37.22,20.0,28.61,0.0,206000.0,0.0
2017-07-07,30.56,18.89,24.72,0.0,219000.0,1.0
2017-07-08,35.0,13.89,24.44,0.0,195000.0,0.0
2017-07-09,33.33,20.56,26.94,0.0,197000.0,1.0
2017-07-10,27.78,18.33,23.06,0.0,183000.0,0.0
2017-07-11,29.44,14.44,21.94,0.0,190000.0,1.0
2017-07-12,32.78,15.56,24.17,0.0,176000.0,0.0
2017-07-13,30.0,17.78,23.89,0.0,187000.0,1.0
2017-07-14,34.44,16.11,25.28,0.0,210000.0,1.0
2017-07-15,30.56,20.0,25.28,0.0,179000.0,0.0
2017-07-16,27.78,15.56,21.67,0.0,180000.0,1.0
2017-07-17,31.67,12.22,21.94,0.0,175000.0,0.0
2017-07-18,33.33,13.89,23.61,0.0,195000.0,1.0
2017-07-19,31.11,17.78,24.44,0.0,194000.0,0.0
2017-07-20,27.22,17.22,22.22,0.0,179000.0,0.0
2017-07-21,31.67,11.67,21.67,0.0,169000.0,0.0
2017-07-22,36.67,17.78,27.22,0.0,156000.0,0.0
2017-07-23,35.56,19.44,27.5,0.0,139000.0,0.0
2017-07-24,36.11,18.33,27.22,0.0,156000.0,1.0
2017-07-25,36.67,18.89,27.78,0.0,152000.0,0.0
2017-07-26,34.44,19.44,26.94,0.0,149000.0,0.0
2017-07-27,32.22,18.33,25.28,0.0,138000.0,0.0
2017-07-28,33.33,15.56,24.44,0.0,155000.0,1.0
2017-07-29,34.44,15.0,24.72,0.0,175000.0,1.0
2017-07-30,35.56,20.0,27.78,0.0,134000.0,0.0
2017-07-31,38.33,15.56,26.94,0.0,162000.0,1.0
2017-08-01,41.67,17.78,29.72,0.0,150000.0,0.0
2017-08-02,41.11,15.56,28.34,0.0,162000.0,1.0
2017-08-03,42.22,16.67,29.44,0.0,147000.0,0.0
2017-08-04,38.33,20.0,29.16,0.0,141000.0,0.0
2017-08-05,37.22,19.44,28.33,0.0,133000.0,0.0
2017-08-06,34.44,16.67,25.56,0.0,127000.0,0.0
2017-08-07,38.89,19.44,29.16,0.0,122000.0,0.0
2017-08-08,38.33,20.0,29.16,0.0,140000.0,1.0
2017-08-09,39.44,20.0,29.72,0.0,144000.0,1.0
2017-08-10,37.22,21.11,29.16,0.0,146000.0,1.0
2017-08-11,34.44,23.33,28.88,0.0,136000.0,0.0
2017-08-12,31.11,20.56,25.84,0.0,126000.0,0.0
2017-08-13,26.67,17.78,22.22,1.27,123000.0,0.0
2017-08-14,26.67,12.78,19.73,0.0,139000.0,1.0
2017-08-15,31.11,10.56,20.84,0.0,139000.0,0.0
2017-08-16,33.33,18.33,25.83,0.0,124000.0,0.0
2017-08-17,31.11,19.44,25.28,0.0,115000.0,0.0
2017-08-18,33.33,15.0,24.16,0.0,108000.0,0.0
2017-08-19,30.56,17.78,24.17,0.0,121000.0,1.0
2017-08-20,30.56,15.0,22.78,0.0,114000.0,0.0
2017-08-21,35.0,14.44,24.72,0.0,124000.0,1.0
2017-08-22,34.44,13.89,24.16,0.0,124000.0,0.0
2017-08-23,32.78,20.0,26.39,0.0,126000.0,1.0
2017-08-24,27.22,17.78,22.5,0.0,115000.0,0.0
2017-08-25,30.56,10.56,20.56,0.0,114000.0,0.0
2017-08-26,35.0,12.78,23.89,0.0,107000.0,0.0
2017-08-27,36.11,12.22,24.16,0.0,100000.0,0.0
2017-08-28,38.33,16.67,27.5,0.0,118000.0,1.0
2017-08-29,35.56,14.44,25.0,0.0,141000.0,1.0
2017-08-30,31.67,20.56,26.12,0.0,129000.0,0.0
2017-08-31,31.67,17.78,24.72,0.0,140000.0,1.0
2017-09-01,37.78,13.33,25.56,0.0,148000.0,1.0
2017-09-02,40.0,13.33,26.66,0.0,128000.0,0.0
2017-09-03,35.0,16.11,25.56,0.0,97400.0,0.0
2017-09-04,35.0,16.11,25.56,0.0,107000.0,1.0
2017-09-05,33.89,16.11,25.0,0.0,112000.0,1.0
2017-09-06,30.56,17.78,24.17,0.0,123000.0,1.0
2017-09-07,31.67,20.56,26.12,0.0,132000.0,1.0
2017-09-08,28.89,20.56,24.72,0.0,118000.0,0.0
2017-09-09,27.78,19.44,23.61,0.0,95800.0,0.0
2017-09-10,30.0,14.44,22.22,0.0,110000.0,1.0
2017-09-11,34.44,10.0,22.22,0.0,121000.0,1.0
2017-09-12,34.44,11.67,23.06,0.0,118000.0,0.0
2017-09-13,26.11,15.56,20.84,0.0,112000.0,0.0
2017-09-14,26.11,13.89,20.0,0.0,111000.0,0.0
2017-09-15,26.67,11.11,18.89,0.0,120000.0,1.0
2017-09-16,26.11,7.22,16.66,0.0,137000.0,1.0
2017-09-17,23.33,10.56,16.94,3.56,105000.0,0.0
2017-09-18,17.78,9.44,13.61,0.76,92100.0,0.0
2017-09-19,18.89,8.89,13.89,6.35,92500.0,1.0
2017-09-20,18.33,8.33,13.33,8.38,94100.0,1.0
2017-09-21,19.44,8.89,14.16,0.25,104000.0,1.0
2017-09-22,21.67,11.11,16.39,0.0,99600.0,0.0
2017-09-23,24.44,10.56,17.5,0.0,78100.0,0.0
2017-09-24,26.11,7.78,16.94,0.0,77300.0,0.0
2017-09-25,24.44,13.33,18.89,0.0,88000.0,1.0
2017-09-26,27.22,10.56,18.89,0.0,120000.0,1.0
2017-09-27,29.44,9.44,19.44,0.0,121000.0,1.0
2017-09-28,30.0,9.44,19.72,0.0,112000.0,0.0
2017-09-29,21.67,10.56,16.12,0.0,115000.0,1.0
2017-09-30,21.11,11.67,16.39,0.0,77300.0,0.0
2017-10-01,19.44,10.56,15.0,0.0,82000.0,1.0
2017-10-02,20.0,8.89,14.44,0.0,107000.0,1.0
2017-10-03,21.67,4.44,13.06,0.0,112000.0,1.0
2017-10-04,22.78,1.11,11.94,0.0,115000.0,1.0
2017-10-05,22.78,2.78,12.78,0.0,119000.0,1.0
2017-10-06,23.33,3.33,13.33,0.0,94700.0,0.0
2017-10-07,20.0,11.67,15.84,0.0,79600.0,0.0
2017-10-08,20.0,7.22,13.61,0.0,82200.0,1.0
2017-10-09,21.11,2.78,11.94,0.0,108000.0,1.0
2017-10-10,17.22,4.44,10.83,0.0,105000.0,0.0
2017-10-11,13.89,2.78,8.34,0.0,97200.0,0.0
2017-10-12,11.67,2.78,7.22,8.38,114000.0,1.0
2017-10-13,15.0,4.44,9.72,2.29,96600.0,0.0
2017-10-14,16.11,0.0,8.06,0.0,87700.0,0.0
2017-10-15,20.0,1.11,10.56,0.0,87900.0,1.0
2017-10-16,20.56,1.11,10.84,0.0,88200.0,1.0
2017-10-17,18.89,3.89,11.39,0.0,78600.0,0.0
2017-10-18,17.22,8.33,12.77,0.0,95800.0,1.0
2017-10-19,16.11,9.44,12.77,1.52,84800.0,0.0
2017-10-20,16.11,5.0,10.56,0.0,67600.0,0.0
2017-10-21,10.0,6.11,8.06,16.0,87700.0,1.0
2017-10-22,19.44,7.22,13.33,12.45,74900.0,0.0
2017-10-23,19.44,3.89,11.66,0.0,87800.0,1.0
2017-10-24,18.89,3.89,11.39,0.0,110000.0,1.0
2017-10-25,22.78,2.22,12.5,0.0,70700.0,0.0
2017-10-26,20.0,7.22,13.61,0.0,89100.0,1.0
2017-10-27,19.44,3.33,11.39,0.0,87000.0,0.0
2017-10-28,19.44,3.33,11.39,0.0,79800.0,0.0
2017-10-29,17.78,2.22,10.0,0.0,72900.0,0.0
2017-10-30,16.67,0.56,8.62,0.0,99400.0,1.0
2017-10-31,19.44,-2.22,8.61,0.0,98800.0,0.0
2017-11-01,17.22,8.33,12.77,0.0,75700.0,0.0
2017-11-02,15.0,6.67,10.84,0.76,91500.0,1.0
2017-11-03,11.67,1.67,6.67,0.25,99100.0,1.0
2017-11-04,9.44,3.89,6.66,0.0,105000.0,1.0
2017-11-05,11.11,1.67,6.39,3.05,99600.0,0.0
2017-11-06,6.11,1.11,3.61,1.27,111000.0,1.0
2017-11-07,5.56,-0.56,2.5,0.0,132000.0,1.0
2017-11-08,5.56,1.67,3.62,3.3,137000.0,1.0
2017-11-09,8.89,2.22,5.56,9.4,111000.0,0.0
2017-11-10,9.44,3.89,6.66,5.59,121000.0,1.0
2017-11-11,10.0,6.67,8.34,0.0,119000.0,0.0
2017-11-12,11.67,7.78,9.72,0.0,129000.0,1.0
2017-11-13,15.0,4.44,9.72,1.52,114000.0,0.0
2017-11-14,16.11,1.67,8.89,0.0,109000.0,0.0
2017-11-15,11.67,5.0,8.34,2.54,120000.0,1.0
2017-11-16,11.11,2.78,6.94,0.0,113000.0,0.0
2017-11-17,11.67,2.78,7.22,0.0,118000.0,1.0
2017-11-18,11.67,-0.56,5.56,0.0,115000.0,0.0
2017-11-19,4.44,-2.22,1.11,0.25,128000.0,1.0
2017-11-20,15.0,3.33,9.16,15.49,124000.0,0.0
2017-11-21,8.33,5.0,6.66,5.59,128000.0,1.0
2017-11-22,10.56,6.67,8.62,3.05,139000.0,1.0
2017-11-23,19.44,6.67,13.06,6.86,108000.0,0.0
2017-11-24,13.89,1.67,7.78,0.0,110000.0,1.0
2017-11-25,6.11,1.11,3.61,0.76,136000.0,1.0
2017-11-26,10.0,2.78,6.39,1.02,143000.0,1.0
2017-11-27,12.78,1.11,6.94,0.0,128000.0,0.0
2017-11-28,8.33,3.33,5.83,0.76,147000.0,1.0
2017-11-29,12.22,1.67,6.94,0.0,135000.0,0.0
2017-11-30,6.67,0.0,3.34,0.0,139000.0,1.0
2017-12-01,8.89,1.11,5.0,0.0,134000.0,0.0
2017-12-02,7.22,1.11,4.16,0.0,145000.0,1.0
2017-12-03,11.11,4.44,7.78,0.0,143000.0,0.0
2017-12-04,10.56,-1.11,4.73,0.0,134000.0,0.0
2017-12-05,7.78,-2.78,2.5,0.0,129000.0,0.0
2017-12-06,6.11,-4.44,0.84,0.0,147000.0,1.0
2017-12-07,2.78,-3.33,-0.28,0.0,163000.0,1.0
2017-12-08,2.78,1.11,1.94,0.0,168000.0,1.0
2017-12-09,2.22,1.67,1.94,0.0,160000.0,0.0
2017-12-10,1.67,1.11,1.39,0.0,150000.0,0.0
2017-12-11,2.22,0.56,1.39,0.0,168000.0,1.0
2017-12-12,1.67,0.56,1.12,0.0,169000.0,1.0
2017-12-13,2.22,0.56,1.39,0.0,165000.0,0.0
2017-12-14,2.78,1.11,1.94,0.0,161000.0,0.0
2017-12-15,6.11,0.0,3.06,0.0,145000.0,0.0
2017-12-16,10.0,1.67,5.84,0.0,129000.0,0.0
2017-12-17,8.33,0.56,4.44,0.0,130000.0,1.0
2017-12-18,12.78,5.56,9.17,0.0,129000.0,0.0
2017-12-19,10.56,3.33,6.94,3.3,141000.0,1.0
2017-12-20,9.44,0.0,4.72,0.0,142000.0,1.0
2017-12-21,6.11,-3.33,1.39,0.0,140000.0,0.0
2017-12-22,7.22,0.56,3.89,4.32,143000.0,1.0
2017-12-23,1.11,-7.22,-3.06,2.54,146000.0,1.0
2017-12-24,-3.89,-7.22,-5.56,0.0,157000.0,1.0
2017-12-25,-2.22,-5.0,-3.61,0.51,148000.0,0.0
2017-12-26,-1.67,-3.33,-2.5,0.0,182000.0,1.0
2017-12-27,0.0,-2.78,-1.39,0.0,165000.0,0.0
2017-12-28,1.11,-2.22,-0.56,10.92,162000.0,0.0
2017-12-29,2.22,0.0,1.11,7.11,159000.0,0.0
2017-12-30,11.11,-0.56,5.28,0.0,141000.0,0.0
2017-12-31,4.44,-2.22,1.11,0.0,157000.0,1.0
2018-01-01,3.33,-0.56,1.38,0.0,154000.0,0.0
2018-01-02,1.67,0.56,1.12,0.0,184000.0,1.0
2018-01-03,2.22,-0.56,0.83,0.0,190000.0,1.0
2018-01-04,4.44,0.56,2.5,0.25,188000.0,0.0
2018-01-05,3.89,0.56,2.22,2.54,181000.0,0.0
2018-01-06,10.56,-2.22,4.17,0.0,171000.0,0.0
2018-01-07,6.11,2.22,4.16,1.27,146000.0,0.0
2018-01-08,4.44,1.67,3.06,0.25,195000.0,1.0
2018-01-09,10.0,3.33,6.66,3.3,196000.0,1.0
2018-01-10,10.56,4.44,7.5,0.0,181000.0,0.0
2018-01-11,12.78,3.89,8.33,11.68,200000.0,1.0
2018-01-12,13.33,7.22,10.28,0.0,211000.0,1.0
2018-01-13,12.78,2.78,7.78,0.0,223000.0,1.0
2018-01-14,6.67,2.22,4.44,0.0,203000.0,0.0
2018-01-15,7.78,5.56,6.67,0.25,208000.0,1.0
2018-01-16,8.89,2.22,5.56,3.05,208000.0,0.0
2018-01-17,8.33,3.89,6.11,2.54,210000.0,1.0
2018-01-18,11.67,2.22,6.94,0.0,213000.0,1.0
2018-01-19,9.44,0.0,4.72,0.0,203000.0,0.0
2018-01-20,10.56,-0.56,5.0,0.0,207000.0,1.0
2018-01-21,8.33,-1.11,3.61,0.0,202000.0,0.0
2018-01-22,10.0,-0.56,4.72,0.25,195000.0,0.0
2018-01-23,5.56,0.56,3.06,2.79,206000.0,1.0
2018-01-24,9.44,3.33,6.38,0.25,209000.0,1.0
2018-01-25,8.33,-1.11,3.61,0.0,198000.0,0.0
2018-01-26,8.89,-0.56,4.16,0.25,196000.0,0.0
2018-01-27,12.78,2.78,7.78,4.06,196000.0,0.0
2018-01-28,9.44,5.56,7.5,2.29,198000.0,1.0
2018-01-29,11.67,7.22,9.44,0.25,200000.0,1.0
2018-01-30,11.11,2.78,6.94,0.0,194000.0,0.0
2018-01-31,8.33,1.11,4.72,0.0,209000.0,1.0
2018-02-01,9.44,3.89,6.66,4.83,226000.0,1.0
2018-02-02,16.67,6.67,11.67,0.0,226000.0,0.0
2018-02-03,17.22,11.67,14.44,0.0,208000.0,0.0
2018-02-04,18.33,12.78,15.56,0.0,220000.0,1.0
2018-02-05,15.56,10.0,12.78,0.0,233000.0,1.0
2018-02-06,14.44,8.89,11.66,0.0,251000.0,1.0
2018-02-07,18.89,6.67,12.78,0.0,226000.0,0.0
2018-02-08,17.22,2.78,10.0,0.0,261000.0,1.0
2018-02-09,12.22,6.11,9.17,0.0,252000.0,0.0
2018-02-10,10.56,-0.56,5.0,0.0,267000.0,1.0
2018-02-11,9.44,-1.11,4.16,0.0,294000.0,1.0
2018-02-12,7.22,-3.89,1.66,0.0,268000.0,0.0
2018-02-13,8.89,-6.67,1.11,0.0,253000.0,0.0
2018-02-14,11.11,3.33,7.22,0.25,241000.0,0.0
2018-02-15,11.67,2.78,7.22,0.0,239000.0,0.0
2018-02-16,11.67,5.56,8.62,0.0,241000.0,1.0
2018-02-17,16.67,4.44,10.56,2.29,231000.0,0.0
2018-02-18,6.67,-0.56,3.06,2.54,254000.0,1.0
2018-02-19,1.67,-5.56,-1.94,0.0,246000.0,0.0
2018-02-20,0.56,-6.67,-3.06,0.0,242000.0,0.0
2018-02-21,0.56,-8.89,-4.16,0.0,230000.0,0.0
2018-02-22,1.67,-6.67,-2.5,0.25,235000.0,1.0
2018-02-23,2.78,-10.56,-3.89,0.0,229000.0,0.0
2018-02-24,8.89,-1.67,3.61,3.05,230000.0,1.0
2018-02-25,10.56,0.0,5.28,4.06,215000.0,0.0
2018-02-26,9.44,-1.67,3.88,0.0,213000.0,0.0
2018-02-27,9.44,-3.89,2.77,0.0,213000.0,0.0
2018-02-28,10.56,2.78,6.67,0.76,212000.0,0.0
2018-03-01,12.78,4.44,8.61,5.08,220000.0,1.0
2018-03-02,11.67,0.56,6.12,0.0,218000.0,0.0
2018-03-03,12.22,-2.22,5.0,0.0,215000.0,0.0
2018-03-04,11.67,-2.78,4.44,0.0,192000.0,0.0
2018-03-05,12.22,0.56,6.39,0.51,219000.0,1.0
2018-03-06,13.33,-3.33,5.0,0.0,208000.0,0.0
2018-03-07,11.11,-1.67,4.72,0.0,186000.0,0.0
2018-03-08,14.44,1.67,8.06,0.0,185000.0,0.0
2018-03-09,13.33,2.78,8.06,0.0,190000.0,1.0
2018-03-10,16.11,-1.67,7.22,0.0,210000.0,1.0
2018-03-11,17.78,3.33,10.56,0.0,207000.0,0.0
2018-03-12,19.44,-0.56,9.44,0.0,208000.0,1.0
2018-03-13,15.0,3.89,9.44,4.32,206000.0,0.0
2018-03-14,13.33,2.22,7.78,0.25,197000.0,0.0
2018-03-15,15.56,-2.22,6.67,0.0,202000.0,1.0
2018-03-16,11.11,6.11,8.61,4.32,199000.0,0.0
2018-03-17,14.44,4.44,9.44,1.02,210000.0,1.0
2018-03-18,13.89,2.22,8.06,0.0,202000.0,0.0
2018-03-19,16.67,-1.11,7.78,0.0,204000.0,1.0
2018-03-20,18.33,-0.56,8.88,0.0,195000.0,0.0
2018-03-21,14.44,3.89,9.16,4.06,204000.0,1.0
2018-03-22,10.56,-0.56,5.0,1.27,204000.0,0.0
2018-03-23,8.89,-1.11,3.89,0.51,203000.0,0.0
2018-03-24,11.67,2.78,7.22,0.0,197000.0,0.0
2018-03-25,12.78,2.22,7.5,0.0,191000.0,0.0
2018-03-26,13.89,4.44,9.17,0.0,191000.0,0.0
2018-03-27,15.0,7.78,11.39,0.0,198000.0,1.0
2018-03-28,15.0,8.33,11.66,0.0,190000.0,0.0
2018-03-29,20.0,5.56,12.78,0.0,196000.0,1.0
2018-03-30,18.33,9.44,13.88,0.0,179000.0,0.0
2018-03-31,17.22,4.44,10.83,0.0,189000.0,1.0
2018-04-01,12.78,2.22,7.5,0.25,186000.0,0.0
2018-04-02,12.78,2.22,7.5,0.0,186000.0,0.0
2018-04-03,15.0,-1.11,6.94,0.0,216000.0,1.0
2018-04-04,15.56,7.78,11.67,0.0,205000.0,0.0
2018-04-05,15.56,9.44,12.5,4.57,225000.0,1.0
2018-04-06,21.67,11.11,16.39,0.25,245000.0,1.0
2018-04-07,20.0,8.89,14.44,1.27,249000.0,1.0
2018-04-08,16.67,7.78,12.23,2.03,255000.0,1.0
2018-04-09,20.56,2.78,11.67,0.0,261000.0,1.0
2018-04-10,19.44,7.78,13.61,0.76,277000.0,1.0
2018-04-11,15.0,3.89,9.44,1.27,271000.0,0.0
2018-04-12,14.44,5.56,10.0,0.0,258000.0,0.0
2018-04-13,17.22,4.44,10.83,0.76,297000.0,1.0
2018-04-14,18.89,7.78,13.34,0.0,284000.0,0.0
2018-04-15,13.33,8.33,10.83,2.54,289000.0,1.0
2018-04-16,14.44,6.11,10.28,0.0,264000.0,0.0
2018-04-17,13.89,4.44,9.17,0.0,286000.0,1.0
2018-04-18,15.0,4.44,9.72,0.0,315000.0,1.0
2018-04-19,22.22,6.67,14.44,0.0,312000.0,0.0
2018-04-20,23.89,3.89,13.89,0.0,297000.0,0.0
2018-04-21,18.89,7.78,13.34,0.0,296000.0,0.0
2018-04-22,19.44,3.89,11.66,0.0,270000.0,0.0
2018-04-23,22.22,1.11,11.66,0.0,295000.0,1.0
2018-04-24,26.67,2.22,14.44,0.0,286000.0,0.0
2018-04-25,29.44,6.11,17.78,0.0,283000.0,0.0
2018-04-26,30.0,6.67,18.34,,288000.0,1.0
2018-04-27,20.0,8.33,14.16,0.25,294000.0,1.0
2018-04-28,20.0,10.56,15.28,0.0,283000.0,0.0
2018-04-29,20.0,10.0,15.0,0.0,337000.0,1.0
2018-04-30,18.89,8.89,13.89,0.0,350000.0,1.0
2018-05-01,20.56,10.56,15.56,0.0,333000.0,0.0
2018-05-02,27.22,5.0,16.11,0.0,335000.0,1.0
2018-05-03,28.33,8.89,18.61,0.0,347000.0,1.0
2018-05-04,25.56,12.78,19.17,0.0,318000.0,0.0
2018-05-05,27.78,12.78,20.28,0.0,361000.0,1.0
2018-05-06,28.33,10.56,19.44,0.0,369000.0,1.0
2018-05-07,28.89,12.78,20.84,0.0,394000.0,1.0
2018-05-08,31.11,11.11,21.11,0.51,431000.0,1.0
2018-05-09,22.22,15.0,18.61,0.0,427000.0,0.0
2018-05-10,21.11,12.22,16.66,0.0,436000.0,1.0
2018-05-11,22.78,11.11,16.94,0.0,456000.0,1.0
2018-05-12,30.56,11.67,21.12,0.0,495000.0,1.0
2018-05-13,33.89,11.67,22.78,0.0,501000.0,1.0
2018-05-14,34.44,10.0,22.22,0.0,493000.0,0.0
2018-05-15,30.0,13.33,21.66,0.0,497000.0,1.0
2018-05-16,22.22,15.56,18.89,0.0,506000.0,1.0
2018-05-17,23.89,15.0,19.44,0.0,500000.0,0.0
2018-05-18,26.11,15.0,20.56,0.0,512000.0,1.0
2018-05-19,26.67,13.33,20.0,0.0,508000.0,0.0
2018-05-20,26.11,15.56,20.84,0.0,507000.0,0.0
2018-05-21,28.33,12.78,20.56,0.0,513000.0,1.0
2018-05-22,33.89,11.11,22.5,0.0,510000.0,0.0
2018-05-23,32.78,16.11,24.44,0.0,503000.0,0.0
2018-05-24,31.11,16.67,23.89,0.0,502000.0,0.0
2018-05-25,23.89,15.0,19.44,0.0,496000.0,0.0
2018-05-26,22.22,11.67,16.94,0.0,444000.0,0.0
2018-05-27,28.33,13.89,21.11,0.0,495000.0,1.0
2018-05-28,26.67,15.0,20.84,0.0,461000.0,0.0
2018-05-29,21.11,12.22,16.66,0.0,447000.0,0.0
2018-05-30,22.78,8.89,15.84,0.0,463000.0,1.0
2018-05-31,21.11,12.22,16.66,0.0,412000.0,0.0
2018-06-01,23.89,10.56,17.23,0.0,386000.0,0.0
2018-06-02,31.67,8.89,20.28,0.0,431000.0,1.0
2018-06-03,27.78,13.89,20.84,0.0,374000.0,0.0
2018-06-04,23.33,13.89,18.61,0.0,373000.0,0.0
2018-06-05,26.11,8.33,17.22,0.0,339000.0,0.0
2018-06-06,29.44,10.0,19.72,0.0,352000.0,1.0
2018-06-07,23.89,16.11,20.0,0.0,322000.0,0.0
2018-06-08,26.11,14.44,20.27,3.56,297000.0,0.0
2018-06-09,20.0,11.11,15.56,0.51,295000.0,0.0
2018-06-10,18.89,6.11,12.5,0.0,288000.0,0.0
2018-06-11,25.56,7.78,16.67,0.0,297000.0,1.0
2018-06-12,28.89,7.22,18.06,0.0,304000.0,1.0
2018-06-13,22.22,15.56,18.89,0.0,241000.0,0.0
2018-06-14,23.33,11.67,17.5,0.0,230000.0,0.0
2018-06-15,25.56,10.56,18.06,0.0,229000.0,0.0
2018-06-16,26.67,14.44,20.56,7.37,217000.0,0.0
2018-06-17,32.22,14.44,23.33,0.0,206000.0,0.0
2018-06-18,29.44,18.89,24.16,0.0,215000.0,1.0
2018-06-19,33.89,17.22,25.56,0.0,227000.0,1.0
2018-06-20,36.11,15.0,25.56,0.0,225000.0,0.0
2018-06-21,27.22,18.89,23.06,0.0,220000.0,0.0
2018-06-22,27.78,17.78,22.78,0.0,205000.0,0.0
2018-06-23,28.33,17.22,22.78,0.0,233000.0,1.0
2018-06-24,37.22,13.89,25.56,0.0,254000.0,1.0
2018-06-25,26.11,15.0,20.56,0.0,244000.0,0.0
2018-06-26,28.89,13.33,21.11,0.0,260000.0,1.0
2018-06-27,28.89,13.33,21.11,0.0,265000.0,1.0
2018-06-28,24.44,13.89,19.16,0.0,251000.0,0.0
2018-06-29,29.44,14.44,21.94,0.0,251000.0,0.0
2018-06-30,30.56,15.0,22.78,0.0,226000.0,0.0
2018-07-01,27.78,16.11,21.94,0.0,197000.0,0.0
2018-07-02,23.33,14.44,18.88,0.0,172000.0,0.0
2018-07-03,28.89,12.78,20.84,0.0,197000.0,1.0
2018-07-04,32.78,12.22,22.5,0.0,162000.0,0.0
2018-07-05,34.44,13.89,24.16,0.0,156000.0,0.0
2018-07-06,32.78,19.44,26.11,0.0,169000.0,1.0
2018-07-07,30.56,16.11,23.34,0.0,158000.0,0.0
2018-07-08,35.0,12.22,23.61,0.0,166000.0,1.0
2018-07-09,30.56,17.78,24.17,0.0,154000.0,0.0
2018-07-10,27.78,17.22,22.5,0.0,170000.0,1.0
2018-07-11,35.0,15.0,25.0,0.0,200000.0,1.0
2018-07-12,38.89,15.56,27.22,0.0,192000.0,0.0
2018-07-13,38.33,18.89,28.61,0.0,161000.0,0.0
2018-07-14,38.33,18.89,28.61,0.0,185000.0,1.0
2018-07-15,40.56,16.67,28.62,0.0,163000.0,0.0
2018-07-16,39.44,20.0,29.72,0.0,197000.0,1.0
2018-07-17,37.22,17.22,27.22,0.0,177000.0,0.0
2018-07-18,33.33,18.89,26.11,0.0,162000.0,0.0
2018-07-19,27.78,17.22,22.5,0.0,169000.0,1.0
2018-07-20,29.44,15.56,22.5,0.0,155000.0,0.0
2018-07-21,30.56,16.11,23.34,0.0,179000.0,1.0
2018-07-22,36.67,14.44,25.56,0.0,138000.0,0.0
2018-07-23,38.89,15.0,26.94,0.0,177000.0,1.0
2018-07-24,38.89,16.67,27.78,0.0,190000.0,1.0
2018-07-25,39.44,17.22,28.33,0.0,152000.0,0.0
2018-07-26,39.44,18.89,29.16,0.0,166000.0,1.0
2018-07-27,37.78,19.44,28.61,0.0,170000.0,1.0
2018-07-28,36.67,21.11,28.89,0.0,155000.0,0.0
2018-07-29,41.67,19.44,30.56,0.0,168000.0,1.0
2018-07-30,40.0,18.89,29.44,0.0,181000.0,1.0
2018-07-31,36.67,24.44,30.56,0.0,166000.0,0.0
2018-08-01,36.11,20.0,28.06,0.0,137000.0,0.0
2018-08-02,28.33,18.89,23.61,0.0,130000.0,0.0
2018-08-03,27.22,18.33,22.78,0.0,114000.0,0.0
2018-08-04,32.78,15.56,24.17,0.0,133000.0,1.0
2018-08-05,36.11,16.67,26.39,0.0,129000.0,0.0
2018-08-06,38.89,18.89,28.89,0.0,161000.0,1.0
2018-08-07,41.11,21.67,31.39,0.0,136000.0,0.0
2018-08-08,40.56,18.89,29.72,0.0,146000.0,1.0
2018-08-09,39.44,23.89,31.66,0.0,142000.0,0.0
2018-08-10,36.67,23.89,30.28,0.0,156000.0,1.0
2018-08-11,27.22,19.44,23.33,0.0,132000.0,0.0
2018-08-12,30.56,16.67,23.62,0.0,117000.0,0.0
2018-08-13,34.44,12.78,23.61,0.0,129000.0,1.0
2018-08-14,35.56,13.33,24.44,0.0,142000.0,1.0
2018-08-15,36.11,13.89,25.0,0.0,153000.0,1.0
2018-08-16,30.56,21.67,26.12,0.0,133000.0,0.0
2018-08-17,30.0,18.33,24.16,0.0,114000.0,0.0
2018-08-18,33.89,13.33,23.61,0.0,106000.0,0.0
2018-08-19,35.56,16.11,25.84,0.0,107000.0,1.0
2018-08-20,31.67,17.78,24.72,0.0,133000.0,1.0
2018-08-21,32.22,13.89,23.06,0.0,142000.0,1.0
2018-08-22,36.11,11.67,23.89,0.0,153000.0,1.0
2018-08-23,27.78,17.78,22.78,0.0,131000.0,0.0
2018-08-24,21.67,14.44,18.06,0.0,124000.0,0.0
2018-08-25,25.0,10.56,17.78,0.0,149000.0,1.0
2018-08-26,22.78,16.11,19.44,0.0,153000.0,1.0
2018-08-27,28.33,14.44,21.38,0.0,126000.0,0.0
2018-08-28,31.11,9.44,20.27,0.0,125000.0,0.0
2018-08-29,31.67,10.0,20.84,0.0,140000.0,1.0
2018-08-30,26.67,17.22,21.94,0.0,130000.0,0.0
2018-08-31,25.56,16.11,20.84,0.0,115000.0,0.0
2018-09-01,24.44,13.89,19.16,0.0,101000.0,0.0
2018-09-02,30.0,10.0,20.0,0.0,101000.0,0.0
2018-09-03,28.33,16.11,22.22,0.0,101000.0,0.0
2018-09-04,30.0,10.0,20.0,0.0,109000.0,1.0
2018-09-05,32.22,10.0,21.11,0.0,102000.0,0.0
2018-09-06,32.78,10.0,21.39,0.0,105000.0,1.0
2018-09-07,33.33,15.56,24.44,0.0,110000.0,1.0
2018-09-08,25.0,16.11,20.56,0.0,86000.0,0.0
2018-09-09,27.78,10.56,19.17,0.0,82100.0,0.0
2018-09-10,23.89,11.67,17.78,0.0,83100.0,1.0
2018-09-11,22.78,13.89,18.34,0.0,98600.0,1.0
2018-09-12,21.11,8.89,15.0,0.51,96800.0,0.0
2018-09-13,22.78,8.33,15.56,0.0,74800.0,0.0
2018-09-14,24.44,6.67,15.56,0.0,105000.0,1.0
2018-09-15,21.11,7.78,14.44,0.0,97100.0,0.0
2018-09-16,22.22,8.33,15.27,0.0,83500.0,0.0
2018-09-17,22.22,5.56,13.89,0.0,107000.0,1.0
2018-09-18,25.0,8.33,16.66,0.0,90800.0,0.0
2018-09-19,22.78,10.0,16.39,0.0,86500.0,0.0
2018-09-20,23.33,11.11,17.22,0.0,73500.0,0.0
2018-09-21,27.22,8.33,17.77,0.0,82800.0,1.0
2018-09-22,27.22,8.33,17.77,0.0,75100.0,0.0
2018-09-23,20.56,10.0,15.28,0.0,62300.0,0.0
2018-09-24,23.33,6.11,14.72,0.0,95400.0,1.0
2018-09-25,27.22,3.89,15.56,0.0,131000.0,1.0
2018-09-26,28.33,5.0,16.66,0.0,101000.0,0.0
2018-09-27,30.0,6.67,18.34,0.0,96000.0,0.0
2018-09-28,27.78,7.22,17.5,0.0,90500.0,0.0
2018-09-29,25.0,7.78,16.39,0.0,79700.0,0.0
2018-09-30,21.67,9.44,15.56,0.0,92100.0,1.0
2018-10-01,22.78,8.33,15.56,0.0,80200.0,0.0
2018-10-02,22.78,10.0,16.39,0.0,70800.0,0.0
2018-10-03,18.33,3.33,10.83,0.0,88500.0,1.0
2018-10-04,18.89,6.67,12.78,0.0,87200.0,0.0
2018-10-05,10.56,5.0,7.78,5.33,89900.0,1.0
2018-10-06,16.67,8.33,12.5,2.29,72500.0,0.0
2018-10-07,16.67,6.11,11.39,0.51,75600.0,1.0
2018-10-08,13.33,11.11,12.22,6.35,74600.0,0.0
2018-10-09,16.67,10.0,13.34,4.83,76400.0,1.0
2018-10-10,18.89,6.11,12.5,0.0,90500.0,1.0
2018-10-11,20.0,2.22,11.11,0.0,91700.0,1.0
2018-10-12,23.89,1.67,12.78,0.0,93400.0,1.0
2018-10-13,20.56,4.44,12.5,0.0,84600.0,0.0
2018-10-14,19.44,1.11,10.28,0.0,87000.0,1.0
2018-10-15,21.67,0.0,10.84,0.0,104000.0,1.0
2018-10-16,21.11,1.67,11.39,0.0,88700.0,0.0
2018-10-17,21.67,0.56,11.12,0.0,86700.0,0.0
2018-10-18,20.0,0.56,10.28,0.0,82700.0,0.0
2018-10-19,21.11,2.22,11.66,0.0,87700.0,1.0
2018-10-20,20.56,1.67,11.11,0.0,71200.0,0.0
2018-10-21,20.56,2.22,11.39,0.0,72500.0,1.0
2018-10-22,20.56,2.78,11.67,0.0,95000.0,1.0
2018-10-23,18.33,1.67,10.0,0.0,111000.0,1.0
2018-10-24,17.78,7.22,12.5,0.0,125000.0,1.0
2018-10-25,15.0,6.11,10.56,0.51,112000.0,0.0
2018-10-26,20.56,10.0,15.28,1.02,117000.0,1.0
2018-10-27,18.89,10.56,14.73,1.02,106000.0,0.0
2018-10-28,18.89,8.33,13.61,1.27,87800.0,0.0
2018-10-29,14.44,5.56,10.0,0.0,94500.0,1.0
2018-10-30,16.67,3.33,10.0,0.0,89000.0,0.0
2018-10-31,16.67,9.44,13.06,1.02,97100.0,1.0
2018-11-01,20.56,13.33,16.94,0.25,89400.0,0.0
2018-11-02,19.44,12.78,16.11,0.25,125000.0,1.0
2018-11-03,16.11,10.0,13.06,0.0,127000.0,1.0
2018-11-04,17.78,10.56,14.17,0.25,118000.0,0.0
2018-11-05,16.11,7.78,11.94,0.25,122000.0,1.0
2018-11-06,15.0,5.56,10.28,0.0,121000.0,0.0
2018-11-07,15.0,0.56,7.78,0.0,127000.0,1.0
2018-11-08,11.67,-3.33,4.17,0.0,126000.0,0.0
2018-11-09,13.89,-5.0,4.44,0.0,132000.0,1.0
2018-11-10,11.11,-1.67,4.72,0.0,126000.0,0.0
2018-11-11,10.0,-4.44,2.78,0.0,140000.0,1.0
2018-11-12,2.78,0.0,1.39,0.0,147000.0,1.0
2018-11-13,3.33,-0.56,1.38,0.0,156000.0,1.0
2018-11-14,11.11,0.56,5.84,0.0,130000.0,0.0
2018-11-15,10.0,1.67,5.84,0.0,122000.0,0.0
2018-11-16,12.78,3.33,8.06,0.0,124000.0,1.0
2018-11-17,11.67,-2.22,4.72,0.0,130000.0,1.0
2018-11-18,10.0,-5.0,2.5,0.0,133000.0,1.0
2018-11-19,7.78,-5.56,1.11,0.0,138000.0,1.0
2018-11-20,1.11,-3.89,-1.39,0.0,138000.0,0.0
2018-11-21,2.78,-0.56,1.11,4.06,126000.0,0.0
2018-11-22,3.33,0.0,1.66,4.06,119000.0,0.0
2018-11-23,8.33,0.56,4.44,3.56,123000.0,1.0
2018-11-24,12.22,0.56,6.39,0.0,126000.0,1.0
2018-11-25,5.56,-2.22,1.67,0.0,123000.0,0.0
2018-11-26,5.0,0.0,2.5,0.51,124000.0,1.0
2018-11-27,7.22,2.78,5.0,8.38,114000.0,0.0
2018-11-28,7.78,2.22,5.0,2.29,116000.0,1.0
2018-11-29,6.67,5.0,5.84,0.51,119000.0,1.0
2018-11-30,11.11,1.67,6.39,2.79,120000.0,1.0
2018-12-01,8.89,0.0,4.44,0.0,123000.0,1.0
2018-12-02,8.33,1.11,4.72,0.0,116000.0,0.0
2018-12-03,5.56,0.0,2.78,0.0,134000.0,1.0
2018-12-04,5.56,1.11,3.34,0.0,134000.0,0.0
2018-12-05,2.78,1.11,1.94,0.0,141000.0,1.0
2018-12-06,2.22,0.0,1.11,0.0,138000.0,0.0
2018-12-07,1.67,0.0,0.84,0.0,153000.0,1.0
2018-12-08,1.67,-1.11,0.28,0.0,143000.0,0.0
2018-12-09,2.78,0.0,1.39,0.51,139000.0,0.0
2018-12-10,5.56,-2.78,1.39,0.0,129000.0,0.0
2018-12-11,8.33,1.11,4.72,7.62,133000.0,1.0
2018-12-12,10.0,2.78,6.39,1.02,129000.0,0.0
2018-12-13,9.44,-1.67,3.88,0.0,133000.0,1.0
2018-12-14,10.0,-1.11,4.44,0.76,119000.0,0.0
2018-12-15,8.33,1.67,5.0,0.0,122000.0,1.0
2018-12-16,6.11,2.22,4.16,2.03,129000.0,1.0
2018-12-17,6.11,1.67,3.89,4.83,116000.0,0.0
2018-12-18,13.33,3.89,8.61,24.38,115000.0,0.0
2018-12-19,9.44,1.67,5.56,0.0,112000.0,0.0
2018-12-20,11.67,2.22,6.94,1.78,109000.0,0.0
2018-12-21,8.33,-1.67,3.33,1.02,111000.0,1.0
2018-12-22,3.89,-2.78,0.56,1.52,107000.0,0.0
2018-12-23,3.89,0.56,2.22,13.21,125000.0,1.0
2018-12-24,5.0,2.78,3.89,2.79,122000.0,0.0
2018-12-25,6.11,2.22,4.16,0.51,104000.0,0.0
2018-12-26,4.44,-0.56,1.94,1.52,115000.0,1.0
2018-12-27,9.44,-1.11,4.16,0.0,105000.0,0.0
2018-12-28,5.0,0.56,2.78,0.0,134000.0,1.0
2018-12-29,13.89,1.67,7.78,1.78,107000.0,0.0
2018-12-30,10.0,3.89,6.94,0.0,106000.0,0.0
2018-12-31,7.78,-3.33,2.22,0.0,123000.0,1.0
2019-01-01,4.44,-5.0,-0.28,0.0,130000.0,1.0
2019-01-02,4.44,-5.0,-0.28,0.0,130000.0,0.0
2019-01-03,6.67,-0.56,3.06,0.0,122000.0,0.0
2019-01-04,10.0,-1.11,4.44,1.02,118000.0,0.0
2019-01-05,6.11,1.11,3.61,0.0,147000.0,1.0
2019-01-06,7.78,-0.56,3.61,0.25,124000.0,0.0
2019-01-07,8.33,0.56,4.44,0.0,127000.0,1.0
2019-01-08,2.78,0.0,1.39,5.33,144000.0,1.0
2019-01-09,5.0,1.11,3.06,0.0,146000.0,1.0
2019-01-10,6.11,-0.56,2.78,0.0,145000.0,0.0
2019-01-11,4.44,2.78,3.61,0.0,154000.0,1.0
2019-01-12,5.56,3.89,4.72,0.0,146000.0,0.0
2019-01-13,5.56,2.22,3.89,0.0,114000.0,0.0
2019-01-14,2.22,1.11,1.66,0.0,147000.0,1.0
2019-01-15,2.78,0.56,1.67,0.0,160000.0,1.0
2019-01-16,2.78,0.0,1.39,1.52,158000.0,0.0
2019-01-17,3.33,0.0,1.66,1.52,147000.0,0.0
2019-01-18,4.44,-0.56,1.94,20.57,115000.0,0.0
2019-01-19,10.0,2.22,6.11,2.29,112000.0,0.0
2019-01-20,6.11,2.22,4.16,9.14,111000.0,0.0
2019-01-21,10.0,0.0,5.0,0.0,98300.0,0.0
2019-01-22,6.11,1.11,3.61,2.29,136000.0,1.0
2019-01-23,13.89,1.11,7.5,0.0,109000.0,0.0
2019-01-24,11.67,1.67,6.67,0.0,136000.0,1.0
2019-01-25,11.11,0.0,5.56,0.0,127000.0,0.0
2019-01-26,3.89,-1.67,1.11,0.0,132000.0,1.0
2019-01-27,10.56,1.11,5.84,0.0,116000.0,0.0
2019-01-28,8.33,1.67,5.0,0.0,124000.0,1.0
2019-01-29,5.56,1.67,3.62,0.0,141000.0,1.0
2019-01-30,4.44,2.22,3.33,0.0,147000.0,1.0
2019-01-31,3.89,1.67,2.78,0.0,143000.0,0.0
2019-02-01,2.78,1.11,1.94,1.78,139000.0,0.0
2019-02-02,9.44,-0.56,4.44,0.25,141000.0,1.0
2019-02-03,8.33,1.11,4.72,0.0,126000.0,0.0
2019-02-04,3.33,-1.67,0.83,9.65,134000.0,1.0
2019-02-05,-1.11,-3.33,-2.22,0.25,143000.0,1.0
2019-02-06,-1.11,-9.44,-5.28,0.0,150000.0,1.0
2019-02-07,-5.56,-9.44,-7.5,0.0,136000.0,0.0
2019-02-08,-3.89,-8.89,-6.39,0.0,138000.0,1.0
2019-02-09,-2.22,-5.0,-3.61,1.78,129000.0,0.0
2019-02-10,-3.33,-12.22,-7.78,0.0,133000.0,1.0
2019-02-11,2.78,-3.89,-0.56,6.35,128000.0,0.0
2019-02-12,0.56,-6.67,-3.06,7.87,131000.0,1.0
2019-02-13,2.78,-1.11,0.83,3.05,139000.0,1.0
2019-02-14,-0.56,-2.22,-1.39,9.14,151000.0,1.0
2019-02-15,2.22,-3.89,-0.84,0.0,125000.0,0.0
2019-02-16,1.67,-3.33,-0.83,3.05,136000.0,1.0
2019-02-17,3.33,-5.0,-0.84,0.51,143000.0,1.0
2019-02-18,3.33,-3.33,0.0,0.76,155000.0,1.0
2019-02-19,6.11,-1.67,2.22,0.25,133000.0,0.0
2019-02-20,5.0,-0.56,2.22,0.0,125000.0,0.0
2019-02-21,3.89,-6.11,-1.11,0.0,124000.0,0.0
2019-02-22,3.33,-6.67,-1.67,0.0,137000.0,1.0
2019-02-23,6.67,-0.56,3.06,3.81,148000.0,1.0
2019-02-24,2.22,-0.56,0.83,8.89,148000.0,0.0
2019-02-25,0.0,-3.89,-1.94,7.87,132000.0,0.0
2019-02-26,-2.78,-7.22,-5.0,0.0,144000.0,1.0
2019-02-27,-1.67,-6.67,-4.17,2.79,144000.0,0.0
2019-02-28,-3.33,-10.0,-6.66,0.0,127000.0,0.0
2019-03-01,-1.67,-7.22,-4.44,0.0,120000.0,0.0
2019-03-02,-1.67,-5.0,-3.34,0.0,121000.0,1.0
2019-03-03,-3.33,-11.11,-7.22,0.0,124000.0,1.0
2019-03-04,-2.22,-13.33,-7.78,0.0,140000.0,1.0
2019-03-05,-3.89,-14.44,-9.16,0.0,151000.0,1.0
2019-03-06,-2.22,-6.11,-4.16,4.32,159000.0,1.0
2019-03-07,3.33,-7.22,-1.94,0.25,169000.0,1.0
2019-03-08,4.44,-3.89,0.28,0.25,159000.0,0.0
2019-03-09,1.67,0.0,0.84,0.76,167000.0,1.0
2019-03-10,2.22,-5.0,-1.39,0.0,152000.0,0.0
2019-03-11,1.67,-7.22,-2.78,0.0,134000.0,0.0
2019-03-12,8.33,-1.11,3.61,0.0,119000.0,0.0
2019-03-13,11.67,1.11,6.39,0.0,121000.0,1.0
2019-03-14,8.89,-2.78,3.06,0.0,117000.0,0.0
2019-03-15,10.56,-1.11,4.73,0.0,134000.0,1.0
2019-03-16,10.56,-1.67,4.44,0.0,115000.0,0.0
2019-03-17,12.78,-1.11,5.84,0.0,140000.0,1.0
2019-03-18,13.33,-2.22,5.56,0.0,132000.0,0.0
2019-03-19,15.0,-1.11,6.94,0.0,126000.0,0.0
2019-03-20,17.22,-0.56,8.33,0.0,136000.0,1.0
2019-03-21,17.22,3.89,10.56,0.0,121000.0,0.0
2019-03-22,18.33,2.22,10.27,0.0,158000.0,1.0
2019-03-23,16.67,5.0,10.84,0.0,167000.0,1.0
2019-03-24,16.67,5.0,10.84,0.0,180000.0,1.0
2019-03-25,13.33,2.22,7.78,0.0,177000.0,0.0
2019-03-26,16.11,1.11,8.61,0.0,192000.0,1.0
2019-03-27,8.89,2.78,5.84,3.3,188000.0,0.0
2019-03-28,15.56,1.67,8.62,0.0,193000.0,1.0
2019-03-29,17.78,3.89,10.84,0.0,190000.0,0.0
2019-03-30,18.89,1.11,10.0,0.0,186000.0,0.0
2019-03-31,20.56,2.22,11.39,0.0,198000.0,1.0
2019-04-01,18.33,7.78,13.06,0.0,177000.0,0.0
2019-04-02,17.22,9.44,13.33,0.0,157000.0,0.0
2019-04-03,18.89,8.33,13.61,0.0,133000.0,0.0
2019-04-04,16.11,8.33,12.22,4.32,161000.0,1.0
2019-04-05,15.0,3.89,9.44,1.78,174000.0,1.0
2019-04-06,13.89,2.78,8.34,5.59,200000.0,1.0
2019-04-07,13.33,7.22,10.28,25.15,215000.0,1.0
2019-04-08,12.22,7.22,9.72,12.19,206000.0,0.0
2019-04-09,14.44,7.78,11.11,0.0,251000.0,1.0
2019-04-10,15.0,7.78,11.39,0.0,364000.0,1.0
2019-04-11,15.56,8.33,11.94,0.0,347000.0,0.0
2019-04-12,17.78,7.78,12.78,0.0,308000.0,0.0
2019-04-13,13.33,6.67,10.0,0.0,250000.0,0.0
2019-04-14,12.22,6.11,9.17,0.0,241000.0,0.0
2019-04-15,16.11,0.0,8.06,1.78,239000.0,0.0
2019-04-16,17.78,6.11,11.94,0.25,214000.0,0.0
2019-04-17,19.44,10.0,14.72,0.0,216000.0,1.0
2019-04-18,26.67,6.67,16.67,0.0,225000.0,1.0
2019-04-19,23.89,12.78,18.34,0.0,233000.0,1.0
2019-04-20,20.56,11.67,16.11,0.0,215000.0,0.0
2019-04-21,19.44,9.44,14.44,0.0,253000.0,1.0
2019-04-22,24.44,3.89,14.16,0.0,289000.0,1.0
2019-04-23,20.56,11.67,16.11,0.0,302000.0,1.0
2019-04-24,22.78,8.33,15.56,0.0,330000.0,1.0
2019-04-25,22.78,3.33,13.06,0.0,354000.0,1.0
2019-04-26,21.67,10.56,16.12,0.0,307000.0,0.0
2019-04-27,15.56,7.22,11.39,0.0,295000.0,0.0
2019-04-28,18.33,1.11,9.72,0.0,295000.0,0.0
2019-04-29,19.44,-0.56,9.44,0.0,287000.0,0.0
2019-04-30,20.56,0.56,10.56,0.0,275000.0,0.0
2019-05-01,21.11,1.11,11.11,0.0,265000.0,0.0
2019-05-02,18.33,7.22,12.77,0.0,238000.0,0.0
2019-05-03,25.0,6.11,15.56,0.0,246000.0,1.0
2019-05-04,25.56,7.22,16.39,0.0,247000.0,1.0
2019-05-05,26.67,12.22,19.44,0.0,227000.0,0.0
2019-05-06,28.89,11.11,20.0,0.0,236000.0,1.0
2019-05-07,28.33,15.0,21.66,0.0,241000.0,1.0
2019-05-08,29.44,12.78,21.11,0.0,236000.0,0.0
2019-05-09,28.33,10.56,19.44,0.0,255000.0,1.0
2019-05-10,30.56,6.11,18.34,0.0,260000.0,1.0
2019-05-11,32.22,8.33,20.27,0.0,278000.0,1.0
2019-05-12,27.78,14.44,21.11,0.0,272000.0,0.0
2019-05-13,25.56,13.89,19.73,0.0,281000.0,1.0
2019-05-14,17.78,9.44,13.61,0.0,299000.0,1.0
2019-05-15,17.22,6.11,11.66,0.25,342000.0,1.0
2019-05-16,19.44,12.22,15.83,0.76,325000.0,0.0
2019-05-17,19.44,9.44,14.44,0.0,318000.0,0.0
2019-05-18,23.89,4.44,14.16,3.56,355000.0,1.0
2019-05-19,19.44,10.56,15.0,3.56,349000.0,0.0
2019-05-20,17.78,10.0,13.89,0.76,336000.0,0.0
2019-05-21,18.33,9.44,13.88,1.27,308000.0,0.0
2019-05-22,23.33,13.33,18.33,0.0,302000.0,0.0
2019-05-23,28.33,12.22,20.27,0.0,297000.0,0.0
2019-05-24,20.0,10.56,15.28,0.0,262000.0,0.0
2019-05-25,17.22,8.33,12.77,0.0,281000.0,1.0
2019-05-26,25.0,8.89,16.94,2.03,296000.0,1.0
2019-05-27,22.78,14.44,18.61,0.0,271000.0,0.0
2019-05-28,21.11,15.0,18.06,0.0,296000.0,1.0
2019-05-29,25.56,15.56,20.56,0.0,299000.0,1.0
2019-05-30,27.78,15.0,21.39,0.0,309000.0,1.0
2019-05-31,30.56,16.11,23.34,0.0,336000.0,1.0
2019-06-01,31.67,16.67,24.17,0.0,336000.0,0.0
2019-06-02,30.56,12.22,21.39,0.0,304000.0,0.0
2019-06-03,26.67,14.44,20.56,0.0,307000.0,1.0
2019-06-04,27.78,13.33,20.56,0.0,311000.0,1.0
2019-06-05,25.56,11.67,18.61,0.0,288000.0,0.0
2019-06-06,20.0,10.0,15.0,0.0,299000.0,1.0
2019-06-07,18.89,8.33,13.61,0.0,245000.0,0.0
2019-06-08,21.11,10.0,15.56,0.0,244000.0,0.0
2019-06-09,30.0,6.67,18.34,0.0,246000.0,1.0
2019-06-10,32.78,10.56,21.67,0.0,262000.0,1.0
2019-06-11,34.44,13.89,24.16,0.0,236000.0,0.0
2019-06-12,37.22,12.78,25.0,0.0,232000.0,0.0
2019-06-13,34.44,19.44,26.94,0.0,222000.0,0.0
2019-06-14,26.11,14.44,20.27,0.0,212000.0,0.0
2019-06-15,26.67,14.44,20.56,0.0,212000.0,0.0
2019-06-16,30.56,17.22,23.89,0.0,188000.0,0.0
2019-06-17,30.0,16.67,23.34,0.0,197000.0,1.0
2019-06-18,26.11,15.0,20.56,0.0,182000.0,0.0
2019-06-19,21.11,12.78,16.94,0.0,162000.0,0.0
2019-06-20,21.11,12.22,16.66,0.0,179000.0,1.0
2019-06-21,22.22,12.78,17.5,0.0,201000.0,1.0
2019-06-22,25.0,13.89,19.44,0.0,192000.0,0.0
2019-06-23,22.22,15.0,18.61,0.0,151000.0,0.0
2019-06-24,25.56,11.67,18.61,0.0,176000.0,1.0
2019-06-25,25.56,10.56,18.06,0.25,168000.0,0.0
2019-06-26,25.0,10.56,17.78,1.52,177000.0,1.0
2019-06-27,22.22,7.22,14.72,0.51,168000.0,0.0
2019-06-28,25.56,7.78,16.67,0.0,180000.0,1.0
2019-06-29,28.89,11.67,20.28,0.0,157000.0,0.0
2019-06-30,31.11,12.78,21.94,0.0,155000.0,0.0
2019-07-01,28.33,16.67,22.5,0.0,165000.0,1.0
2019-07-02,24.44,15.56,20.0,0.0,129000.0,0.0
2019-07-03,26.11,15.56,20.84,0.0,135000.0,1.0
2019-07-04,28.33,12.22,20.27,0.0,127000.0,0.0
2019-07-05,28.89,15.0,21.94,0.0,134000.0,1.0
2019-07-06,23.89,16.11,20.0,0.0,131000.0,0.0
2019-07-07,25.56,14.44,20.0,0.0,131000.0,0.0
2019-07-08,28.33,14.44,21.38,0.0,140000.0,1.0
2019-07-09,26.67,13.89,20.28,0.0,135000.0,0.0
2019-07-10,28.33,17.78,23.06,0.0,123000.0,0.0
2019-07-11,28.89,18.33,23.61,0.0,142000.0,1.0
2019-07-12,31.67,16.11,23.89,0.0,146000.0,1.0
2019-07-13,30.56,18.89,24.72,0.0,153000.0,1.0
2019-07-14,31.67,16.67,24.17,0.0,129000.0,0.0
2019-07-15,26.67,17.78,22.22,2.03,151000.0,1.0
2019-07-16,28.89,16.67,22.78,0.0,139000.0,0.0
2019-07-17,27.78,18.33,23.06,0.0,130000.0,0.0
2019-07-18,25.0,17.22,21.11,0.0,129000.0,0.0
2019-07-19,27.22,12.22,19.72,0.0,146000.0,1.0
2019-07-20,32.22,12.22,22.22,0.0,149000.0,1.0
2019-07-21,35.56,11.11,23.34,0.0,143000.0,0.0
2019-07-22,33.33,20.56,26.94,0.0,128000.0,0.0
2019-07-23,31.11,18.33,24.72,0.0,138000.0,1.0
2019-07-24,30.56,13.89,22.22,0.0,131000.0,0.0
2019-07-25,35.56,12.78,24.17,0.0,138000.0,1.0
2019-07-26,35.56,15.0,25.28,0.0,159000.0,1.0
2019-07-27,27.22,19.44,23.33,0.0,129000.0,0.0
2019-07-28,32.22,13.33,22.78,0.0,127000.0,0.0
2019-07-29,32.22,16.67,24.44,0.0,137000.0,1.0
2019-07-30,27.78,17.22,22.5,0.0,134000.0,0.0
2019-07-31,32.22,14.44,23.33,0.0,142000.0,1.0
2019-08-01,34.44,16.11,25.28,0.0,166000.0,1.0
2019-08-02,28.89,19.44,24.16,0.0,149000.0,0.0
2019-08-03,33.89,15.56,24.72,0.0,149000.0,0.0
2019-08-04,37.22,15.56,26.39,0.0,141000.0,0.0
2019-08-05,38.33,18.89,28.61,0.0,143000.0,1.0
2019-08-06,34.44,21.11,27.78,0.0,142000.0,0.0
2019-08-07,31.11,20.56,25.84,0.0,148000.0,1.0
2019-08-08,26.11,20.0,23.06,0.0,142000.0,0.0
2019-08-09,28.89,17.78,23.34,11.94,123000.0,0.0
2019-08-10,28.33,15.56,21.94,0.0,134000.0,1.0
2019-08-11,25.56,17.22,21.39,0.0,115000.0,0.0
2019-08-12,30.0,12.78,21.39,0.0,113000.0,0.0
2019-08-13,34.44,13.89,24.16,0.0,135000.0,1.0
2019-08-14,33.33,17.78,25.56,0.0,145000.0,1.0
2019-08-15,29.44,19.44,24.44,0.0,118000.0,0.0
2019-08-16,26.67,17.22,21.94,0.0,110000.0,0.0
2019-08-17,26.11,17.22,21.66,0.0,114000.0,1.0
2019-08-18,30.56,13.33,21.94,0.0,107000.0,0.0
2019-08-19,31.67,16.67,24.17,0.0,109000.0,1.0
2019-08-20,33.89,14.44,24.16,0.0,125000.0,1.0
2019-08-21,26.67,17.22,21.94,1.52,139000.0,1.0
2019-08-22,25.56,15.56,20.56,0.0,140000.0,1.0
2019-08-23,31.11,11.11,21.11,0.0,134000.0,0.0
2019-08-24,29.44,20.0,24.72,0.0,110000.0,0.0
2019-08-25,28.33,17.22,22.78,0.0,96100.0,0.0
2019-08-26,31.67,12.78,22.22,0.0,106000.0,1.0
2019-08-27,34.44,11.11,22.78,0.0,114000.0,1.0
2019-08-28,37.22,12.78,25.0,0.0,120000.0,1.0
2019-08-29,28.33,20.0,24.16,0.0,128000.0,1.0
2019-08-30,30.56,19.44,25.0,0.0,117000.0,0.0
2019-08-31,32.78,14.44,23.61,0.0,120000.0,1.0
2019-09-01,30.56,17.78,24.17,0.0,101000.0,0.0
2019-09-02,31.67,14.44,23.06,0.0,97200.0,0.0
2019-09-03,32.22,17.22,24.72,0.0,109000.0,1.0
2019-09-04,32.22,14.44,23.33,0.0,102000.0,0.0
2019-09-05,34.44,14.44,24.44,0.0,97500.0,0.0
2019-09-06,31.67,20.56,26.12,0.0,93000.0,0.0
2019-09-07,31.11,17.22,24.16,2.29,91700.0,0.0
2019-09-08,25.0,16.11,20.56,0.76,76600.0,0.0
2019-09-09,23.33,12.78,18.06,0.51,72600.0,0.0
2019-09-10,25.56,12.78,19.17,0.0,85200.0,1.0
2019-09-11,26.67,10.56,18.62,0.0,89300.0,1.0
2019-09-12,30.56,10.0,20.28,0.0,110000.0,1.0
2019-09-13,26.11,17.22,21.66,0.0,81600.0,0.0
2019-09-14,26.67,12.78,19.73,0.0,81300.0,0.0
2019-09-15,18.89,12.78,15.84,3.81,76600.0,0.0
2019-09-16,22.22,11.67,16.94,0.0,79100.0,1.0
2019-09-17,21.11,10.0,15.56,4.32,102000.0,1.0
2019-09-18,21.67,12.22,16.94,0.51,92300.0,0.0
2019-09-19,23.89,10.56,17.23,0.0,83900.0,0.0
2019-09-20,23.33,15.56,19.44,0.0,75100.0,0.0
2019-09-21,25.56,11.11,18.34,0.0,75500.0,1.0
2019-09-22,18.33,11.67,15.0,5.08,88000.0,1.0
2019-09-23,21.11,13.33,17.22,0.0,74100.0,0.0
2019-09-24,24.44,14.44,19.44,0.0,67000.0,0.0
2019-09-25,25.0,11.67,18.34,0.0,85200.0,1.0
2019-09-26,22.78,13.33,18.06,0.0,68100.0,0.0
2019-09-27,19.44,9.44,14.44,0.0,76200.0,1.0
2019-09-28,16.67,5.56,11.12,1.02,86200.0,1.0
2019-09-29,9.44,5.56,7.5,7.11,76000.0,0.0
2019-09-30,11.11,6.67,8.89,0.0,97400.0,1.0
2019-10-01,16.67,2.22,9.44,0.0,93400.0,0.0
2019-10-02,16.11,-0.56,7.78,0.0,100000.0,1.0
2019-10-03,18.89,9.44,14.16,0.0,96200.0,0.0
2019-10-04,17.78,6.11,11.94,0.0,81900.0,0.0
2019-10-05,20.56,7.22,13.89,0.0,79300.0,0.0
2019-10-06,22.78,3.33,13.06,0.0,76700.0,0.0
2019-10-07,23.33,4.44,13.88,0.0,76200.0,0.0
2019-10-08,17.22,5.56,11.39,0.0,74500.0,0.0
2019-10-09,13.89,1.11,7.5,0.0,103000.0,1.0
2019-10-10,14.44,-2.78,5.83,0.0,99300.0,0.0
2019-10-11,16.11,-2.78,6.66,0.0,99600.0,1.0
2019-10-12,13.89,-1.11,6.39,0.0,76500.0,0.0
2019-10-13,20.56,6.67,13.61,0.51,84000.0,1.0
2019-10-14,19.44,3.33,11.39,0.0,84400.0,1.0
2019-10-15,15.0,1.67,8.34,0.0,93600.0,1.0
2019-10-16,13.89,6.67,10.28,1.27,101000.0,1.0
2019-10-17,17.78,7.22,12.5,0.25,81400.0,0.0
2019-10-18,16.11,7.22,11.66,0.76,86600.0,1.0
2019-10-19,13.89,8.33,11.11,7.11,72300.0,0.0
2019-10-20,13.33,7.22,10.28,0.0,92200.0,1.0
2019-10-21,16.11,11.11,13.61,0.25,83400.0,0.0
2019-10-22,20.0,11.67,15.84,0.76,68400.0,0.0
2019-10-23,18.89,4.44,11.66,0.0,91200.0,1.0
2019-10-24,18.33,1.67,10.0,0.0,81500.0,0.0
2019-10-25,20.56,3.33,11.94,0.0,68800.0,0.0
2019-10-26,16.11,1.11,8.61,2.29,77700.0,1.0
2019-10-27,13.33,-2.22,5.56,0.0,82400.0,1.0
2019-10-28,15.56,-3.33,6.12,0.0,100000.0,1.0
2019-10-29,5.56,-6.11,-0.28,0.0,108000.0,1.0
2019-10-30,7.22,-7.78,-0.28,0.0,104000.0,0.0
2019-10-31,9.44,-6.11,1.66,0.0,91800.0,0.0
2019-11-01,11.67,-5.0,3.34,0.0,91700.0,0.0
2019-11-02,12.78,-5.0,3.89,0.0,108000.0,1.0
2019-11-03,12.78,-1.67,5.56,0.0,90000.0,0.0
2019-11-04,14.44,-1.67,6.38,0.0,109000.0,1.0
2019-11-05,13.89,-1.11,6.39,0.0,125000.0,1.0
2019-11-06,14.44,-1.67,6.38,0.0,132000.0,1.0
2019-11-07,12.22,-3.33,4.44,0.0,119000.0,0.0
2019-11-08,12.22,-3.33,4.44,0.0,119000.0,0.0
2019-11-09,16.11,-0.56,7.78,0.0,120000.0,1.0
2019-11-10,18.89,5.56,12.22,0.0,121000.0,1.0
2019-11-11,11.67,0.56,6.12,0.0,111000.0,0.0
2019-11-12,12.78,-0.56,6.11,0.0,111000.0,0.0
2019-11-13,6.67,5.56,6.12,0.0,113000.0,1.0
2019-11-14,8.89,5.56,7.22,0.0,118000.0,1.0
2019-11-15,12.78,6.11,9.44,0.0,108000.0,0.0
2019-11-16,15.0,2.78,8.89,0.0,112000.0,1.0
2019-11-17,17.78,5.0,11.39,0.0,109000.0,0.0
2019-11-18,11.67,6.67,9.17,1.27,115000.0,1.0
2019-11-19,14.44,5.56,10.0,4.57,116000.0,1.0
2019-11-20,13.33,0.56,6.94,0.0,120000.0,1.0
2019-11-21,11.11,-3.33,3.89,0.0,119000.0,0.0
2019-11-22,8.33,-5.0,1.66,0.0,121000.0,1.0
2019-11-23,9.44,-4.44,2.5,0.0,118000.0,0.0
2019-11-24,13.33,6.11,9.72,0.0,117000.0,0.0
2019-11-25,10.56,3.89,7.22,0.0,120000.0,1.0
2019-11-26,6.11,0.56,3.34,1.27,121000.0,1.0
2019-11-27,5.56,0.0,2.78,4.32,122000.0,1.0
2019-11-28,1.67,-4.44,-1.39,0.25,115000.0,0.0
2019-11-29,2.22,-7.78,-2.78,0.0,128000.0,1.0
2019-11-30,-0.56,-10.56,-5.56,0.0,124000.0,0.0
2019-12-01,0.56,-2.78,-1.11,0.25,120000.0,0.0
2019-12-02,1.11,-0.56,0.28,0.0,126000.0,1.0
2019-12-03,0.56,-2.22,-0.83,0.0,128000.0,1.0
2019-12-04,2.22,-1.67,0.28,0.0,129000.0,1.0
2019-12-05,5.0,1.67,3.34,0.0,131000.0,1.0
2019-12-06,5.0,2.78,3.89,3.56,128000.0,0.0
2019-12-07,6.11,3.33,4.72,1.27,114000.0,0.0
2019-12-08,10.56,2.78,6.67,0.0,113000.0,0.0
2019-12-09,6.11,3.89,5.0,0.0,125000.0,1.0
2019-12-10,5.56,3.33,4.44,4.83,126000.0,1.0
2019-12-11,5.0,2.78,3.89,7.87,112000.0,0.0
2019-12-12,7.78,1.67,4.72,6.1,109000.0,0.0
2019-12-13,7.78,0.56,4.17,0.51,103000.0,0.0
2019-12-14,6.67,-1.11,2.78,0.0,104000.0,1.0
2019-12-15,8.89,-1.67,3.61,0.0,112000.0,1.0
2019-12-16,1.67,-3.89,-1.11,0.0,115000.0,1.0
2019-12-17,0.56,-1.11,-0.28,0.0,124000.0,1.0
2019-12-18,0.0,-1.11,-0.56,0.0,124000.0,0.0
2019-12-19,1.67,-2.78,-0.55,13.97,125000.0,1.0
2019-12-20,10.56,0.56,5.56,0.51,110000.0,0.0
2019-12-21,12.22,5.56,8.89,0.0,95400.0,0.0
2019-12-22,7.78,2.22,5.0,0.0,95100.0,0.0
2019-12-23,10.0,-1.11,4.44,0.0,111000.0,1.0
2019-12-24,0.56,-3.33,-1.38,0.0,112000.0,1.0
2019-12-25,3.33,-1.67,0.83,0.25,109000.0,0.0
2019-12-26,5.0,-0.56,2.22,0.0,121000.0,1.0
2019-12-27,6.11,-1.11,2.5,0.0,126000.0,1.0
2019-12-28,3.89,2.22,3.06,0.0,121000.0,0.0
2019-12-29,3.89,2.22,3.06,0.0,114000.0,0.0
2019-12-30,6.11,2.22,4.16,0.0,114000.0,0.0
2019-12-31,8.89,1.11,5.0,4.06,107000.0,0.0
2020-01-01,12.22,5.56,8.89,9.14,120000.0,1.0
2020-01-02,9.44,5.56,7.5,0.25,108000.0,0.0
2020-01-03,9.44,-0.56,4.44,0.0,113000.0,1.0
2020-01-04,10.56,3.89,7.22,0.0,112000.0,0.0
2020-01-05,7.78,1.11,4.44,1.78,112000.0,0.0
2020-01-06,15.0,0.56,7.78,0.0,111000.0,0.0
2020-01-07,12.22,3.33,7.78,0.51,106000.0,0.0
2020-01-08,7.78,1.67,4.72,9.14,113000.0,1.0
2020-01-09,6.67,0.56,3.62,0.0,119000.0,1.0
2020-01-10,3.33,0.56,1.94,3.05,155000.0,1.0
2020-01-11,8.89,1.67,5.28,1.02,122000.0,0.0
2020-01-12,7.22,1.67,4.44,8.64,119000.0,0.0
2020-01-13,5.0,-2.22,1.39,3.05,140000.0,1.0
2020-01-14,2.22,-6.11,-1.94,1.02,157000.0,1.0
2020-01-15,-1.11,-9.44,-5.28,0.25,151000.0,0.0
2020-01-16,0.0,-5.0,-2.5,1.27,151000.0,0.0
2020-01-17,1.11,-5.56,-2.22,0.0,162000.0,1.0
2020-01-18,2.22,-1.11,0.56,2.79,160000.0,0.0
2020-01-19,4.44,0.56,2.5,0.0,120000.0,0.0
2020-01-20,5.56,0.0,2.78,0.0,138000.0,1.0
2020-01-21,7.22,1.11,4.16,2.03,148000.0,1.0
2020-01-22,6.67,0.56,3.62,1.02,150000.0,1.0
2020-01-23,6.11,3.33,4.72,4.83,155000.0,1.0
2020-01-24,10.0,2.78,6.39,0.51,168000.0,1.0
2020-01-25,13.33,3.89,8.61,2.03,182000.0,1.0
2020-01-26,12.22,3.89,8.06,2.54,148000.0,0.0
2020-01-27,8.89,0.0,4.44,9.4,150000.0,1.0
2020-01-28,11.67,3.33,7.5,2.29,168000.0,1.0
2020-01-29,8.33,2.22,5.28,2.79,172000.0,1.0
2020-01-30,8.33,2.22,5.28,0.76,160000.0,0.0
2020-01-31,16.11,5.56,10.84,0.0,161000.0,1.0
2020-02-01,16.67,5.0,10.84,0.51,132000.0,0.0
2020-02-02,8.89,0.56,4.73,0.0,144000.0,1.0
2020-02-03,7.78,-3.33,2.22,0.0,152000.0,1.0
2020-02-04,5.0,-3.33,0.84,0.51,187000.0,1.0
2020-02-05,12.78,1.11,6.94,1.02,184000.0,0.0
2020-02-06,13.89,11.11,12.5,0.0,193000.0,1.0
2020-02-07,17.22,6.67,11.94,2.03,214000.0,1.0
2020-02-08,10.0,5.0,7.5,0.0,232000.0,1.0
2020-02-09,11.11,-1.67,4.72,0.0,222000.0,0.0
2020-02-10,12.78,-0.56,6.11,0.0,225000.0,1.0
2020-02-11,13.89,-0.56,6.66,0.0,198000.0,0.0
2020-02-12,13.33,-1.11,6.11,0.0,208000.0,1.0
2020-02-13,8.89,-3.33,2.78,0.0,199000.0,0.0
2020-02-14,11.11,2.78,6.94,0.76,195000.0,0.0
2020-02-15,7.78,3.89,5.84,0.51,210000.0,1.0
2020-02-16,11.67,3.33,7.5,0.0,164000.0,0.0
2020-02-17,10.0,1.67,5.84,0.0,196000.0,1.0
2020-02-18,10.56,-5.0,2.78,0.0,202000.0,1.0
2020-02-19,10.56,-5.56,2.5,0.0,174000.0,0.0
2020-02-20,10.56,-5.56,2.5,0.0,169000.0,0.0
2020-02-21,12.22,-5.0,3.61,0.0,169000.0,0.0
2020-02-22,15.0,-2.78,6.11,0.0,157000.0,0.0
2020-02-23,11.11,2.78,6.94,2.54,140000.0,0.0
2020-02-24,10.56,4.44,7.5,0.25,142000.0,1.0
2020-02-25,12.22,-2.22,5.0,0.0,167000.0,1.0
2020-02-26,15.56,2.22,8.89,0.0,164000.0,0.0
2020-02-27,17.78,-0.56,8.61,0.0,166000.0,1.0
2020-02-28,17.78,-1.67,8.06,0.0,167000.0,1.0
2020-02-29,10.56,3.33,6.94,0.0,166000.0,0.0
2020-03-01,11.11,0.0,5.56,0.0,156000.0,0.0
2020-03-02,12.22,5.0,8.61,0.0,134000.0,0.0
2020-03-03,16.11,7.22,11.66,0.0,137000.0,1.0
2020-03-04,14.44,2.78,8.61,0.0,156000.0,1.0
2020-03-05,16.67,-1.11,7.78,0.0,158000.0,1.0
2020-03-06,15.0,4.44,9.72,0.25,154000.0,0.0
2020-03-07,12.22,4.44,8.33,0.0,141000.0,0.0
2020-03-08,13.33,-1.11,6.11,0.0,138000.0,0.0
2020-03-09,15.56,-2.78,6.39,0.0,165000.0,1.0
2020-03-10,17.78,-2.22,7.78,0.0,139000.0,0.0
2020-03-11,13.89,5.56,9.72,0.0,116000.0,0.0
2020-03-12,14.44,0.0,7.22,0.0,128000.0,1.0
2020-03-13,8.89,2.22,5.56,1.02,123000.0,0.0
2020-03-14,3.33,-1.11,1.11,2.54,125000.0,1.0
2020-03-15,2.78,-1.67,0.55,0.0,122000.0,0.0
2020-03-16,11.11,-1.11,5.0,0.0,134000.0,1.0
2020-03-17,15.56,-4.44,5.56,0.0,127000.0,0.0
2020-03-18,16.67,0.0,8.34,0.0,114000.0,0.0
2020-03-19,19.44,0.0,9.72,0.0,116000.0,1.0
2020-03-20,21.11,0.0,10.56,0.0,122000.0,1.0
2020-03-21,19.44,2.78,11.11,0.0,116000.0,0.0
2020-03-22,19.44,0.56,10.0,0.0,122000.0,1.0
2020-03-23,13.89,3.89,8.89,0.0,125000.0,1.0
2020-03-24,11.67,-1.67,5.0,0.0,112000.0,0.0
2020-03-25,12.78,2.78,7.78,0.0,136000.0,1.0
2020-03-26,12.78,1.11,6.94,0.0,115000.0,0.0
2020-03-27,12.22,6.67,9.44,0.0,124000.0,1.0
2020-03-28,15.0,6.11,10.56,0.25,119000.0,0.0
2020-03-29,17.78,6.11,11.94,0.0,121000.0,1.0
2020-03-30,10.0,4.44,7.22,4.06,123000.0,1.0
2020-03-31,12.22,2.22,7.22,3.56,132000.0,1.0
2020-04-01,12.78,0.0,6.39,0.51,144000.0,1.0
2020-04-02,12.78,1.11,6.94,0.0,148000.0,1.0
2020-04-03,11.67,0.56,6.12,0.0,106000.0,0.0
2020-04-04,12.78,3.33,8.06,0.0,127000.0,1.0
2020-04-05,14.44,5.56,10.0,0.0,132000.0,1.0
2020-04-06,18.89,1.11,10.0,0.0,110000.0,0.0
2020-04-07,20.0,4.44,12.22,0.0,115000.0,1.0
2020-04-08,23.33,1.67,12.5,0.0,134000.0,1.0
2020-04-09,25.56,1.67,13.61,0.0,127000.0,0.0
2020-04-10,23.89,8.33,16.11,0.0,131000.0,1.0
2020-04-11,18.33,7.78,13.06,0.0,132000.0,1.0
2020-04-12,18.89,3.33,11.11,0.0,136000.0,1.0
2020-04-13,19.44,-1.11,9.17,0.0,138000.0,1.0
2020-04-14,22.22,8.33,15.27,0.0,132000.0,0.0
2020-04-15,21.11,6.11,13.61,0.0,152000.0,1.0
2020-04-16,20.0,1.11,10.56,0.0,148000.0,0.0
2020-04-17,25.56,-1.11,12.22,0.0,162000.0,1.0
2020-04-18,15.0,8.89,11.94,5.08,152000.0,0.0
2020-04-19,20.0,9.44,14.72,0.0,147000.0,0.0
2020-04-20,23.89,5.0,14.44,0.0,159000.0,1.0
2020-04-21,18.33,10.56,14.44,0.0,167000.0,1.0
2020-04-22,16.11,8.33,12.22,4.32,171000.0,1.0
2020-04-23,18.89,10.56,14.73,0.0,182000.0,1.0
2020-04-24,20.56,10.0,15.28,0.0,196000.0,1.0
2020-04-25,22.78,8.33,15.56,0.25,194000.0,0.0
2020-04-26,22.22,6.11,14.16,0.0,200000.0,1.0
2020-04-27,23.33,10.56,16.94,0.25,206000.0,1.0
2020-04-28,25.0,7.22,16.11,0.0,242000.0,1.0
2020-04-29,26.11,11.11,18.61,0.0,263000.0,1.0
2020-04-30,20.0,8.33,14.16,0.0,221000.0,0.0
2020-05-01,22.78,2.78,12.78,0.0,249000.0,1.0
2020-05-02,21.67,6.11,13.89,4.32,270000.0,1.0
2020-05-03,17.78,5.0,11.39,0.0,255000.0,0.0
2020-05-04,24.44,1.67,13.06,0.0,275000.0,1.0
2020-05-05,26.11,10.56,18.34,2.29,266000.0,0.0
2020-05-06,17.22,7.78,12.5,0.0,242000.0,0.0
2020-05-07,22.78,2.22,12.5,0.0,280000.0,1.0
2020-05-08,26.67,4.44,15.56,0.0,292000.0,1.0
2020-05-09,30.56,7.22,18.89,0.0,270000.0,0.0
2020-05-10,31.11,9.44,20.27,0.0,254000.0,0.0
2020-05-11,26.11,8.89,17.5,0.25,290000.0,1.0
2020-05-12,18.33,8.89,13.61,2.54,315000.0,1.0
2020-05-13,21.11,10.56,15.84,0.76,312000.0,0.0
2020-05-14,20.0,10.56,15.28,1.78,345000.0,1.0
2020-05-15,22.22,8.89,15.56,0.0,335000.0,0.0
2020-05-16,22.22,10.56,16.39,0.0,315000.0,0.0
2020-05-17,20.56,12.22,16.39,0.76,301000.0,0.0
2020-05-18,20.56,10.56,15.56,2.29,316000.0,1.0
2020-05-19,18.33,10.56,14.44,13.46,335000.0,1.0
2020-05-20,18.89,12.22,15.56,0.0,357000.0,1.0
2020-05-21,17.22,7.78,12.5,0.0,344000.0,0.0
2020-05-22,18.33,5.56,11.94,0.0,346000.0,1.0
2020-05-23,20.0,7.78,13.89,0.0,342000.0,0.0
2020-05-24,25.56,7.78,16.67,0.0,341000.0,0.0
2020-05-25,22.22,13.33,17.77,0.0,321000.0,0.0
2020-05-26,26.67,13.89,20.28,0.0,317000.0,0.0
2020-05-27,30.56,8.33,19.44,0.0,316000.0,0.0
2020-05-28,32.78,10.0,21.39,0.0,343000.0,1.0
2020-05-29,35.56,11.11,23.34,0.0,369000.0,1.0
2020-05-30,22.78,12.78,17.78,0.0,363000.0,0.0
2020-05-31,20.0,12.22,16.11,0.0,371000.0,1.0
2020-06-01,25.0,8.89,16.94,0.0,396000.0,1.0
2020-06-02,27.78,6.67,17.23,0.0,413000.0,1.0
2020-06-03,27.22,13.89,20.56,0.0,374000.0,0.0
2020-06-04,25.56,12.78,19.17,0.0,351000.0,0.0
2020-06-05,21.11,14.44,17.77,0.0,386000.0,1.0
2020-06-06,20.56,11.11,15.84,0.0,369000.0,0.0
2020-06-07,18.89,9.44,14.16,0.0,345000.0,0.0
2020-06-08,17.78,11.11,14.44,0.0,357000.0,1.0
2020-06-09,20.0,11.11,15.56,2.54,328000.0,0.0
2020-06-10,28.33,10.56,19.44,0.0,290000.0,0.0
2020-06-11,27.78,16.67,22.22,0.0,309000.0,1.0
2020-06-12,20.56,13.89,17.23,0.0,324000.0,1.0
2020-06-13,18.33,10.0,14.16,1.27,280000.0,0.0
2020-06-14,21.11,8.89,15.0,0.25,289000.0,1.0
2020-06-15,19.44,10.56,15.0,2.54,307000.0,1.0
2020-06-16,21.67,10.0,15.84,0.0,270000.0,0.0
2020-06-17,24.44,12.22,18.33,0.0,279000.0,1.0
2020-06-18,31.67,10.56,21.12,0.0,297000.0,1.0
2020-06-19,34.44,13.33,23.88,0.0,308000.0,1.0
2020-06-20,25.0,16.11,20.56,2.54,291000.0,0.0
2020-06-21,25.56,16.67,21.12,0.0,273000.0,0.0
2020-06-22,33.89,13.33,23.61,0.0,294000.0,1.0
2020-06-23,38.33,15.56,26.94,0.0,296000.0,1.0
2020-06-24,30.0,20.0,25.0,0.0,286000.0,0.0
2020-06-25,33.89,16.11,25.0,0.0,302000.0,1.0
2020-06-26,35.56,19.44,27.5,0.0,303000.0,1.0
2020-06-27,25.0,15.0,20.0,0.0,289000.0,0.0
2020-06-28,23.33,13.89,18.61,0.0,317000.0,1.0
2020-06-29,25.0,15.0,20.0,0.0,304000.0,0.0
2020-06-30,23.33,14.44,18.88,0.0,314000.0,1.0
2020-07-01,21.67,13.33,17.5,0.0,294000.0,0.0
2020-07-02,23.89,13.89,18.89,0.0,307000.0,1.0
2020-07-03,27.22,11.11,19.16,0.0,311000.0,1.0
2020-07-04,26.67,11.67,19.17,0.0,280000.0,0.0
2020-07-05,27.78,11.67,19.73,0.0,247000.0,0.0
2020-07-06,26.11,15.0,20.56,0.0,212000.0,0.0
2020-07-07,23.89,15.0,19.44,0.0,228000.0,1.0
2020-07-08,27.78,13.33,20.56,0.0,224000.0,0.0
2020-07-09,25.56,12.78,19.17,0.0,228000.0,1.0
2020-07-10,31.11,13.33,22.22,0.0,247000.0,1.0
2020-07-11,29.44,15.56,22.5,0.0,231000.0,0.0
2020-07-12,27.78,16.67,22.22,0.0,202000.0,0.0
2020-07-13,30.56,13.33,21.94,0.0,208000.0,1.0
2020-07-14,33.33,12.78,23.06,0.0,232000.0,1.0
2020-07-15,35.56,15.56,25.56,0.0,216000.0,0.0
2020-07-16,34.44,19.44,26.94,0.0,199000.0,0.0
2020-07-17,28.33,17.22,22.78,0.0,184000.0,0.0
2020-07-18,34.44,12.22,23.33,0.0,197000.0,1.0
2020-07-19,37.22,16.67,26.94,0.0,173000.0,0.0
2020-07-20,38.89,18.89,28.89,0.0,196000.0,1.0
2020-07-21,36.67,21.11,28.89,0.0,206000.0,1.0
2020-07-22,32.22,20.0,26.11,0.0,182000.0,0.0
2020-07-23,30.0,17.78,23.89,0.0,184000.0,1.0
2020-07-24,25.56,16.11,20.84,0.0,158000.0,0.0
2020-07-25,31.67,13.89,22.78,0.0,187000.0,1.0
2020-07-26,37.22,11.67,24.44,0.0,192000.0,1.0
2020-07-27,39.44,14.44,26.94,0.0,177000.0,0.0
2020-07-28,36.67,23.33,30.0,0.0,172000.0,0.0
2020-07-29,38.33,16.67,27.5,0.0,192000.0,1.0
2020-07-30,42.22,21.67,31.94,0.0,194000.0,1.0
2020-07-31,35.0,23.89,29.44,0.0,172000.0,0.0
2020-08-01,32.22,20.0,26.11,0.0,165000.0,0.0
2020-08-02,32.22,17.78,25.0,0.0,167000.0,1.0
2020-08-03,32.22,18.89,25.56,0.0,152000.0,0.0
2020-08-04,35.56,14.44,25.0,0.0,185000.0,1.0
2020-08-05,33.33,19.44,26.38,0.0,173000.0,0.0
2020-08-06,25.0,17.22,21.11,0.0,154000.0,0.0
2020-08-07,29.44,13.33,21.38,0.0,166000.0,1.0
2020-08-08,27.78,18.33,23.06,0.0,156000.0,0.0
2020-08-09,31.67,16.11,23.89,0.0,141000.0,0.0
2020-08-10,37.22,14.44,25.83,0.0,169000.0,1.0
2020-08-11,30.56,15.0,22.78,0.0,154000.0,0.0
2020-08-12,25.56,16.11,20.84,0.0,137000.0,0.0
2020-08-13,28.33,11.67,20.0,0.0,132000.0,0.0
2020-08-14,34.44,11.67,23.06,0.0,143000.0,1.0
2020-08-15,38.89,12.78,25.84,0.0,151000.0,1.0
2020-08-16,38.89,18.33,28.61,0.0,158000.0,1.0
2020-08-17,38.33,17.78,28.06,0.0,163000.0,1.0
2020-08-18,35.56,20.0,27.78,0.0,150000.0,0.0
2020-08-19,35.56,16.11,25.84,0.0,160000.0,1.0
2020-08-20,32.78,20.56,26.67,0.0,155000.0,0.0
2020-08-21,30.0,18.89,24.44,0.0,167000.0,1.0
2020-08-22,30.56,15.56,23.06,0.0,167000.0,0.0
2020-08-23,33.33,13.33,23.33,0.0,148000.0,0.0
2020-08-24,30.56,13.89,22.22,0.0,151000.0,1.0
2020-08-25,31.67,13.33,22.5,0.0,132000.0,0.0
2020-08-26,31.11,12.22,21.66,0.0,138000.0,1.0
2020-08-27,31.67,13.89,22.78,0.0,136000.0,0.0
2020-08-28,32.78,12.78,22.78,0.0,146000.0,1.0
2020-08-29,28.33,15.0,21.66,0.0,126000.0,0.0
2020-08-30,27.78,13.33,20.56,0.0,114000.0,0.0
2020-08-31,26.11,16.67,21.39,0.0,112000.0,0.0
2020-09-01,33.33,13.33,23.33,0.0,106000.0,0.0
2020-09-02,36.67,17.78,27.22,0.0,123000.0,1.0
2020-09-03,38.33,16.67,27.5,0.0,105000.0,0.0
2020-09-04,36.11,14.44,25.28,0.0,102000.0,0.0
2020-09-05,30.0,17.78,23.89,0.0,82600.0,0.0
2020-09-06,33.89,12.78,23.34,0.0,119000.0,1.0
2020-09-07,32.22,14.44,23.33,0.0,105000.0,0.0
2020-09-08,25.56,7.78,16.67,0.0,115000.0,1.0
2020-09-09,30.56,7.22,18.89,0.0,96200.0,0.0
2020-09-10,33.89,8.33,21.11,0.0,111000.0,1.0
2020-09-11,24.44,13.89,19.16,0.0,101000.0,0.0
2020-09-12,22.22,11.67,16.94,0.0,105000.0,1.0
2020-09-13,18.89,10.56,14.73,0.0,118000.0,1.0
2020-09-14,23.33,13.89,18.61,0.0,110000.0,0.0
2020-09-15,25.0,12.78,18.89,0.0,102000.0,0.0
2020-09-16,22.78,10.56,16.67,0.0,91900.0,0.0
2020-09-17,26.67,9.44,18.06,0.0,107000.0,1.0
2020-09-18,24.44,13.89,19.16,0.0,119000.0,1.0
2020-09-19,23.89,12.78,18.34,0.0,87000.0,0.0
2020-09-20,27.78,10.0,18.89,0.0,82900.0,0.0
2020-09-21,27.22,10.56,18.89,0.0,83700.0,1.0
2020-09-22,26.11,13.89,20.0,0.0,84500.0,1.0
2020-09-23,25.0,13.89,19.44,0.51,89800.0,1.0
2020-09-24,23.33,11.11,17.22,0.0,85000.0,0.0
2020-09-25,20.56,11.11,15.84,0.76,91100.0,1.0
2020-09-26,21.67,11.67,16.67,0.0,70800.0,0.0
2020-09-27,25.0,9.44,17.22,0.0,79900.0,1.0
2020-09-28,27.78,6.11,16.94,0.0,116000.0,1.0
2020-09-29,30.56,6.67,18.61,0.0,120000.0,1.0
2020-09-30,30.0,7.78,18.89,0.0,122000.0,1.0
2020-10-01,30.0,8.89,19.44,0.0,97100.0,0.0
2020-10-02,29.44,9.44,19.44,0.0,107000.0,1.0
2020-10-03,29.44,8.89,19.16,0.0,101000.0,0.0
2020-10-04,28.33,9.44,18.88,0.0,107000.0,1.0
2020-10-05,28.89,10.0,19.44,0.0,113000.0,1.0
2020-10-06,31.11,8.33,19.72,0.0,93900.0,0.0
2020-10-07,27.78,10.0,18.89,0.0,93300.0,0.0
2020-10-08,26.11,13.33,19.72,0.0,93600.0,1.0
2020-10-09,26.67,8.89,17.78,0.0,86200.0,0.0
2020-10-10,19.44,7.78,13.61,3.81,74700.0,0.0
2020-10-11,16.11,7.78,11.94,1.52,81200.0,1.0
2020-10-12,18.89,11.67,15.28,0.0,68400.0,0.0
2020-10-13,20.0,10.0,15.0,6.1,93800.0,1.0
2020-10-14,17.78,8.33,13.06,0.0,92100.0,0.0
2020-10-15,18.89,4.44,11.66,0.0,94400.0,1.0
2020-10-16,22.78,5.0,13.89,0.0,105000.0,1.0
2020-10-17,20.56,14.44,17.5,0.0,91100.0,0.0
2020-10-18,18.33,14.44,16.38,0.0,88500.0,0.0
2020-10-19,20.0,13.33,16.66,0.0,73700.0,0.0
2020-10-20,19.44,11.67,15.56,0.0,77100.0,1.0
2020-10-21,15.56,6.67,11.12,0.25,91600.0,1.0
2020-10-22,15.0,0.0,7.5,0.0,108000.0,1.0
2020-10-23,12.22,-2.78,4.72,1.52,108000.0,0.0
2020-10-24,11.67,1.67,6.67,3.3,105000.0,0.0
2020-10-25,6.11,-4.44,0.84,0.0,122000.0,1.0
2020-10-26,8.33,-5.56,1.39,0.0,94400.0,0.0
2020-10-27,15.56,-4.44,5.56,0.0,113000.0,1.0
2020-10-28,19.44,0.0,9.72,0.0,100000.0,0.0
2020-10-29,22.78,3.89,13.34,0.0,105000.0,1.0
2020-10-30,16.67,6.67,11.67,0.0,89200.0,0.0
2020-10-31,15.56,0.56,8.06,0.0,101000.0,1.0
2020-11-01,16.67,-1.11,7.78,0.0,120000.0,1.0
2020-11-02,15.56,-1.11,7.22,0.0,119000.0,0.0
2020-11-03,11.11,-0.56,5.28,0.0,121000.0,1.0
2020-11-04,21.11,5.56,13.34,0.25,118000.0,0.0
2020-11-05,17.22,8.89,13.06,2.03,123000.0,1.0
2020-11-06,10.0,6.67,8.34,21.59,111000.0,0.0
2020-11-07,10.0,2.22,6.11,0.0,114000.0,1.0
2020-11-08,7.22,0.0,3.61,0.0,119000.0,1.0
2020-11-09,7.22,-3.89,1.66,0.0,142000.0,1.0
2020-11-10,10.56,3.33,6.94,4.57,135000.0,0.0
2020-11-11,11.11,0.56,5.84,0.0,141000.0,1.0
2020-11-12,5.56,-1.67,1.94,0.0,143000.0,1.0
2020-11-13,10.0,2.78,6.39,15.49,128000.0,0.0
2020-11-14,9.44,3.33,6.38,14.22,130000.0,1.0
2020-11-15,15.0,1.67,8.34,0.0,122000.0,0.0
2020-11-16,8.89,5.0,6.94,5.84,117000.0,0.0
2020-11-17,11.67,5.56,8.62,3.05,132000.0,1.0
2020-11-18,13.33,3.89,8.61,0.51,135000.0,1.0
2020-11-19,11.67,0.56,6.12,0.0,130000.0,0.0
2020-11-20,7.22,-1.11,3.06,0.0,148000.0,1.0
2020-11-21,4.44,-2.22,1.11,0.0,145000.0,0.0
2020-11-22,4.44,-2.22,1.11,0.0,154000.0,1.0
2020-11-23,10.56,0.56,5.56,0.0,141000.0,0.0
2020-11-24,11.67,0.56,6.12,0.51,135000.0,0.0
2020-11-25,10.56,1.11,5.84,0.0,138000.0,1.0
2020-11-26,12.22,0.0,6.11,0.0,129000.0,0.0
2020-11-27,7.78,-1.67,3.06,0.0,132000.0,1.0
2020-11-28,12.78,-1.11,5.84,0.0,135000.0,1.0
2020-11-29,8.89,-0.56,4.16,0.0,139000.0,1.0
2020-11-30,11.11,1.11,6.11,3.05,142000.0,1.0
2020-12-01,8.89,-1.11,3.89,0.0,134000.0,0.0
2020-12-02,6.67,-3.89,1.39,0.0,135000.0,1.0
2020-12-03,2.78,-5.0,-1.11,0.0,132000.0,0.0
2020-12-04,1.67,-2.78,-0.55,0.0,139000.0,1.0
2020-12-05,1.11,0.0,0.56,0.0,140000.0,1.0
2020-12-06,5.0,0.0,2.5,2.79,137000.0,0.0
2020-12-07,3.33,2.22,2.78,0.0,139000.0,1.0
2020-12-08,7.22,-0.56,3.33,0.0,138000.0,0.0
2020-12-09,12.78,3.33,8.06,0.0,122000.0,0.0
2020-12-10,3.33,-1.67,0.83,0.76,128000.0,1.0
2020-12-11,3.89,0.56,2.22,6.6,137000.0,1.0
2020-12-12,6.67,1.11,3.89,0.0,137000.0,0.0
2020-12-13,2.78,0.0,1.39,4.32,128000.0,0.0
2020-12-14,8.33,0.56,4.44,0.0,136000.0,1.0
2020-12-15,10.0,1.11,5.56,0.25,127000.0,0.0
2020-12-16,10.0,3.33,6.66,2.54,139000.0,1.0
2020-12-17,11.67,5.0,8.34,0.25,131000.0,0.0
2020-12-18,10.56,2.78,6.67,1.78,128000.0,0.0
2020-12-19,13.33,2.78,8.06,4.06,129000.0,1.0
2020-12-20,12.78,7.78,10.28,4.57,114000.0,0.0
2020-12-21,11.67,5.56,8.62,3.81,130000.0,1.0
2020-12-22,8.89,0.56,4.73,0.25,123000.0,0.0
2020-12-23,7.22,-2.78,2.22,0.0,142000.0,1.0
2020-12-24,2.22,-4.44,-1.11,0.0,143000.0,1.0
2020-12-25,0.0,-2.22,-1.11,3.81,139000.0,0.0
2020-12-26,3.33,-3.33,0.0,1.27,133000.0,0.0
2020-12-27,2.78,-3.89,-0.56,0.0,125000.0,0.0
2020-12-28,3.33,1.11,2.22,0.0,137000.0,1.0
2020-12-29,2.78,0.56,1.67,0.0,155000.0,1.0
2020-12-30,2.78,0.56,1.67,4.83,154000.0,0.0
2020-12-31,12.22,1.67,6.94,0.25,153000.0,0.0
2021-01-01,7.22,3.89,5.56,0.51,154000.0,1.0
2021-01-02,8.33,2.78,5.56,0.25,140000.0,0.0
2021-01-03,12.22,6.11,9.17,1.27,106000.0,0.0
2021-01-04,10.56,5.0,7.78,1.27,136000.0,1.0
2021-01-05,6.11,0.0,3.06,0.0,156000.0,1.0
2021-01-06,7.78,3.89,5.84,5.84,173000.0,1.0
2021-01-07,7.78,2.22,5.0,0.0,175000.0,1.0
2021-01-08,7.78,0.56,4.17,4.06,173000.0,0.0
2021-01-09,4.44,0.56,2.5,0.0,177000.0,1.0
2021-01-10,6.67,3.0,4.84,0.51,164000.0,0.0
2021-01-11,6.11,3.89,5.0,4.06,173000.0,1.0
2021-01-12,6.67,4.0,5.34,13.21,182000.0,1.0
2021-01-13,12.22,3.33,7.78,4.83,196000.0,1.0
2021-01-14,10.56,0.56,5.56,0.0,207000.0,1.0
2021-01-15,12.78,1.11,6.94,0.0,193000.0,0.0
2021-01-16,5.56,1.0,3.28,0.0,186000.0,0.0
2021-01-17,13.89,4.44,9.17,0.0,157000.0,0.0
2021-01-18,10.0,-1.11,4.44,0.0,162000.0,1.0
2021-01-19,8.33,-3.28,2.53,0.0,181000.0,1.0
2021-01-20,5.0,-2.22,1.39,0.0,177000.0,0.0
2021-01-21,4.44,2.78,3.61,1.78,161000.0,0.0
2021-01-22,5.56,-1.72,1.92,0.0,165000.0,1.0
2021-01-23,1.11,-3.89,-1.39,0.0,169000.0,1.0
2021-01-24,2.78,-2.78,0.0,2.29,176000.0,1.0
2021-01-25,6.11,0.0,3.06,0.0,180000.0,1.0
2021-01-26,5.0,0.56,2.78,0.25,182000.0,1.0
2021-01-27,6.11,1.11,3.61,0.0,187000.0,1.0
2021-01-28,8.33,1.11,4.72,0.0,173000.0,0.0
2021-01-29,10.0,1.11,5.56,0.0,193000.0,1.0
2021-01-30,7.78,1.67,4.72,0.0,183000.0,0.0
2021-01-31,10.56,4.44,7.5,0.25,174000.0,0.0
2021-02-01,12.22,4.44,8.33,0.0,143000.0,0.0
2021-02-02,11.67,1.67,6.67,0.0,160000.0,1.0
2021-02-03,10.0,3.33,6.66,0.0,176000.0,1.0
2021-02-04,9.44,2.22,5.83,0.0,159000.0,0.0
2021-02-05,13.33,7.78,10.56,0.0,135000.0,0.0
2021-02-06,10.56,6.67,8.62,0.0,155000.0,1.0
2021-02-07,8.33,5.0,6.66,0.0,125000.0,0.0
2021-02-08,8.33,-0.61,3.86,0.0,152000.0,1.0
2021-02-09,5.0,-4.39,0.31,0.0,158000.0,1.0
2021-02-10,4.44,-5.61,-0.58,0.0,175000.0,1.0
2021-02-11,1.11,-4.39,-1.64,0.0,182000.0,1.0
2021-02-12,-5.0,-7.78,-6.39,0.0,179000.0,0.0
2021-02-13,-3.89,-8.0,-5.94,0.25,173000.0,0.0
2021-02-14,-2.78,-5.61,-4.2,4.57,181000.0,1.0
2021-02-15,-1.11,-5.61,-3.36,10.67,187000.0,1.0
2021-02-16,7.78,-3.28,2.25,0.0,186000.0,0.0
2021-02-17,9.44,0.56,5.0,0.0,188000.0,1.0
2021-02-18,1.67,-1.11,0.28,3.81,177000.0,0.0
2021-02-19,6.67,-1.11,2.78,1.02,194000.0,1.0
2021-02-20,10.0,0.56,5.28,0.0,188000.0,0.0
2021-02-21,11.67,3.89,7.78,0.25,143000.0,0.0
2021-02-22,13.33,6.11,9.72,1.27,129000.0,0.0
2021-02-23,10.0,3.89,6.94,0.0,130000.0,1.0
2021-02-24,11.11,0.56,5.84,0.0,163000.0,1.0
2021-02-25,11.67,1.11,6.39,0.25,147000.0,0.0
2021-02-26,9.44,3.89,6.66,3.05,135000.0,0.0
2021-02-27,8.89,3.89,6.39,0.0,132000.0,0.0
2021-02-28,13.33,3.33,8.33,0.0,117000.0,0.0
2021-03-01,15.0,0.56,7.78,0.0,128000.0,1.0
2021-03-02,15.56,2.78,9.17,0.0,129000.0,1.0
2021-03-03,16.67,0.0,8.34,0.0,131000.0,1.0
2021-03-04,15.0,0.56,7.78,0.0,131000.0,0.0
2021-03-05,11.67,0.0,5.84,0.0,126000.0,0.0
2021-03-06,12.78,3.89,8.33,0.0,118000.0,0.0
2021-03-07,12.22,1.67,6.94,0.0,109000.0,0.0
2021-03-08,9.44,-1.72,3.86,0.0,144000.0,1.0
2021-03-09,11.67,-0.61,5.53,0.0,147000.0,1.0
2021-03-10,12.78,-1.72,5.53,0.0,132000.0,0.0
2021-03-11,15.56,-0.61,7.48,0.0,128000.0,0.0
2021-03-12,17.78,-1.11,8.34,0.0,112000.0,0.0
2021-03-13,17.78,-1.11,8.34,0.0,126000.0,1.0
2021-03-14,11.11,0.56,5.84,0.51,120000.0,0.0
2021-03-15,8.89,3.89,6.39,0.0,122000.0,1.0
2021-03-16,15.0,3.33,9.16,0.0,127000.0,1.0
2021-03-17,17.78,-1.11,8.34,0.0,132000.0,1.0
2021-03-18,15.56,2.22,8.89,0.0,124000.0,0.0
2021-03-19,14.44,1.11,7.78,1.27,126000.0,1.0
2021-03-20,12.22,1.67,6.94,0.0,116000.0,0.0
2021-03-21,10.0,6.11,8.06,0.0,128000.0,1.0
2021-03-22,12.22,2.78,7.5,0.0,133000.0,1.0
2021-03-23,14.44,4.44,9.44,0.0,117000.0,0.0
2021-03-24,10.56,7.22,8.89,0.0,124000.0,1.0
2021-03-25,14.44,6.67,10.56,0.0,124000.0,0.0
2021-03-26,13.89,5.56,9.72,0.0,120000.0,0.0
2021-03-27,20.0,7.22,13.61,0.0,124000.0,1.0
2021-03-28,15.56,3.89,9.72,2.54,125000.0,1.0
2021-03-29,11.11,2.22,6.66,0.25,121000.0,0.0
2021-03-30,13.89,0.0,6.94,0.0,131000.0,1.0
2021-03-31,19.44,-1.11,9.17,0.0,118000.0,0.0
2021-04-01,22.78,1.11,11.94,0.0,128000.0,1.0
2021-04-02,20.0,6.67,13.34,0.0,116000.0,0.0
2021-04-03,19.44,4.44,11.94,0.0,132000.0,1.0
2021-04-04,15.0,7.22,11.11,0.0,132000.0,0.0
2021-04-05,16.67,3.89,10.28,0.0,142000.0,1.0
2021-04-06,21.11,1.11,11.11,0.0,147000.0,1.0
2021-04-07,12.22,3.33,7.78,0.0,115000.0,0.0
2021-04-08,12.78,5.56,9.17,0.76,133000.0,1.0
2021-04-09,16.67,-1.72,7.48,0.0,132000.0,0.0
2021-04-10,11.11,5.0,8.06,0.25,138000.0,1.0
2021-04-11,15.0,-1.72,6.64,0.0,132000.0,0.0
2021-04-12,17.22,-2.78,7.22,0.0,143000.0,1.0
2021-04-13,17.78,5.56,11.67,0.0,136000.0,0.0
2021-04-14,21.67,3.33,12.5,0.0,135000.0,0.0
2021-04-15,24.44,2.78,13.61,0.0,134000.0,0.0
2021-04-16,25.56,3.33,14.44,0.0,133000.0,0.0
2021-04-17,27.22,4.44,15.83,0.0,133000.0,0.0
2021-04-18,30.0,4.44,17.22,0.0,134000.0,1.0
2021-04-19,20.0,7.22,13.61,0.0,140000.0,1.0
2021-04-20,21.67,1.11,11.39,0.0,142000.0,1.0
2021-04-21,25.0,2.22,13.61,0.0,164000.0,1.0
2021-04-22,17.78,11.11,14.44,0.0,162000.0,0.0
2021-04-23,19.44,7.22,13.33,0.0,152000.0,0.0
2021-04-24,15.56,8.33,11.94,1.02,176000.0,1.0
2021-04-25,17.78,5.56,11.67,0.0,181000.0,1.0
2021-04-26,18.89,7.78,13.34,0.0,176000.0,0.0
2021-04-27,20.56,8.89,14.72,0.0,180000.0,1.0
2021-04-28,25.56,7.78,16.67,0.0,176000.0,0.0
2021-04-29,29.44,9.44,19.44,0.0,169000.0,0.0
2021-04-30,24.44,13.89,19.16,0.25,190000.0,1.0
2021-05-01,20.0,12.22,16.11,0.25,186000.0,0.0
2021-05-02,20.56,9.44,15.0,0.0,185000.0,0.0
2021-05-03,22.78,8.33,15.56,0.0,214000.0,1.0
2021-05-04,24.44,11.11,17.77,0.0,228000.0,1.0
2021-05-05,28.33,6.67,17.5,0.0,224000.0,0.0
2021-05-06,23.33,9.44,16.38,0.0,220000.0,0.0
2021-05-07,16.11,7.22,11.66,0.0,219000.0,0.0
2021-05-08,17.78,7.22,12.5,0.0,220000.0,1.0
2021-05-09,21.67,11.11,16.39,0.0,227000.0,1.0
2021-05-10,24.44,8.89,16.66,0.0,248000.0,1.0
2021-05-11,27.22,8.89,18.06,0.0,241000.0,0.0
2021-05-12,30.0,12.22,21.11,0.0,228000.0,0.0
2021-05-13,30.0,12.22,21.11,0.0,225000.0,0.0
2021-05-14,31.11,16.67,23.89,0.0,220000.0,0.0
2021-05-15,31.11,13.89,22.5,0.0,224000.0,1.0
2021-05-16,32.22,12.78,22.5,0.0,228000.0,1.0
2021-05-17,23.89,12.78,18.34,0.0,205000.0,0.0
2021-05-18,18.33,10.56,14.44,0.0,208000.0,1.0
2021-05-19,19.44,6.11,12.78,0.0,223000.0,1.0
2021-05-20,18.33,8.89,13.61,0.76,219000.0,0.0
2021-05-21,20.0,11.11,15.56,0.0,212000.0,0.0
2021-05-22,21.11,9.44,15.27,1.52,216000.0,1.0
2021-05-23,20.56,7.22,13.89,0.0,199000.0,0.0
2021-05-24,22.22,13.33,17.77,0.0,185000.0,0.0
2021-05-25,23.33,12.22,17.77,0.0,205000.0,1.0
2021-05-26,26.11,11.67,18.89,0.0,202000.0,0.0
2021-05-27,21.67,12.22,16.94,0.0,212000.0,1.0
2021-05-28,23.33,11.11,17.22,0.0,200000.0,0.0
2021-05-29,28.89,7.22,18.06,0.0,207000.0,1.0
2021-05-30,31.11,9.44,20.27,0.0,223000.0,1.0
2021-05-31,35.56,15.56,25.56,0.0,218000.0,0.0
2021-06-01,38.89,16.67,27.78,0.0,229000.0,1.0
2021-06-02,36.11,19.44,27.78,,237000.0,1.0
2021-06-03,33.33,20.56,26.94,0.0,240000.0,1.0
2021-06-04,27.78,16.67,22.22,0.0,300000.0,1.0
2021-06-05,21.67,13.89,17.78,0.0,303000.0,1.0
2021-06-06,19.44,11.67,15.56,0.0,291000.0,0.0
2021-06-07,21.11,10.56,15.84,0.0,290000.0,0.0
2021-06-08,22.78,11.11,16.94,0.0,258000.0,0.0
2021-06-09,23.33,9.44,16.38,0.0,216000.0,0.0
2021-06-10,21.67,12.78,17.23,0.0,204000.0,0.0
2021-06-11,21.67,13.33,17.5,0.0,218000.0,1.0
2021-06-12,30.56,11.67,21.12,0.0,229000.0,1.0
2021-06-13,30.0,18.89,24.44,0.0,182000.0,0.0
2021-06-14,24.44,16.67,20.56,1.02,181000.0,0.0
2021-06-15,24.44,15.0,19.72,0.0,200000.0,1.0
2021-06-16,28.89,10.0,19.44,0.0,201000.0,1.0
2021-06-17,33.33,12.22,22.78,0.0,200000.0,0.0
2021-06-18,32.78,16.11,24.44,0.0,192000.0,0.0
2021-06-19,32.22,16.11,24.16,0.0,193000.0,1.0
2021-06-20,35.0,18.33,26.66,0.0,175000.0,0.0
2021-06-21,38.33,16.11,27.22,0.0,174000.0,0.0
2021-06-22,34.44,22.78,28.61,0.0,176000.0,1.0
2021-06-23,35.0,21.11,28.06,0.0,187000.0,1.0
2021-06-24,35.56,20.0,27.78,0.0,196000.0,1.0
2021-06-25,38.89,22.78,30.84,0.0,198000.0,1.0
2021-06-26,42.78,22.78,32.78,0.0,221000.0,1.0
2021-06-27,45.56,22.22,33.89,0.0,190000.0,0.0
2021-06-28,47.78,22.78,35.28,0.0,208000.0,1.0
2021-06-29,41.11,25.0,33.06,0.0,224000.0,1.0
2021-06-30,33.33,23.33,28.33,0.0,205000.0,0.0
2021-07-01,27.78,21.11,24.44,0.0,182000.0,0.0
2021-07-02,32.78,20.56,26.67,0.0,212000.0,1.0
2021-07-03,35.0,19.44,27.22,0.0,195000.0,0.0
2021-07-04,35.56,21.11,28.34,0.0,173000.0,0.0
2021-07-05,35.0,19.44,27.22,0.0,151000.0,0.0
2021-07-06,39.44,16.11,27.78,0.0,166000.0,1.0
2021-07-07,28.33,20.0,24.16,0.0,146000.0,0.0
2021-07-08,31.67,17.78,24.72,0.0,162000.0,1.0
2021-07-09,37.22,15.0,26.11,0.0,145000.0,0.0
2021-07-10,35.56,22.22,28.89,0.0,118000.0,0.0
2021-07-11,35.0,20.0,27.5,0.0,121000.0,1.0
2021-07-12,33.33,20.0,26.66,0.0,142000.0,1.0
2021-07-13,33.33,19.44,26.38,0.0,170000.0,1.0
2021-07-14,33.33,20.0,26.66,,159000.0,0.0
2021-07-15,31.67,18.33,25.0,0.0,156000.0,0.0
2021-07-16,27.78,20.56,24.17,0.0,139000.0,0.0
2021-07-17,32.78,17.78,25.28,0.0,150000.0,1.0
2021-07-18,36.67,17.22,26.94,0.0,152000.0,1.0
2021-07-19,35.0,21.11,28.06,0.0,145000.0,0.0
2021-07-20,31.67,19.44,25.56,0.0,148000.0,1.0
2021-07-21,26.67,16.67,21.67,0.0,132000.0,0.0
2021-07-22,31.67,14.44,23.06,0.0,132000.0,0.0
2021-07-23,33.33,18.33,25.83,0.0,142000.0,1.0
2021-07-24,38.33,18.33,28.33,0.0,134000.0,0.0
2021-07-25,36.67,21.11,28.89,0.0,131000.0,0.0
2021-07-26,35.56,18.89,27.22,0.0,139000.0,1.0
2021-07-27,32.22,22.22,27.22,0.0,142000.0,1.0
2021-07-28,37.22,16.11,26.66,0.0,138000.0,0.0
2021-07-29,40.0,19.44,29.72,0.0,128000.0,0.0
2021-07-30,38.89,22.22,30.56,0.0,124000.0,0.0
2021-07-31,30.56,26.67,28.62,0.0,110000.0,0.0
2021-08-01,37.22,23.89,30.56,0.0,102000.0,0.0
2021-08-02,39.44,21.11,30.28,0.0,130000.0,1.0
2021-08-03,37.78,22.78,30.28,0.0,133000.0,1.0
2021-08-04,40.56,21.67,31.12,0.0,136000.0,1.0
2021-08-05,28.33,23.33,25.83,,127000.0,0.0
2021-08-06,30.0,21.11,25.56,0.0,118000.0,0.0
2021-08-07,31.67,20.56,26.12,0.0,107000.0,0.0
2021-08-08,25.56,17.22,21.39,0.0,110000.0,1.0
2021-08-09,32.22,12.78,22.5,0.0,125000.0,1.0
2021-08-10,37.78,17.78,27.78,0.0,135000.0,1.0
2021-08-11,42.78,20.56,31.67,0.0,152000.0,1.0
2021-08-12,42.22,24.44,33.33,0.0,147000.0,0.0
2021-08-13,40.56,19.44,30.0,0.0,148000.0,1.0
2021-08-14,37.78,25.56,31.67,0.0,165000.0,1.0
2021-08-15,40.56,23.33,31.94,0.0,113000.0,0.0
2021-08-16,34.44,22.22,28.33,0.0,110000.0,0.0
2021-08-17,23.89,16.11,20.0,0.0,116000.0,1.0
2021-08-18,29.44,17.78,23.61,0.0,127000.0,1.0
2021-08-19,30.0,19.44,24.72,0.0,139000.0,1.0
2021-08-20,23.89,17.22,20.56,0.0,143000.0,1.0
2021-08-21,25.56,17.78,21.67,0.0,133000.0,0.0
2021-08-22,23.89,16.67,20.28,0.0,105000.0,0.0
2021-08-23,26.67,12.78,19.73,0.0,139000.0,1.0
2021-08-24,30.0,10.0,20.0,0.0,138000.0,0.0
2021-08-25,31.11,11.11,21.11,0.0,138000.0,0.0
2021-08-26,27.22,18.89,23.06,0.0,125000.0,0.0
2021-08-27,26.11,17.78,21.94,0.0,118000.0,0.0
2021-08-28,31.67,12.22,21.94,0.0,135000.0,1.0
2021-08-29,34.44,12.78,23.61,0.0,133000.0,0.0
2021-08-30,22.78,17.22,20.0,0.0,111000.0,0.0
2021-08-31,23.33,15.0,19.16,0.0,85400.0,0.0
2021-09-01,26.67,9.44,18.06,0.0,103000.0,1.0
2021-09-02,28.89,9.44,19.16,0.0,98900.0,0.0
2021-09-03,31.67,11.11,21.39,0.0,98900.0,0.0
2021-09-04,32.78,12.78,22.78,0.0,96200.0,0.0
2021-09-05,33.33,17.22,25.28,0.0,97700.0,1.0
2021-09-06,33.89,18.89,26.39,0.0,95800.0,0.0
2021-09-07,32.78,14.44,23.61,0.0,96100.0,1.0
2021-09-08,33.89,19.44,26.66,0.0,103000.0,1.0
2021-09-09,32.22,15.56,23.89,0.0,102000.0,0.0
2021-09-10,23.89,17.78,20.84,6.1,95800.0,0.0
2021-09-11,28.89,12.22,20.56,0.0,95500.0,0.0
2021-09-12,28.33,15.0,21.66,0.0,95600.0,1.0
2021-09-13,25.56,14.44,20.0,0.0,100000.0,1.0
2021-09-14,31.11,11.11,21.11,0.0,99800.0,0.0
2021-09-15,24.44,16.11,20.27,0.0,97400.0,0.0
2021-09-16,24.44,9.44,16.94,0.0,95800.0,0.0
2021-09-17,23.33,7.78,15.56,0.0,94600.0,0.0
2021-09-18,20.0,12.22,16.11,5.84,96000.0,1.0
2021-09-19,20.56,12.78,16.67,0.0,91000.0,0.0
2021-09-20,24.44,11.67,18.06,0.0,94300.0,1.0
2021-09-21,27.78,8.89,18.34,0.0,94300.0,0.0
2021-09-22,26.67,10.56,18.62,0.0,96000.0,1.0
2021-09-23,27.78,12.22,20.0,0.0,95900.0,0.0
2021-09-24,30.56,10.0,20.28,0.0,99800.0,1.0
2021-09-25,31.67,11.11,21.39,0.0,95900.0,0.0
2021-09-26,26.67,16.67,21.67,0.0,90900.0,0.0
2021-09-27,18.89,12.22,15.56,3.3,93600.0,1.0
2021-09-28,18.33,9.44,13.88,0.0,95600.0,1.0
2021-09-29,21.11,8.33,14.72,0.0,91700.0,0.0
2021-09-30,25.0,10.0,17.5,0.0,93900.0,1.0
2021-10-01,22.78,8.33,15.56,0.0,92500.0,0.0
2021-10-02,23.89,7.22,15.56,0.0,93000.0,1.0
2021-10-03,26.67,10.56,18.62,0.0,92900.0,0.0
2021-10-04,24.44,13.33,18.89,0.0,91400.0,0.0
2021-10-05,19.44,12.78,16.11,0.0,98200.0,1.0
2021-10-06,18.89,7.78,13.34,0.0,96800.0,0.0
2021-10-07,20.0,3.89,11.94,0.0,95100.0,0.0
2021-10-08,19.44,6.67,13.06,0.0,105000.0,1.0
2021-10-09,19.44,6.11,12.78,0.0,96100.0,0.0
2021-10-10,16.67,9.44,13.06,0.0,97000.0,1.0
2021-10-11,16.11,8.33,12.22,0.0,102000.0,1.0
2021-10-12,15.0,1.11,8.06,1.02,102000.0,0.0
2021-10-13,15.0,6.67,10.84,0.0,106000.0,1.0
2021-10-14,16.11,4.44,10.28,0.0,101000.0,0.0
2021-10-15,20.56,7.22,13.89,0.0,103000.0,1.0
2021-10-16,22.22,5.56,13.89,0.0,105000.0,1.0
2021-10-17,16.67,8.33,12.5,0.0,103000.0,0.0
2021-10-18,17.22,9.44,13.33,0.0,109000.0,1.0
2021-10-19,17.22,2.78,10.0,0.0,109000.0,0.0
2021-10-20,17.78,11.11,14.44,0.51,109000.0,0.0
2021-10-21,18.89,6.67,12.78,3.56,113000.0,1.0
2021-10-22,16.11,10.56,13.34,7.37,109000.0,0.0
2021-10-23,13.33,8.89,11.11,1.78,112000.0,1.0
2021-10-24,15.0,8.89,11.94,4.32,116000.0,1.0
2021-10-25,14.44,5.56,10.0,0.0,116000.0,0.0
2021-10-26,16.11,8.33,12.22,0.25,119000.0,1.0
2021-10-27,16.67,11.67,14.17,0.0,122000.0,1.0
2021-10-28,21.67,11.11,16.39,0.0,120000.0,0.0
2021-10-29,18.89,6.11,12.5,1.52,120000.0,0.0
2021-10-30,14.44,1.67,8.06,0.0,130000.0,1.0
2021-10-31,13.33,4.44,8.88,0.0,125000.0,0.0
2021-11-01,7.22,1.67,4.44,2.79,141000.0,1.0
2021-11-02,10.0,6.11,8.06,1.27,138000.0,0.0
2021-11-03,11.11,7.78,9.44,1.78,137000.0,0.0
2021-11-04,14.44,8.89,11.66,0.76,138000.0,1.0
2021-11-05,13.33,3.89,8.61,0.0,139000.0,1.0
2021-11-06,11.11,5.56,8.33,1.27,145000.0,1.0
2021-11-07,12.78,0.56,6.67,0.0,137000.0,0.0
2021-11-08,13.89,2.22,8.06,0.51,144000.0,1.0
2021-11-09,12.78,6.11,9.44,1.78,146000.0,1.0
2021-11-10,13.89,3.89,8.89,1.02,145000.0,0.0
2021-11-11,10.56,8.89,9.73,30.23,147000.0,1.0
2021-11-12,15.56,9.44,12.5,11.43,136000.0,0.0
2021-11-13,16.11,8.33,12.22,0.0,139000.0,1.0
2021-11-14,22.78,8.89,15.84,0.0,151000.0,1.0
2021-11-15,18.33,7.22,12.77,0.0,145000.0,0.0
2021-11-16,11.11,2.78,6.94,0.0,139000.0,0.0
2021-11-17,10.0,-0.61,4.7,0.0,150000.0,1.0
2021-11-18,6.67,4.44,5.56,2.29,169000.0,1.0
2021-11-19,12.22,5.0,8.61,2.29,166000.0,0.0
2021-11-20,12.78,2.22,7.5,0.0,158000.0,0.0
2021-11-21,4.44,1.11,2.78,0.0,150000.0,0.0
2021-11-22,4.44,2.78,3.61,0.0,148000.0,0.0
2021-11-23,11.67,3.33,7.5,1.02,147000.0,0.0
2021-11-24,9.44,1.11,5.28,0.0,149000.0,1.0
2021-11-25,10.56,2.78,6.67,0.0,145000.0,0.0
2021-11-26,15.0,8.33,11.66,0.51,134000.0,0.0
2021-11-27,11.67,7.22,9.44,1.02,137000.0,1.0
2021-11-28,18.33,9.44,13.88,0.0,138000.0,1.0
2021-11-29,17.78,8.33,13.06,2.79,137000.0,0.0
2021-11-30,16.11,8.89,12.5,0.0,147000.0,1.0
2021-12-01,20.56,7.22,13.89,0.0,144000.0,0.0
2021-12-02,15.0,8.89,11.94,0.0,162000.0,1.0
2021-12-03,10.56,1.11,5.84,0.0,149000.0,0.0
2021-12-04,13.89,0.56,7.22,0.0,154000.0,1.0
2021-12-05,11.11,3.89,7.5,0.0,156000.0,1.0
2021-12-06,6.67,3.33,5.0,0.51,152000.0,0.0
2021-12-07,8.0,4.44,6.22,0.25,148000.0,0.0
2021-12-08,11.11,5.56,8.33,0.0,161000.0,1.0
2021-12-09,7.78,1.67,4.72,0.0,167000.0,1.0
2021-12-10,9.44,1.67,5.56,0.0,169000.0,1.0
2021-12-11,11.67,4.44,8.06,1.52,162000.0,0.0
2021-12-12,8.89,2.22,5.56,0.25,158000.0,0.0
2021-12-13,5.0,1.11,3.06,1.78,173000.0,1.0
2021-12-14,7.78,-0.61,3.58,0.0,163000.0,0.0
2021-12-15,3.89,-1.11,1.39,4.32,169000.0,1.0
2021-12-16,7.22,2.22,4.72,0.25,160000.0,0.0
2021-12-17,6.11,2.22,4.16,0.0,155000.0,0.0
2021-12-18,7.78,1.11,4.44,0.51,157000.0,1.0
2021-12-19,5.56,1.11,3.34,16.51,160000.0,1.0
2021-12-20,3.0,1.0,2.0,3.3,165000.0,1.0
2021-12-21,2.22,1.11,1.66,1.02,153000.0,0.0
2021-12-22,3.33,0.0,1.66,0.76,149000.0,0.0
2021-12-23,6.67,1.67,4.17,1.52,151000.0,1.0
2021-12-24,4.44,0.0,2.22,0.76,144000.0,0.0
2021-12-25,3.89,-1.72,1.08,0.25,131000.0,0.0
2021-12-26,3.89,-1.11,1.39,0.25,153000.0,1.0
2021-12-27,-0.61,-4.39,-2.5,0.0,164000.0,1.0
2021-12-28,-1.11,-3.89,-2.5,1.02,160000.0,0.0
2021-12-29,-3.28,-6.11,-4.7,0.25,163000.0,1.0
2021-12-30,2.22,-5.61,-1.7,5.59,158000.0,0.0
2021-12-31,-2.78,-11.72,-7.25,0.0,157000.0,0.0
2022-01-01,-5.56,-15.56,-10.56,0.0,159000.0,1.0
2022-01-02,-5.0,-9.44,-7.22,0.0,156000.0,0.0
2022-01-03,1.67,-9.44,-3.88,4.32,158000.0,1.0
2022-01-04,1.67,0.0,0.84,14.99,159000.0,1.0
2022-01-05,6.67,1.11,3.89,9.4,180000.0,1.0
2022-01-06,2.22,0.56,1.39,3.05,158000.0,0.0
2022-01-07,9.44,0.56,5.0,4.83,166000.0,1.0
2022-01-08,6.11,-2.78,1.67,0.0,166000.0,0.0
2022-01-09,3.89,-5.0,-0.55,0.0,167000.0,1.0
2022-01-10,2.22,-4.44,-1.11,0.0,156000.0,0.0
2022-01-11,4.44,0.0,2.22,0.0,156000.0,0.0
2022-01-12,6.11,-0.56,2.78,0.0,155000.0,0.0
2022-01-13,6.11,-1.67,2.22,0.0,159000.0,1.0
2022-01-14,3.89,2.22,3.06,0.0,152000.0,0.0
2022-01-15,3.89,2.22,3.06,0.0,154000.0,1.0
2022-01-16,3.33,2.22,2.78,0.0,153000.0,0.0
2022-01-17,5.56,0.0,2.78,0.0,164000.0,1.0
2022-01-18,11.67,1.67,6.67,0.0,171000.0,1.0
2022-01-19,6.67,3.33,5.0,0.0,157000.0,0.0
2022-01-20,16.11,3.33,9.72,0.76,163000.0,1.0
2022-01-21,11.11,1.67,6.39,0.0,171000.0,1.0
2022-01-22,5.0,1.11,3.06,0.0,170000.0,0.0
2022-01-23,3.33,1.67,2.5,0.0,154000.0,0.0
2022-01-24,4.44,1.67,3.06,0.0,156000.0,1.0
2022-01-25,3.89,2.22,3.06,0.0,149000.0,0.0
2022-01-26,3.33,1.67,2.5,0.0,159000.0,1.0
2022-01-27,2.78,1.67,2.22,0.0,166000.0,1.0
2022-01-28,4.44,2.22,3.33,0.0,156000.0,0.0
2022-01-29,3.89,1.67,2.78,0.0,140000.0,0.0
2022-01-30,7.78,1.11,4.44,5.08,141000.0,1.0
2022-01-31,9.44,2.78,6.11,0.51,143000.0,1.0
2022-02-01,10.0,2.22,6.11,0.0,157000.0,1.0
2022-02-02,8.33,1.67,5.0,0.0,139000.0,0.0
2022-02-03,12.78,3.89,8.33,0.0,142000.0,1.0
2022-02-04,11.67,1.11,6.39,0.0,132000.0,0.0
2022-02-05,15.56,3.89,9.72,0.0,143000.0,1.0
2022-02-06,13.89,-1.67,6.11,0.0,127000.0,0.0
2022-02-07,16.11,-0.56,7.78,0.0,143000.0,1.0
2022-02-08,16.67,2.22,9.44,0.0,127000.0,0.0
2022-02-09,19.44,8.33,13.89,0.0,118000.0,0.0
2022-02-10,21.11,2.78,11.94,0.0,121000.0,1.0
2022-02-11,18.89,1.11,10.0,0.0,119000.0,0.0
2022-02-12,14.44,-2.78,5.83,0.0,114000.0,0.0
2022-02-13,13.33,-2.22,5.56,0.0,115000.0,1.0
2022-02-14,12.78,1.11,6.94,0.25,124000.0,1.0
2022-02-15,13.89,5.0,9.44,0.0,135000.0,1.0
2022-02-16,14.44,4.44,9.44,0.0,145000.0,1.0
2022-02-17,13.89,0.0,6.94,0.0,125000.0,0.0
2022-02-18,18.89,2.22,10.56,0.0,119000.0,0.0
2022-02-19,15.0,2.22,8.61,0.0,131000.0,1.0
2022-02-20,12.78,3.33,8.06,0.25,131000.0,0.0
2022-02-21,11.11,-0.56,5.28,0.76,112000.0,0.0
2022-02-22,2.78,-7.22,-2.22,0.0,134000.0,1.0
2022-02-23,2.22,-10.56,-4.17,0.0,117000.0,0.0
2022-02-24,5.56,-4.44,0.56,0.0,113000.0,0.0
2022-02-25,8.33,-8.33,0.0,0.0,113000.0,0.0
2022-02-26,8.33,-5.0,1.66,0.0,115000.0,1.0
2022-02-27,9.44,2.78,6.11,1.78,103000.0,0.0
2022-02-28,18.33,5.0,11.66,3.05,111000.0,1.0
2022-03-01,18.89,10.0,14.44,5.33,124000.0,1.0
2022-03-02,14.44,10.0,12.22,7.87,143000.0,1.0
2022-03-03,14.44,6.11,10.28,0.0,174000.0,1.0
2022-03-04,15.56,2.78,9.17,0.0,151000.0,0.0
2022-03-05,17.22,5.56,11.39,0.0,139000.0,0.0
2022-03-06,17.22,2.22,9.72,0.0,127000.0,0.0
2022-03-07,17.78,2.22,10.0,0.0,151000.0,1.0
2022-03-08,12.22,4.44,8.33,0.0,143000.0,0.0
2022-03-09,8.89,-0.56,4.16,6.1,132000.0,0.0
2022-03-10,12.22,-5.0,3.61,0.0,126000.0,0.0
2022-03-11,16.67,5.0,10.84,0.0,123000.0,0.0
2022-03-12,20.0,0.56,10.28,2.79,138000.0,1.0
2022-03-13,13.33,5.0,9.16,1.78,142000.0,1.0
2022-03-14,13.33,7.78,10.56,0.25,119000.0,0.0
2022-03-15,17.22,7.22,12.22,0.51,144000.0,1.0
2022-03-16,15.56,6.11,10.84,0.0,143000.0,0.0
2022-03-17,12.78,2.22,7.5,0.0,140000.0,0.0
2022-03-18,17.78,6.11,11.94,0.0,120000.0,0.0
2022-03-19,14.44,7.78,11.11,0.25,123000.0,1.0
2022-03-20,13.89,5.0,9.44,0.0,126000.0,1.0
2022-03-21,12.78,6.67,9.72,0.76,131000.0,1.0
2022-03-22,23.89,9.44,16.66,0.0,120000.0,0.0
2022-03-23,20.56,6.67,13.61,0.0,136000.0,1.0
2022-03-24,20.56,5.0,12.78,0.0,117000.0,0.0
2022-03-25,21.11,3.89,12.5,0.0,130000.0,1.0
2022-03-26,22.78,3.33,13.06,0.0,122000.0,0.0
2022-03-27,23.33,8.89,16.11,0.0,113000.0,0.0
2022-03-28,22.78,12.22,17.5,0.0,134000.0,1.0
2022-03-29,20.56,7.22,13.89,0.0,149000.0,1.0
2022-03-30,16.67,9.44,13.06,0.0,145000.0,0.0
2022-03-31,17.22,6.67,11.94,0.0,138000.0,0.0
2022-04-01,19.44,3.89,11.66,1.27,139000.0,1.0
2022-04-02,17.22,6.11,11.66,0.0,141000.0,1.0
2022-04-03,18.33,5.56,11.94,0.25,125000.0,0.0
2022-04-04,14.44,5.56,10.0,8.89,137000.0,1.0
2022-04-05,13.89,2.78,8.34,0.25,143000.0,1.0
2022-04-06,18.33,-0.56,8.88,0.0,131000.0,0.0
2022-04-07,22.78,1.67,12.23,0.0,128000.0,0.0
2022-04-08,16.67,7.22,11.94,1.52,140000.0,1.0
2022-04-09,13.33,4.44,8.88,0.0,126000.0,0.0
2022-04-10,10.56,3.89,7.22,5.08,140000.0,1.0
2022-04-11,8.33,1.67,5.0,16.0,163000.0,1.0
2022-04-12,11.67,2.78,7.22,0.0,148000.0,0.0
2022-04-13,12.22,3.33,7.78,1.52,145000.0,0.0
2022-04-14,12.78,2.22,7.5,0.0,145000.0,0.0
2022-04-15,14.44,1.11,7.78,0.0,120000.0,0.0
2022-04-16,12.78,3.89,8.33,0.76,125000.0,1.0
2022-04-17,16.11,0.56,8.33,0.0,120000.0,0.0
2022-04-18,15.0,6.11,10.56,0.25,121000.0,1.0
2022-04-19,13.33,1.67,7.5,0.0,123000.0,1.0
2022-04-20,11.11,1.67,6.39,4.32,131000.0,1.0
2022-04-21,18.89,5.56,12.22,2.79,140000.0,1.0
2022-04-22,20.0,5.56,12.78,0.0,152000.0,1.0
2022-04-23,21.67,7.78,14.73,0.0,135000.0,0.0
2022-04-24,25.0,2.78,13.89,0.0,127000.0,0.0
2022-04-25,18.33,9.44,13.88,0.0,142000.0,1.0
2022-04-26,16.67,8.33,12.5,0.0,156000.0,1.0
2022-04-27,17.78,8.33,13.06,0.0,143000.0,0.0
2022-04-28,17.22,8.33,12.77,0.0,151000.0,1.0
2022-04-29,20.56,5.0,12.78,1.27,137000.0,0.0
2022-04-30,17.78,10.56,14.17,6.1,161000.0,1.0
2022-05-01,23.33,7.78,15.56,0.0,138000.0,0.0
2022-05-02,17.22,10.56,13.89,5.08,159000.0,1.0
2022-05-03,19.44,10.56,15.0,0.0,168000.0,1.0
2022-05-04,25.0,7.22,16.11,0.0,141000.0,0.0
2022-05-05,19.44,11.67,15.56,6.35,177000.0,1.0
2022-05-06,19.44,10.56,15.0,2.79,197000.0,1.0
2022-05-07,15.56,6.67,11.12,2.54,212000.0,1.0
2022-05-08,13.89,3.33,8.61,0.25,227000.0,1.0
2022-05-09,16.67,5.56,11.12,0.0,241000.0,1.0
2022-05-10,18.33,5.56,11.94,0.0,220000.0,0.0
2022-05-11,20.56,5.0,12.78,0.0,244000.0,1.0
2022-05-12,15.0,7.78,11.39,0.76,231000.0,0.0
2022-05-13,16.67,3.33,10.0,5.08,231000.0,0.0
2022-05-14,22.78,10.0,16.39,6.86,257000.0,1.0
2022-05-15,25.56,12.22,18.89,0.0,232000.0,0.0
2022-05-16,21.11,12.78,16.94,0.0,245000.0,1.0
2022-05-17,22.78,8.89,15.84,0.0,239000.0,0.0
2022-05-18,21.11,11.11,16.11,1.27,258000.0,1.0
2022-05-19,16.67,8.33,12.5,0.0,264000.0,1.0
2022-05-20,20.56,8.89,14.72,0.0,302000.0,1.0
2022-05-21,24.44,6.11,15.28,2.29,267000.0,0.0
2022-05-22,25.56,6.67,16.11,0.0,245000.0,0.0
2022-05-23,25.0,13.89,19.44,0.0,256000.0,1.0
2022-05-24,25.0,10.56,17.78,0.0,229000.0,0.0
2022-05-25,26.11,10.56,18.34,0.0,245000.0,1.0
2022-05-26,27.22,12.78,20.0,0.51,248000.0,1.0
2022-05-27,19.44,12.78,16.11,0.0,285000.0,1.0
2022-05-28,20.56,9.44,15.0,8.38,273000.0,0.0
2022-05-29,19.44,10.56,15.0,0.0,314000.0,1.0
2022-05-30,20.0,9.44,14.72,0.0,323000.0,1.0
2022-05-31,,,,,290000.0,0.0
2022-06-01,28.89,12.22,20.56,0.0,320000.0,1.0
2022-06-02,31.11,15.56,23.34,0.25,326000.0,1.0
2022-06-03,22.78,15.0,18.89,1.52,330000.0,1.0
2022-06-04,24.44,13.33,18.89,6.6,343000.0,1.0
2022-06-05,26.11,15.0,20.56,0.51,363000.0,1.0
2022-06-06,23.33,13.33,18.33,0.0,366000.0,1.0
2022-06-07,28.33,7.78,18.06,0.0,343000.0,0.0
2022-06-08,27.22,17.78,22.5,0.0,368000.0,1.0
2022-06-09,26.11,16.11,21.11,0.51,387000.0,1.0
2022-06-10,24.44,16.11,20.27,7.11,392000.0,1.0
2022-06-11,23.89,15.56,19.73,1.02,387000.0,0.0
2022-06-12,18.33,11.67,15.0,1.27,390000.0,1.0
2022-06-13,18.33,11.11,14.72,0.0,397000.0,1.0
2022-06-14,21.11,11.67,16.39,0.25,390000.0,0.0
2022-06-15,27.22,9.44,18.33,0.0,389000.0,0.0
2022-06-16,24.44,16.67,20.56,0.0,390000.0,1.0
2022-06-17,21.11,13.33,17.22,10.16,398000.0,1.0
2022-06-18,22.22,12.78,17.5,0.0,392000.0,0.0
2022-06-19,23.89,12.22,18.06,0.0,391000.0,0.0
2022-06-20,23.33,15.0,19.16,0.0,389000.0,0.0
2022-06-21,32.22,12.22,22.22,0.0,388000.0,0.0
2022-06-22,32.22,15.56,23.89,0.0,380000.0,0.0
2022-06-23,28.89,14.44,21.66,0.0,386000.0,1.0
2022-06-24,31.67,14.44,23.06,0.0,365000.0,0.0
2022-06-25,35.0,11.67,23.34,0.0,377000.0,1.0
2022-06-26,38.33,12.22,25.28,0.0,378000.0,1.0
2022-06-27,40.0,16.11,28.06,0.0,367000.0,0.0
2022-06-28,26.67,18.89,22.78,0.0,377000.0,1.0
2022-06-29,30.56,15.56,23.06,0.0,348000.0,0.0
2022-06-30,32.78,12.22,22.5,0.0,318000.0,0.0
2022-07-01,29.44,18.89,24.16,0.0,302000.0,0.0
2022-07-02,28.89,16.11,22.5,0.0,253000.0,0.0
2022-07-03,26.11,18.33,22.22,0.0,258000.0,1.0
2022-07-04,29.44,12.78,21.11,0.0,225000.0,0.0
2022-07-05,30.0,15.56,22.78,0.25,215000.0,0.0
2022-07-06,26.67,18.33,22.5,3.56,222000.0,1.0
2022-07-07,29.44,17.22,23.33,0.0,212000.0,0.0
2022-07-08,31.67,13.89,22.78,0.0,224000.0,1.0
2022-07-09,31.11,15.56,23.34,0.0,243000.0,1.0
2022-07-10,31.11,16.67,23.89,0.0,226000.0,0.0
2022-07-11,38.89,15.56,27.22,0.0,192000.0,0.0
2022-07-12,38.89,16.67,27.78,0.0,217000.0,1.0
2022-07-13,31.11,18.89,25.0,0.0,245000.0,1.0
2022-07-14,35.56,17.22,26.39,0.0,212000.0,0.0
2022-07-15,33.33,20.0,26.66,0.0,216000.0,1.0
2022-07-16,31.11,18.33,24.72,0.0,211000.0,0.0
2022-07-17,27.78,18.33,23.06,0.0,225000.0,1.0
2022-07-18,32.22,15.56,23.89,0.0,197000.0,0.0
2022-07-19,37.78,14.44,26.11,0.0,167000.0,0.0
2022-07-20,38.89,17.78,28.34,0.0,173000.0,1.0
2022-07-21,36.67,19.44,28.06,0.0,175000.0,1.0
2022-07-22,28.33,19.44,23.88,0.0,193000.0,1.0
2022-07-23,30.56,17.78,24.17,0.0,172000.0,0.0
2022-07-24,39.44,15.56,27.5,0.0,160000.0,0.0
2022-07-25,42.22,17.22,29.72,0.0,143000.0,0.0
2022-07-26,43.89,20.56,32.22,0.0,166000.0,1.0
2022-07-27,41.67,22.78,32.22,0.0,154000.0,0.0
2022-07-28,41.67,22.78,32.22,0.0,156000.0,1.0
2022-07-29,44.44,24.44,34.44,0.0,162000.0,1.0
2022-07-30,44.44,22.22,33.33,0.0,177000.0,1.0
2022-07-31,41.11,26.11,33.61,0.0,175000.0,0.0
2022-08-01,37.22,27.22,32.22,0.0,172000.0,0.0
2022-08-02,35.56,23.33,29.44,0.0,178000.0,1.0
2022-08-03,36.11,18.33,27.22,0.0,172000.0,0.0
2022-08-04,27.78,17.78,22.78,0.0,144000.0,0.0
2022-08-05,32.22,13.33,22.78,0.0,134000.0,0.0
2022-08-06,36.11,14.44,25.28,0.0,135000.0,1.0
2022-08-07,39.44,13.33,26.38,0.0,142000.0,1.0
2022-08-08,40.0,16.11,28.06,0.0,144000.0,1.0
2022-08-09,34.44,22.78,28.61,0.0,144000.0,0.0
2022-08-10,32.22,20.56,26.39,0.0,164000.0,1.0
2022-08-11,36.11,15.56,25.84,0.0,143000.0,0.0
2022-08-12,32.22,21.11,26.66,0.0,150000.0,1.0
2022-08-13,31.67,18.89,25.28,0.0,150000.0,0.0
2022-08-14,34.44,14.44,24.44,0.0,137000.0,0.0
2022-08-15,37.22,15.56,26.39,0.0,132000.0,0.0
2022-08-16,38.33,18.89,28.61,0.0,155000.0,1.0
2022-08-17,42.22,17.78,30.0,0.0,150000.0,0.0
2022-08-18,36.11,24.44,30.28,0.0,148000.0,0.0
2022-08-19,32.78,25.56,29.17,0.0,160000.0,1.0
2022-08-20,33.33,22.22,27.78,0.0,160000.0,0.0
2022-08-21,37.22,18.33,27.78,0.0,139000.0,0.0
2022-08-22,35.56,23.33,29.44,0.0,128000.0,0.0
2022-08-23,35.0,20.56,27.78,0.0,138000.0,1.0
2022-08-24,39.44,20.0,29.72,0.0,130000.0,0.0
2022-08-25,38.89,19.44,29.16,0.0,129000.0,0.0
2022-08-26,32.78,20.56,26.67,0.0,146000.0,1.0
2022-08-27,24.44,17.78,21.11,0.0,126000.0,0.0
2022-08-28,31.11,13.33,22.22,0.0,117000.0,0.0
2022-08-29,36.11,12.78,24.44,0.0,123000.0,1.0
2022-08-30,40.0,15.0,27.5,0.0,117000.0,0.0
2022-08-31,38.33,18.33,28.33,0.0,118000.0,1.0
2022-09-01,38.89,17.78,28.34,0.0,114000.0,0.0
2022-09-02,38.33,13.89,26.11,0.0,109000.0,0.0
2022-09-03,27.78,20.56,24.17,0.0,106000.0,0.0
2022-09-04,33.89,13.89,23.89,0.0,102000.0,0.0
2022-09-05,32.78,16.67,24.72,0.0,101000.0,0.0
2022-09-06,35.56,11.11,23.34,0.0,112000.0,1.0
2022-09-07,36.11,15.0,25.56,0.0,118000.0,1.0
2022-09-08,31.67,14.44,23.06,0.0,115000.0,0.0
2022-09-09,30.56,9.44,20.0,0.0,110000.0,0.0
2022-09-10,31.67,10.0,20.84,0.0,106000.0,0.0
2022-09-11,32.22,12.78,22.5,0.0,100000.0,0.0
2022-09-12,27.22,19.44,23.33,0.0,101000.0,1.0
2022-09-13,28.33,18.33,23.33,0.0,107000.0,1.0
2022-09-14,27.78,11.67,19.73,0.0,97900.0,0.0
2022-09-15,28.33,11.67,20.0,0.0,98700.0,1.0
2022-09-16,23.89,13.33,18.61,0.0,101000.0,1.0
2022-09-17,25.56,9.44,17.5,5.59,99100.0,0.0
2022-09-18,23.89,12.78,18.34,0.0,97200.0,0.0
2022-09-19,29.44,9.44,19.44,0.0,105000.0,1.0
2022-09-20,28.89,11.11,20.0,0.0,107000.0,1.0
2022-09-21,23.89,11.67,17.78,0.0,103000.0,0.0
2022-09-22,23.89,17.78,20.84,0.0,101000.0,0.0
2022-09-23,28.33,11.11,19.72,0.0,96000.0,0.0
2022-09-24,31.11,11.11,21.11,0.0,97000.0,1.0
2022-09-25,32.22,10.0,21.11,0.0,99200.0,1.0
2022-09-26,33.89,10.56,22.22,0.0,109000.0,1.0
2022-09-27,33.33,11.11,22.22,0.0,108000.0,0.0
2022-09-28,25.0,16.67,20.84,0.0,104000.0,0.0
2022-09-29,25.0,14.44,19.72,2.03,100000.0,0.0
2022-09-30,28.33,11.11,19.72,0.0,99700.0,0.0
2022-10-01,28.89,11.11,20.0,0.0,94300.0,0.0
2022-10-02,32.22,10.56,21.39,0.0,95300.0,1.0
2022-10-03,32.22,10.0,21.11,0.0,99400.0,1.0
2022-10-04,31.67,10.56,21.12,0.0,94900.0,0.0
2022-10-05,30.0,11.67,20.84,0.0,98500.0,1.0
2022-10-06,32.22,10.0,21.11,0.0,99800.0,1.0
2022-10-07,31.67,10.0,20.84,0.0,95000.0,0.0
2022-10-08,31.11,10.0,20.56,0.0,92900.0,0.0
2022-10-09,30.56,9.44,20.0,0.0,93100.0,1.0
2022-10-10,31.11,8.89,20.0,0.0,93200.0,1.0
2022-10-11,27.78,11.67,19.73,0.0,93100.0,0.0
2022-10-12,28.33,6.67,17.5,0.0,93200.0,1.0
2022-10-13,28.33,8.33,18.33,0.0,95100.0,1.0
2022-10-14,27.78,6.11,16.94,0.0,96600.0,1.0
2022-10-15,27.22,7.22,17.22,0.0,93100.0,0.0
2022-10-16,26.67,7.78,17.23,0.0,92700.0,0.0
2022-10-17,26.11,6.67,16.39,0.0,93500.0,1.0
2022-10-18,26.67,6.11,16.39,0.0,97100.0,1.0
2022-10-19,26.11,6.11,16.11,0.0,98600.0,1.0
2022-10-20,23.33,4.44,13.88,0.0,95900.0,0.0
2022-10-21,17.78,9.44,13.61,13.46,97800.0,1.0
2022-10-22,15.56,8.33,11.94,0.0,93500.0,0.0
2022-10-23,16.67,6.67,11.67,0.0,96200.0,1.0
2022-10-24,14.44,8.33,11.38,2.79,102000.0,1.0
2022-10-25,16.11,7.78,11.94,1.02,99600.0,0.0
2022-10-26,15.0,7.22,11.11,0.0,97700.0,0.0
2022-10-27,18.33,5.0,11.66,0.0,98200.0,1.0
2022-10-28,18.33,5.0,11.66,0.0,104000.0,1.0
2022-10-29,19.44,8.89,14.16,0.0,102000.0,0.0
2022-10-30,17.22,10.0,13.61,0.0,95400.0,0.0
2022-10-31,16.11,10.56,13.34,1.78,109000.0,1.0
2022-11-01,11.11,6.67,8.89,5.33,109000.0,0.0
2022-11-02,11.11,2.22,6.66,0.0,107000.0,0.0
2022-11-03,8.89,0.0,4.44,2.54,112000.0,1.0
2022-11-04,16.67,6.11,11.39,12.45,115000.0,1.0
2022-11-05,16.67,3.89,10.28,1.52,119000.0,1.0
2022-11-06,7.22,1.11,4.16,0.76,112000.0,0.0
2022-11-07,10.0,0.56,5.28,0.0,110000.0,0.0
2022-11-08,8.89,2.22,5.56,0.0,123000.0,1.0
2022-11-09,11.67,-2.78,4.44,0.0,126000.0,1.0
2022-11-10,12.78,1.11,6.94,0.0,119000.0,0.0
2022-11-11,4.44,0.0,2.22,0.0,116000.0,0.0
2022-11-12,8.89,-1.11,3.89,0.0,116000.0,0.0
2022-11-13,7.22,-3.89,1.66,0.0,118000.0,1.0
2022-11-14,6.67,-3.33,1.67,0.0,115000.0,0.0
2022-11-15,7.22,-1.67,2.78,0.0,117000.0,1.0
2022-11-16,2.78,-1.11,0.83,0.0,123000.0,1.0
2022-11-17,5.0,-3.89,0.55,0.0,122000.0,0.0
2022-11-18,6.11,-5.56,0.28,0.0,137000.0,1.0
2022-11-19,3.33,-5.56,-1.11,0.0,128000.0,0.0
2022-11-20,0.56,-3.89,-1.66,0.0,120000.0,0.0
2022-11-21,3.33,-0.56,1.38,0.0,113000.0,0.0
2022-11-22,11.67,-2.22,4.72,5.08,121000.0,1.0
2022-11-23,14.44,2.78,8.61,0.0,116000.0,0.0
2022-11-24,5.56,0.56,3.06,0.0,108000.0,0.0
2022-11-25,11.67,2.78,7.22,0.0,113000.0,1.0
2022-11-26,11.67,2.22,6.94,0.0,108000.0,0.0
2022-11-27,10.56,3.33,6.94,1.78,115000.0,1.0
2022-11-28,9.44,2.22,5.83,0.25,109000.0,0.0
2022-11-29,3.33,-1.11,1.11,0.0,113000.0,1.0
2022-11-30,7.78,1.11,4.44,5.84,108000.0,0.0
2022-12-01,8.33,-1.67,3.33,0.0,111000.0,1.0
2022-12-02,6.67,-3.33,1.67,0.0,113000.0,1.0
2022-12-03,3.33,-3.89,-0.28,0.0,105000.0,0.0
2022-12-04,0.0,-2.22,-1.11,0.25,118000.0,1.0
2022-12-05,-0.56,-2.78,-1.67,0.0,110000.0,0.0
2022-12-06,3.89,-5.0,-0.55,0.0,109000.0,0.0
2022-12-07,0.0,-3.33,-1.66,0.0,114000.0,1.0
2022-12-08,0.56,-3.33,-1.38,2.54,122000.0,1.0
2022-12-09,5.0,-4.44,0.28,4.06,117000.0,0.0
2022-12-10,8.33,2.22,5.28,0.0,107000.0,0.0
2022-12-11,6.67,2.78,4.72,17.78,113000.0,1.0
2022-12-12,10.56,1.11,5.84,0.0,104000.0,0.0
2022-12-13,6.67,-1.67,2.5,0.0,105000.0,1.0
2022-12-14,5.56,-2.78,1.39,0.0,107000.0,1.0
2022-12-15,3.89,-2.78,0.56,0.0,115000.0,1.0
2022-12-16,2.22,-1.11,0.56,0.0,108000.0,0.0
2022-12-17,7.78,-0.56,3.61,0.0,111000.0,1.0
2022-12-18,10.0,-2.22,3.89,0.0,109000.0,0.0
2022-12-19,7.78,-2.78,2.5,0.0,117000.0,1.0
2022-12-20,8.89,-4.44,2.22,0.0,111000.0,0.0
2022-12-21,7.78,-6.67,0.56,0.0,129000.0,1.0
2022-12-22,-6.67,-10.0,-8.34,0.0,133000.0,1.0
2022-12-23,-5.0,-9.44,-7.22,0.0,123000.0,0.0
2022-12-24,-2.22,-5.56,-3.89,0.0,107000.0,0.0
2022-12-25,1.11,-2.22,-0.56,1.78,96700.0,0.0
2022-12-26,2.22,0.0,1.11,6.86,102000.0,1.0
2022-12-27,11.11,1.67,6.39,5.08,119000.0,1.0
2022-12-28,11.11,1.67,6.39,0.25,121000.0,1.0
2022-12-29,6.11,2.22,4.16,9.91,115000.0,0.0
2022-12-30,7.78,2.78,5.28,4.32,113000.0,0.0
2022-12-31,12.78,1.67,7.22,0.0,110000.0,0.0
2023-01-01,5.56,1.67,3.62,0.0,100000.0,0.0
2023-01-02,4.44,2.78,3.61,0.0,102000.0,1.0
2023-01-03,5.0,1.67,3.34,0.51,105000.0,1.0
2023-01-04,5.0,1.67,3.34,3.3,106000.0,1.0
2023-01-05,5.56,1.11,3.34,0.0,99800.0,0.0
2023-01-06,3.89,1.11,2.5,0.25,103000.0,1.0
2023-01-07,8.89,3.33,6.11,5.59,100000.0,0.0
2023-01-08,10.0,3.89,6.94,1.02,97300.0,0.0
2023-01-09,10.0,3.33,6.66,2.03,101000.0,1.0
2023-01-10,5.56,2.22,3.89,0.76,105000.0,1.0
2023-01-11,6.11,3.33,4.72,5.84,108000.0,1.0
2023-01-12,8.33,6.0,7.16,3.56,107000.0,0.0
2023-01-13,10.56,6.11,8.34,0.25,99600.0,0.0
2023-01-14,8.33,5.56,6.94,2.79,100000.0,1.0
2023-01-15,8.89,3.33,6.11,0.0,102000.0,1.0
2023-01-16,11.67,2.22,6.94,0.0,107000.0,1.0
2023-01-17,12.78,3.89,8.33,0.0,99900.0,0.0
2023-01-18,9.44,3.89,6.66,0.25,106000.0,1.0
2023-01-19,11.11,1.11,6.11,0.0,104000.0,0.0
2023-01-20,8.33,-1.72,3.3,0.0,103000.0,0.0
2023-01-21,7.22,-2.0,2.61,0.0,101000.0,0.0
2023-01-22,12.22,4.44,8.33,0.0,104000.0,1.0
2023-01-23,12.78,1.11,6.94,0.0,108000.0,1.0
2023-01-24,14.44,5.56,10.0,0.0,106000.0,0.0
2023-01-25,16.11,3.33,9.72,0.0,99400.0,0.0
2023-01-26,14.44,3.89,9.16,0.0,107000.0,1.0
2023-01-27,12.22,7.78,10.0,0.0,114000.0,1.0
2023-01-28,8.33,-1.11,3.61,7.62,112000.0,0.0
2023-01-29,0.0,-8.28,-4.14,0.0,111000.0,0.0
2023-01-30,-0.61,-10.61,-5.61,0.0,113000.0,1.0
2023-01-31,3.33,-3.89,-0.28,0.0,108000.0,0.0
2023-02-01,3.33,-3.28,0.03,0.0,109000.0,1.0
2023-02-02,3.89,-6.11,-1.11,0.0,106000.0,0.0
2023-02-03,4.44,-1.11,1.66,0.0,102000.0,0.0
2023-02-04,5.56,0.56,3.06,2.29,102000.0,0.0
2023-02-05,11.67,2.78,7.22,5.59,108000.0,1.0
2023-02-06,9.44,3.33,6.38,0.0,106000.0,0.0
2023-02-07,9.44,1.11,5.28,0.51,109000.0,1.0
2023-02-08,11.67,1.11,6.39,0.0,102000.0,0.0
2023-02-09,11.11,-1.72,4.69,0.0,102000.0,0.0
2023-02-10,10.0,-1.11,4.44,0.0,105000.0,1.0
2023-02-11,8.33,-2.22,3.06,0.0,102000.0,0.0
2023-02-12,12.78,-2.78,5.0,0.0,105000.0,1.0
2023-02-13,9.44,1.11,5.28,1.27,125000.0,1.0
2023-02-14,8.89,0.0,4.44,0.0,112000.0,0.0
2023-02-15,9.44,-2.78,3.33,0.0,105000.0,0.0
2023-02-16,8.89,-2.78,3.06,0.0,101000.0,0.0
2023-02-17,12.78,-1.11,5.84,0.0,104000.0,1.0
2023-02-18,11.11,6.11,8.61,0.0,119000.0,1.0
2023-02-19,10.56,5.56,8.06,0.0,115000.0,0.0
2023-02-20,11.67,8.33,10.0,0.0,119000.0,1.0
2023-02-21,11.67,2.78,7.22,1.52,119000.0,0.0
2023-02-22,2.78,-3.28,-0.25,1.02,122000.0,1.0
2023-02-23,-3.28,-6.72,-5.0,0.0,124000.0,1.0
2023-02-24,0.0,-8.89,-4.44,0.0,108000.0,0.0
2023-02-25,2.78,-10.0,-3.61,0.0,106000.0,0.0
2023-02-26,7.22,-2.78,2.22,0.0,113000.0,1.0
2023-02-27,8.33,-2.78,2.78,2.03,108000.0,0.0
2023-02-28,5.56,-2.22,1.67,0.0,100000.0,0.0
2023-03-01,8.89,-2.22,3.34,0.0,119000.0,1.0
2023-03-02,8.89,2.78,5.84,1.02,107000.0,0.0
2023-03-03,10.0,-0.61,4.7,0.0,105000.0,0.0
2023-03-04,6.67,0.0,3.34,0.0,99800.0,0.0
2023-03-05,5.0,-2.22,1.39,0.25,98400.0,0.0
2023-03-06,8.89,-1.72,3.59,0.0,98300.0,0.0
2023-03-07,10.56,-1.11,4.73,0.76,101000.0,1.0
2023-03-08,5.56,0.0,2.78,1.78,102000.0,1.0
2023-03-09,6.11,-1.72,2.2,1.02,109000.0,1.0
2023-03-10,10.0,1.67,5.84,3.05,113000.0,1.0
2023-03-11,12.78,-0.61,6.08,0.0,102000.0,0.0
2023-03-12,8.89,-2.22,3.34,1.52,104000.0,1.0
2023-03-13,8.89,3.89,6.39,0.51,109000.0,1.0
2023-03-14,11.11,-1.72,4.69,0.0,109000.0,0.0
2023-03-15,12.22,1.67,6.94,0.0,113000.0,1.0
2023-03-16,13.89,-2.78,5.56,0.0,110000.0,0.0
2023-03-17,15.56,-2.22,6.67,0.0,110000.0,0.0
2023-03-18,18.33,1.11,9.72,0.0,108000.0,0.0
2023-03-19,15.56,2.22,8.89,0.76,111000.0,1.0
2023-03-20,13.33,3.33,8.33,0.0,121000.0,1.0
2023-03-21,15.0,-0.61,7.2,0.0,118000.0,0.0
2023-03-22,18.33,2.22,10.27,0.0,119000.0,1.0
2023-03-23,11.67,1.67,6.67,0.25,120000.0,1.0
2023-03-24,9.44,1.67,5.56,0.0,125000.0,1.0
2023-03-25,10.0,0.0,5.0,0.0,123000.0,0.0
2023-03-26,11.67,3.33,7.5,0.0,123000.0,0.0
2023-03-27,14.44,-2.78,5.83,0.0,123000.0,0.0
2023-03-28,10.0,6.11,8.06,5.59,121000.0,0.0
2023-03-29,13.89,5.0,9.44,1.27,133000.0,1.0
2023-03-30,12.78,6.11,9.44,0.0,130000.0,0.0
2023-03-31,10.56,6.11,8.34,2.29,132000.0,1.0
2023-04-01,12.22,2.78,7.5,2.79,124000.0,0.0
2023-04-02,9.44,0.56,5.0,0.76,125000.0,1.0
2023-04-03,11.11,2.78,6.94,0.0,135000.0,1.0
2023-04-04,12.78,2.78,7.78,0.0,123000.0,0.0
2023-04-05,13.89,-2.22,5.84,0.0,112000.0,0.0
2023-04-06,11.67,6.11,8.89,2.79,114000.0,1.0
2023-04-07,15.0,8.89,11.94,6.1,122000.0,1.0
2023-04-08,14.44,2.22,8.33,0.0,117000.0,0.0
2023-04-09,15.0,7.78,11.39,0.25,122000.0,1.0
2023-04-10,12.22,7.78,10.0,4.83,140000.0,1.0
2023-04-11,11.11,2.78,6.94,0.0,149000.0,1.0
2023-04-12,11.11,2.22,6.66,0.0,172000.0,1.0
2023-04-13,13.33,4.44,8.88,0.0,183000.0,1.0
2023-04-14,17.78,0.56,9.17,0.0,140000.0,0.0
2023-04-15,17.78,1.67,9.73,0.0,135000.0,0.0
2023-04-16,15.0,6.67,10.84,0.0,140000.0,1.0
2023-04-17,13.33,1.67,7.5,0.76,143000.0,1.0
2023-04-18,12.78,2.22,7.5,0.0,154000.0,1.0
2023-04-19,13.33,3.89,8.61,0.0,140000.0,0.0
2023-04-20,10.56,-0.61,4.98,2.79,150000.0,1.0
2023-04-21,16.11,5.56,10.84,0.0,143000.0,0.0
2023-04-22,21.11,9.44,15.27,0.0,147000.0,1.0
2023-04-23,17.22,9.44,13.33,2.29,144000.0,0.0
2023-04-24,16.67,7.22,11.94,0.0,159000.0,1.0
2023-04-25,22.22,5.0,13.61,0.0,133000.0,0.0
2023-04-26,26.67,7.22,16.94,0.0,135000.0,1.0
2023-04-27,26.67,12.22,19.44,0.0,146000.0,1.0
2023-04-28,28.89,6.67,17.78,0.0,148000.0,1.0
2023-04-29,31.11,9.44,20.27,0.0,171000.0,1.0
2023-04-30,20.56,13.89,17.23,0.0,210000.0,1.0
2023-05-01,16.11,11.11,13.61,0.76,234000.0,1.0
2023-05-02,23.89,8.33,16.11,0.0,252000.0,1.0
2023-05-03,28.89,11.11,20.0,0.0,314000.0,1.0
2023-05-04,17.22,12.22,14.72,1.02,356000.0,1.0
2023-05-05,13.89,9.44,11.66,0.76,332000.0,0.0
2023-05-06,20.56,10.56,15.56,0.0,358000.0,1.0
2023-05-07,18.89,10.56,14.73,1.02,356000.0,0.0
2023-05-08,21.67,6.11,13.89,0.0,333000.0,0.0
2023-05-09,21.67,11.67,16.67,0.0,355000.0,1.0
2023-05-10,25.56,6.67,16.11,0.0,329000.0,0.0
2023-05-11,27.22,9.44,18.33,0.0,334000.0,1.0
2023-05-12,30.56,8.33,19.44,0.0,312000.0,0.0
2023-05-13,33.33,9.44,21.38,0.0,316000.0,1.0
2023-05-14,33.89,12.78,23.34,0.0,334000.0,1.0
2023-05-15,32.22,15.56,23.89,0.0,347000.0,1.0
2023-05-16,31.67,17.22,24.44,0.0,383000.0,1.0
2023-05-17,32.22,15.56,23.89,0.0,393000.0,1.0
2023-05-18,32.22,14.44,23.33,0.0,394000.0,1.0
2023-05-19,34.44,17.22,25.83,0.0,385000.0,0.0
2023-05-20,30.0,17.78,23.89,0.0,396000.0,1.0
2023-05-21,23.33,12.78,18.06,0.0,400000.0,1.0
2023-05-22,18.89,11.11,15.0,0.0,392000.0,0.0
2023-05-23,21.11,8.33,14.72,0.0,381000.0,0.0
2023-05-24,26.67,8.33,17.5,0.0,350000.0,0.0
2023-05-25,28.33,11.11,19.72,0.0,319000.0,0.0
2023-05-26,28.33,13.89,21.11,0.0,294000.0,0.0
2023-05-27,25.56,13.33,19.44,0.0,292000.0,0.0
2023-05-28,26.11,12.22,19.16,0.0,263000.0,0.0
2023-05-29,29.44,10.56,20.0,0.0,258000.0,0.0
2023-05-30,23.33,12.78,18.06,0.0,297000.0,1.0
2023-05-31,20.0,10.0,15.0,0.0,278000.0,0.0
2023-06-01,25.0,10.56,17.78,0.0,237000.0,0.0
2023-06-02,27.22,11.67,19.44,0.0,187000.0,0.0
2023-06-03,30.56,12.78,21.67,0.0,192000.0,1.0
2023-06-04,27.78,14.44,21.11,0.0,206000.0,1.0
2023-06-05,33.33,15.56,24.44,0.0,176000.0,0.0
2023-06-06,35.56,13.33,24.44,0.0,176000.0,0.0
2023-06-07,30.0,12.78,21.39,0.0,186000.0,1.0
2023-06-08,23.89,17.78,20.84,0.0,223000.0,1.0
2023-06-09,21.11,15.56,18.34,1.02,202000.0,0.0
2023-06-10,25.56,14.44,20.0,0.0,162000.0,0.0
2023-06-11,32.22,13.33,22.78,0.0,131000.0,0.0
2023-06-12,35.0,17.78,26.39,0.0,144000.0,1.0
2023-06-13,26.11,15.0,20.56,0.0,169000.0,1.0
2023-06-14,21.67,12.78,17.23,0.0,169000.0,0.0
2023-06-15,25.56,12.22,18.89,0.0,175000.0,1.0
2023-06-16,30.0,13.89,21.94,0.0,148000.0,0.0
2023-06-17,22.22,13.89,18.06,0.0,162000.0,1.0
2023-06-18,17.22,11.11,14.16,0.0,142000.0,0.0
2023-06-19,19.44,10.0,14.72,0.0,136000.0,0.0
2023-06-20,21.11,8.33,14.72,0.0,138000.0,1.0
2023-06-21,27.22,8.33,17.77,0.0,127000.0,0.0
2023-06-22,30.56,10.0,20.28,0.0,124000.0,0.0
2023-06-23,31.67,12.78,22.22,0.0,129000.0,1.0
2023-06-24,31.11,15.0,23.06,0.0,121000.0,0.0
2023-06-25,32.22,13.89,23.06,0.0,116000.0,0.0
2023-06-26,29.44,17.22,23.33,0.0,124000.0,1.0
2023-06-27,26.67,16.67,21.67,0.0,133000.0,1.0
2023-06-28,31.11,16.67,23.89,0.0,123000.0,0.0
2023-06-29,35.0,18.33,26.66,0.0,132000.0,1.0
2023-06-30,35.56,17.22,26.39,0.0,131000.0,0.0
2023-07-01,33.33,17.78,25.56,0.0,128000.0,0.0
2023-07-02,33.33,17.22,25.28,0.0,119000.0,0.0
2023-07-03,34.44,16.67,25.56,0.0,122000.0,1.0
2023-07-04,36.11,13.89,25.0,0.0,134000.0,1.0
2023-07-05,37.78,13.89,25.84,0.0,143000.0,1.0
2023-07-06,35.56,18.89,27.22,0.0,139000.0,0.0
2023-07-07,30.0,19.44,24.72,0.0,138000.0,0.0
2023-07-08,30.0,17.78,23.89,0.0,131000.0,0.0
2023-07-09,31.11,19.44,25.28,0.0,132000.0,1.0
2023-07-10,23.89,17.22,20.56,1.27,129000.0,0.0
2023-07-11,30.56,17.22,23.89,0.0,129000.0,0.0
2023-07-12,31.67,16.11,23.89,0.0,138000.0,1.0
2023-07-13,32.78,19.44,26.11,0.0,133000.0,0.0
2023-07-14,37.22,16.67,26.94,0.0,141000.0,1.0
2023-07-15,40.56,16.67,28.62,0.0,129000.0,0.0
2023-07-16,36.11,22.78,29.44,0.0,136000.0,1.0
2023-07-17,27.22,17.78,22.5,0.0,133000.0,0.0
2023-07-18,33.33,13.89,23.61,0.0,121000.0,0.0
2023-07-19,37.78,15.56,26.67,0.0,137000.0,1.0
2023-07-20,33.89,21.67,27.78,0.0,145000.0,1.0
2023-07-21,34.44,20.56,27.5,0.0,142000.0,0.0
2023-07-22,35.56,20.0,27.78,0.0,130000.0,0.0
2023-07-23,34.44,20.56,27.5,0.0,127000.0,0.0
2023-07-24,27.78,19.44,23.61,0.0,130000.0,1.0
2023-07-25,27.22,18.89,23.06,0.0,144000.0,1.0
2023-07-26,31.67,13.89,22.78,0.0,125000.0,0.0
2023-07-27,31.11,18.33,24.72,0.0,140000.0,1.0
2023-07-28,32.22,16.67,24.44,0.0,130000.0,0.0
2023-07-29,30.56,18.33,24.44,0.0,130000.0,0.0
2023-07-30,30.0,17.22,23.61,0.0,122000.0,0.0
2023-07-31,32.78,15.56,24.17,0.0,126000.0,1.0
2023-08-01,35.0,15.56,25.28,0.0,117000.0,0.0
2023-08-02,34.44,16.11,25.28,0.0,123000.0,1.0
2023-08-03,30.56,20.0,25.28,0.0,115000.0,0.0
2023-08-04,30.0,21.67,25.84,0.0,110000.0,0.0
2023-08-05,28.89,20.0,24.44,0.0,119000.0,1.0
2023-08-06,27.78,21.67,24.72,0.0,126000.0,1.0
2023-08-07,30.56,19.44,25.0,0.0,117000.0,0.0
2023-08-08,33.89,15.0,24.44,0.0,120000.0,1.0
2023-08-09,31.11,20.56,25.84,0.0,127000.0,1.0
2023-08-10,28.89,18.89,23.89,0.0,133000.0,1.0
2023-08-11,31.67,15.56,23.62,0.0,133000.0,0.0
2023-08-12,35.0,17.78,26.39,0.0,124000.0,0.0
2023-08-13,38.33,17.78,28.06,0.0,126000.0,1.0
2023-08-14,41.67,17.78,29.72,0.0,125000.0,0.0
2023-08-15,41.67,18.89,30.28,0.0,132000.0,1.0
2023-08-16,42.78,23.33,33.06,0.0,132000.0,0.0
2023-08-17,33.89,22.78,28.34,0.0,125000.0,0.0
2023-08-18,31.11,20.0,25.56,0.0,132000.0,1.0
2023-08-19,31.67,12.22,21.94,0.0,120000.0,0.0
2023-08-20,31.67,12.78,22.22,0.0,115000.0,0.0
2023-08-21,26.11,16.11,21.11,0.0,110000.0,0.0
2023-08-22,26.11,16.67,21.39,0.0,117000.0,1.0
2023-08-23,28.33,12.78,20.56,0.0,104000.0,0.0
2023-08-24,32.22,11.11,21.66,0.0,114000.0,1.0
2023-08-25,31.67,18.33,25.0,0.0,108000.0,0.0
2023-08-26,32.78,15.56,24.17,0.0,110000.0,1.0
2023-08-27,38.33,18.33,28.33,0.0,113000.0,1.0
2023-08-28,28.89,20.0,24.44,0.0,116000.0,1.0
2023-08-29,24.44,18.89,21.66,0.0,119000.0,1.0
2023-08-30,26.67,17.22,21.94,0.0,109000.0,0.0
2023-08-31,18.89,16.67,17.78,8.64,109000.0,0.0
2023-09-01,25.0,16.11,20.56,0.0,97000.0,0.0
2023-09-02,31.67,15.0,23.34,0.0,99700.0,1.0
2023-09-03,25.0,19.44,22.22,0.0,102000.0,1.0
2023-09-04,22.78,16.11,19.44,0.0,96900.0,0.0
2023-09-05,25.56,10.56,18.06,0.0,98500.0,1.0
2023-09-06,27.78,9.44,18.61,0.0,99300.0,1.0
2023-09-07,26.67,12.78,19.73,0.0,96700.0,0.0
2023-09-08,30.0,12.22,21.11,0.0,97800.0,1.0
2023-09-09,33.33,11.67,22.5,0.0,99300.0,1.0
2023-09-10,31.11,15.0,23.06,0.0,96200.0,0.0
2023-09-11,28.89,18.89,23.89,0.0,94000.0,0.0
2023-09-12,28.33,17.78,23.06,0.0,95600.0,1.0
2023-09-13,30.56,15.56,23.06,0.0,94200.0,0.0
2023-09-14,32.22,11.11,21.66,0.0,101000.0,1.0
2023-09-15,33.33,10.56,21.94,0.0,100000.0,0.0
2023-09-16,33.33,11.11,22.22,0.0,95300.0,0.0
2023-09-17,30.0,17.22,23.61,0.0,95900.0,1.0
2023-09-18,23.89,17.22,20.56,0.0,94500.0,0.0
2023-09-19,23.89,12.78,18.34,0.0,93700.0,0.0
2023-09-20,20.0,12.78,16.39,1.52,97300.0,1.0
2023-09-21,21.11,10.56,15.84,0.0,95500.0,0.0
2023-09-22,25.0,6.67,15.84,0.0,94200.0,0.0
2023-09-23,20.0,11.67,15.84,0.0,94300.0,1.0
2023-09-24,15.56,10.56,13.06,8.64,94400.0,1.0
2023-09-25,18.89,13.0,15.94,1.52,92000.0,0.0
2023-09-26,20.56,12.22,16.39,3.05,92600.0,1.0
2023-09-27,18.89,11.11,15.0,4.06,94000.0,1.0
2023-09-28,20.0,10.0,15.0,0.0,93300.0,0.0
2023-09-29,15.56,11.67,13.62,2.29,93500.0,1.0
2023-09-30,21.67,9.44,15.56,0.0,92100.0,0.0
2023-10-01,22.78,7.78,15.28,0.0,90600.0,0.0
2023-10-02,17.78,8.89,13.34,0.25,92000.0,1.0
2023-10-03,22.78,13.89,18.34,0.0,91800.0,0.0
2023-10-04,23.89,13.89,18.89,0.0,96600.0,1.0
2023-10-05,28.33,10.0,19.16,0.0,93400.0,0.0
2023-10-06,27.78,10.0,18.89,0.0,92900.0,0.0
2023-10-07,27.78,8.89,18.34,0.0,91900.0,0.0
2023-10-08,27.78,10.0,18.89,0.0,92000.0,1.0
2023-10-09,20.0,13.89,16.94,0.0,90900.0,0.0
2023-10-10,17.22,11.11,14.16,4.57,91200.0,1.0
2023-10-11,16.67,8.89,12.78,1.52,89700.0,0.0
2023-10-12,20.56,11.11,15.84,0.0,91500.0,1.0
2023-10-13,19.44,6.67,13.06,0.0,91800.0,1.0
2023-10-14,18.33,11.11,14.72,0.51,92800.0,1.0
2023-10-15,23.33,12.22,17.77,0.0,91500.0,0.0
2023-10-16,17.22,10.56,13.89,2.79,92900.0,1.0
2023-10-17,19.44,8.89,14.16,0.0,92400.0,0.0
2023-10-18,22.22,5.56,13.89,0.0,94200.0,1.0
2023-10-19,25.56,7.78,16.67,0.0,96400.0,1.0
2023-10-20,20.56,8.89,14.72,0.0,99300.0,1.0
2023-10-21,20.56,8.33,14.44,0.0,95900.0,0.0
2023-10-22,20.0,11.67,15.84,0.0,95200.0,0.0
2023-10-23,16.67,11.67,14.17,0.0,98300.0,1.0
2023-10-24,11.67,7.78,9.72,5.33,96200.0,0.0
2023-10-25,10.56,4.44,7.5,3.3,100000.0,1.0
2023-10-26,11.67,3.33,7.5,0.0,88300.0,0.0
2023-10-27,10.56,0.56,5.56,0.0,90600.0,1.0
2023-10-28,10.56,-3.33,3.62,0.0,91800.0,1.0
2023-10-29,10.0,-3.89,3.06,0.0,87100.0,0.0
2023-10-30,11.11,-3.33,3.89,0.0,99200.0,1.0
2023-10-31,10.56,-3.33,3.62,0.0,100000.0,1.0
2023-11-01,8.33,2.78,5.56,6.35,108000.0,1.0
2023-11-02,16.11,6.0,11.06,1.78,100000.0,0.0
2023-11-03,16.67,7.78,12.23,1.52,99300.0,0.0
2023-11-04,12.0,10.0,11.0,22.86,110000.0,1.0
2023-11-05,13.89,6.11,10.0,4.57,102000.0,0.0
2023-11-06,13.89,10.0,11.94,4.06,103000.0,1.0
2023-11-07,14.44,10.0,12.22,0.0,101000.0,0.0
2023-11-08,13.89,2.22,8.06,0.0,104000.0,1.0
2023-11-09,6.67,-0.56,3.06,0.25,106000.0,1.0
2023-11-10,10.0,2.22,6.11,0.0,110000.0,1.0
2023-11-11,15.56,4.44,10.0,0.25,112000.0,1.0
2023-11-12,10.56,3.33,6.94,0.0,109000.0,0.0
2023-11-13,14.44,2.22,8.33,0.0,114000.0,1.0
2023-11-14,11.11,1.67,6.39,0.0,108000.0,0.0
2023-11-15,7.22,4.44,5.83,0.0,103000.0,0.0
2023-11-16,9.44,7.22,8.33,0.0,105000.0,1.0
2023-11-17,7.22,5.0,6.11,0.0,102000.0,0.0
2023-11-18,7.22,3.89,5.56,3.56,105000.0,1.0
2023-11-19,11.11,2.22,6.66,1.27,101000.0,0.0
2023-11-20,11.67,-0.56,5.56,0.0,106000.0,1.0
2023-11-21,7.78,0.0,3.89,0.0,116000.0,1.0
2023-11-22,13.33,3.89,8.61,0.76,99900.0,0.0
2023-11-23,10.56,3.33,6.94,0.0,99700.0,0.0
2023-11-24,10.0,-1.67,4.16,0.0,105000.0,1.0
2023-11-25,7.78,-5.0,1.39,0.0,107000.0,1.0
2023-11-26,6.67,-5.0,0.84,0.0,103000.0,0.0
2023-11-27,2.78,-2.22,0.28,0.0,105000.0,1.0
2023-11-28,2.78,1.11,1.94,0.0,100000.0,0.0
2023-11-29,1.67,1.11,1.39,0.0,99800.0,0.0
2023-11-30,2.22,-1.11,0.56,0.25,106000.0,1.0
2023-12-01,5.56,-1.67,1.94,2.54,100000.0,0.0
2023-12-02,10.56,1.67,6.12,8.89,106000.0,1.0
2023-12-03,11.11,5.56,8.33,18.03,104000.0,0.0
2023-12-04,13.89,7.78,10.84,3.05,91800.0,0.0
2023-12-05,11.0,8.89,9.94,4.32,81800.0,0.0
2023-12-06,11.67,8.33,10.0,10.41,86300.0,1.0
2023-12-07,9.44,5.0,7.22,1.02,81900.0,0.0
2023-12-08,8.89,0.56,4.73,0.76,87000.0,1.0
2023-12-09,3.33,-1.11,1.11,2.03,104000.0,1.0
2023-12-10,7.22,2.78,5.0,10.16,90800.0,0.0
2023-12-11,7.0,5.56,6.28,3.56,86200.0,0.0
2023-12-12,7.78,5.0,6.39,0.0,96200.0,1.0
2023-12-13,8.33,5.0,6.66,0.0,99500.0,1.0
2023-12-14,7.78,3.33,5.56,0.0,90200.0,0.0
2023-12-15,7.22,3.89,5.56,0.0,87000.0,0.0
2023-12-16,6.67,3.33,5.0,0.0,85200.0,0.0
2023-12-17,4.44,3.0,3.72,0.0,88300.0,1.0
2023-12-18,5.0,2.78,3.89,0.51,90600.0,1.0
2023-12-19,6.11,2.78,4.44,4.57,89900.0,0.0
2023-12-20,6.67,3.89,5.28,0.0,88900.0,0.0
2023-12-21,6.67,5.0,5.84,0.0,87600.0,0.0
2023-12-22,8.89,2.22,5.56,0.51,93600.0,1.0
2023-12-23,8.89,-0.56,4.16,0.0,90000.0,0.0
2023-12-24,3.89,-2.22,0.84,0.0,92500.0,1.0
2023-12-25,2.22,0.0,1.11,8.38,101000.0,1.0
2023-12-26,5.0,1.67,3.34,1.02,95000.0,0.0
2023-12-27,6.11,3.89,5.0,0.25,86000.0,0.0
2023-12-28,5.56,4.44,5.0,0.0,85400.0,0.0
2023-12-29,7.22,3.89,5.56,0.0,91900.0,1.0
2023-12-30,8.33,3.33,5.83,0.76,87100.0,0.0
2023-12-31,5.56,3.89,4.72,0.0,85600.0,0.0
2024-01-01,5.56,3.33,4.44,0.0,78500.0,0.0
2024-01-02,5.0,1.67,3.34,5.84,94600.0,1.0
2024-01-03,6.67,1.11,3.89,0.0,84400.0,0.0
2024-01-04,8.89,1.67,5.28,0.76,87400.0,1.0
2024-01-05,10.0,1.11,5.56,0.0,82200.0,0.0
2024-01-06,8.33,1.11,4.72,0.25,89700.0,1.0
2024-01-07,9.44,1.67,5.56,0.0,86700.0,0.0
2024-01-08,5.0,2.22,3.61,4.57,85700.0,0.0
2024-01-09,8.89,0.56,4.73,13.72,104000.0,1.0
2024-01-10,5.56,0.56,3.06,3.05,87600.0,0.0
2024-01-11,7.78,1.11,4.44,2.03,93000.0,1.0
2024-01-12,4.44,-10.56,-3.06,,109000.0,1.0
2024-01-13,-10.56,-14.44,-12.5,,131000.0,1.0
2024-01-14,-10.0,-13.33,-11.66,,91300.0,0.0
2024-01-15,-9.44,-18.89,-14.16,0.0,85700.0,0.0
2024-01-16,-10.56,-18.89,-14.73,,92600.0,1.0
2024-01-17,-1.67,-10.56,-6.12,,91800.0,0.0
2024-01-18,-2.78,-5.0,-3.89,,129000.0,1.0
2024-01-19,-1.67,-5.0,-3.34,,87100.0,0.0
2024-01-20,-0.56,-3.33,-1.94,,91600.0,1.0
2024-01-21,1.11,-0.56,0.28,8.64,95800.0,1.0
2024-01-22,2.78,0.0,1.39,9.4,87900.0,0.0
2024-01-23,1.67,-2.22,-0.28,0.51,81400.0,0.0
2024-01-24,2.78,-0.56,1.11,9.14,93700.0,1.0
2024-01-25,1.67,-1.11,0.28,0.0,93500.0,0.0
2024-01-26,2.22,-0.56,0.83,8.64,98100.0,1.0
2024-01-27,3.89,0.56,2.22,6.86,103000.0,1.0
2024-01-28,5.56,0.56,3.06,0.0,118000.0,1.0
2024-01-29,3.33,-0.56,1.38,0.0,153000.0,1.0
2024-01-30,4.44,1.11,2.78,0.0,133000.0,0.0
2024-01-31,3.89,1.67,2.78,3.05,148000.0,1.0
2024-02-01,10.0,1.67,5.84,0.0,142000.0,0.0
2024-02-02,11.11,1.67,6.39,0.25,145000.0,1.0
2024-02-03,13.33,0.56,6.94,0.0,134000.0,0.0
2024-02-04,11.11,-3.33,3.89,0.0,122000.0,0.0
2024-02-05,7.78,5.0,6.39,7.37,130000.0,1.0
2024-02-06,11.67,2.78,7.22,0.25,116000.0,0.0
2024-02-07,12.22,0.56,6.39,0.25,110000.0,0.0
2024-02-08,12.22,1.67,6.94,0.0,125000.0,1.0
2024-02-09,10.56,1.11,5.84,0.0,112000.0,0.0
2024-02-10,11.67,-2.22,4.72,0.0,101000.0,0.0
2024-02-11,10.56,1.11,5.84,0.25,98700.0,0.0
2024-02-12,12.78,2.78,7.78,0.0,102000.0,1.0
2024-02-13,11.67,-2.22,4.72,0.0,97900.0,0.0
2024-02-14,4.44,-1.67,1.39,2.29,104000.0,1.0
2024-02-15,2.78,0.0,1.39,8.38,104000.0,0.0
2024-02-16,3.89,-0.56,1.66,0.0,101000.0,0.0
2024-02-17,3.89,0.0,1.94,0.25,98800.0,0.0
2024-02-18,5.56,0.0,2.78,2.03,100000.0,1.0
2024-02-19,5.0,2.22,3.61,7.87,100000.0,0.0
2024-02-20,7.22,3.33,5.28,0.0,93800.0,0.0
2024-02-21,9.44,2.22,5.83,0.51,92000.0,0.0
2024-02-22,13.33,1.67,7.5,0.0,103000.0,1.0
2024-02-23,14.44,-0.56,6.94,0.0,101000.0,0.0
2024-02-24,16.11,2.22,9.16,0.0,118000.0,1.0
2024-02-25,16.11,6.67,11.39,1.27,132000.0,1.0
2024-02-26,8.89,2.22,5.56,2.03,145000.0,1.0
2024-02-27,8.89,1.11,5.0,0.0,122000.0,0.0
2024-02-28,13.33,1.67,7.5,0.0,120000.0,0.0
2024-02-29,10.0,2.78,6.39,0.25,132000.0,1.0
2024-03-01,9.44,-0.56,4.44,0.0,130000.0,0.0
2024-03-02,8.89,-1.11,3.89,0.0,127000.0,0.0
2024-03-03,10.0,-2.78,3.61,0.0,125000.0,0.0
2024-03-04,9.44,-1.11,4.16,0.0,115000.0,0.0
2024-03-05,12.78,0.56,6.67,0.0,110000.0,0.0
2024-03-06,11.11,-3.89,3.61,0.0,115000.0,1.0
2024-03-07,11.11,-2.78,4.16,0.0,104000.0,0.0
2024-03-08,15.0,-3.33,5.84,0.0,105000.0,1.0
2024-03-09,15.0,0.0,7.5,0.0,108000.0,1.0
2024-03-10,14.44,4.44,9.44,0.0,105000.0,0.0
2024-03-11,10.56,2.78,6.67,1.27,106000.0,1.0
2024-03-12,12.78,3.33,8.06,2.03,120000.0,1.0
2024-03-13,13.33,1.67,7.5,0.0,127000.0,1.0
2024-03-14,16.67,-2.78,6.95,0.0,109000.0,0.0
2024-03-15,18.89,-0.56,9.17,0.0,109000.0,0.0
2024-03-16,21.67,0.0,10.84,0.0,108000.0,0.0
2024-03-17,23.89,2.22,13.06,0.0,108000.0,0.0
2024-03-18,24.44,3.33,13.89,0.0,113000.0,1.0
2024-03-19,25.0,3.89,14.44,0.0,143000.0,1.0
2024-03-20,16.67,10.0,13.34,0.0,158000.0,1.0
2024-03-21,17.22,6.67,11.94,0.0,128000.0,0.0
2024-03-22,16.67,5.56,11.12,0.76,134000.0,1.0
2024-03-23,14.44,7.78,11.11,21.34,158000.0,1.0
2024-03-24,15.0,6.11,10.56,0.0,149000.0,0.0
2024-03-25,13.89,7.22,10.56,0.0,167000.0,1.0
2024-03-26,15.0,6.11,10.56,0.0,138000.0,0.0
2024-03-27,12.78,5.56,9.17,3.3,136000.0,0.0
2024-03-28,13.33,3.33,8.33,0.25,133000.0,0.0
2024-03-29,17.22,1.11,9.16,0.0,125000.0,0.0
2024-03-30,18.33,1.11,9.72,0.0,128000.0,1.0
2024-03-31,19.44,6.67,13.06,0.0,125000.0,0.0
2024-04-01,21.67,5.0,13.34,0.0,132000.0,1.0
2024-04-02,26.67,7.22,16.94,0.0,127000.0,0.0
2024-04-03,13.89,7.22,10.56,0.0,153000.0,1.0
2024-04-04,11.67,4.44,8.06,2.79,145000.0,0.0
2024-04-05,13.33,4.44,8.88,0.0,148000.0,1.0
2024-04-06,11.11,5.56,8.33,0.0,148000.0,0.0
2024-04-07,15.56,1.11,8.34,0.0,142000.0,0.0
2024-04-08,15.56,6.11,10.84,0.0,137000.0,0.0
2024-04-09,17.78,8.89,13.34,0.0,138000.0,1.0
2024-04-10,20.0,2.22,11.11,0.0,134000.0,0.0
2024-04-11,20.56,3.89,12.22,0.0,155000.0,1.0
2024-04-12,16.67,7.22,11.94,0.0,154000.0,0.0
2024-04-13,21.11,3.89,12.5,0.0,149000.0,0.0
2024-04-14,21.67,10.0,15.84,0.0,176000.0,1.0
2024-04-15,16.11,8.33,12.22,0.0,205000.0,1.0
2024-04-16,15.56,6.67,11.12,0.0,203000.0,0.0
2024-04-17,18.33,1.11,9.72,0.0,185000.0,0.0
2024-04-18,20.0,-1.11,9.44,0.0,173000.0,0.0
2024-04-19,20.56,1.11,10.84,0.0,169000.0,0.0
2024-04-20,21.67,1.11,11.39,0.0,185000.0,1.0
2024-04-21,18.33,5.0,11.66,0.0,163000.0,0.0
2024-04-22,20.56,1.67,11.11,0.0,146000.0,0.0
2024-04-23,22.22,2.22,12.22,0.0,161000.0,1.0
2024-04-24,20.56,7.22,13.89,0.0,211000.0,1.0
2024-04-25,14.44,8.33,11.38,2.54,168000.0,0.0
2024-04-26,19.44,9.44,14.44,0.0,166000.0,0.0
2024-04-27,16.11,7.22,11.66,0.0,185000.0,1.0
2024-04-28,17.22,5.56,11.39,0.0,189000.0,1.0
2024-04-29,14.44,5.56,10.0,0.51,174000.0,0.0
2024-04-30,12.78,3.33,8.06,1.52,148000.0,0.0
2024-05-01,16.67,6.11,11.39,0.51,165000.0,1.0
2024-05-02,17.22,6.67,11.94,4.57,147000.0,0.0
2024-05-03,22.22,3.33,12.77,0.0,143000.0,0.0
2024-05-04,13.89,8.33,11.11,11.94,174000.0,1.0
2024-05-05,15.0,8.89,11.94,0.0,184000.0,1.0
2024-05-06,16.11,6.67,11.39,0.0,156000.0,0.0
2024-05-07,16.67,5.56,11.12,0.0,149000.0,0.0
2024-05-08,23.33,7.22,15.27,0.0,141000.0,0.0
2024-05-09,28.33,5.0,16.66,0.0,144000.0,1.0
2024-05-10,31.67,7.78,19.73,0.0,165000.0,1.0
2024-05-11,33.89,10.0,21.94,0.0,160000.0,0.0
2024-05-12,30.56,13.89,22.22,0.0,170000.0,1.0
2024-05-13,26.67,14.44,20.56,0.0,187000.0,1.0
2024-05-14,27.78,11.11,19.44,0.0,190000.0,1.0
2024-05-15,31.11,11.67,21.39,0.0,221000.0,1.0
2024-05-16,25.0,13.33,19.16,0.0,262000.0,1.0
2024-05-17,20.0,10.56,15.28,0.0,223000.0,0.0
2024-05-18,19.44,7.78,13.61,0.0,236000.0,1.0
2024-05-19,19.44,8.33,13.89,0.0,246000.0,1.0
2024-05-20,21.67,9.44,15.56,0.0,229000.0,0.0
2024-05-21,15.56,10.0,12.78,1.27,215000.0,0.0
2024-05-22,15.56,9.44,12.5,0.0,226000.0,1.0
2024-05-23,20.0,10.0,15.0,0.0,232000.0,1.0
2024-05-24,21.67,8.89,15.28,0.0,223000.0,0.0
2024-05-25,17.22,10.56,13.89,0.0,201000.0,0.0
2024-05-26,24.44,7.22,15.83,0.0,167000.0,0.0
2024-05-27,27.78,8.33,18.06,0.0,156000.0,0.0
2024-05-28,19.44,12.78,16.11,0.0,199000.0,1.0
2024-05-29,19.44,10.56,15.0,0.0,200000.0,1.0
2024-05-30,23.33,7.22,15.27,0.0,208000.0,1.0
2024-05-31,28.33,6.67,17.5,0.0,196000.0,0.0
2024-06-01,25.0,12.22,18.61,0.0,208000.0,1.0
2024-06-02,20.0,13.89,16.94,2.03,191000.0,0.0
2024-06-03,19.44,13.33,16.39,3.56,200000.0,1.0
2024-06-04,21.11,12.22,16.66,0.0,211000.0,1.0
2024-06-05,27.22,11.11,19.16,0.0,230000.0,1.0
2024-06-06,32.22,10.0,21.11,0.0,230000.0,0.0
2024-06-07,33.33,15.56,24.44,0.0,237000.0,1.0
2024-06-08,32.22,11.11,21.66,0.0,214000.0,0.0
2024-06-09,28.89,17.78,23.34,0.0,235000.0,1.0
2024-06-10,29.44,13.89,21.66,0.0,227000.0,0.0
2024-06-11,25.56,14.44,20.0,0.0,229000.0,1.0
2024-06-12,27.78,10.0,18.89,0.0,230000.0,1.0
2024-06-13,29.44,8.33,18.89,0.0,218000.0,0.0
2024-06-14,23.89,12.22,18.06,0.0,227000.0,1.0
2024-06-15,18.89,9.44,14.16,1.27,185000.0,0.0
2024-06-16,21.11,6.11,13.61,0.0,158000.0,0.0
2024-06-17,20.56,11.11,15.84,0.0,174000.0,1.0
2024-06-18,26.11,8.89,17.5,0.0,160000.0,0.0
2024-06-19,31.67,8.33,20.0,0.0,169000.0,1.0
2024-06-20,33.89,10.56,22.22,0.0,148000.0,0.0
2024-06-21,35.56,12.22,23.89,0.0,160000.0,1.0
2024-06-22,33.33,18.89,26.11,0.0,166000.0,1.0
2024-06-23,23.89,16.11,20.0,0.0,163000.0,0.0
2024-06-24,29.44,12.78,21.11,0.0,162000.0,0.0
2024-06-25,36.11,11.67,23.89,0.0,167000.0,1.0
2024-06-26,23.89,16.11,20.0,0.0,168000.0,1.0
2024-06-27,24.44,13.89,19.16,0.0,157000.0,0.0
2024-06-28,30.0,12.78,21.39,0.0,135000.0,0.0
2024-06-29,28.89,16.11,22.5,0.0,151000.0,1.0
2024-06-30,28.33,17.78,23.06,0.0,156000.0,1.0
2024-07-01,29.44,18.33,23.88,0.0,168000.0,1.0
2024-07-02,28.33,15.0,21.66,0.0,161000.0,0.0
2024-07-03,30.0,15.0,22.5,0.0,156000.0,0.0
2024-07-04,36.11,13.33,24.72,0.0,167000.0,1.0
2024-07-05,40.56,15.56,28.06,0.0,153000.0,0.0
2024-07-06,39.44,17.22,28.33,0.0,137000.0,0.0
2024-07-07,39.44,17.22,28.33,0.0,136000.0,0.0
2024-07-08,42.22,19.44,30.83,0.0,150000.0,1.0
2024-07-09,42.78,19.44,31.11,0.0,163000.0,1.0
2024-07-10,38.89,23.33,31.11,0.0,168000.0,1.0
2024-07-11,33.89,18.89,26.39,0.0,139000.0,0.0
2024-07-12,34.44,18.33,26.38,0.0,129000.0,0.0
2024-07-13,38.89,17.22,28.06,0.0,134000.0,1.0
2024-07-14,36.67,20.0,28.34,0.0,135000.0,1.0
2024-07-15,33.33,17.78,25.56,0.0,147000.0,1.0
2024-07-16,40.0,15.56,27.78,0.0,148000.0,1.0
2024-07-17,32.22,21.11,26.66,0.0,178000.0,1.0
2024-07-18,35.0,20.56,27.78,0.0,167000.0,0.0
2024-07-19,36.11,20.0,28.06,0.0,158000.0,0.0
2024-07-20,40.56,17.22,28.89,0.0,146000.0,0.0
2024-07-21,29.44,21.11,25.28,0.0,141000.0,0.0
2024-07-22,26.11,18.33,22.22,0.0,158000.0,1.0
2024-07-23,32.78,12.22,22.5,0.0,139000.0,0.0
2024-07-24,31.11,16.67,23.89,0.0,150000.0,1.0
2024-07-25,26.11,15.56,20.84,0.0,123000.0,0.0
2024-07-26,31.11,11.67,21.39,0.0,114000.0,0.0
2024-07-27,30.0,13.89,21.94,0.0,132000.0,1.0
2024-07-28,28.89,17.22,23.06,0.0,140000.0,1.0
2024-07-29,25.56,18.33,21.94,0.0,137000.0,0.0
2024-07-30,28.89,17.22,23.06,0.0,122000.0,0.0
2024-07-31,35.56,15.56,25.56,0.0,106000.0,0.0
2024-08-01,41.11,17.78,29.44,0.0,128000.0,1.0
2024-08-02,37.22,25.56,31.39,0.0,128000.0,0.0
2024-08-03,32.78,22.22,27.5,0.0,127000.0,0.0
2024-08-04,37.78,17.78,27.78,0.0,125000.0,0.0
2024-08-05,35.0,20.56,27.78,0.0,137000.0,1.0
2024-08-06,31.11,18.33,24.72,0.0,132000.0,0.0
2024-08-07,36.67,17.22,26.94,0.0,121000.0,0.0
2024-08-08,38.33,14.44,26.38,0.0,128000.0,1.0
2024-08-09,35.0,17.78,26.39,0.0,125000.0,0.0
2024-08-10,35.0,18.89,26.94,0.0,126000.0,1.0
2024-08-11,32.78,19.44,26.11,0.0,122000.0,0.0
2024-08-12,25.56,17.22,21.39,0.0,123000.0,1.0
2024-08-13,25.0,16.67,20.84,0.0,120000.0,0.0
2024-08-14,28.33,12.78,20.56,0.0,134000.0,1.0
2024-08-15,26.67,19.44,23.06,0.0,126000.0,0.0
2024-08-16,28.89,16.67,22.78,0.0,125000.0,0.0
2024-08-17,36.11,13.89,25.0,15.49,117000.0,0.0
2024-08-18,27.78,13.89,20.84,0.0,106000.0,0.0
2024-08-19,27.22,15.56,21.39,0.0,112000.0,1.0
2024-08-20,28.89,16.67,22.78,0.0,114000.0,1.0
2024-08-21,26.67,15.0,20.84,0.0,111000.0,0.0
2024-08-22,25.56,17.22,21.39,1.02,128000.0,1.0
2024-08-23,20.56,10.56,15.56,0.25,101000.0,0.0
2024-08-24,23.89,8.33,16.11,0.0,104000.0,1.0
2024-08-25,28.33,11.67,20.0,0.0,98600.0,0.0
2024-08-26,32.22,11.67,21.94,0.0,121000.0,1.0
2024-08-27,23.89,15.0,19.44,0.0,117000.0,0.0
2024-08-28,27.22,8.89,18.06,0.0,114000.0,0.0
2024-08-29,31.67,8.33,20.0,0.0,124000.0,1.0
2024-08-30,35.56,10.56,23.06,0.0,128000.0,1.0
2024-08-31,37.78,11.67,24.72,0.0,120000.0,0.0
2024-09-01,36.67,12.78,24.72,0.0,96800.0,0.0
2024-09-02,27.22,18.89,23.06,0.0,107000.0,1.0
2024-09-03,27.78,17.22,22.5,0.0,99900.0,0.0
2024-09-04,37.22,12.22,24.72,0.0,101000.0,1.0
2024-09-05,34.44,14.44,24.44,0.0,104000.0,1.0
2024-09-06,37.22,13.89,25.56,0.0,102000.0,0.0
2024-09-07,32.22,15.56,23.89,0.0,89100.0,0.0
2024-09-08,32.78,18.89,25.84,0.0,91400.0,1.0
2024-09-09,32.22,15.56,23.89,0.0,93200.0,1.0
2024-09-10,30.0,15.0,22.5,0.0,105000.0,1.0
2024-09-11,24.44,13.89,19.16,0.51,99600.0,0.0
2024-09-12,24.44,15.56,20.0,0.0,94800.0,0.0
2024-09-13,26.67,11.11,18.89,0.0,89500.0,0.0
2024-09-14,25.56,17.22,21.39,0.0,88000.0,0.0
2024-09-15,23.33,13.89,18.61,0.0,93800.0,1.0
2024-09-16,25.0,12.78,18.89,0.0,89600.0,0.0
2024-09-17,21.67,16.11,18.89,0.0,90000.0,1.0
2024-09-18,25.0,12.78,18.89,0.0,92300.0,1.0
2024-09-19,28.33,11.11,19.72,0.0,91700.0,0.0
2024-09-20,22.78,12.78,17.78,0.0,89000.0,0.0
2024-09-21,26.67,7.78,17.23,0.0,84600.0,0.0
2024-09-22,29.44,7.78,18.61,0.0,86800.0,1.0
2024-09-23,29.44,16.11,22.78,0.0,85200.0,0.0
2024-09-24,34.44,13.89,24.16,0.0,90100.0,1.0
2024-09-25,27.22,13.89,20.56,0.25,89200.0,0.0
2024-09-26,25.0,7.78,16.39,0.0,86400.0,0.0
2024-09-27,26.67,13.33,20.0,0.0,80600.0,0.0
2024-09-28,28.89,9.44,19.16,0.0,82200.0,1.0
2024-09-29,21.67,10.56,16.12,0.0,82300.0,1.0
2024-09-30,22.78,4.44,13.61,0.0,81900.0,0.0
2024-10-01,,,,,83800.0,1.0
2024-10-02,,,,,91800.0,1.0
2024-10-03,,,,,87700.0,0.0
2024-10-04,,,,,81600.0,0.0
2024-10-05,,,,,81800.0,1.0
2024-10-06,,,,,80800.0,0.0
2024-10-07,,,,,89700.0,1.0
2024-10-08,,,,,81300.0,0.0
2024-10-09,,,,,81600.0,1.0
2024-10-10,,,,,86600.0,1.0
2024-10-11,,,,,87500.0,1.0
2024-10-12,,,,,87300.0,0.0
2024-10-13,,,,,81200.0,0.0
2024-10-14,,,,,80100.0,0.0
2024-10-15,,,,,80600.0,1.0
2024-10-16,,,,,81200.0,1.0
2024-10-17,,,,,83800.0,1.0
2024-10-18,,,,,78300.0,0.0
2024-10-19,,,,,79300.0,1.0
2024-10-20,,,,,81000.0,1.0
2024-10-21,,,,,84700.0,1.0
2024-10-22,,,,,83300.0,0.0
2024-10-23,,,,,89600.0,1.0
2024-10-24,,,,,96800.0,1.0
2024-10-25,,,,,95400.0,0.0
2024-10-26,,,,,89300.0,0.0
2024-10-27,,,,,91400.0,1.0
2024-10-28,,,,,84000.0,0.0
2024-10-29,,,,,85300.0,1.0
2024-10-30,,,,,92500.0,1.0
2024-10-31,,,,,102000.0,1.0
2024-11-01,15.0,7.22,11.11,0.51,116000.0,1.0
2024-11-02,13.89,7.22,10.56,2.29,107000.0,0.0
2024-11-03,14.44,7.22,10.83,0.0,104000.0,0.0
2024-11-04,14.44,8.33,11.38,1.02,112000.0,1.0
2024-11-05,12.78,-3.33,4.72,0.0,117000.0,1.0
2024-11-06,14.44,1.11,7.78,0.0,117000.0,0.0
2024-11-07,13.89,-0.56,6.66,0.0,125000.0,1.0
2024-11-08,12.22,-0.56,5.83,0.0,124000.0,0.0
2024-11-09,10.0,0.56,5.28,0.0,104000.0,0.0
2024-11-10,11.67,6.11,8.89,0.25,108000.0,1.0
2024-11-11,13.33,5.56,9.44,3.05,102000.0,0.0
2024-11-12,11.67,5.0,8.34,1.52,90000.0,0.0
2024-11-13,12.22,7.78,10.0,0.25,102000.0,1.0
2024-11-14,13.89,6.67,10.28,0.51,110000.0,1.0
2024-11-15,11.11,4.44,7.78,0.0,114000.0,1.0
2024-11-16,7.22,-1.11,3.06,0.25,111000.0,0.0
2024-11-17,13.33,3.33,8.33,7.87,114000.0,1.0
2024-11-18,8.89,1.11,5.0,0.0,112000.0,0.0
2024-11-19,7.78,1.11,4.44,12.45,129000.0,1.0
2024-11-20,8.89,5.56,7.22,6.6,119000.0,0.0
2024-11-21,8.33,6.11,7.22,0.76,109000.0,0.0
2024-11-22,10.56,5.0,7.78,14.73,118000.0,1.0
2024-11-23,11.11,3.33,7.22,0.0,105000.0,0.0
2024-11-24,8.33,2.78,5.56,0.25,107000.0,1.0
2024-11-25,7.78,1.67,4.72,0.25,114000.0,1.0
2024-11-26,11.67,1.11,6.39,0.0,118000.0,1.0
2024-11-27,11.11,-1.67,4.72,0.0,118000.0,0.0
2024-11-28,3.33,-1.67,0.83,0.0,119000.0,1.0
2024-11-29,7.22,1.67,4.44,0.0,108000.0,0.0
2024-11-30,5.0,2.78,3.89,0.0,106000.0,0.0
2024-12-01,3.33,1.67,2.5,0.0,106000.0,0.0
2024-12-02,3.33,2.22,2.78,0.0,116000.0,1.0
2024-12-03,2.78,1.67,2.22,0.0,112000.0,0.0
2024-12-04,2.78,1.67,2.22,0.0,123000.0,1.0
2024-12-05,2.22,1.11,1.66,0.0,113000.0,0.0
2024-12-06,2.78,1.11,1.94,0.0,114000.0,1.0
2024-12-07,8.89,0.56,4.73,1.27,113000.0,0.0
2024-12-08,11.11,2.22,6.66,1.27,113000.0,0.0
2024-12-09,6.67,-1.67,2.5,0.0,119000.0,1.0
2024-12-10,1.67,0.0,0.84,0.25,121000.0,1.0
2024-12-11,2.22,0.56,1.39,0.0,121000.0,0.0
2024-12-12,1.67,0.0,0.84,4.83,131000.0,1.0
2024-12-13,1.67,-0.56,0.55,2.79,129000.0,0.0
2024-12-14,3.33,0.56,1.94,4.06,119000.0,0.0
2024-12-15,7.78,0.56,4.17,2.79,119000.0,0.0
2024-12-16,6.11,3.89,5.0,11.68,129000.0,1.0
2024-12-17,5.0,3.33,4.16,14.48,131000.0,1.0
2024-12-18,14.44,1.67,8.06,1.52,134000.0,1.0
2024-12-19,6.67,2.22,4.44,0.25,127000.0,0.0
2024-12-20,7.22,2.78,5.0,0.0,131000.0,1.0
2024-12-21,7.22,1.11,4.16,3.05,121000.0,0.0
2024-12-22,6.11,3.33,4.72,6.1,123000.0,1.0
2024-12-23,7.78,3.33,5.56,1.52,114000.0,0.0
2024-12-24,9.44,2.22,5.83,4.57,124000.0,1.0
2024-12-25,5.56,0.0,2.78,9.14,128000.0,1.0
2024-12-26,13.89,2.78,8.34,4.32,136000.0,1.0
2024-12-27,8.89,5.0,6.94,15.75,138000.0,1.0
2024-12-28,13.33,4.44,8.88,3.81,139000.0,1.0
2024-12-29,8.89,2.78,5.84,16.76,138000.0,0.0
2024-12-30,9.44,-0.56,4.44,0.0,139000.0,1.0
2024-12-31,2.78,-1.11,0.83,1.27,132000.0,0.0
2025-01-01,4.0,0.56,2.28,7.62,137000.0,1.0
2025-01-02,3.0,0.0,1.5,5.84,147000.0,1.0
2025-01-03,2.78,0.56,1.67,21.84,146000.0,0.0
2025-01-04,2.78,0.56,1.67,1.52,139000.0,0.0
2025-01-05,8.89,1.67,5.28,1.27,131000.0,0.0
2025-01-06,8.33,5.0,6.66,0.25,136000.0,1.0
2025-01-07,5.56,2.78,4.17,0.0,139000.0,1.0
2025-01-08,8.89,2.22,5.56,0.0,136000.0,0.0
2025-01-09,4.44,2.78,3.61,0.0,133000.0,0.0
2025-01-10,12.22,2.22,7.22,0.51,133000.0,0.0
2025-01-11,10.56,6.67,8.62,0.0,134000.0,1.0
2025-01-12,8.89,-0.56,4.16,0.0,132000.0,0.0
2025-01-13,2.78,-2.22,0.28,0.0,137000.0,1.0
2025-01-14,3.33,-1.11,1.11,0.0,130000.0,0.0
2025-01-15,3.33,0.0,1.66,0.0,127000.0,0.0
2025-01-16,10.56,1.0,5.78,0.0,130000.0,1.0
2025-01-17,8.89,-1.67,3.61,0.0,127000.0,0.0
2025-01-18,6.67,-4.44,1.11,0.0,129000.0,1.0
2025-01-19,6.11,-6.11,0.0,0.0,132000.0,1.0
2025-01-20,5.0,-6.11,-0.56,0.0,139000.0,1.0
2025-01-21,12.22,-6.67,2.78,0.0,137000.0,0.0
2025-01-22,6.11,-5.56,0.28,0.0,132000.0,0.0
2025-01-23,4.44,-6.11,-0.84,0.0,130000.0,0.0
2025-01-24,6.11,-3.89,1.11,0.0,124000.0,0.0
2025-01-25,5.56,-6.67,-0.56,0.0,125000.0,1.0
2025-01-26,7.22,-7.78,-0.28,0.0,127000.0,1.0
2025-01-27,6.11,-6.11,0.0,0.0,125000.0,0.0
2025-01-28,6.11,-7.22,-0.55,0.0,125000.0,0.0
2025-01-29,6.11,-7.78,-0.84,0.0,128000.0,1.0
2025-01-30,5.56,-6.67,-0.56,0.0,126000.0,0.0
2025-01-31,9.44,2.22,5.83,7.62,130000.0,1.0
2025-02-01,8.89,2.78,5.84,0.0,128000.0,0.0
2025-02-02,5.56,0.56,3.06,0.0,121000.0,0.0
2025-02-03,4.44,-1.11,1.66,0.25,118000.0,0.0
2025-02-04,4.0,0.56,2.28,0.0,118000.0,0.0
2025-02-05,5.56,-2.22,1.67,2.54,119000.0,1.0
2025-02-06,1.11,-0.56,0.28,0.0,118000.0,0.0
2025-02-07,5.0,-1.11,1.94,1.27,121000.0,1.0
2025-02-08,2.0,-1.11,0.44,0.0,120000.0,0.0
2025-02-09,8.33,-1.11,3.61,0.0,123000.0,1.0
2025-02-10,2.22,-3.33,-0.55,0.0,128000.0,1.0
2025-02-11,1.67,-8.33,-3.33,0.0,120000.0,0.0
2025-02-12,1.11,-9.44,-4.16,0.0,131000.0,1.0
2025-02-13,-5.0,-8.33,-6.66,,142000.0,1.0
2025-02-14,5.56,-5.56,0.0,,137000.0,0.0
2025-02-15,3.33,1.11,2.22,1.27,132000.0,0.0
2025-02-16,4.0,0.56,2.28,3.3,128000.0,0.0
2025-02-17,8.33,1.67,5.0,0.25,128000.0,0.0
2025-02-18,6.11,2.0,4.06,0.0,126000.0,0.0
2025-02-19,7.22,2.22,4.72,3.05,115000.0,0.0
2025-02-20,13.33,2.78,8.06,0.0,120000.0,1.0
2025-02-21,9.44,0.56,5.0,0.0,121000.0,1.0
2025-02-22,10.56,3.33,6.94,3.05,122000.0,1.0
2025-02-23,13.33,7.0,10.16,21.34,147000.0,1.0
2025-02-24,10.0,2.22,6.11,5.33,157000.0,1.0
2025-02-25,13.33,4.44,8.88,0.25,164000.0,1.0
2025-02-26,15.0,-1.11,6.94,0.0,161000.0,0.0
2025-02-27,16.11,-0.56,7.78,0.0,155000.0,0.0
2025-02-28,18.33,0.0,9.16,0.0,146000.0,0.0
2025-03-01,17.22,1.11,9.16,0.0,151000.0,1.0
2025-03-02,12.22,10.0,11.11,0.0,158000.0,1.0
2025-03-03,15.0,7.78,11.39,0.0,160000.0,1.0
2025-03-04,12.78,4.44,8.61,0.51,146000.0,0.0
2025-03-05,14.44,1.11,7.78,0.0,135000.0,0.0
2025-03-06,16.11,0.0,8.06,0.0,144000.0,1.0
2025-03-07,15.56,2.78,9.17,0.0,141000.0,0.0
2025-03-08,17.78,2.22,10.0,0.0,131000.0,0.0
2025-03-09,17.78,3.89,10.84,0.0,138000.0,1.0
2025-03-10,12.78,6.11,9.44,0.0,146000.0,1.0
2025-03-11,12.22,6.11,9.17,0.0,128000.0,0.0
2025-03-12,10.0,6.0,8.0,8.89,130000.0,1.0
2025-03-13,11.11,1.11,6.11,0.25,148000.0,1.0
2025-03-14,8.33,-1.67,3.33,1.27,141000.0,0.0
2025-03-15,10.0,4.44,7.22,9.4,145000.0,1.0
2025-03-16,9.44,3.89,6.66,1.02,134000.0,0.0
2025-03-17,12.78,3.89,8.33,1.27,154000.0,1.0
2025-03-18,11.67,2.78,7.22,0.0,142000.0,0.0
2025-03-19,9.44,0.56,5.0,0.0,136000.0,0.0
2025-03-20,11.11,4.44,7.78,1.52,132000.0,0.0
2025-03-21,10.0,5.0,7.5,6.86,145000.0,1.0
2025-03-22,14.44,5.0,9.72,0.76,144000.0,0.0
2025-03-23,16.11,7.22,11.66,0.0,136000.0,0.0
2025-03-24,21.67,11.11,16.39,0.25,142000.0,1.0
2025-03-25,24.44,8.89,16.66,0.0,147000.0,1.0
2025-03-26,26.11,8.89,17.5,3.3,158000.0,1.0
2025-03-27,16.11,10.0,13.06,2.29,187000.0,1.0
2025-03-28,16.67,7.22,11.94,0.25,217000.0,1.0
2025-03-29,15.56,2.22,8.89,0.0,228000.0,1.0
2025-03-30,15.56,2.22,8.89,3.05,215000.0,0.0
2025-03-31,13.33,5.0,9.16,0.25,225000.0,1.0
2025-04-01,14.44,0.56,7.5,0.0,209000.0,0.0
2025-04-02,13.33,6.11,9.72,0.0,203000.0,0.0
2025-04-03,16.11,5.0,10.56,0.0,169000.0,0.0
2025-04-04,19.44,1.67,10.56,0.0,150000.0,0.0
2025-04-05,20.0,1.11,10.56,0.0,167000.0,1.0
2025-04-06,13.33,8.33,10.83,7.11,163000.0,0.0
2025-04-07,16.11,8.33,12.22,4.06,152000.0,0.0
2025-04-08,13.89,2.78,8.34,0.51,143000.0,0.0
2025-04-09,18.33,5.56,11.94,0.0,148000.0,1.0
2025-04-10,20.56,5.0,12.78,0.0,212000.0,1.0
2025-04-11,16.11,8.33,12.22,0.0,224000.0,1.0
2025-04-12,15.0,7.22,11.11,0.0,250000.0,1.0
2025-04-13,18.33,1.11,9.72,0.0,216000.0,0.0
2025-04-14,22.22,1.67,11.94,0.0,245000.0,1.0
2025-04-15,25.56,3.89,14.72,0.0,235000.0,0.0
2025-04-16,22.78,9.44,16.11,0.0,250000.0,1.0
2025-04-17,20.0,2.22,11.11,0.0,214000.0,0.0
2025-04-18,24.44,2.78,13.61,0.0,200000.0,0.0
2025-04-19,20.56,8.33,14.44,0.0,230000.0,1.0
2025-04-20,17.22,8.33,12.77,0.0,237000.0,1.0
2025-04-21,16.67,7.78,12.23,0.0,240000.0,1.0
2025-04-22,19.44,3.33,11.39,0.0,168000.0,0.0
2025-04-23,21.67,2.22,11.94,0.0,176000.0,1.0
2025-04-24,24.44,2.22,13.33,0.0,170000.0,0.0
2025-04-25,26.67,5.0,15.84,0.0,177000.0,1.0
2025-04-26,20.56,12.78,16.67,0.0,216000.0,1.0
2025-04-27,17.22,8.89,13.06,0.0,210000.0,0.0
2025-04-28,18.89,10.56,14.73,0.0,207000.0,0.0
2025-04-29,18.89,12.22,15.56,0.0,213000.0,1.0
2025-04-30,22.78,7.22,15.0,0.0,205000.0,0.0
2025-05-01,26.67,4.44,15.56,0.0,187000.0,0.0
2025-05-02,26.67,6.11,16.39,0.0,219000.0,1.0
2025-05-03,17.78,11.11,14.44,0.0,205000.0,0.0
2025-05-04,21.11,7.78,14.44,0.0,204000.0,0.0
2025-05-05,23.89,4.44,14.16,0.0,195000.0,0.0
2025-05-06,26.11,5.0,15.56,0.0,203000.0,1.0
2025-05-07,25.56,5.56,15.56,0.0,218000.0,1.0
2025-05-08,22.78,8.89,15.84,0.0,210000.0,0.0
2025-05-09,25.0,5.0,15.0,0.0,216000.0,1.0
2025-05-10,25.0,10.56,17.78,0.0,232000.0,1.0
2025-05-11,18.89,12.22,15.56,0.76,242000.0,1.0
2025-05-12,18.89,8.33,13.61,0.0,242000.0,0.0
2025-05-13,18.89,11.11,15.0,0.0,265000.0,1.0
2025-05-14,18.89,11.11,15.0,0.0,248000.0,0.0
2025-05-15,16.67,10.0,13.34,0.0,222000.0,0.0
2025-05-16,20.56,10.0,15.28,0.0,214000.0,0.0
2025-05-17,20.0,11.67,15.84,5.33,227000.0,1.0
2025-05-18,16.67,8.89,12.78,0.0,186000.0,0.0
2025-05-19,21.11,8.33,14.72,0.25,180000.0,0.0
2025-05-20,18.89,10.0,14.44,0.0,188000.0,1.0
2025-05-21,23.33,5.56,14.44,0.25,164000.0,0.0
2025-05-22,21.11,11.67,16.39,0.76,179000.0,1.0
2025-05-23,23.89,11.67,17.78,0.0,183000.0,1.0
2025-05-24,28.89,10.0,19.44,0.0,159000.0,0.0
2025-05-25,25.0,14.44,19.72,0.0,176000.0,1.0
2025-05-26,22.22,14.44,18.33,0.0,173000.0,0.0
2025-05-27,28.89,9.44,19.16,0.0,148000.0,0.0
2025-05-28,32.78,10.0,21.39,0.0,174000.0,1.0
2025-05-29,23.89,16.67,20.28,0.0,238000.0,1.0
2025-05-30,31.67,8.33,20.0,0.0,197000.0,0.0
2025-05-31,26.11,13.89,20.0,0.0,220000.0,1.0
2025-06-01,26.11,11.67,18.89,0.0,234000.0,1.0
2025-06-02,26.11,11.67,18.89,0.0,222000.0,0.0
2025-06-03,27.78,12.78,20.28,0.0,222000.0,0.0
2025-06-04,23.89,14.44,19.16,0.0,242000.0,1.0
2025-06-05,31.11,12.22,21.66,0.0,186000.0,0.0
2025-06-06,32.22,16.11,24.16,0.0,189000.0,1.0
2025-06-07,34.44,16.11,25.28,0.0,173000.0,0.0
2025-06-08,37.78,15.56,26.67,0.0,165000.0,0.0
2025-06-09,37.78,18.89,28.34,0.0,174000.0,1.0
2025-06-10,34.44,17.78,26.11,0.0,159000.0,0.0
2025-06-11,27.0,18.89,22.94,0.0,194000.0,1.0
2025-06-12,26.11,13.89,20.0,0.0,182000.0,0.0
2025-06-13,20.56,12.22,16.39,0.0,171000.0,0.0
2025-06-14,23.89,11.67,17.78,0.0,175000.0,1.0
2025-06-15,28.89,11.11,20.0,0.0,155000.0,0.0
2025-06-16,27.22,13.89,20.56,0.0,174000.0,1.0
2025-06-17,28.33,14.44,21.38,0.0,151000.0,0.0
2025-06-18,25.0,17.22,21.11,0.0,159000.0,1.0
2025-06-19,25.0,10.56,17.78,0.0,156000.0,0.0
2025-06-20,18.33,12.22,15.27,0.0,156000.0,0.0
2025-06-21,17.22,11.11,14.16,0.0,130000.0,0.0
2025-06-22,24.44,13.33,18.89,0.0,139000.0,1.0
2025-06-23,30.0,10.56,20.28,0.0,132000.0,0.0
2025-06-24,32.78,12.22,22.5,0.0,136000.0,1.0
2025-06-25,26.67,17.22,21.94,0.0,150000.0,1.0
2025-06-26,26.11,17.22,21.66,0.0,143000.0,0.0
2025-06-27,24.44,16.67,20.56,0.0,168000.0,1.0
2025-06-28,28.89,16.67,22.78,0.0,133000.0,0.0
2025-06-29,34.44,14.44,24.44,0.0,122000.0,0.0
2025-06-30,37.78,15.0,26.39,0.0,129000.0,1.0
2025-07-01,35.56,21.67,28.62,0.0,137000.0,1.0
2025-07-02,30.0,19.44,24.72,0.0,176000.0,1.0
2025-07-03,28.89,15.56,22.22,0.0,138000.0,0.0
2025-07-04,21.11,17.22,19.16,0.0,123000.0,0.0
2025-07-05,27.78,15.56,21.67,0.0,129000.0,1.0
2025-07-06,32.78,14.44,23.61,0.0,127000.0,0.0
2025-07-07,36.67,15.56,26.12,0.0,115000.0,0.0
2025-07-08,36.67,20.56,28.62,0.0,136000.0,1.0
2025-07-09,30.56,21.67,26.12,0.0,126000.0,0.0
2025-07-10,30.0,19.44,24.72,0.0,108000.0,0.0
2025-07-11,34.44,16.67,25.56,0.0,96400.0,0.0
2025-07-12,35.56,17.78,26.67,0.0,107000.0,1.0
2025-07-13,38.33,20.56,29.44,0.0,111000.0,1.0
2025-07-14,32.78,21.11,26.94,0.0,129000.0,1.0
2025-07-15,33.33,15.56,24.44,0.0,110000.0,0.0
2025-07-16,34.44,15.0,24.72,0.0,126000.0,1.0
2025-07-17,34.44,21.11,27.78,0.0,158000.0,1.0
2025-07-18,32.0,19.44,25.72,0.0,141000.0,0.0
2025-07-19,29.44,18.33,23.88,0.0,132000.0,0.0
2025-07-20,25.56,18.33,21.94,0.0,119000.0,0.0
2025-07-21,27.22,17.22,22.22,0.0,119000.0,0.0
2025-07-22,31.67,16.11,23.89,0.0,120000.0,1.0
2025-07-23,35.56,18.33,26.94,0.0,123000.0,1.0
2025-07-24,32.78,21.11,26.94,0.0,115000.0,0.0
2025-07-25,30.0,20.0,25.0,0.0,126000.0,1.0
2025-07-26,27.78,17.22,22.5,0.0,131000.0,1.0
2025-07-27,30.0,15.0,22.5,0.0,118000.0,0.0
2025-07-28,34.44,15.56,25.0,0.0,105000.0,0.0
2025-07-29,37.78,19.44,28.61,0.0,115000.0,1.0
2025-07-30,30.0,22.22,26.11,0.0,121000.0,1.0
2025-07-31,25.0,21.11,23.06,0.0,118000.0,0.0
2025-08-01,33.33,20.56,26.94,0.0,112000.0,0.0
2025-08-02,32.22,17.78,25.0,0.0,120000.0,1.0
2025-08-03,26.67,18.33,22.5,0.0,117000.0,0.0
2025-08-04,25.0,16.67,20.84,0.0,112000.0,0.0
2025-08-05,18.89,17.22,18.06,0.0,113000.0,1.0
2025-08-06,22.0,17.78,19.89,,114000.0,1.0
2025-08-07,24.0,18.33,21.16,0.0,130000.0,1.0
2025-08-08,30.0,12.78,21.39,0.0,120000.0,0.0
2025-08-09,32.78,18.33,25.56,0.0,121000.0,1.0
2025-08-10,38.89,17.78,28.34,0.0,121000.0,0.0
2025-08-11,40.0,18.33,29.16,0.0,134000.0,1.0
2025-08-12,39.44,19.44,29.44,0.0,129000.0,0.0
2025-08-13,33.33,23.33,28.33,0.0,134000.0,1.0
2025-08-14,26.67,18.89,22.78,0.0,123000.0,0.0
2025-08-15,26.67,18.33,22.5,1.52,105000.0,0.0
2025-08-16,26.67,19.44,23.06,1.27,117000.0,1.0
2025-08-17,28.89,14.44,21.66,0.0,104000.0,0.0
2025-08-18,27.78,17.78,22.78,0.25,121000.0,1.0
2025-08-19,30.56,14.44,22.5,0.0,122000.0,1.0
2025-08-20,30.56,17.78,24.17,0.0,111000.0,0.0
2025-08-21,34.44,12.22,23.33,0.0,114000.0,1.0
2025-08-22,37.22,12.22,24.72,0.0,117000.0,1.0
2025-08-23,38.33,14.44,26.38,0.0,120000.0,1.0
2025-08-24,39.44,17.22,28.33,0.0,102000.0,0.0
2025-08-25,32.22,21.11,26.66,0.0,99000.0,0.0
2025-08-26,37.78,20.0,28.89,0.0,123000.0,1.0
2025-08-27,33.89,23.89,28.89,0.0,111000.0,0.0
2025-08-28,35.56,17.78,26.67,0.0,118000.0,1.0
2025-08-29,35.0,18.33,26.66,0.0,114000.0,0.0
2025-08-30,31.11,18.33,24.72,0.0,95400.0,0.0
2025-08-31,32.22,17.78,25.0,0.0,98800.0,1.0
2025-09-01,31.11,18.89,25.0,0.0,93700.0,0.0
2025-09-02,38.33,16.11,27.22,0.0,106000.0,1.0
2025-09-03,33.33,17.78,25.56,0.0,95000.0,0.0
2025-09-04,36.67,22.22,29.44,0.0,90200.0,0.0
2025-09-05,33.33,22.78,28.06,0.0,87400.0,0.0
2025-09-06,28.89,20.56,24.72,1.78,88700.0,1.0
2025-09-07,27.78,20.0,23.89,0.0,83400.0,0.0
2025-09-08,30.56,15.0,22.78,0.25,86500.0,1.0
2025-09-09,27.22,17.78,22.5,0.0,85000.0,0.0
2025-09-10,27.78,15.56,21.67,0.0,89500.0,1.0
2025-09-11,24.44,19.44,21.94,0.0,89800.0,1.0
2025-09-12,26.67,17.78,22.22,0.0,86000.0,0.0
2025-09-13,30.56,13.89,22.22,0.0,85500.0,0.0
2025-09-14,22.22,16.11,19.16,0.25,84700.0,0.0
2025-09-15,26.67,10.56,18.62,0.0,83400.0,0.0
2025-09-16,30.0,10.56,20.28,0.0,87000.0,1.0
2025-09-17,31.67,11.67,21.67,0.0,101000.0,1.0
2025-09-18,27.78,17.22,22.5,0.0,96400.0,0.0
2025-09-19,32.78,14.44,23.61,0.0,92100.0,0.0
2025-09-20,30.56,17.78,24.17,0.0,94600.0,1.0
2025-09-21,22.22,13.33,17.77,1.02,89200.0,0.0
2025-09-22,25.56,8.89,17.23,0.0,85900.0,0.0
2025-09-23,28.33,7.78,18.06,0.0,89300.0,1.0
2025-09-24,31.67,8.89,20.28,0.0,87600.0,0.0
2025-09-25,27.78,16.67,22.22,0.0,91700.0,1.0
2025-09-26,26.67,12.78,19.73,0.0,85000.0,0.0
2025-09-27,28.33,8.33,18.33,0.0,85400.0,1.0
2025-09-28,28.33,10.56,19.44,0.0,87900.0,1.0
2025-09-29,22.78,12.78,17.78,1.27,87900.0,0.0
2025-09-30,22.22,8.89,15.56,0.0,87400.0,0.0
2025-10-01,18.89,12.22,15.56,0.0,89600.0,1.0
2025-10-02,20.56,7.78,14.17,0.0,91400.0,1.0
2025-10-03,22.78,12.78,17.78,0.0,91600.0,1.0
2025-10-04,22.22,15.0,18.61,0.0,89600.0,0.0
2025-10-05,22.22,7.78,15.0,0.0,97300.0,1.0
2025-10-06,24.44,4.44,14.44,0.0,97600.0,1.0
2025-10-07,24.44,4.44,14.44,0.0,101000.0,1.0
2025-10-08,20.0,6.67,13.34,,101000.0,0.0
2025-10-09,20.0,16.0,18.0,0.0,98000.0,0.0
2025-10-10,19.0,10.0,14.5,,103000.0,1.0
2025-10-11,17.0,9.0,13.0,0.0,93600.0,0.0
2025-10-12,13.0,8.0,10.5,2.03,90900.0,0.0
2025-10-13,12.22,5.56,8.89,0.0,102000.0,1.0
2025-10-14,15.56,1.11,8.34,0.0,104000.0,1.0
2025-10-15,18.33,2.22,10.27,0.0,110000.0,1.0
2025-10-16,20.0,1.67,10.84,0.0,108000.0,0.0
2025-10-17,18.89,9.44,14.16,0.0,107000.0,0.0
2025-10-18,14.0,4.0,9.0,3.81,96100.0,0.0
2025-10-19,17.78,9.44,13.61,1.78,100000.0,1.0
2025-10-20,15.56,8.33,11.94,0.0,97300.0,0.0
2025-10-21,18.89,3.89,11.39,0.0,99100.0,1.0
2025-10-22,18.89,2.78,10.84,0.0,102000.0,1.0
2025-10-23,18.89,7.78,13.34,0.0,106000.0,1.0
2025-10-24,14.44,7.22,10.83,1.02,106000.0,0.0
2025-10-25,12.78,3.89,8.33,10.41,103000.0,0.0
2025-10-26,10.0,2.78,6.39,1.02,100000.0,0.0
2025-10-27,10.0,3.89,6.94,0.51,101000.0,1.0
2025-10-28,14.44,2.22,8.33,2.29,102000.0,1.0
2025-10-29,17.22,2.78,10.0,0.0,108000.0,1.0
2025-10-30,12.0,6.0,9.0,0.0,113000.0,1.0
2025-10-31,10.0,1.11,5.56,0.0,112000.0,0.0
2025-11-01,16.11,6.11,11.11,1.78,118000.0,1.0
2025-11-02,15.0,6.0,10.5,0.0,106000.0,0.0
2025-11-03,11.11,5.56,8.33,8.38,117000.0,1.0
2025-11-04,10.0,7.22,8.61,5.84,124000.0,1.0
2025-11-05,11.11,2.78,6.94,1.02,119000.0,0.0
2025-11-06,13.0,11.0,12.0,4.57,117000.0,0.0
2025-11-07,14.0,9.0,11.5,0.0,113000.0,0.0
2025-11-08,10.0,5.0,7.5,0.0,115000.0,1.0
2025-11-09,11.0,3.0,7.0,0.0,120000.0,1.0
2025-11-10,15.56,3.89,9.72,0.0,118000.0,0.0
2025-11-11,13.33,5.56,9.44,0.0,118000.0,0.0
2025-11-12,12.0,8.0,10.0,0.0,121000.0,1.0
2025-11-13,14.0,10.0,12.0,1.02,124000.0,1.0
2025-11-14,16.11,9.44,12.77,0.0,126000.0,1.0
2025-11-15,15.0,8.0,11.5,0.0,126000.0,0.0
2025-11-16,11.0,8.0,9.5,1.52,122000.0,0.0
2025-11-17,9.0,8.0,8.5,0.0,126000.0,1.0
2025-11-18,11.11,2.22,6.66,0.0,118000.0,0.0
2025-11-19,8.89,-1.67,3.61,0.0,132000.0,1.0
2025-11-20,12.78,2.22,7.5,1.27,132000.0,0.0
2025-11-21,7.22,-0.56,3.33,0.0,126000.0,0.0
2025-11-22,6.11,0.56,3.34,0.0,128000.0,1.0
2025-11-23,15.0,6.67,10.84,1.02,124000.0,0.0
2025-11-24,11.11,3.33,7.22,0.0,129000.0,1.0
2025-11-25,7.78,1.67,4.72,2.03,127000.0,0.0
2025-11-26,8.33,5.0,6.66,2.54,114000.0,0.0
2025-11-27,7.78,5.56,6.67,3.05,115000.0,1.0
2025-11-28,11.0,6.0,8.5,4.83,115000.0,0.0
2025-11-29,6.0,1.0,3.5,0.76,115000.0,0.0
2025-11-30,6.0,-2.0,2.0,0.0,120000.0,1.0
2025-12-01,4.44,-2.22,1.11,0.0,122000.0,1.0
2025-12-02,12.22,-1.67,5.28,0.0,127000.0,1.0
2025-12-03,5.56,3.33,4.44,0.0,120000.0,0.0
2025-12-04,10.0,8.0,9.0,0.0,124000.0,1.0
2025-12-05,14.0,8.0,11.0,7.11,125000.0,1.0
2025-12-06,14.0,9.0,11.5,,134000.0,1.0
2025-12-07,12.0,7.0,9.5,,137000.0,1.0
2025-12-08,16.11,6.11,11.11,0.0,133000.0,0.0
2025-12-09,9.0,8.0,8.5,0.0,117000.0,0.0
2025-12-10,18.0,17.0,17.5,0.0,150000.0,1.0
2025-12-11,17.78,8.89,13.34,0.0,149000.0,0.0
2025-12-12,17.78,5.56,11.67,0.0,143000.0,0.0
2025-12-13,8.33,3.89,6.11,0.0,140000.0,0.0
2025-12-14,7.78,3.89,5.84,0.0,135000.0,0.0
2025-12-15,17.22,5.56,11.39,0.76,136000.0,1.0
2025-12-16,15.0,9.44,12.22,4.57,133000.0,0.0
2025-12-17,12.22,2.22,7.22,11.68,165000.0,1.0
2025-12-18,8.89,1.11,5.0,55.37,196000.0,1.0
2025-12-19,8.89,2.22,5.56,0.51,192000.0,0.0
2025-12-20,9.44,-1.11,4.16,0.0,204000.0,1.0
2025-12-21,5.0,0.0,2.5,1.52,166000.0,0.0
2025-12-22,6.11,0.56,3.34,0.0,153000.0,0.0
2025-12-23,5.56,0.56,3.06,0.0,151000.0,0.0
2025-12-24,7.78,1.67,4.72,1.52,144000.0,0.0
2025-12-25,6.11,1.11,3.61,3.05,143000.0,0.0
2025-12-26,9.44,3.33,6.38,1.02,155000.0,1.0
2025-12-27,8.33,2.78,5.56,0.0,152000.0,0.0
2025-12-28,4.44,1.0,2.72,0.0,145000.0,0.0
2025-12-29,3.89,-2.22,0.84,0.0,151000.0,1.0
2025-12-30,4.44,-4.44,0.0,0.0,147000.0,0.0
2025-12-31,2.22,-5.0,-1.39,0.0,153000.0,1.0
2026-01-01,1.11,-3.33,-1.11,9.91,154000.0,1.0
2026-01-02,5.0,0.0,2.5,0.0,131000.0,0.0
2026-01-03,4.44,2.22,3.33,3.81,130000.0,0.0
2026-01-04,9.44,2.22,5.83,2.03,133000.0,1.0
2026-01-05,10.56,0.56,5.56,0.0,138000.0,1.0
2026-01-06,4.44,-0.56,1.94,3.56,138000.0,0.0
2026-01-07,6.67,1.11,3.89,0.51,138000.0,0.0
2026-01-08,7.22,2.22,4.72,0.0,135000.0,0.0
2026-01-09,10.0,0.56,5.28,0.0,133000.0,0.0
2026-01-10,5.56,-1.67,1.94,0.0,136000.0,1.0
2026-01-11,8.33,0.0,4.16,0.0,136000.0,0.0
2026-01-12,10.56,-0.56,5.0,0.0,132000.0,0.0
2026-01-13,11.67,-2.22,4.72,0.0,138000.0,1.0
2026-01-14,10.0,-2.78,3.61,0.0,143000.0,1.0
2026-01-15,5.0,-1.67,1.66,0.0,128000.0,0.0
2026-01-16,5.56,2.78,4.17,0.0,135000.0,1.0
2026-01-17,3.33,2.22,2.78,0.0,130000.0,0.0
2026-01-18,2.78,1.67,2.22,0.0,131000.0,1.0
2026-01-19,1.67,0.56,1.12,0.0,130000.0,0.0
2026-01-20,1.67,0.56,1.12,0.0,138000.0,1.0
2026-01-21,1.11,0.0,0.56,0.0,138000.0,0.0
2026-01-22,1.11,-0.56,0.28,0.0,134000.0,0.0
2026-01-23,2.78,-0.56,1.11,0.0,143000.0,1.0
2026-01-24,5.0,-5.56,-0.28,0.0,148000.0,1.0
2026-01-25,3.89,-7.22,-1.66,0.0,142000.0,0.0
2026-01-26,,,,,136000.0,0.0
2026-01-27,2.78,-5.0,-1.11,0.0,127000.0,0.0
2026-01-28,5.0,-3.33,0.84,0.0,120000.0,0.0
2026-01-29,6.11,1.67,3.89,5.59,120000.0,0.0
2026-01-30,7.22,3.89,5.56,1.02,116000.0,0.0
2026-01-31,9.44,5.56,7.5,0.0,113000.0,0.0
2026-02-01,13.33,3.33,8.33,0.51,120000.0,1.0
2026-02-02,11.11,3.89,7.5,0.0,116000.0,0.0
2026-02-03,7.78,1.67,4.72,0.0,115000.0,0.0
2026-02-04,8.89,6.11,7.5,0.0,110000.0,0.0
2026-02-05,8.89,6.11,7.5,0.0,112000.0,1.0
2026-02-06,8.33,5.56,6.94,0.0,113000.0,1.0
2026-02-07,6.67,4.44,5.56,3.81,119000.0,1.0
2026-02-08,7.78,5.0,6.39,10.92,128000.0,1.0
2026-02-09,11.67,1.11,6.39,0.0,123000.0,0.0
2026-02-10,8.89,0.0,4.44,0.0,114000.0,0.0
2026-02-11,12.22,-2.22,5.0,0.0,117000.0,1.0
2026-02-12,12.22,-2.78,4.72,0.0,120000.0,1.0
2026-02-13,8.33,-1.11,3.61,0.0,117000.0,0.0
2026-02-14,10.0,1.67,5.84,4.57,118000.0,1.0
2026-02-15,8.33,4.44,6.38,4.06,125000.0,1.0
2026-02-16,8.33,0.0,4.16,9.14,147000.0,1.0
2026-02-17,8.89,-2.22,3.34,0.0,131000.0,0.0
2026-02-18,7.78,-1.67,3.06,0.0,126000.0,0.0
2026-02-19,7.78,0.0,3.89,0.0,130000.0,1.0
2026-02-20,7.22,-1.11,3.06,0.0,127000.0,0.0
2026-02-21,2.78,-1.11,0.83,4.06,137000.0,1.0
2026-02-22,9.44,-0.56,4.44,4.83,129000.0,0.0
2026-02-23,7.78,3.33,5.56,13.72,136000.0,1.0
2026-02-24,7.78,2.78,5.28,5.59,141000.0,1.0
2026-02-25,12.22,3.33,7.78,0.0,176000.0,1.0
2026-02-26,14.44,0.56,7.5,0.0,149000.0,0.0
2026-02-27,16.67,2.22,9.44,0.0,153000.0,1.0
2026-02-28,11.11,-0.56,5.28,0.0,125000.0,0.0
2026-03-01,13.33,1.11,7.22,0.0,125000.0,0.0
2026-03-02,17.78,0.56,9.17,0.0,128000.0,1.0
2026-03-03,16.11,1.67,8.89,0.0,135000.0,1.0
2026-03-04,13.89,5.56,9.72,0.76,139000.0,1.0
2026-03-05,13.33,7.22,10.28,0.0,160000.0,1.0
2026-03-06,13.33,7.78,10.56,0.0,151000.0,0.0
2026-03-07,19.44,10.0,14.72,0.0,159000.0,1.0
2026-03-08,16.67,6.67,11.67,0.0,171000.0,1.0
2026-03-09,11.67,3.33,7.5,0.0,170000.0,0.0
2026-03-10,11.11,-0.56,5.28,0.0,143000.0,0.0
2026-03-11,13.33,3.33,8.33,6.1,140000.0,0.0
2026-03-12,12.22,5.56,8.89,8.64,177000.0,1.0
2026-03-13,18.33,5.56,11.94,0.0,192000.0,1.0
2026-03-14,11.67,3.33,7.5,2.79,218000.0,1.0
2026-03-15,11.11,2.22,6.66,0.0,218000.0,0.0
2026-03-16,21.11,3.89,12.5,0.0,188000.0,0.0
2026-03-17,22.22,3.33,12.77,0.0,160000.0,0.0
2026-03-18,24.44,2.78,13.61,0.0,157000.0,0.0
2026-03-19,26.11,6.67,16.39,0.0,162000.0,1.0
2026-03-20,20.56,7.78,14.17,0.0,179000.0,1.0
2026-03-21,17.22,7.22,12.22,0.0,241000.0,1.0
2026-03-22,16.11,0.0,8.06,0.0,184000.0,0.0
2026-03-23,14.44,0.56,7.5,0.0,185000.0,1.0
2026-03-24,14.44,7.78,11.11,1.52,204000.0,1.0
2026-03-25,16.11,4.44,10.28,0.0,216000.0,1.0
2026-03-26,15.0,0.0,7.5,0.0,192000.0,0.0
2026-03-27,17.22,-2.22,7.5,0.0,182000.0,0.0
2026-03-28,19.44,4.44,11.94,0.0,218000.0,1.0
2026-03-29,13.33,5.56,9.44,0.0,214000.0,0.0
2026-03-30,14.44,1.67,8.06,0.0,173000.0,0.0
2026-03-31,11.67,2.78,7.22,0.0,162000.0,0.0
2026-04-01,12.78,5.0,8.89,1.78,180000.0,1.0
2026-04-02,13.33,3.89,8.61,0.0,182000.0,1.0
2026-04-03,18.89,1.11,10.0,0.0,158000.0,0.0
2026-04-04,22.78,1.11,11.94,0.0,153000.0,0.0
2026-04-05,23.89,3.33,13.61,0.0,153000.0,0.0
2026-04-06,27.22,5.0,16.11,0.0,162000.0,1.0
2026-04-07,19.44,10.56,15.0,0.0,195000.0,1.0
2026-04-08,23.33,3.33,13.33,0.0,142000.0,0.0
2026-04-09,23.89,2.22,13.06,0.0,132000.0,0.0
2026-04-10,24.44,5.56,15.0,0.25,151000.0,1.0
2026-04-11,20.0,11.67,15.84,0.25,179000.0,1.0
2026-04-12,18.89,8.33,13.61,0.0,197000.0,1.0
2026-04-13,16.67,8.89,12.78,0.0,229000.0,1.0
2026-04-14,14.44,7.78,11.11,0.0,199000.0,0.0
2026-04-15,12.78,2.22,7.5,3.05,215000.0,1.0
2026-04-16,13.89,1.11,7.5,0.0,205000.0,0.0
2026-04-17,16.67,3.33,10.0,0.0,176000.0,0.0
2026-04-18,22.22,2.22,12.22,0.0,203000.0,1.0
2026-04-19,21.67,3.89,12.78,0.0,184000.0,0.0
2026-04-20,26.67,8.89,17.78,0.0,186000.0,1.0
2026-04-21,20.0,12.78,16.39,0.0,213000.0,1.0
2026-04-22,14.44,9.44,11.94,1.78,229000.0,1.0
2026-04-23,16.11,7.22,11.66,0.0,251000.0,1.0
2026-04-24,19.44,1.11,10.28,0.0,216000.0,0.0
2026-04-25,20.56,0.56,10.56,0.0,201000.0,0.0
2026-04-26,23.33,4.44,13.88,0.0,194000.0,0.0
2026-04-27,20.0,10.56,15.28,0.0,238000.0,1.0
2026-04-28,16.67,8.89,12.78,0.0,224000.0,0.0
2026-04-29,24.44,3.89,14.16,0.0,173000.0,0.0
2026-04-30,27.22,3.89,15.56,0.0,186000.0,1.0
2026-05-01,29.44,4.44,16.94,0.0,209000.0,1.0
2026-05-02,30.0,13.33,21.66,0.0,205000.0,0.0
2026-05-03,32.78,9.44,21.11,0.0,199000.0,0.0
2026-05-04,27.78,10.56,19.17,0.0,221000.0,1.0
2026-05-05,24.44,15.0,19.72,0.0,252000.0,1.0
2026-05-06,25.56,16.11,20.84,0.0,240000.0,0.0
2026-05-07,25.56,12.78,19.17,0.0,230000.0,0.0
2026-05-08,22.78,8.89,15.84,0.0,220000.0,0.0
2026-05-09,28.33,7.78,18.06,0.0,188000.0,0.0
2026-05-10,23.33,8.89,16.11,0.0,221000.0,1.0
2026-05-11,27.78,8.89,18.34,0.0,191000.0,0.0
2026-05-12,31.11,7.78,19.44,2.29,203000.0,1.0
2026-05-13,18.33,12.22,15.27,2.29,232000.0,1.0
2026-05-14,20.0,10.56,15.28,0.0,234000.0,1.0
2026-05-15,18.33,9.44,13.88,0.0,256000.0,1.0
2026-05-16,16.67,7.22,11.94,0.51,226000.0,0.0
2026-05-17,20.56,7.78,14.17,0.0,226000.0,0.0
2026-05-18,23.89,11.11,17.5,0.0,209000.0,0.0
2026-05-19,24.44,8.89,16.66,0.0,206000.0,0.0
2026-05-20,25.0,12.22,18.61,0.0,185000.0,0.0
2026-05-21,28.89,10.0,19.44,0.0,170000.0,0.0
2026-05-22,30.56,7.22,18.89,0.0,177000.0,1.0
2026-05-23,27.78,15.56,21.67,0.0,188000.0,1.0
2026-05-24,28.89,13.33,21.11,0.0,166000.0,0.0
2026-05-25,25.0,11.11,18.06,0.0,187000.0,1.0
2026-05-26,22.22,7.78,15.0,0.0,181000.0,0.0
2026-05-27,29.44,13.33,21.38,0.0,179000.0,0.0
2026-05-28,29.44,15.56,22.5,14.99,204000.0,1.0
2026-05-29,,,,,207000.0,1.0
2026-05-30,,,,,205000.0,0.0
2026-05-31,24.44,9.44,16.94,0.0,212000.0,1.0
2026-06-01,29.44,8.89,19.16,0.0,199000.0,0.0
2026-06-02,31.11,12.22,21.66,0.0,212000.0,1.0
2026-06-03,25.0,15.56,20.28,0.0,237000.0,1.0
2026-06-04,24.44,13.33,18.89,0.0,217000.0,0.0
2026-06-05,20.56,13.33,16.94,0.0,247000.0,1.0
2026-06-06,18.33,8.89,13.61,2.54,224000.0,0.0
2026-06-07,21.11,7.22,14.16,0.0,204000.0,0.0
2026-06-08,16.67,12.22,14.44,5.84,205000.0,1.0
2026-06-09,20.56,13.33,16.94,0.0,214000.0,1.0
2026-06-10,21.67,12.22,16.94,0.0,181000.0,0.0
2026-06-11,28.33,7.22,17.77,0.0,181000.0,0.0
2026-06-12,28.89,15.0,21.94,0.0,183000.0,1.0
2026-06-13,32.22,11.11,21.66,0.0,172000.0,0.0
2026-06-14,34.44,10.56,22.5,0.0,169000.0,0.0
2026-06-15,36.67,12.78,24.72,0.0,185000.0,1.0
2026-06-16,30.0,18.89,24.44,0.0,196000.0,1.0
2026-06-17,28.89,14.44,21.66,0.0,179000.0,0.0
2026-06-18,33.33,12.78,23.06,0.0,163000.0,0.0
2026-06-19,35.56,13.89,24.72,0.0,156000.0,0.0
2026-06-20,25.56,16.11,20.84,0.0,167000.0,1.0
2026-06-21,30.56,14.44,22.5,0.0,149000.0,0.0
2026-06-22,33.89,15.56,24.72,0.0,144000.0,0.0
2026-06-23,35.0,12.78,23.89,0.0,159000.0,1.0
2026-06-24,35.56,13.89,24.72,0.0,170000.0,1.0
2026-06-25,28.33,15.0,21.66,0.51,163000.0,0.0
2026-06-26,23.89,14.44,19.16,0.0,164000.0,1.0
2026-06-27,21.67,13.33,17.5,0.0,161000.0,0.0
2026-06-28,22.22,14.44,18.33,0.0,153000.0,0.0
2026-06-29,21.67,14.44,18.06,0.0,153000.0,0.0
2026-06-30,21.67,13.89,17.78,0.0,174000.0,1.0
2026-07-01,22.22,12.22,17.22,0.0,182000.0,1.0
2026-07-02,25.56,12.78,19.17,0.0,176000.0,0.0
2026-07-03,30.56,17.22,23.89,0.0,167000.0,0.0
2026-07-04,31.11,16.11,23.61,0.0,162000.0,0.0
2026-07-05,33.33,12.78,23.06,0.0,151000.0,0.0
2026-07-06,36.11,13.33,24.72,0.0,158000.0,1.0
2026-07-07,33.33,18.89,26.11,0.0,169000.0,1.0
2026-07-08,31.11,17.22,24.16,0.0,155000.0,0.0
2026-07-09,31.11,16.67,23.89,0.0,151000.0,0.0
2026-07-10,31.67,16.11,23.89,0.0,150000.0,0.0
2026-07-11,28.89,17.78,23.34,0.0,154000.0,1.0
2026-07-12,30.56,16.67,23.62,0.0,140000.0,0.0
2026-07-13,35.0,12.22,23.61,0.0,138000.0,0.0
2026-07-14,35.0,20.56,27.78,0.0,144000.0,1.0
2026-07-15,36.67,20.0,28.34,0.0,140000.0,0.0
2026-07-16,25.0,17.78,21.39,0.0,162000.0,1.0
2026-07-17,29.44,15.56,22.5,0.0,142000.0,0.0
2026-07-18,31.67,13.33,22.5,0.0,130000.0,0.0
2026-07-19,35.0,14.44,24.72,0.0,128000.0,0.0
2026-07-20,27.22,18.89,23.06,0.0,128000.0,0.0
2026-07-21,38.89,15.0,26.94,0.0,131000.0,1.0
2026-07-22,38.33,19.44,28.88,0.0,137000.0,1.0
2026-07-23,30.56,21.67,26.12,0.0,145000.0,1.0
2026-07-24,36.11,16.67,26.39,0.0,139000.0,0.0
2026-07-25,27.22,19.44,23.33,0.0,147000.0,1.0
2026-07-26,30.0,13.89,21.94,0.0,124000.0,0.0
2026-07-27,32.22,15.0,23.61,0.0,124000.0,0.0
2026-07-28,29.44,18.89,24.16,0.0,136000.0,1.0
2026-07-29,31.11,15.56,23.34,0.0,131000.0,0.0
2026-07-30,31.11,17.22,24.16,0.0,129000.0,0.0
2026-07-31,32.78,13.89,23.34,0.0,121000.0,0.0
2026-08-01,27.22,17.78,22.5,,141000.0,1.0
2026-08-02,25.56,14.44,20.0,0.0,128000.0,0.0
2026-08-03,30.0,11.11,20.56,0.0,112000.0,0.0
2026-08-04,33.89,10.0,21.94,0.0,116000.0,1.0
2026-08-05,34.44,11.67,23.06,0.0,121000.0,1.0
2026-08-06,38.89,14.44,26.66,0.0,124000.0,1.0
2026-08-07,37.78,17.78,27.78,0.0,132000.0,1.0
2026-08-08,35.56,16.11,25.84,0.0,126000.0,0.0
2026-08-09,33.89,18.33,26.11,0.0,131000.0,1.0
2026-08-10,32.22,17.78,25.0,0.0,121000.0,0.0
2026-08-11,32.22,16.11,24.16,0.0,118000.0,0.0
2026-08-12,29.44,18.89,24.16,0.0,120000.0,1.0
2026-08-13,33.33,16.11,24.72,0.0,108000.0,0.0
2026-08-14,33.33,16.67,25.0,0.0,111000.0,1.0
2026-08-15,28.33,18.89,23.61,0.25,120000.0,1.0
2026-08-16,31.67,19.44,25.56,0.0,114000.0,0.0
2026-08-17,32.22,17.22,24.72,0.0,109000.0,0.0
2026-08-18,33.33,15.56,24.44,0.0,112000.0,1.0
2026-08-19,35.0,17.78,26.39,0.0,112000.0,0.0
2026-08-20,38.33,15.0,26.66,0.0,116000.0,1.0
2026-08-21,31.67,17.78,24.72,0.0,122000.0,1.0
2026-08-22,30.0,20.56,25.28,0.0,130000.0,1.0
2026-08-23,27.78,18.33,23.06,0.0,108000.0,0.0
2026-08-24,34.44,12.78,23.61,0.0,107000.0,0.0
2026-08-25,36.11,13.33,24.72,0.0,120000.0,1.0
2026-08-26,31.11,18.33,24.72,0.0,135000.0,1.0
2026-08-27,28.33,18.89,23.61,0.0,114000.0,0.0
2026-08-28,28.89,12.78,20.84,0.0,129000.0,1.0
2026-08-29,23.33,15.0,19.16,0.0,102000.0,0.0
2026-08-30,27.22,8.89,18.06,0.0,90400.0,0.0
2026-08-31,31.67,9.44,20.56,0.0,95500.0,1.0
2026-09-01,25.0,17.78,21.39,0.25,98600.0,1.0
2026-09-02,21.67,12.22,16.94,4.57,88800.0,0.0
2026-09-03,22.22,10.0,16.11,2.54,87400.0,0.0
2026-09-04,22.78,12.22,17.5,0.51,87400.0,0.0
2026-09-05,23.89,12.78,18.34,0.0,83600.0,0.0
2026-09-06,18.89,13.89,16.39,4.83,81600.0,0.0
2026-09-07,25.0,15.0,20.0,0.0,85200.0,1.0
2026-09-08,29.44,8.89,19.16,0.0,86300.0,1.0
2026-09-09,31.67,8.89,20.28,0.0,87800.0,1.0
2026-09-10,30.0,12.78,21.39,0.0,91200.0,1.0
2026-09-11,26.11,13.33,19.72,0.0,82800.0,0.0
2026-09-12,21.67,12.78,17.23,1.52,82300.0,0.0
2026-09-13,18.89,9.44,14.16,0.51,82000.0,0.0
2026-09-14,23.33,12.22,17.77,0.0,83500.0,1.0
2026-09-15,22.78,11.11,16.94,0.0,79100.0,0.0
2026-09-16,27.78,9.44,18.61,0.0,82600.0,1.0
2026-09-17,29.44,8.33,18.89,0.0,82000.0,0.0
2026-09-18,25.56,13.89,19.73,0.0,83900.0,1.0
2026-09-19,29.44,10.0,19.72,0.0,82000.0,0.0
2026-09-20,32.22,9.44,20.83,0.0,84500.0,1.0
2026-09-21,27.78,11.11,19.44,0.0,87800.0,1.0
2026-09-22,25.56,16.11,20.84,0.0,82800.0,0.0
2026-09-23,25.56,11.11,18.34,0.0,79100.0,0.0
2026-09-24,23.33,8.33,15.83,0.0,80500.0,1.0
2026-09-25,20.56,10.56,15.56,0.76,86400.0,1.0
2026-09-26,22.22,6.11,14.16,0.0,84200.0,0.0
2026-09-27,22.78,5.0,13.89,0.0,81300.0,0.0
2026-09-28,25.0,3.33,14.16,0.0,85800.0,1.0
2026-09-29,,,,,90800.0,1.0
2026-09-30,,,,,,
2026-10-02,27.80,12.20,20.00,0.00,87500.0,0.0
2026-10-03,27.90,11.90,19.90,0.00,81100.0,0.0
2026-10-04,28.40,12.50,20.45,0.00,80900.0,0.0
2026-10-05,29.70,12.50,21.10,0.00,84300.0,1.0
2026-10-06,27.80,10.00,18.90,0.00,85000.0,1.0
2026-10-07,27.60,12.20,19.90,0.00,91700.0,1.0
2026-10-08,27.40,11.80,19.60,0.00,93200.0,1.0
